================================================================================
OPTUNA HPO - DINOv3 ViT-B/16 (86M) - 2x RTX 3090, BF16 - FROM iBOT PRETRAIN
================================================================================
Node: nodemm01 | Job ID: 832053 | GPUs: 0,1
Started: Sat May 23 12:12:05 CEST 2026
================================================================================
Using device: cuda
GPU: NVIDIA GeForce RTX 3090
CUDA Version: 12.6
Using device: cuda
GPU: NVIDIA GeForce RTX 3090
CUDA Version: 12.6
Study=optuna-dinov3-vitb16-3090-v2-ibot-20260523 | Trials=60 | Mode=score | Dist=True
MLflow parent: 865d0d6620b5423caf4d0aded69b500a
Loaded 100,000 samples from data/raw/train.csv
Loaded 100,000 samples from data/raw/train.csv
Train: 80,000 | Val: 20,000
Train: 80,000 | Val: 20,000
PMF ratios test/train (20 bins of 0.025): [0.215, 0.34, 0.565, 0.733, 0.927, 1.075, 1.31, 1.462, 1.625, 1.855, 1.973, 1.926, 1.596, 1.304, 1.324, 0.663, 0.91, 0.067, 0.067, 0.067]
PMF ratios test/train (20 bins of 0.025): [0.215, 0.34, 0.565, 0.733, 0.927, 1.075, 1.31, 1.462, 1.625, 1.855, 1.973, 1.926, 1.596, 1.304, 1.324, 0.663, 0.91, 0.067, 0.067, 0.067]
loss_importance_reweight ON (applied in training loss)
loss_importance_reweight ON (applied in training loss)
eval_importance_reweight ON (eval_score reweighted to test distribution)
eval_importance_reweight ON (eval_score reweighted to test distribution)
Gender reweight: F=1.352, M=0.648 (mean=1.0)
Gender reweight: F=1.352, M=0.648 (mean=1.0)
DINOv3 drop_path_rate=0.17110988741493868 applied (linear 0 → 0.171 across 12 blocks via sample_drop_ratio)
DINOv3 drop_path_rate=0.17110988741493868 applied (linear 0 → 0.171 across 12 blocks via sample_drop_ratio)
Loaded DINOv3 weights: dinov3_vitb16_pretrain_lvd1689m-73cec8be.pth
Loaded DINOv3 weights: dinov3_vitb16_pretrain_lvd1689m-73cec8be.pth
Loading pretrained backbone from runs:/c2c396cae2f74566a413502633de7781/encoder
Loading pretrained backbone from runs:/c2c396cae2f74566a413502633de7781/encoder
  loaded (0 missing, 0 unexpected keys)
  loaded (0 missing, 0 unexpected keys)
  logged 141 pretrain_* params from run c2c396cae2f74566a413502633de7781
  logged 141 pretrain_* params from run c2c396cae2f74566a413502633de7781
EMA enabled: decay=0.9998, warmup_steps=200
EMA enabled: decay=0.9998, warmup_steps=200
WeightedMSELoss: focal_gamma=0.0, fairness_lambda=1.3124428990720256, importance_reweight=on (mean=1.00), gender_reweight=on (F=1.35, M=0.65)
Training dinov3-vitb16-3090-v2-ibot_trial0 (best_metric=eval_score)
WeightedMSELoss: focal_gamma=0.0, fairness_lambda=1.3124428990720256, importance_reweight=on (mean=1.00), gender_reweight=on (F=1.35, M=0.65)
Training dinov3-vitb16-3090-v2-ibot_trial0 (best_metric=eval_score)
LLRD: 14 groups, LR ∈ [5.49e-06, 6.07e-05]
LLRD: 14 groups, LR ∈ [5.49e-06, 6.07e-05]
{'loss': 0.3327, 'grad_norm': 12.025338172912598, 'learning_rate': 1.4362424617074965e-07, 'epoch': 0.04}
{'loss': 0.2479, 'grad_norm': 3.2105884552001953, 'learning_rate': 2.872484923414993e-07, 'epoch': 0.08}
{'loss': 0.2015, 'grad_norm': 8.504789352416992, 'learning_rate': 4.308727385122489e-07, 'epoch': 0.12}
{'loss': 0.1896, 'grad_norm': 2.1843695640563965, 'learning_rate': 5.744969846829986e-07, 'epoch': 0.16}
{'loss': 0.1924, 'grad_norm': 1.328268051147461, 'learning_rate': 7.181212308537482e-07, 'epoch': 0.2}
{'loss': 0.1898, 'grad_norm': 2.136200428009033, 'learning_rate': 8.617454770244978e-07, 'epoch': 0.24}
{'loss': 0.1884, 'grad_norm': 4.219242095947266, 'learning_rate': 1.0053697231952476e-06, 'epoch': 0.28}
{'loss': 0.1879, 'grad_norm': 3.4106574058532715, 'learning_rate': 1.1489939693659972e-06, 'epoch': 0.32}
{'loss': 0.1885, 'grad_norm': 1.5986247062683105, 'learning_rate': 1.2926182155367468e-06, 'epoch': 0.36}
{'loss': 0.1861, 'grad_norm': 2.807654857635498, 'learning_rate': 1.4362424617074964e-06, 'epoch': 0.4}
{'loss': 0.1872, 'grad_norm': 1.5162063837051392, 'learning_rate': 1.5798667078782463e-06, 'epoch': 0.44}
{'loss': 0.183, 'grad_norm': 3.823033571243286, 'learning_rate': 1.7234909540489957e-06, 'epoch': 0.48}
{'loss': 0.1887, 'grad_norm': 2.0586259365081787, 'learning_rate': 1.8671152002197455e-06, 'epoch': 0.52}
{'loss': 0.1799, 'grad_norm': 9.665841102600098, 'learning_rate': 2.010739446390495e-06, 'epoch': 0.56}
{'loss': 0.1891, 'grad_norm': 2.0596022605895996, 'learning_rate': 2.154363692561245e-06, 'epoch': 0.6}
{'loss': 0.1918, 'grad_norm': 2.187333583831787, 'learning_rate': 2.2979879387319944e-06, 'epoch': 0.64}
{'loss': 0.1876, 'grad_norm': 1.5699372291564941, 'learning_rate': 2.441612184902744e-06, 'epoch': 0.68}
{'loss': 0.1879, 'grad_norm': 2.293930768966675, 'learning_rate': 2.5852364310734936e-06, 'epoch': 0.72}
{'loss': 0.1837, 'grad_norm': 7.1958184242248535, 'learning_rate': 2.7288606772442434e-06, 'epoch': 0.76}
{'loss': 0.164, 'grad_norm': 2.354534149169922, 'learning_rate': 2.872484923414993e-06, 'epoch': 0.8}
{'loss': 0.1656, 'grad_norm': 8.173370361328125, 'learning_rate': 3.0161091695857423e-06, 'epoch': 0.84}
{'loss': 0.1415, 'grad_norm': 7.095235824584961, 'learning_rate': 3.1597334157564925e-06, 'epoch': 0.88}
{'loss': 0.136, 'grad_norm': 6.893527984619141, 'learning_rate': 3.303357661927242e-06, 'epoch': 0.92}
{'loss': 0.1313, 'grad_norm': 10.946403503417969, 'learning_rate': 3.4469819080979913e-06, 'epoch': 0.96}
{'loss': 0.1244, 'grad_norm': 4.470907211303711, 'learning_rate': 3.590606154268741e-06, 'epoch': 1.0}
{'eval_loss': 0.042864322662353516, 'eval_score': 0.03493347117269903, 'eval_err_F': 0.03322419113074429, 'eval_err_M': 0.029805631046834802, 'eval_err_diff': 0.003418560083909488, 'eval_mse': 0.01023410655592785, 'eval_mae': 0.07063526731395414, 'eval_runtime': 20.699, 'eval_samples_per_second': 966.232, 'eval_steps_per_second': 7.585, 'epoch': 1.0}
{'loss': 0.1177, 'grad_norm': 5.662722110748291, 'learning_rate': 3.734230400439491e-06, 'epoch': 1.04}
{'loss': 0.1164, 'grad_norm': 3.438385009765625, 'learning_rate': 3.87785464661024e-06, 'epoch': 1.08}
{'loss': 0.109, 'grad_norm': 1.1492806673049927, 'learning_rate': 4.02147889278099e-06, 'epoch': 1.12}
{'loss': 0.0981, 'grad_norm': 2.017457962036133, 'learning_rate': 4.165103138951739e-06, 'epoch': 1.16}
{'loss': 0.0919, 'grad_norm': 1.7004740238189697, 'learning_rate': 4.30872738512249e-06, 'epoch': 1.2}
{'loss': 0.098, 'grad_norm': 5.0083489418029785, 'learning_rate': 4.452351631293239e-06, 'epoch': 1.24}
{'loss': 0.093, 'grad_norm': 1.2289950847625732, 'learning_rate': 4.595975877463989e-06, 'epoch': 1.28}
{'loss': 0.0886, 'grad_norm': 2.420658826828003, 'learning_rate': 4.7396001236347386e-06, 'epoch': 1.32}
{'loss': 0.0777, 'grad_norm': 1.6816352605819702, 'learning_rate': 4.883224369805488e-06, 'epoch': 1.36}
{'loss': 0.0849, 'grad_norm': 0.9212782382965088, 'learning_rate': 5.026848615976237e-06, 'epoch': 1.4}
{'loss': 0.0662, 'grad_norm': 2.0911519527435303, 'learning_rate': 5.170472862146987e-06, 'epoch': 1.44}
{'loss': 0.0687, 'grad_norm': 2.797208786010742, 'learning_rate': 5.314097108317737e-06, 'epoch': 1.48}
{'loss': 0.0713, 'grad_norm': 1.2271060943603516, 'learning_rate': 5.457721354488487e-06, 'epoch': 1.52}
{'loss': 0.0618, 'grad_norm': 2.407778263092041, 'learning_rate': 5.486369826357457e-06, 'epoch': 1.56}
{'loss': 0.0552, 'grad_norm': 6.9933037757873535, 'learning_rate': 5.48605955060053e-06, 'epoch': 1.6}
{'loss': 0.0546, 'grad_norm': 1.8400262594223022, 'learning_rate': 5.485510629841817e-06, 'epoch': 1.64}
{'loss': 0.0473, 'grad_norm': 1.4941619634628296, 'learning_rate': 5.4847231118410705e-06, 'epoch': 1.68}
{'loss': 0.045, 'grad_norm': 1.1889015436172485, 'learning_rate': 5.483697065117593e-06, 'epoch': 1.72}
{'loss': 0.0392, 'grad_norm': 4.30558443069458, 'learning_rate': 5.4824325789442686e-06, 'epoch': 1.76}
{'loss': 0.0368, 'grad_norm': 3.238302707672119, 'learning_rate': 5.480929763339799e-06, 'epoch': 1.8}
{'loss': 0.0343, 'grad_norm': 3.348958730697632, 'learning_rate': 5.479188749059132e-06, 'epoch': 1.84}
{'loss': 0.0345, 'grad_norm': 3.0051398277282715, 'learning_rate': 5.4772096875820784e-06, 'epoch': 1.88}
{'loss': 0.0337, 'grad_norm': 1.4038580656051636, 'learning_rate': 5.474992751100145e-06, 'epoch': 1.92}
{'loss': 0.0331, 'grad_norm': 3.3259975910186768, 'learning_rate': 5.472538132501539e-06, 'epoch': 1.96}
{'loss': 0.0248, 'grad_norm': 2.10154128074646, 'learning_rate': 5.469846045354392e-06, 'epoch': 2.0}
{'eval_loss': 0.011185180395841599, 'eval_score': 0.008124728949350141, 'eval_err_F': 0.006593682147923541, 'eval_err_M': 0.007614380015541275, 'eval_err_diff': 0.0010206978676177347, 'eval_mse': 0.002639582763669383, 'eval_mae': 0.037044936931831945, 'eval_runtime': 21.1465, 'eval_samples_per_second': 945.785, 'eval_steps_per_second': 7.424, 'epoch': 2.0}
{'loss': 0.0246, 'grad_norm': 1.3050484657287598, 'learning_rate': 5.4669167238881826e-06, 'epoch': 2.04}
{'loss': 0.0263, 'grad_norm': 1.9778790473937988, 'learning_rate': 5.463750422973347e-06, 'epoch': 2.08}
{'loss': 0.0224, 'grad_norm': 1.1281964778900146, 'learning_rate': 5.460347418099109e-06, 'epoch': 2.12}
{'loss': 0.0231, 'grad_norm': 1.1544867753982544, 'learning_rate': 5.456708005349513e-06, 'epoch': 2.16}
{'loss': 0.0209, 'grad_norm': 1.6204413175582886, 'learning_rate': 5.452832501377656e-06, 'epoch': 2.2}
{'loss': 0.0185, 'grad_norm': 4.157009124755859, 'learning_rate': 5.448721243378146e-06, 'epoch': 2.24}
{'loss': 0.019, 'grad_norm': 2.1892125606536865, 'learning_rate': 5.444374589057754e-06, 'epoch': 2.28}
{'loss': 0.0192, 'grad_norm': 6.468747138977051, 'learning_rate': 5.4397929166042955e-06, 'epoch': 2.32}
{'loss': 0.0166, 'grad_norm': 1.539178490638733, 'learning_rate': 5.4349766246537286e-06, 'epoch': 2.36}
{'loss': 0.014, 'grad_norm': 1.5970295667648315, 'learning_rate': 5.429926132255463e-06, 'epoch': 2.4}
{'loss': 0.0182, 'grad_norm': 1.6656752824783325, 'learning_rate': 5.424641878835907e-06, 'epoch': 2.44}
{'loss': 0.0137, 'grad_norm': 1.2317657470703125, 'learning_rate': 5.4191243241602324e-06, 'epoch': 2.48}
{'loss': 0.0148, 'grad_norm': 1.643425703048706, 'learning_rate': 5.413373948292369e-06, 'epoch': 2.52}
{'loss': 0.0165, 'grad_norm': 4.031457901000977, 'learning_rate': 5.407391251553237e-06, 'epoch': 2.56}
{'loss': 0.0117, 'grad_norm': 0.9442917108535767, 'learning_rate': 5.401176754477219e-06, 'epoch': 2.6}
{'loss': 0.0126, 'grad_norm': 2.984745502471924, 'learning_rate': 5.3947309977668646e-06, 'epoch': 2.64}
{'loss': 0.0118, 'grad_norm': 1.436893343925476, 'learning_rate': 5.388054542245853e-06, 'epoch': 2.68}
{'loss': 0.0109, 'grad_norm': 6.227903842926025, 'learning_rate': 5.381147968810188e-06, 'epoch': 2.72}
{'loss': 0.0104, 'grad_norm': 1.6892274618148804, 'learning_rate': 5.374011878377666e-06, 'epoch': 2.76}
{'loss': 0.01, 'grad_norm': 0.7106289267539978, 'learning_rate': 5.3666468918355865e-06, 'epoch': 2.8}
{'loss': 0.0098, 'grad_norm': 0.934639573097229, 'learning_rate': 5.359053649986729e-06, 'epoch': 2.84}
{'loss': 0.0087, 'grad_norm': 0.8570430874824524, 'learning_rate': 5.351232813493607e-06, 'epoch': 2.88}
{'loss': 0.0097, 'grad_norm': 1.5254899263381958, 'learning_rate': 5.343185062820976e-06, 'epoch': 2.92}
{'loss': 0.0099, 'grad_norm': 1.1583763360977173, 'learning_rate': 5.334911098176636e-06, 'epoch': 2.96}
{'loss': 0.0093, 'grad_norm': 0.7852151989936829, 'learning_rate': 5.3264116394505046e-06, 'epoch': 3.0}
{'eval_loss': 0.00456834165379405, 'eval_score': 0.003303274229862254, 'eval_err_F': 0.0021646457280438893, 'eval_err_M': 0.002923731395922799, 'eval_err_diff': 0.0007590856678789098, 'eval_mse': 0.0017448053104676705, 'eval_mae': 0.03320495276837628, 'eval_runtime': 20.7425, 'eval_samples_per_second': 964.202, 'eval_steps_per_second': 7.569, 'epoch': 3.0}
{'loss': 0.0087, 'grad_norm': 0.9002416729927063, 'learning_rate': 5.3176874261519855e-06, 'epoch': 3.04}
{'loss': 0.0088, 'grad_norm': 1.7632249593734741, 'learning_rate': 5.308739217345621e-06, 'epoch': 3.08}
{'loss': 0.0096, 'grad_norm': 0.7006772756576538, 'learning_rate': 5.299567791585055e-06, 'epoch': 3.12}
{'loss': 0.0078, 'grad_norm': 0.5359637141227722, 'learning_rate': 5.290173946845287e-06, 'epoch': 3.16}
{'loss': 0.0093, 'grad_norm': 0.8251475095748901, 'learning_rate': 5.280558500453248e-06, 'epoch': 3.2}
{'loss': 0.0083, 'grad_norm': 0.6428222060203552, 'learning_rate': 5.270722289016683e-06, 'epoch': 3.24}
{'loss': 0.0068, 'grad_norm': 1.234579086303711, 'learning_rate': 5.2606661683513675e-06, 'epoch': 3.28}
{'loss': 0.0083, 'grad_norm': 1.170594334602356, 'learning_rate': 5.250391013406638e-06, 'epoch': 3.32}
{'loss': 0.007, 'grad_norm': 0.6845834255218506, 'learning_rate': 5.23989771818927e-06, 'epoch': 3.36}
{'loss': 0.0069, 'grad_norm': 1.883019208908081, 'learning_rate': 5.229187195685693e-06, 'epoch': 3.4}
{'loss': 0.0077, 'grad_norm': 1.3227702379226685, 'learning_rate': 5.218260377782555e-06, 'epoch': 3.44}
{'loss': 0.0076, 'grad_norm': 1.3616586923599243, 'learning_rate': 5.207118215185641e-06, 'epoch': 3.48}
{'loss': 0.0065, 'grad_norm': 1.0134791135787964, 'learning_rate': 5.195761677337154e-06, 'epoch': 3.52}
{'loss': 0.0069, 'grad_norm': 3.009042739868164, 'learning_rate': 5.1841917523313695e-06, 'epoch': 3.56}
{'loss': 0.0071, 'grad_norm': 1.9243682622909546, 'learning_rate': 5.172409446828666e-06, 'epoch': 3.6}
{'loss': 0.0063, 'grad_norm': 1.7192676067352295, 'learning_rate': 5.160415785967936e-06, 'epoch': 3.64}
{'loss': 0.0071, 'grad_norm': 0.9955930113792419, 'learning_rate': 5.14821181327739e-06, 'epoch': 3.68}
{'loss': 0.0064, 'grad_norm': 1.5174976587295532, 'learning_rate': 5.13579859058377e-06, 'epoch': 3.72}
{'loss': 0.0063, 'grad_norm': 0.6557376384735107, 'learning_rate': 5.123177197919955e-06, 'epoch': 3.76}
{'loss': 0.0053, 'grad_norm': 2.214006185531616, 'learning_rate': 5.110348733431e-06, 'epoch': 3.8}
{'loss': 0.0063, 'grad_norm': 1.271921992301941, 'learning_rate': 5.09731431327858e-06, 'epoch': 3.84}
{'loss': 0.0074, 'grad_norm': 1.2804440259933472, 'learning_rate': 5.084075071543884e-06, 'epoch': 3.88}
{'loss': 0.0065, 'grad_norm': 0.7884688973426819, 'learning_rate': 5.07063216012894e-06, 'epoch': 3.92}
{'loss': 0.0062, 'grad_norm': 1.0123746395111084, 'learning_rate': 5.056986748656393e-06, 'epoch': 3.96}
{'loss': 0.0064, 'grad_norm': 2.0057780742645264, 'learning_rate': 5.0431400243677355e-06, 'epoch': 4.0}
{'eval_loss': 0.0041749197989702225, 'eval_score': 0.0029286035033332844, 'eval_err_F': 0.0025985733801273483, 'eval_err_M': 0.002818593462264639, 'eval_err_diff': 0.00022002008213729092, 'eval_mse': 0.004106376482958662, 'eval_mae': 0.05605144484206121, 'eval_runtime': 20.9288, 'eval_samples_per_second': 955.623, 'eval_steps_per_second': 7.502, 'epoch': 4.0}
{'loss': 0.0058, 'grad_norm': 0.6192008852958679, 'learning_rate': 5.029093192020017e-06, 'epoch': 4.04}
{'loss': 0.0049, 'grad_norm': 0.4214930534362793, 'learning_rate': 5.014847473781016e-06, 'epoch': 4.08}
{'loss': 0.0063, 'grad_norm': 0.8873291611671448, 'learning_rate': 5.000404109122906e-06, 'epoch': 4.12}
{'loss': 0.005, 'grad_norm': 0.8040598034858704, 'learning_rate': 4.985764354714413e-06, 'epoch': 4.16}
{'loss': 0.0056, 'grad_norm': 1.389525294303894, 'learning_rate': 4.970929484311476e-06, 'epoch': 4.2}
{'loss': 0.0046, 'grad_norm': 1.0692310333251953, 'learning_rate': 4.955900788646422e-06, 'epoch': 4.24}
{'loss': 0.0047, 'grad_norm': 0.7410973906517029, 'learning_rate': 4.9406795753156656e-06, 'epoch': 4.28}
{'loss': 0.0052, 'grad_norm': 0.7281915545463562, 'learning_rate': 4.925267168665936e-06, 'epoch': 4.32}
{'loss': 0.0055, 'grad_norm': 0.33724960684776306, 'learning_rate': 4.909664909679055e-06, 'epoch': 4.36}
{'loss': 0.0048, 'grad_norm': 0.7931702733039856, 'learning_rate': 4.893874155855255e-06, 'epoch': 4.4}
{'loss': 0.0053, 'grad_norm': 1.692531943321228, 'learning_rate': 4.877896281095077e-06, 'epoch': 4.44}
{'loss': 0.0046, 'grad_norm': 1.3370882272720337, 'learning_rate': 4.861732675579823e-06, 'epoch': 4.48}
{'loss': 0.0047, 'grad_norm': 1.032970905303955, 'learning_rate': 4.845384745650609e-06, 'epoch': 4.52}
{'loss': 0.0053, 'grad_norm': 0.73680579662323, 'learning_rate': 4.828853913685997e-06, 'epoch': 4.56}
{'loss': 0.0051, 'grad_norm': 0.9557194113731384, 'learning_rate': 4.812141617978243e-06, 'epoch': 4.6}
{'loss': 0.0052, 'grad_norm': 1.0367177724838257, 'learning_rate': 4.795249312608155e-06, 'epoch': 4.64}
{'loss': 0.004, 'grad_norm': 0.5925236344337463, 'learning_rate': 4.778178467318578e-06, 'epoch': 4.68}
{'loss': 0.0049, 'grad_norm': 1.806999921798706, 'learning_rate': 4.760930567386517e-06, 'epoch': 4.72}
{'loss': 0.004, 'grad_norm': 0.7498161792755127, 'learning_rate': 4.743507113493907e-06, 'epoch': 4.76}
{'loss': 0.0055, 'grad_norm': 1.9196468591690063, 'learning_rate': 4.725909621597043e-06, 'epoch': 4.8}
{'loss': 0.0039, 'grad_norm': 0.7986123561859131, 'learning_rate': 4.708139622794688e-06, 'epoch': 4.84}
{'loss': 0.0042, 'grad_norm': 0.6860894560813904, 'learning_rate': 4.6901986631948476e-06, 'epoch': 4.88}
{'loss': 0.0048, 'grad_norm': 0.5824154019355774, 'learning_rate': 4.672088303780254e-06, 'epoch': 4.92}
{'loss': 0.0047, 'grad_norm': 0.48632752895355225, 'learning_rate': 4.65381012027255e-06, 'epoch': 4.96}
{'loss': 0.0041, 'grad_norm': 0.8009752631187439, 'learning_rate': 4.6353657029951926e-06, 'epoch': 5.0}
{'eval_loss': 0.0023196095135062933, 'eval_score': 0.0016712926453529046, 'eval_err_F': 0.0009519617719344672, 'eval_err_M': 0.0014315156875467589, 'eval_err_diff': 0.0004795539156122917, 'eval_mse': 0.0012023495756624005, 'eval_mae': 0.0255845550151078, 'eval_runtime': 19.8777, 'eval_samples_per_second': 1006.151, 'eval_steps_per_second': 7.898, 'epoch': 5.0}
{'loss': 0.0039, 'grad_norm': 2.4384961128234863, 'learning_rate': 4.616756656735076e-06, 'epoch': 5.04}
{'loss': 0.0042, 'grad_norm': 0.5982442498207092, 'learning_rate': 4.5979846006029146e-06, 'epoch': 5.08}
{'loss': 0.0041, 'grad_norm': 1.7817528247833252, 'learning_rate': 4.579051167892363e-06, 'epoch': 5.12}
{'loss': 0.0041, 'grad_norm': 0.7511207461357117, 'learning_rate': 4.559958005937912e-06, 'epoch': 5.16}
{'loss': 0.004, 'grad_norm': 1.677714467048645, 'learning_rate': 4.540706775971558e-06, 'epoch': 5.2}
{'loss': 0.0053, 'grad_norm': 0.41620245575904846, 'learning_rate': 4.5212991529782635e-06, 'epoch': 5.24}
{'loss': 0.0039, 'grad_norm': 1.4268566370010376, 'learning_rate': 4.5017368255502255e-06, 'epoch': 5.28}
{'loss': 0.0053, 'grad_norm': 0.7333856821060181, 'learning_rate': 4.4820214957399555e-06, 'epoch': 5.32}
{'loss': 0.0046, 'grad_norm': 0.5568516850471497, 'learning_rate': 4.462154878912188e-06, 'epoch': 5.36}
{'loss': 0.0038, 'grad_norm': 0.5004129409790039, 'learning_rate': 4.442138703594633e-06, 'epoch': 5.4}
{'loss': 0.0042, 'grad_norm': 2.0484869480133057, 'learning_rate': 4.421974711327585e-06, 'epoch': 5.44}
{'loss': 0.0041, 'grad_norm': 2.048029661178589, 'learning_rate': 4.401664656512396e-06, 'epoch': 5.48}
{'loss': 0.0037, 'grad_norm': 0.39976346492767334, 'learning_rate': 4.381210306258828e-06, 'epoch': 5.52}
{'loss': 0.004, 'grad_norm': 1.7830785512924194, 'learning_rate': 4.360613440231307e-06, 'epoch': 5.56}
{'loss': 0.0037, 'grad_norm': 1.0592042207717896, 'learning_rate': 4.339875850494076e-06, 'epoch': 5.6}
{'loss': 0.0033, 'grad_norm': 1.022814393043518, 'learning_rate': 4.318999341355281e-06, 'epoch': 5.64}
{'loss': 0.004, 'grad_norm': 0.5765976905822754, 'learning_rate': 4.297985729209975e-06, 'epoch': 5.68}
{'loss': 0.0038, 'grad_norm': 4.466160297393799, 'learning_rate': 4.276836842382086e-06, 'epoch': 5.72}
{'loss': 0.0041, 'grad_norm': 0.5479414463043213, 'learning_rate': 4.255554520965338e-06, 'epoch': 5.76}
{'loss': 0.0036, 'grad_norm': 0.9905648827552795, 'learning_rate': 4.2341406166631495e-06, 'epoch': 5.8}
{'loss': 0.0031, 'grad_norm': 0.6999763250350952, 'learning_rate': 4.212596992627527e-06, 'epoch': 5.84}
{'loss': 0.0037, 'grad_norm': 0.6240392923355103, 'learning_rate': 4.1909255232969565e-06, 'epoch': 5.88}
{'loss': 0.0038, 'grad_norm': 0.7759591937065125, 'learning_rate': 4.169128094233311e-06, 'epoch': 5.92}
{'loss': 0.004, 'grad_norm': 0.5395330786705017, 'learning_rate': 4.1472066019578e-06, 'epoch': 5.96}
{'loss': 0.0038, 'grad_norm': 0.6005735397338867, 'learning_rate': 4.1251629537859565e-06, 'epoch': 6.0}
{'eval_loss': 0.0021760722156614065, 'eval_score': 0.0016332049711752254, 'eval_err_F': 0.0010267102933060812, 'eval_err_M': 0.0014310400785521773, 'eval_err_diff': 0.00040432978524609616, 'eval_mse': 0.0014191470928680925, 'eval_mae': 0.02769192978679221, 'eval_runtime': 20.0107, 'eval_samples_per_second': 999.465, 'eval_steps_per_second': 7.846, 'epoch': 6.0}
{'loss': 0.0041, 'grad_norm': 0.587836503982544, 'learning_rate': 4.102999067661688e-06, 'epoch': 6.04}
{'loss': 0.0033, 'grad_norm': 0.8593377470970154, 'learning_rate': 4.080716871990405e-06, 'epoch': 6.08}
{'loss': 0.0036, 'grad_norm': 1.3283920288085938, 'learning_rate': 4.058318305471233e-06, 'epoch': 6.12}
{'loss': 0.0039, 'grad_norm': 0.28753212094306946, 'learning_rate': 4.035805316928334e-06, 'epoch': 6.16}
{'loss': 0.003, 'grad_norm': 0.8646532893180847, 'learning_rate': 4.013179865141349e-06, 'epoch': 6.2}
{'loss': 0.0029, 'grad_norm': 1.0123645067214966, 'learning_rate': 3.990443918674967e-06, 'epoch': 6.24}
{'loss': 0.0036, 'grad_norm': 0.7887759208679199, 'learning_rate': 3.967599455707649e-06, 'epoch': 6.28}
{'loss': 0.0032, 'grad_norm': 0.9781547784805298, 'learning_rate': 3.944648463859513e-06, 'epoch': 6.32}
{'loss': 0.0027, 'grad_norm': 2.1195406913757324, 'learning_rate': 3.921592940019398e-06, 'epoch': 6.36}
{'loss': 0.0031, 'grad_norm': 1.1159659624099731, 'learning_rate': 3.898434890171119e-06, 'epoch': 6.4}
{'loss': 0.0027, 'grad_norm': 0.7787217497825623, 'learning_rate': 3.87517632921894e-06, 'epoch': 6.44}
{'loss': 0.0031, 'grad_norm': 0.5174282193183899, 'learning_rate': 3.851819280812253e-06, 'epoch': 6.48}
{'loss': 0.0035, 'grad_norm': 0.6568100452423096, 'learning_rate': 3.828365777169518e-06, 'epoch': 6.52}
{'loss': 0.0033, 'grad_norm': 0.30913081765174866, 'learning_rate': 3.804817858901438e-06, 'epoch': 6.56}
{'loss': 0.0035, 'grad_norm': 0.9329096674919128, 'learning_rate': 3.7811775748334195e-06, 'epoch': 6.6}
{'loss': 0.0033, 'grad_norm': 1.3936058282852173, 'learning_rate': 3.757446981827304e-06, 'epoch': 6.64}
{'loss': 0.0031, 'grad_norm': 1.0558133125305176, 'learning_rate': 3.733628144602415e-06, 'epoch': 6.68}
{'loss': 0.0029, 'grad_norm': 0.883658766746521, 'learning_rate': 3.7097231355559048e-06, 'epoch': 6.72}
{'loss': 0.0032, 'grad_norm': 0.8320244550704956, 'learning_rate': 3.685734034582451e-06, 'epoch': 6.76}
{'loss': 0.0026, 'grad_norm': 0.6400084495544434, 'learning_rate': 3.661662928893284e-06, 'epoch': 6.8}
{'loss': 0.0034, 'grad_norm': 0.75999516248703, 'learning_rate': 3.637511912834595e-06, 'epoch': 6.84}
{'loss': 0.0027, 'grad_norm': 0.9718446731567383, 'learning_rate': 3.613283087705302e-06, 'epoch': 6.88}
{'loss': 0.0033, 'grad_norm': 0.9692030549049377, 'learning_rate': 3.5889785615742328e-06, 'epoch': 6.92}
{'loss': 0.0032, 'grad_norm': 0.29896047711372375, 'learning_rate': 3.5646004490967066e-06, 'epoch': 6.96}
{'loss': 0.0027, 'grad_norm': 0.5860601663589478, 'learning_rate': 3.5401508713305412e-06, 'epoch': 7.0}
{'eval_loss': 0.0023303660564124584, 'eval_score': 0.001737675706100337, 'eval_err_F': 0.0008310788642825874, 'eval_err_M': 0.0014354767588277539, 'eval_err_diff': 0.0006043978945451665, 'eval_mse': 0.0007866971411139142, 'eval_mae': 0.019145677723875452, 'eval_runtime': 19.895, 'eval_samples_per_second': 1005.279, 'eval_steps_per_second': 7.891, 'epoch': 7.0}
{'loss': 0.0037, 'grad_norm': 1.1157219409942627, 'learning_rate': 3.515631955551512e-06, 'epoch': 7.04}
{'loss': 0.0031, 'grad_norm': 0.5345489978790283, 'learning_rate': 3.4910458350682586e-06, 'epoch': 7.08}
{'loss': 0.0035, 'grad_norm': 1.0171778202056885, 'learning_rate': 3.466394649036681e-06, 'epoch': 7.12}
{'loss': 0.0028, 'grad_norm': 0.36720210313796997, 'learning_rate': 3.441680542273812e-06, 'epoch': 7.16}
{'loss': 0.0025, 'grad_norm': 0.5644195675849915, 'learning_rate': 3.4169056650712066e-06, 'epoch': 7.2}
{'loss': 0.003, 'grad_norm': 0.843535840511322, 'learning_rate': 3.3920721730078523e-06, 'epoch': 7.24}
{'loss': 0.0032, 'grad_norm': 0.7856740355491638, 'learning_rate': 3.3671822267626187e-06, 'epoch': 7.28}
{'loss': 0.0029, 'grad_norm': 0.5515509843826294, 'learning_rate': 3.342237991926264e-06, 'epoch': 7.32}
{'loss': 0.0026, 'grad_norm': 1.1026254892349243, 'learning_rate': 3.317241638813015e-06, 'epoch': 7.36}
{'loss': 0.0027, 'grad_norm': 0.6335749626159668, 'learning_rate': 3.292195342271736e-06, 'epoch': 7.4}
{'loss': 0.003, 'grad_norm': 0.7847368717193604, 'learning_rate': 3.2671012814967005e-06, 'epoch': 7.44}
{'loss': 0.0036, 'grad_norm': 0.5170683264732361, 'learning_rate': 3.2419616398379887e-06, 'epoch': 7.48}
{'loss': 0.0029, 'grad_norm': 0.43635642528533936, 'learning_rate': 3.2167786046115186e-06, 'epoch': 7.52}
{'loss': 0.0024, 'grad_norm': 1.251509189605713, 'learning_rate': 3.1915543669087396e-06, 'epoch': 7.56}
{'loss': 0.0029, 'grad_norm': 0.5793781280517578, 'learning_rate': 3.166291121405988e-06, 'epoch': 7.6}
{'loss': 0.0027, 'grad_norm': 0.6840424537658691, 'learning_rate': 3.14099106617354e-06, 'epoch': 7.64}
{'loss': 0.0025, 'grad_norm': 0.7377273440361023, 'learning_rate': 3.115656402484362e-06, 'epoch': 7.68}
{'loss': 0.0026, 'grad_norm': 1.4837583303451538, 'learning_rate': 3.090289334622587e-06, 'epoch': 7.72}
{'loss': 0.0028, 'grad_norm': 0.6546862721443176, 'learning_rate': 3.064892069691724e-06, 'epoch': 7.76}
{'loss': 0.0033, 'grad_norm': 0.5430073738098145, 'learning_rate': 3.03946681742263e-06, 'epoch': 7.8}
{'loss': 0.003, 'grad_norm': 1.0093785524368286, 'learning_rate': 3.0140157899812464e-06, 'epoch': 7.84}
{'loss': 0.0026, 'grad_norm': 0.6881385445594788, 'learning_rate': 2.988541201776125e-06, 'epoch': 7.88}
{'loss': 0.0024, 'grad_norm': 0.9856708645820618, 'learning_rate': 2.963045269265761e-06, 'epoch': 7.92}
{'loss': 0.0025, 'grad_norm': 0.7941741943359375, 'learning_rate': 2.9375302107657465e-06, 'epoch': 7.96}
{'loss': 0.0033, 'grad_norm': 0.6353193521499634, 'learning_rate': 2.91199824625576e-06, 'epoch': 8.0}
{'eval_loss': 0.0018660819623619318, 'eval_score': 0.001423581468394385, 'eval_err_F': 0.0006859635114160263, 'eval_err_M': 0.0011777088160682654, 'eval_err_diff': 0.0004917453046522391, 'eval_mse': 0.0008321406086125347, 'eval_mae': 0.020080448566610176, 'eval_runtime': 19.7229, 'eval_samples_per_second': 1014.05, 'eval_steps_per_second': 7.96, 'epoch': 8.0}
{'loss': 0.0025, 'grad_norm': 0.9294630289077759, 'learning_rate': 2.886451597186418e-06, 'epoch': 8.04}
{'loss': 0.0029, 'grad_norm': 0.7566578388214111, 'learning_rate': 2.860892486285989e-06, 'epoch': 8.08}
{'loss': 0.0026, 'grad_norm': 0.40599989891052246, 'learning_rate': 2.8353231373670043e-06, 'epoch': 8.12}
{'loss': 0.0026, 'grad_norm': 0.8234102725982666, 'learning_rate': 2.8097457751327725e-06, 'epoch': 8.16}
{'loss': 0.0023, 'grad_norm': 0.5008166432380676, 'learning_rate': 2.784162624983811e-06, 'epoch': 8.2}
{'loss': 0.0021, 'grad_norm': 0.6434270143508911, 'learning_rate': 2.7585759128242253e-06, 'epoch': 8.24}
{'loss': 0.0025, 'grad_norm': 0.49424946308135986, 'learning_rate': 2.7329878648680414e-06, 'epoch': 8.28}
{'loss': 0.0024, 'grad_norm': 0.5182322263717651, 'learning_rate': 2.707400707445507e-06, 'epoch': 8.32}
{'loss': 0.0026, 'grad_norm': 0.5161808729171753, 'learning_rate': 2.681816666809385e-06, 'epoch': 8.36}
{'loss': 0.003, 'grad_norm': 0.5864018201828003, 'learning_rate': 2.656237968941262e-06, 'epoch': 8.4}
{'loss': 0.0027, 'grad_norm': 0.9175894260406494, 'learning_rate': 2.630666839357865e-06, 'epoch': 8.44}
{'loss': 0.0025, 'grad_norm': 0.5227103233337402, 'learning_rate': 2.6051055029174312e-06, 'epoch': 8.48}
{'loss': 0.0023, 'grad_norm': 0.7258124351501465, 'learning_rate': 2.5795561836261287e-06, 'epoch': 8.52}
{'loss': 0.0027, 'grad_norm': 0.31491631269454956, 'learning_rate': 2.5540211044445525e-06, 'epoch': 8.56}
{'loss': 0.0025, 'grad_norm': 0.5900682210922241, 'learning_rate': 2.5285024870943174e-06, 'epoch': 8.6}
{'loss': 0.0023, 'grad_norm': 0.5774132013320923, 'learning_rate': 2.503002551864744e-06, 'epoch': 8.64}
{'loss': 0.0026, 'grad_norm': 0.3242013156414032, 'learning_rate': 2.4775235174196897e-06, 'epoch': 8.68}
{'loss': 0.0021, 'grad_norm': 0.18932616710662842, 'learning_rate': 2.452067600604501e-06, 'epoch': 8.72}
{'loss': 0.0022, 'grad_norm': 0.5501970648765564, 'learning_rate': 2.4266370162531373e-06, 'epoch': 8.76}
{'loss': 0.002, 'grad_norm': 0.7319868206977844, 'learning_rate': 2.4012339769954674e-06, 'epoch': 8.8}
{'loss': 0.0023, 'grad_norm': 0.4335322678089142, 'learning_rate': 2.3758606930647506e-06, 'epoch': 8.84}
{'loss': 0.0023, 'grad_norm': 0.47795000672340393, 'learning_rate': 2.3505193721053397e-06, 'epoch': 8.88}
{'loss': 0.0025, 'grad_norm': 0.26656749844551086, 'learning_rate': 2.325212218980591e-06, 'epoch': 8.92}
{'loss': 0.0021, 'grad_norm': 0.5202562212944031, 'learning_rate': 2.299941435581037e-06, 'epoch': 8.96}
{'loss': 0.0021, 'grad_norm': 0.29934215545654297, 'learning_rate': 2.2747092206327993e-06, 'epoch': 9.0}
{'eval_loss': 0.0019457241287454963, 'eval_score': 0.0014387110898903283, 'eval_err_F': 0.0007008128242090765, 'eval_err_M': 0.001192745001329911, 'eval_err_diff': 0.0004919321771208345, 'eval_mse': 0.0007781781032682329, 'eval_mae': 0.018923908697115438, 'eval_runtime': 19.713, 'eval_samples_per_second': 1014.561, 'eval_steps_per_second': 7.964, 'epoch': 9.0}
{'loss': 0.0022, 'grad_norm': 0.5107673406600952, 'learning_rate': 2.249517769506287e-06, 'epoch': 9.04}
{'loss': 0.0022, 'grad_norm': 0.43934178352355957, 'learning_rate': 2.2243692740251907e-06, 'epoch': 9.08}
{'loss': 0.0022, 'grad_norm': 0.7027658224105835, 'learning_rate': 2.199265922275768e-06, 'epoch': 9.12}
{'loss': 0.0021, 'grad_norm': 0.30137351155281067, 'learning_rate': 2.1742098984164785e-06, 'epoch': 9.16}
{'loss': 0.002, 'grad_norm': 0.5225082635879517, 'learning_rate': 2.1492033824879345e-06, 'epoch': 9.2}
{'loss': 0.0021, 'grad_norm': 0.7134069204330444, 'learning_rate': 2.1242485502232322e-06, 'epoch': 9.24}
{'loss': 0.0023, 'grad_norm': 1.4234038591384888, 'learning_rate': 2.099347572858647e-06, 'epoch': 9.28}
{'loss': 0.0021, 'grad_norm': 0.5835883617401123, 'learning_rate': 2.0745026169447157e-06, 'epoch': 9.32}
{'loss': 0.0023, 'grad_norm': 0.7418902516365051, 'learning_rate': 2.0497158441577424e-06, 'epoch': 9.36}
{'loss': 0.0022, 'grad_norm': 0.3466985821723938, 'learning_rate': 2.024989411111707e-06, 'epoch': 9.4}
{'loss': 0.0021, 'grad_norm': 1.018824815750122, 'learning_rate': 2.0003254691706336e-06, 'epoch': 9.44}
{'loss': 0.0023, 'grad_norm': 0.7701582312583923, 'learning_rate': 1.975726164261404e-06, 'epoch': 9.48}
{'loss': 0.0022, 'grad_norm': 0.556625247001648, 'learning_rate': 1.95119363668705e-06, 'epoch': 9.52}
{'loss': 0.0023, 'grad_norm': 0.9456764459609985, 'learning_rate': 1.92673002094053e-06, 'epoch': 9.56}
{'loss': 0.002, 'grad_norm': 0.33758753538131714, 'learning_rate': 1.9023374455190137e-06, 'epoch': 9.6}
{'loss': 0.0023, 'grad_norm': 0.6337087750434875, 'learning_rate': 1.8780180327386956e-06, 'epoch': 9.64}
{'loss': 0.0021, 'grad_norm': 0.5774429440498352, 'learning_rate': 1.8537738985501287e-06, 'epoch': 9.68}
{'loss': 0.0024, 'grad_norm': 0.29649829864501953, 'learning_rate': 1.8296071523541308e-06, 'epoch': 9.72}
{'loss': 0.0022, 'grad_norm': 1.1775546073913574, 'learning_rate': 1.8055198968182496e-06, 'epoch': 9.76}
{'loss': 0.0021, 'grad_norm': 1.2175209522247314, 'learning_rate': 1.7815142276938166e-06, 'epoch': 9.8}
{'loss': 0.0021, 'grad_norm': 0.7741457223892212, 'learning_rate': 1.757592233633604e-06, 'epoch': 9.84}
{'loss': 0.0021, 'grad_norm': 0.41507044434547424, 'learning_rate': 1.7337559960100971e-06, 'epoch': 9.88}
{'loss': 0.0021, 'grad_norm': 0.838411808013916, 'learning_rate': 1.7100075887343995e-06, 'epoch': 9.92}
{'loss': 0.0021, 'grad_norm': 0.3874461352825165, 'learning_rate': 1.6863490780757936e-06, 'epoch': 9.96}
{'loss': 0.002, 'grad_norm': 0.7310640215873718, 'learning_rate': 1.662782522481956e-06, 'epoch': 10.0}
{'eval_loss': 0.0017249778611585498, 'eval_score': 0.0012917528249059007, 'eval_err_F': 0.0006215993625759003, 'eval_err_M': 0.0010683683374625673, 'eval_err_diff': 0.000446768974886667, 'eval_mse': 0.000753592228442206, 'eval_mae': 0.018519873005012233, 'eval_runtime': 19.8541, 'eval_samples_per_second': 1007.351, 'eval_steps_per_second': 7.908, 'epoch': 10.0}
{'loss': 0.0022, 'grad_norm': 0.5395007729530334, 'learning_rate': 1.6393099723998642e-06, 'epoch': 10.04}
{'loss': 0.0019, 'grad_norm': 0.6367266178131104, 'learning_rate': 1.6159334700973888e-06, 'epoch': 10.08}
{'loss': 0.002, 'grad_norm': 0.9456746578216553, 'learning_rate': 1.5926550494856056e-06, 'epoch': 10.12}
{'loss': 0.0022, 'grad_norm': 1.2808597087860107, 'learning_rate': 1.5694767359418326e-06, 'epoch': 10.16}
{'loss': 0.0019, 'grad_norm': 0.39303717017173767, 'learning_rate': 1.5464005461334068e-06, 'epoch': 10.2}
{'loss': 0.0016, 'grad_norm': 0.5602233409881592, 'learning_rate': 1.5234284878422216e-06, 'epoch': 10.24}
{'loss': 0.0023, 'grad_norm': 1.87819242477417, 'learning_rate': 1.500562559790036e-06, 'epoch': 10.28}
{'loss': 0.0021, 'grad_norm': 0.42451056838035583, 'learning_rate': 1.477804751464573e-06, 'epoch': 10.32}
{'loss': 0.0018, 'grad_norm': 0.496643990278244, 'learning_rate': 1.4551570429464207e-06, 'epoch': 10.36}
{'loss': 0.0024, 'grad_norm': 0.4176366925239563, 'learning_rate': 1.432621404736752e-06, 'epoch': 10.4}
{'loss': 0.0019, 'grad_norm': 0.9398484230041504, 'learning_rate': 1.4101997975858788e-06, 'epoch': 10.44}
{'loss': 0.0021, 'grad_norm': 0.1656244844198227, 'learning_rate': 1.387894172322652e-06, 'epoch': 10.48}
{'loss': 0.002, 'grad_norm': 1.2125073671340942, 'learning_rate': 1.3657064696847276e-06, 'epoch': 10.52}
{'loss': 0.0018, 'grad_norm': 0.8117740154266357, 'learning_rate': 1.3436386201497108e-06, 'epoch': 10.56}
{'loss': 0.0023, 'grad_norm': 0.6210432648658752, 'learning_rate': 1.3216925437671863e-06, 'epoch': 10.6}
{'loss': 0.002, 'grad_norm': 0.32370349764823914, 'learning_rate': 1.2998701499916709e-06, 'epoch': 10.64}
{'loss': 0.0017, 'grad_norm': 0.5125683546066284, 'learning_rate': 1.2781733375164667e-06, 'epoch': 10.68}
{'loss': 0.0022, 'grad_norm': 0.3798839747905731, 'learning_rate': 1.2566039941084736e-06, 'epoch': 10.72}
{'loss': 0.0021, 'grad_norm': 0.6599446535110474, 'learning_rate': 1.2351639964439303e-06, 'epoch': 10.76}
{'loss': 0.0024, 'grad_norm': 0.5397449135780334, 'learning_rate': 1.2138552099451392e-06, 'epoch': 10.8}
{'loss': 0.002, 'grad_norm': 0.3794158697128296, 'learning_rate': 1.192679488618158e-06, 'epoch': 10.84}
{'loss': 0.0019, 'grad_norm': 0.6875888705253601, 'learning_rate': 1.1716386748914908e-06, 'epoch': 10.88}
{'loss': 0.0019, 'grad_norm': 1.0458725690841675, 'learning_rate': 1.1507345994557826e-06, 'epoch': 10.92}
{'loss': 0.0018, 'grad_norm': 1.0186301469802856, 'learning_rate': 1.1299690811045405e-06, 'epoch': 10.96}
{'loss': 0.0019, 'grad_norm': 1.5785056352615356, 'learning_rate': 1.1093439265758797e-06, 'epoch': 11.0}
{'eval_loss': 0.001721030450426042, 'eval_score': 0.0012474198402642692, 'eval_err_F': 0.0006339214597247156, 'eval_err_M': 0.001042920380084418, 'eval_err_diff': 0.00040899892035970245, 'eval_mse': 0.0007987593656250268, 'eval_mae': 0.019714355032099593, 'eval_runtime': 69.199, 'eval_samples_per_second': 289.021, 'eval_steps_per_second': 2.269, 'epoch': 11.0}
{'loss': 0.0018, 'grad_norm': 0.7122918367385864, 'learning_rate': 1.0888609303953365e-06, 'epoch': 11.04}
{'loss': 0.0017, 'grad_norm': 0.3699093461036682, 'learning_rate': 1.068521874719719e-06, 'epoch': 11.08}
{'loss': 0.0018, 'grad_norm': 0.5559190511703491, 'learning_rate': 1.048328529182062e-06, 'epoch': 11.12}
{'loss': 0.0018, 'grad_norm': 0.31731805205345154, 'learning_rate': 1.0282826507376413e-06, 'epoch': 11.16}
{'loss': 0.0019, 'grad_norm': 0.5052710771560669, 'learning_rate': 1.008385983511125e-06, 'epoch': 11.2}
{'loss': 0.0015, 'grad_norm': 0.4118175208568573, 'learning_rate': 9.886402586448045e-07, 'epoch': 11.24}
{'loss': 0.0019, 'grad_norm': 0.6553527116775513, 'learning_rate': 9.690471941479884e-07, 'epoch': 11.28}
{'loss': 0.0019, 'grad_norm': 0.5111885666847229, 'learning_rate': 9.496084947475164e-07, 'epoch': 11.32}
{'loss': 0.0023, 'grad_norm': 0.3640173673629761, 'learning_rate': 9.303258517394391e-07, 'epoch': 11.36}
{'loss': 0.0019, 'grad_norm': 1.3530508279800415, 'learning_rate': 9.112009428418635e-07, 'epoch': 11.4}
{'loss': 0.0017, 'grad_norm': 0.34274721145629883, 'learning_rate': 8.92235432048982e-07, 'epoch': 11.44}
{'loss': 0.0017, 'grad_norm': 0.5065434575080872, 'learning_rate': 8.734309694862883e-07, 'epoch': 11.48}
{'loss': 0.0018, 'grad_norm': 0.17838777601718903, 'learning_rate': 8.54789191267016e-07, 'epoch': 11.52}
{'loss': 0.0018, 'grad_norm': 0.42853888869285583, 'learning_rate': 8.363117193497726e-07, 'epoch': 11.56}
{'loss': 0.0018, 'grad_norm': 0.6730877161026001, 'learning_rate': 8.180001613974326e-07, 'epoch': 11.6}
{'loss': 0.0022, 'grad_norm': 0.731863260269165, 'learning_rate': 7.998561106372454e-07, 'epoch': 11.64}
{'loss': 0.002, 'grad_norm': 0.28582099080085754, 'learning_rate': 7.818811457222262e-07, 'epoch': 11.68}
{'loss': 0.0018, 'grad_norm': 0.5073536038398743, 'learning_rate': 7.640768305937967e-07, 'epoch': 11.72}
{'loss': 0.0017, 'grad_norm': 0.6960828900337219, 'learning_rate': 7.464447143457118e-07, 'epoch': 11.76}
{'loss': 0.0016, 'grad_norm': 0.6792104840278625, 'learning_rate': 7.289863310892806e-07, 'epoch': 11.8}
{'loss': 0.0017, 'grad_norm': 0.5605559349060059, 'learning_rate': 7.117031998198863e-07, 'epoch': 11.84}
{'loss': 0.0015, 'grad_norm': 0.491716593503952, 'learning_rate': 6.945968242848248e-07, 'epoch': 11.88}
{'loss': 0.0019, 'grad_norm': 0.4185686707496643, 'learning_rate': 6.776686928524686e-07, 'epoch': 11.92}
{'loss': 0.0016, 'grad_norm': 0.4019753038883209, 'learning_rate': 6.609202783827674e-07, 'epoch': 11.96}
{'loss': 0.0018, 'grad_norm': 0.8139773011207581, 'learning_rate': 6.443530380991021e-07, 'epoch': 12.0}
{'eval_loss': 0.001672649523243308, 'eval_score': 0.0012253363447185584, 'eval_err_F': 0.000599686746201316, 'eval_err_M': 0.0010167864785461443, 'eval_err_diff': 0.0004170997323448283, 'eval_mse': 0.0007120870401467767, 'eval_mae': 0.018046671030530887, 'eval_runtime': 19.8713, 'eval_samples_per_second': 1006.479, 'eval_steps_per_second': 7.901, 'epoch': 12.0}
{'loss': 0.0018, 'grad_norm': 1.2503323554992676, 'learning_rate': 6.279684134614939e-07, 'epoch': 12.04}
{'loss': 0.0016, 'grad_norm': 1.3418915271759033, 'learning_rate': 6.117678300411901e-07, 'epoch': 12.08}
{'loss': 0.0017, 'grad_norm': 0.3926496207714081, 'learning_rate': 5.957526973966285e-07, 'epoch': 12.12}
{'loss': 0.0018, 'grad_norm': 0.7130357623100281, 'learning_rate': 5.799244089507946e-07, 'epoch': 12.16}
{'loss': 0.002, 'grad_norm': 0.40715131163597107, 'learning_rate': 5.642843418699913e-07, 'epoch': 12.2}
{'loss': 0.0015, 'grad_norm': 0.31947124004364014, 'learning_rate': 5.488338569440068e-07, 'epoch': 12.24}
{'loss': 0.002, 'grad_norm': 0.7660709619522095, 'learning_rate': 5.335742984677266e-07, 'epoch': 12.28}
{'loss': 0.0018, 'grad_norm': 0.748550295829773, 'learning_rate': 5.185069941241616e-07, 'epoch': 12.32}
{'loss': 0.0018, 'grad_norm': 0.2599408030509949, 'learning_rate': 5.036332548689373e-07, 'epoch': 12.36}
{'loss': 0.0017, 'grad_norm': 0.5072410106658936, 'learning_rate': 4.889543748162304e-07, 'epoch': 12.4}
{'loss': 0.0017, 'grad_norm': 0.6091469526290894, 'learning_rate': 4.7447163112617104e-07, 'epoch': 12.44}
{'loss': 0.0014, 'grad_norm': 0.5354071259498596, 'learning_rate': 4.6018628389372237e-07, 'epoch': 12.48}
{'loss': 0.0018, 'grad_norm': 0.5782389640808105, 'learning_rate': 4.4609957603904356e-07, 'epoch': 12.52}
{'loss': 0.0017, 'grad_norm': 0.39595216512680054, 'learning_rate': 4.322127331993478e-07, 'epoch': 12.56}
{'loss': 0.0015, 'grad_norm': 0.5703765153884888, 'learning_rate': 4.185269636222645e-07, 'epoch': 12.6}
{'loss': 0.0016, 'grad_norm': 0.3488299548625946, 'learning_rate': 4.0504345806070937e-07, 'epoch': 12.64}
{'loss': 0.0017, 'grad_norm': 0.6087630987167358, 'learning_rate': 3.9176338966928946e-07, 'epoch': 12.68}
{'loss': 0.0017, 'grad_norm': 0.2900073528289795, 'learning_rate': 3.7868791390222086e-07, 'epoch': 12.72}
{'loss': 0.0018, 'grad_norm': 0.18545016646385193, 'learning_rate': 3.6581816841280564e-07, 'epoch': 12.76}
{'loss': 0.0018, 'grad_norm': 0.27138930559158325, 'learning_rate': 3.531552729544414e-07, 'epoch': 12.8}
{'loss': 0.0015, 'grad_norm': 0.5099595785140991, 'learning_rate': 3.4070032928319896e-07, 'epoch': 12.84}
{'loss': 0.0015, 'grad_norm': 0.3482699990272522, 'learning_rate': 3.2845442106196226e-07, 'epoch': 12.88}
{'loss': 0.002, 'grad_norm': 0.26341187953948975, 'learning_rate': 3.16418613766141e-07, 'epoch': 12.92}
{'loss': 0.0016, 'grad_norm': 0.47142553329467773, 'learning_rate': 3.0459395459096806e-07, 'epoch': 12.96}
{'loss': 0.0016, 'grad_norm': 0.27964499592781067, 'learning_rate': 2.9298147236038696e-07, 'epoch': 13.0}
{'eval_loss': 0.0017185504548251629, 'eval_score': 0.001261274413737419, 'eval_err_F': 0.0006127801639261651, 'eval_err_M': 0.0010451096638003344, 'eval_err_diff': 0.00043232949987416925, 'eval_mse': 0.0006765484500665549, 'eval_mae': 0.017336241298867572, 'eval_runtime': 19.7094, 'eval_samples_per_second': 1014.743, 'eval_steps_per_second': 7.966, 'epoch': 13.0}
{'loss': 0.0016, 'grad_norm': 0.5973377227783203, 'learning_rate': 2.8158217743753415e-07, 'epoch': 13.04}
{'loss': 0.0016, 'grad_norm': 0.4504944384098053, 'learning_rate': 2.7039706163683777e-07, 'epoch': 13.08}
{'loss': 0.0017, 'grad_norm': 1.0010002851486206, 'learning_rate': 2.5942709813771427e-07, 'epoch': 13.12}
{'loss': 0.0018, 'grad_norm': 1.0822319984436035, 'learning_rate': 2.4867324139990413e-07, 'epoch': 13.16}
{'loss': 0.0016, 'grad_norm': 0.35204604268074036, 'learning_rate': 2.381364270804184e-07, 'epoch': 13.2}
{'loss': 0.0019, 'grad_norm': 0.9805246591567993, 'learning_rate': 2.2781757195214004e-07, 'epoch': 13.24}
{'loss': 0.0019, 'grad_norm': 0.2651834487915039, 'learning_rate': 2.1771757382404967e-07, 'epoch': 13.28}
{'loss': 0.0016, 'grad_norm': 0.35217851400375366, 'learning_rate': 2.0783731146311643e-07, 'epoch': 13.32}
{'loss': 0.0017, 'grad_norm': 0.3446533679962158, 'learning_rate': 1.9817764451783653e-07, 'epoch': 13.36}
{'loss': 0.0015, 'grad_norm': 0.7543104887008667, 'learning_rate': 1.887394134434388e-07, 'epoch': 13.4}
{'loss': 0.0016, 'grad_norm': 0.2199021428823471, 'learning_rate': 1.7952343942876e-07, 'epoch': 13.44}
{'loss': 0.0018, 'grad_norm': 0.7305312752723694, 'learning_rate': 1.7053052432479457e-07, 'epoch': 13.48}
{'loss': 0.0017, 'grad_norm': 0.5912936925888062, 'learning_rate': 1.6176145057492995e-07, 'epoch': 13.52}
{'loss': 0.0016, 'grad_norm': 0.7531288266181946, 'learning_rate': 1.5321698114686725e-07, 'epoch': 13.56}
{'loss': 0.0015, 'grad_norm': 0.6443696618080139, 'learning_rate': 1.4489785946623883e-07, 'epoch': 13.6}
{'loss': 0.0015, 'grad_norm': 0.3348444104194641, 'learning_rate': 1.3680480935192584e-07, 'epoch': 13.64}
{'loss': 0.002, 'grad_norm': 0.43367689847946167, 'learning_rate': 1.2893853495308048e-07, 'epoch': 13.68}
{'loss': 0.0017, 'grad_norm': 0.5986096858978271, 'learning_rate': 1.2129972068785878e-07, 'epoch': 13.72}
{'loss': 0.0015, 'grad_norm': 0.8746214509010315, 'learning_rate': 1.1388903118387578e-07, 'epoch': 13.76}
{'loss': 0.0014, 'grad_norm': 0.4920087456703186, 'learning_rate': 1.0670711122037375e-07, 'epoch': 13.8}
{'loss': 0.0019, 'grad_norm': 0.4895687699317932, 'learning_rate': 9.975458567212674e-08, 'epoch': 13.84}
{'loss': 0.0014, 'grad_norm': 0.3901590406894684, 'learning_rate': 9.303205945506751e-08, 'epoch': 13.88}
{'loss': 0.0015, 'grad_norm': 0.2244139462709427, 'learning_rate': 8.654011747365939e-08, 'epoch': 13.92}
{'loss': 0.0015, 'grad_norm': 0.5698100328445435, 'learning_rate': 8.027932457000509e-08, 'epoch': 13.96}
{'loss': 0.0017, 'grad_norm': 0.3449603319168091, 'learning_rate': 7.425022547470063e-08, 'epoch': 14.0}
{'eval_loss': 0.0016245124861598015, 'eval_score': 0.00120505065260483, 'eval_err_F': 0.0005696815077608743, 'eval_err_M': 0.000993260937656845, 'eval_err_diff': 0.0004235794298959706, 'eval_mse': 0.0007157916039707318, 'eval_mae': 0.017931356110656816, 'eval_runtime': 20.0491, 'eval_samples_per_second': 997.549, 'eval_steps_per_second': 7.831, 'epoch': 14.0}
{'loss': 0.002, 'grad_norm': 0.5409088730812073, 'learning_rate': 6.845334475944081e-08, 'epoch': 14.04}
{'loss': 0.0017, 'grad_norm': 0.894398033618927, 'learning_rate': 6.28891867913774e-08, 'epoch': 14.08}
{'loss': 0.0017, 'grad_norm': 0.6722047924995422, 'learning_rate': 5.7558235689237344e-08, 'epoch': 14.12}
{'loss': 0.0016, 'grad_norm': 0.5289455652236938, 'learning_rate': 5.2460955281199524e-08, 'epoch': 14.16}
{'loss': 0.0016, 'grad_norm': 0.26356449723243713, 'learning_rate': 4.7597789064538904e-08, 'epoch': 14.2}
{'loss': 0.0015, 'grad_norm': 0.8640740513801575, 'learning_rate': 4.2969160167041e-08, 'epoch': 14.24}
{'loss': 0.0016, 'grad_norm': 0.27386966347694397, 'learning_rate': 3.8575471310184095e-08, 'epoch': 14.28}
{'loss': 0.0016, 'grad_norm': 0.7384917140007019, 'learning_rate': 3.441710477410274e-08, 'epoch': 14.32}
{'loss': 0.0015, 'grad_norm': 0.2725900113582611, 'learning_rate': 3.049442236432476e-08, 'epoch': 14.36}
{'loss': 0.0017, 'grad_norm': 0.5967201590538025, 'learning_rate': 2.6807765380292358e-08, 'epoch': 14.4}
{'loss': 0.0015, 'grad_norm': 0.6969002485275269, 'learning_rate': 2.3357454585667582e-08, 'epoch': 14.44}
{'loss': 0.0017, 'grad_norm': 0.6624500751495361, 'learning_rate': 2.014379018042228e-08, 'epoch': 14.48}
{'loss': 0.0016, 'grad_norm': 0.5186375975608826, 'learning_rate': 1.716705177472031e-08, 'epoch': 14.52}
{'loss': 0.0015, 'grad_norm': 0.4388929605484009, 'learning_rate': 1.4427498364587864e-08, 'epoch': 14.56}
{'loss': 0.0015, 'grad_norm': 0.3088846504688263, 'learning_rate': 1.192536830938098e-08, 'epoch': 14.6}
{'loss': 0.0015, 'grad_norm': 0.412539541721344, 'learning_rate': 9.660879311045074e-09, 'epoch': 14.64}
{'loss': 0.002, 'grad_norm': 0.2958126366138458, 'learning_rate': 7.634228395174418e-09, 'epoch': 14.68}
{'loss': 0.0014, 'grad_norm': 0.8181992173194885, 'learning_rate': 5.845591893869129e-09, 'epoch': 14.72}
{'loss': 0.0014, 'grad_norm': 0.6519169211387634, 'learning_rate': 4.295125430393315e-09, 'epoch': 14.76}
{'loss': 0.0015, 'grad_norm': 0.8613152503967285, 'learning_rate': 2.982963905634691e-09, 'epoch': 14.8}
{'loss': 0.0014, 'grad_norm': 0.6925773024559021, 'learning_rate': 1.9092214863677874e-09, 'epoch': 14.84}
{'loss': 0.0021, 'grad_norm': 0.4818345010280609, 'learning_rate': 1.0739915953195456e-09, 'epoch': 14.88}
{'loss': 0.0014, 'grad_norm': 0.2856200933456421, 'learning_rate': 4.773469030418555e-10, 'epoch': 14.92}
{'loss': 0.0013, 'grad_norm': 0.2170630693435669, 'learning_rate': 1.1933932158891275e-10, 'epoch': 14.96}
{'loss': 0.0016, 'grad_norm': 0.36265966296195984, 'learning_rate': 0.0, 'epoch': 15.0}
{'eval_loss': 0.0016628982266411185, 'eval_score': 0.0012271383709777295, 'eval_err_F': 0.0005829915185561679, 'eval_err_M': 0.0010124227535038756, 'eval_err_diff': 0.00042943123494770775, 'eval_mse': 0.0006897149343215081, 'eval_mae': 0.017519909507455488, 'eval_runtime': 19.7119, 'eval_samples_per_second': 1014.617, 'eval_steps_per_second': 7.965, 'epoch': 15.0}
{'train_runtime': 3626.9886, 'train_samples_per_second': 330.853, 'train_steps_per_second': 5.17, 'train_loss': 0.02026999090274175, 'epoch': 15.0}
[EMA] Swapped EMA weights into model (decay=0.9998)
[EMA] Swapped EMA weights into model (decay=0.9998)
score=0.00151 | err_diff=0.00051 | loss=0.00203
score=0.00151 | err_diff=0.00051 | loss=0.00203
Saved 30 worst predictions: results/optuna_dinov3-vitb16-3090-v2-ibot_trial_0/worst/worst.csv + results/optuna_dinov3-vitb16-3090-v2-ibot_trial_0/worst/images
Model saved: models:/m-c8caf1940a79465fa91aa510d4dfcc3e
Trial 0: score=inf err_F=inf err_M=inf err_diff=inf
Loaded 100,000 samples from data/raw/train.csv
Loaded 100,000 samples from data/raw/train.csv
Train: 80,000 | Val: 20,000
Train: 80,000 | Val: 20,000
Sampler 'gender': 2 groups, 51840 samples/epoch
Sampler 'gender': 2 groups, 51840 samples/epoch
PMF ratios test/train (20 bins of 0.025): [0.215, 0.341, 0.566, 0.734, 0.932, 1.075, 1.319, 1.454, 1.645, 1.883, 2.022, 1.919, 1.583, 1.291, 1.331, 0.628, 0.861, 0.067, 0.067, 0.067]
PMF ratios test/train (20 bins of 0.025): [0.215, 0.341, 0.566, 0.734, 0.932, 1.075, 1.319, 1.454, 1.645, 1.883, 2.022, 1.919, 1.583, 1.291, 1.331, 0.628, 0.861, 0.067, 0.067, 0.067]
loss_importance_reweight ON (applied in training loss)
eval_importance_reweight ON (eval_score reweighted to test distribution)
loss_importance_reweight ON (applied in training loss)
eval_importance_reweight ON (eval_score reweighted to test distribution)
DINOv3 drop_path_rate=0.05235705433117042 applied (linear 0 → 0.052 across 12 blocks via sample_drop_ratio)
DINOv3 drop_path_rate=0.05235705433117042 applied (linear 0 → 0.052 across 12 blocks via sample_drop_ratio)
Loaded DINOv3 weights: dinov3_vitb16_pretrain_lvd1689m-73cec8be.pth
Loading pretrained backbone from runs:/c2c396cae2f74566a413502633de7781/encoder
Loaded DINOv3 weights: dinov3_vitb16_pretrain_lvd1689m-73cec8be.pth
Loading pretrained backbone from runs:/c2c396cae2f74566a413502633de7781/encoder
  loaded (0 missing, 0 unexpected keys)
  loaded (0 missing, 0 unexpected keys)
  logged 141 pretrain_* params from run c2c396cae2f74566a413502633de7781
  logged 141 pretrain_* params from run c2c396cae2f74566a413502633de7781
EMA enabled: decay=0.9998, warmup_steps=200
EMA enabled: decay=0.9998, warmup_steps=200
WeightedMSELoss: focal_gamma=0.0, fairness_lambda=1.956962879420226, importance_reweight=on (mean=1.00)
Training dinov3-vitb16-3090-v2-ibot_trial1 (best_metric=eval_score)
WeightedMSELoss: focal_gamma=0.0, fairness_lambda=1.956962879420226, importance_reweight=on (mean=1.00)
Training dinov3-vitb16-3090-v2-ibot_trial1 (best_metric=eval_score)
LLRD: 14 groups, LR ∈ [1.72e-07, 2.73e-05]
LLRD: 14 groups, LR ∈ [1.72e-07, 2.73e-05]
{'loss': 0.2797, 'grad_norm': 7.620771408081055, 'learning_rate': 1.6884130153760613e-08, 'epoch': 0.06}
{'loss': 0.1776, 'grad_norm': 3.7890331745147705, 'learning_rate': 3.3768260307521226e-08, 'epoch': 0.12}
{'loss': 0.1643, 'grad_norm': 2.981468677520752, 'learning_rate': 5.065239046128184e-08, 'epoch': 0.19}
{'loss': 0.1593, 'grad_norm': 2.327545404434204, 'learning_rate': 6.753652061504245e-08, 'epoch': 0.25}
{'loss': 0.1595, 'grad_norm': 4.117891311645508, 'learning_rate': 8.442065076880306e-08, 'epoch': 0.31}
{'loss': 0.1569, 'grad_norm': 2.9646568298339844, 'learning_rate': 1.0130478092256368e-07, 'epoch': 0.37}
{'loss': 0.1605, 'grad_norm': 10.9429349899292, 'learning_rate': 1.181889110763243e-07, 'epoch': 0.43}
{'loss': 0.1629, 'grad_norm': 3.7071993350982666, 'learning_rate': 1.350730412300849e-07, 'epoch': 0.49}
{'loss': 0.1603, 'grad_norm': 3.5698187351226807, 'learning_rate': 1.5195717138384553e-07, 'epoch': 0.56}
{'loss': 0.156, 'grad_norm': 3.5337882041931152, 'learning_rate': 1.6884130153760612e-07, 'epoch': 0.62}
{'loss': 0.1528, 'grad_norm': 1.7361273765563965, 'learning_rate': 1.7220632585323017e-07, 'epoch': 0.68}
{'loss': 0.156, 'grad_norm': 10.88318157196045, 'learning_rate': 1.7215838692979174e-07, 'epoch': 0.74}
{'loss': 0.1595, 'grad_norm': 6.41850471496582, 'learning_rate': 1.7207359370694345e-07, 'epoch': 0.8}
{'loss': 0.1475, 'grad_norm': 4.666316509246826, 'learning_rate': 1.719519825010061e-07, 'epoch': 0.86}
{'loss': 0.1496, 'grad_norm': 2.590012550354004, 'learning_rate': 1.7179360539717492e-07, 'epoch': 0.93}
{'loss': 0.1433, 'grad_norm': 4.035350799560547, 'learning_rate': 1.715985302272118e-07, 'epoch': 0.99}
{'eval_loss': 0.01747957617044449, 'eval_score': 0.011097560948554549, 'eval_err_F': 0.010061226052497041, 'eval_err_M': 0.007988556260382026, 'eval_err_diff': 0.002072669792115015, 'eval_mse': 0.003376099333420212, 'eval_mae': 0.041045672293620376, 'eval_runtime': 18.6817, 'eval_samples_per_second': 1070.569, 'eval_steps_per_second': 8.404, 'epoch': 1.0}
{'loss': 0.1354, 'grad_norm': 2.0700438022613525, 'learning_rate': 1.7136684054039368e-07, 'epoch': 1.05}
{'loss': 0.1233, 'grad_norm': 3.1230266094207764, 'learning_rate': 1.7109863556772867e-07, 'epoch': 1.11}
{'loss': 0.121, 'grad_norm': 9.54761028289795, 'learning_rate': 1.707940301794564e-07, 'epoch': 1.17}
{'loss': 0.1182, 'grad_norm': 2.28507661819458, 'learning_rate': 1.7045315483584965e-07, 'epoch': 1.23}
{'loss': 0.111, 'grad_norm': 28.164011001586914, 'learning_rate': 1.7007615553133964e-07, 'epoch': 1.3}
{'loss': 0.1048, 'grad_norm': 1.6589741706848145, 'learning_rate': 1.696631937319871e-07, 'epoch': 1.36}
{'loss': 0.0973, 'grad_norm': 3.4599862098693848, 'learning_rate': 1.6921444630632793e-07, 'epoch': 1.42}
{'loss': 0.1009, 'grad_norm': 1.872851014137268, 'learning_rate': 1.687301054496216e-07, 'epoch': 1.48}
{'loss': 0.0959, 'grad_norm': 2.495408296585083, 'learning_rate': 1.6821037860153513e-07, 'epoch': 1.54}
{'loss': 0.0944, 'grad_norm': 4.853021144866943, 'learning_rate': 1.6765548835729853e-07, 'epoch': 1.6}
{'loss': 0.0935, 'grad_norm': 2.0829896926879883, 'learning_rate': 1.670656723723686e-07, 'epoch': 1.67}
{'loss': 0.0875, 'grad_norm': 3.1062209606170654, 'learning_rate': 1.664411832606429e-07, 'epoch': 1.73}
{'loss': 0.0895, 'grad_norm': 2.815642833709717, 'learning_rate': 1.6578228848626714e-07, 'epoch': 1.79}
{'loss': 0.0867, 'grad_norm': 2.0424466133117676, 'learning_rate': 1.6508927024908214e-07, 'epoch': 1.85}
{'loss': 0.0846, 'grad_norm': 2.7125244140625, 'learning_rate': 1.643624253637597e-07, 'epoch': 1.91}
{'loss': 0.0771, 'grad_norm': 2.1500797271728516, 'learning_rate': 1.6360206513267912e-07, 'epoch': 1.98}
{'eval_loss': 0.009685629047453403, 'eval_score': 0.005742422831647861, 'eval_err_F': 0.00508550118494892, 'eval_err_M': 0.003771657891551038, 'eval_err_diff': 0.0013138432933978818, 'eval_mse': 0.00418630025208048, 'eval_mae': 0.05371712215212938, 'eval_runtime': 18.8901, 'eval_samples_per_second': 1058.754, 'eval_steps_per_second': 8.311, 'epoch': 2.0}
{'loss': 0.076, 'grad_norm': 1.8052268028259277, 'learning_rate': 1.628085152125985e-07, 'epoch': 2.04}
{'loss': 0.075, 'grad_norm': 10.55661678314209, 'learning_rate': 1.6198211547517844e-07, 'epoch': 2.1}
{'loss': 0.0739, 'grad_norm': 1.70181143283844, 'learning_rate': 1.6112321986141748e-07, 'epoch': 2.16}
{'loss': 0.0709, 'grad_norm': 1.558624267578125, 'learning_rate': 1.602321962300616e-07, 'epoch': 2.22}
{'loss': 0.065, 'grad_norm': 1.6896929740905762, 'learning_rate': 1.593094262000533e-07, 'epoch': 2.28}
{'loss': 0.0643, 'grad_norm': 2.12139630317688, 'learning_rate': 1.5835530498708654e-07, 'epoch': 2.35}
{'loss': 0.0609, 'grad_norm': 2.916233539581299, 'learning_rate': 1.573702412343392e-07, 'epoch': 2.41}
{'loss': 0.0634, 'grad_norm': 6.400820255279541, 'learning_rate': 1.563546568374538e-07, 'epoch': 2.47}
{'loss': 0.0636, 'grad_norm': 1.4800293445587158, 'learning_rate': 1.5530898676384288e-07, 'epoch': 2.53}
{'loss': 0.0638, 'grad_norm': 6.102248191833496, 'learning_rate': 1.5423367886639554e-07, 'epoch': 2.59}
{'loss': 0.0639, 'grad_norm': 2.1772525310516357, 'learning_rate': 1.5312919369166535e-07, 'epoch': 2.65}
{'loss': 0.0607, 'grad_norm': 4.103672504425049, 'learning_rate': 1.5199600428262156e-07, 'epoch': 2.72}
{'loss': 0.0592, 'grad_norm': 2.873652219772339, 'learning_rate': 1.508345959760483e-07, 'epoch': 2.78}
{'loss': 0.0619, 'grad_norm': 5.673879623413086, 'learning_rate': 1.496454661946782e-07, 'epoch': 2.84}
{'loss': 0.0556, 'grad_norm': 2.0369443893432617, 'learning_rate': 1.4842912423415015e-07, 'epoch': 2.9}
{'loss': 0.0556, 'grad_norm': 2.583372116088867, 'learning_rate': 1.4718609104488136e-07, 'epoch': 2.96}
{'eval_loss': 0.01665983907878399, 'eval_score': 0.011481042698409548, 'eval_err_F': 0.010495876779554294, 'eval_err_M': 0.008525544941843788, 'eval_err_diff': 0.0019703318377105056, 'eval_mse': 0.0033365736783126814, 'eval_mae': 0.04260862489012834, 'eval_runtime': 19.3071, 'eval_samples_per_second': 1035.886, 'eval_steps_per_second': 8.132, 'epoch': 3.0}
{'loss': 0.0565, 'grad_norm': 2.56412672996521, 'learning_rate': 1.4591689900894832e-07, 'epoch': 3.02}
{'loss': 0.0509, 'grad_norm': 1.2617884874343872, 'learning_rate': 1.4462209171207127e-07, 'epoch': 3.09}
{'loss': 0.0532, 'grad_norm': 3.7208149433135986, 'learning_rate': 1.433022237108005e-07, 'epoch': 3.15}
{'loss': 0.0529, 'grad_norm': 1.1493936777114868, 'learning_rate': 1.4195786029500376e-07, 'epoch': 3.21}
{'loss': 0.0514, 'grad_norm': 1.9334667921066284, 'learning_rate': 1.405895772457567e-07, 'epoch': 3.27}
{'loss': 0.0525, 'grad_norm': 2.161996364593506, 'learning_rate': 1.3919796058874008e-07, 'epoch': 3.33}
{'loss': 0.0547, 'grad_norm': 2.870224952697754, 'learning_rate': 1.377836063432492e-07, 'epoch': 3.4}
{'loss': 0.0491, 'grad_norm': 4.143287658691406, 'learning_rate': 1.3634712026692315e-07, 'epoch': 3.46}
{'loss': 0.0502, 'grad_norm': 3.7592127323150635, 'learning_rate': 1.3488911759630324e-07, 'epoch': 3.52}
{'loss': 0.0465, 'grad_norm': 0.7889603972434998, 'learning_rate': 1.334102227833317e-07, 'epoch': 3.58}
{'loss': 0.0465, 'grad_norm': 2.018949031829834, 'learning_rate': 1.3191106922790333e-07, 'epoch': 3.64}
{'loss': 0.0504, 'grad_norm': 1.1698603630065918, 'learning_rate': 1.3039229900658517e-07, 'epoch': 3.7}
{'loss': 0.0469, 'grad_norm': 3.6656057834625244, 'learning_rate': 1.2885456259761943e-07, 'epoch': 3.77}
{'loss': 0.045, 'grad_norm': 1.7548925876617432, 'learning_rate': 1.272985186023287e-07, 'epoch': 3.83}
{'loss': 0.0486, 'grad_norm': 2.6084463596343994, 'learning_rate': 1.2572483346304168e-07, 'epoch': 3.89}
{'loss': 0.0458, 'grad_norm': 3.0108766555786133, 'learning_rate': 1.2413418117766073e-07, 'epoch': 3.95}
{'eval_loss': 0.004482981748878956, 'eval_score': 0.002690178634875743, 'eval_err_F': 0.001741071615005256, 'eval_err_M': 0.0023738096282522473, 'eval_err_diff': 0.0006327380132469913, 'eval_mse': 0.0031077154657862586, 'eval_mae': 0.0466385506073555, 'eval_runtime': 18.9815, 'eval_samples_per_second': 1053.655, 'eval_steps_per_second': 8.271, 'epoch': 4.0}
{'loss': 0.0441, 'grad_norm': 0.9594319462776184, 'learning_rate': 1.2252724301099346e-07, 'epoch': 4.01}
{'loss': 0.0445, 'grad_norm': 2.025358200073242, 'learning_rate': 1.2090470720297213e-07, 'epoch': 4.07}
{'loss': 0.0419, 'grad_norm': 3.430051565170288, 'learning_rate': 1.1926726867388528e-07, 'epoch': 4.14}
{'loss': 0.0446, 'grad_norm': 1.2907822132110596, 'learning_rate': 1.1761562872674856e-07, 'epoch': 4.2}
{'loss': 0.0419, 'grad_norm': 2.141695976257324, 'learning_rate': 1.1595049474694172e-07, 'epoch': 4.26}
{'loss': 0.0412, 'grad_norm': 1.9274049997329712, 'learning_rate': 1.1427257989924057e-07, 'epoch': 4.32}
{'loss': 0.0393, 'grad_norm': 2.226682424545288, 'learning_rate': 1.1258260282237363e-07, 'epoch': 4.38}
{'loss': 0.0421, 'grad_norm': 4.661201477050781, 'learning_rate': 1.1088128732123463e-07, 'epoch': 4.44}
{'loss': 0.0425, 'grad_norm': 3.1076176166534424, 'learning_rate': 1.0916936205688184e-07, 'epoch': 4.51}
{'loss': 0.041, 'grad_norm': 2.9457459449768066, 'learning_rate': 1.0744756023445797e-07, 'epoch': 4.57}
{'loss': 0.0398, 'grad_norm': 2.9041459560394287, 'learning_rate': 1.0571661928916379e-07, 'epoch': 4.63}
{'loss': 0.0374, 'grad_norm': 1.1885159015655518, 'learning_rate': 1.0397728057041993e-07, 'epoch': 4.69}
{'loss': 0.0372, 'grad_norm': 0.5609177350997925, 'learning_rate': 1.0223028902435229e-07, 'epoch': 4.75}
{'loss': 0.0376, 'grad_norm': 1.817808747291565, 'learning_rate': 1.004763928747371e-07, 'epoch': 4.81}
{'loss': 0.0357, 'grad_norm': 1.5414960384368896, 'learning_rate': 9.871634330254211e-08, 'epoch': 4.88}
{'loss': 0.0341, 'grad_norm': 1.0026949644088745, 'learning_rate': 9.695089412420112e-08, 'epoch': 4.94}
{'loss': 0.0351, 'grad_norm': 4.12827205657959, 'learning_rate': 9.518080146876007e-08, 'epoch': 5.0}
{'eval_loss': 0.0040177106857299805, 'eval_score': 0.0023016831022361073, 'eval_err_F': 0.0015196457928154216, 'eval_err_M': 0.0020410039990958785, 'eval_err_diff': 0.0005213582062804569, 'eval_mse': 0.002122681048588769, 'eval_mae': 0.03770776545243171, 'eval_runtime': 19.0085, 'eval_samples_per_second': 1052.16, 'eval_steps_per_second': 8.259, 'epoch': 5.0}
{'loss': 0.0356, 'grad_norm': 2.6042733192443848, 'learning_rate': 9.340682345403236e-08, 'epoch': 5.06}
{'loss': 0.0324, 'grad_norm': 1.9457992315292358, 'learning_rate': 9.162971986190252e-08, 'epoch': 5.12}
{'loss': 0.031, 'grad_norm': 1.5286564826965332, 'learning_rate': 8.98502518129171e-08, 'epoch': 5.19}
{'loss': 0.0333, 'grad_norm': 1.443307638168335, 'learning_rate': 8.806918144030242e-08, 'epoch': 5.25}
{'loss': 0.0327, 'grad_norm': 3.5375847816467285, 'learning_rate': 8.628727156354829e-08, 'epoch': 5.31}
{'loss': 0.0315, 'grad_norm': 2.49934458732605, 'learning_rate': 8.450528536169808e-08, 'epoch': 5.37}
{'loss': 0.0326, 'grad_norm': 2.9494612216949463, 'learning_rate': 8.27239860464846e-08, 'epoch': 5.43}
{'loss': 0.0312, 'grad_norm': 2.297006368637085, 'learning_rate': 8.094413653545215e-08, 'epoch': 5.49}
{'loss': 0.0311, 'grad_norm': 2.702589750289917, 'learning_rate': 7.916649912520438e-08, 'epoch': 5.56}
{'loss': 0.0284, 'grad_norm': 1.319174885749817, 'learning_rate': 7.739183516491837e-08, 'epoch': 5.62}
{'loss': 0.0289, 'grad_norm': 0.5672358870506287, 'learning_rate': 7.56209047302641e-08, 'epoch': 5.68}
{'loss': 0.0305, 'grad_norm': 1.4553301334381104, 'learning_rate': 7.385446629786969e-08, 'epoch': 5.74}
{'loss': 0.0275, 'grad_norm': 1.991952657699585, 'learning_rate': 7.209327642047142e-08, 'epoch': 5.8}
{'loss': 0.0302, 'grad_norm': 3.218329429626465, 'learning_rate': 7.033808940288754e-08, 'epoch': 5.86}
{'loss': 0.0276, 'grad_norm': 1.021640419960022, 'learning_rate': 6.858965697895512e-08, 'epoch': 5.93}
{'loss': 0.0271, 'grad_norm': 2.653491497039795, 'learning_rate': 6.684872798956793e-08, 'epoch': 5.99}
{'eval_loss': 0.004585113376379013, 'eval_score': 0.0026087540251459856, 'eval_err_F': 0.0017201919257866741, 'eval_err_M': 0.0023125666586928818, 'eval_err_diff': 0.0005923747329062076, 'eval_mse': 0.0016786851681972277, 'eval_mae': 0.033316356588395504, 'eval_runtime': 18.5135, 'eval_samples_per_second': 1080.292, 'eval_steps_per_second': 8.48, 'epoch': 6.0}
{'loss': 0.0256, 'grad_norm': 1.0529059171676636, 'learning_rate': 6.511604806195322e-08, 'epoch': 6.05}
{'loss': 0.0278, 'grad_norm': 3.452012062072754, 'learning_rate': 6.33923592903251e-08, 'epoch': 6.11}
{'loss': 0.0254, 'grad_norm': 2.039278268814087, 'learning_rate': 6.167839991805095e-08, 'epoch': 6.17}
{'loss': 0.0278, 'grad_norm': 1.1340774297714233, 'learning_rate': 5.997490402146714e-08, 'epoch': 6.23}
{'loss': 0.0254, 'grad_norm': 1.5992608070373535, 'learning_rate': 5.828260119547946e-08, 'epoch': 6.3}
{'loss': 0.0255, 'grad_norm': 0.9107106328010559, 'learning_rate': 5.660221624108303e-08, 'epoch': 6.36}
{'loss': 0.0259, 'grad_norm': 1.9216352701187134, 'learning_rate': 5.4934468854935154e-08, 'epoch': 6.42}
{'loss': 0.0251, 'grad_norm': 1.4172241687774658, 'learning_rate': 5.3280073321114536e-08, 'epoch': 6.48}
{'loss': 0.0234, 'grad_norm': 1.785571813583374, 'learning_rate': 5.16397382051987e-08, 'epoch': 6.54}
{'loss': 0.0236, 'grad_norm': 1.823918342590332, 'learning_rate': 5.0014166050790366e-08, 'epoch': 6.6}
{'loss': 0.0259, 'grad_norm': 2.0793673992156982, 'learning_rate': 4.840405307862312e-08, 'epoch': 6.67}
{'loss': 0.0238, 'grad_norm': 1.2096478939056396, 'learning_rate': 4.681008888837536e-08, 'epoch': 6.73}
{'loss': 0.0235, 'grad_norm': 1.2723280191421509, 'learning_rate': 4.5232956163319465e-08, 'epoch': 6.79}
{'loss': 0.0244, 'grad_norm': 1.2519216537475586, 'learning_rate': 4.367333037793373e-08, 'epoch': 6.85}
{'loss': 0.023, 'grad_norm': 1.220348834991455, 'learning_rate': 4.2131879508601496e-08, 'epoch': 6.91}
{'loss': 0.0244, 'grad_norm': 1.4091670513153076, 'learning_rate': 4.060926374752168e-08, 'epoch': 6.98}
{'eval_loss': 0.004546813201159239, 'eval_score': 0.0026556600202756425, 'eval_err_F': 0.0018324234536632668, 'eval_err_M': 0.0023812478314048507, 'eval_err_diff': 0.0005488243777415839, 'eval_mse': 0.0018869250712624912, 'eval_mae': 0.03611581151956525, 'eval_runtime': 18.593, 'eval_samples_per_second': 1075.673, 'eval_steps_per_second': 8.444, 'epoch': 7.0}
{'loss': 0.0219, 'grad_norm': 1.739479422569275, 'learning_rate': 3.9106135219953307e-08, 'epoch': 7.04}
{'loss': 0.023, 'grad_norm': 1.3350938558578491, 'learning_rate': 3.762313770491497e-08, 'epoch': 7.1}
{'loss': 0.022, 'grad_norm': 2.7495477199554443, 'learning_rate': 3.616090635945901e-08, 'epoch': 7.16}
{'loss': 0.0223, 'grad_norm': 1.6513644456863403, 'learning_rate': 3.4720067446638264e-08, 'epoch': 7.22}
{'loss': 0.0217, 'grad_norm': 1.6887037754058838, 'learning_rate': 3.330123806728233e-08, 'epoch': 7.28}
{'loss': 0.0215, 'grad_norm': 2.663304090499878, 'learning_rate': 3.1905025895697596e-08, 'epoch': 7.35}
{'loss': 0.0212, 'grad_norm': 2.7416906356811523, 'learning_rate': 3.0532028919404806e-08, 'epoch': 7.41}
{'loss': 0.0215, 'grad_norm': 1.7119420766830444, 'learning_rate': 2.9182835183025388e-08, 'epoch': 7.47}
{'loss': 0.0223, 'grad_norm': 1.1208395957946777, 'learning_rate': 2.78580225364262e-08, 'epoch': 7.53}
{'loss': 0.022, 'grad_norm': 1.108793020248413, 'learning_rate': 2.6558158387230597e-08, 'epoch': 7.59}
{'loss': 0.0225, 'grad_norm': 2.5444891452789307, 'learning_rate': 2.5283799457801984e-08, 'epoch': 7.65}
{'loss': 0.0204, 'grad_norm': 1.037561297416687, 'learning_rate': 2.4035491546803526e-08, 'epoch': 7.72}
{'loss': 0.0198, 'grad_norm': 1.4708833694458008, 'learning_rate': 2.2813769295436626e-08, 'epoch': 7.78}
{'loss': 0.0206, 'grad_norm': 0.7766830325126648, 'learning_rate': 2.1619155958457997e-08, 'epoch': 7.84}
{'loss': 0.0198, 'grad_norm': 1.273864984512329, 'learning_rate': 2.0452163180073437e-08, 'epoch': 7.9}
{'loss': 0.021, 'grad_norm': 0.8682849407196045, 'learning_rate': 1.9313290774804316e-08, 'epoch': 7.96}
{'eval_loss': 0.0034783638548105955, 'eval_score': 0.0020505225206643623, 'eval_err_F': 0.0012280284823065087, 'eval_err_M': 0.0017763578412117443, 'eval_err_diff': 0.0005483293589052356, 'eval_mse': 0.0023584486455371523, 'eval_mae': 0.040583249989392424, 'eval_runtime': 18.6007, 'eval_samples_per_second': 1075.227, 'eval_steps_per_second': 8.441, 'epoch': 8.0}
{'loss': 0.02, 'grad_norm': 2.210695266723633, 'learning_rate': 1.8203026513420722e-08, 'epoch': 8.02}
{'loss': 0.0193, 'grad_norm': 2.209521770477295, 'learning_rate': 1.7121845914032694e-08, 'epoch': 8.09}
{'loss': 0.0206, 'grad_norm': 1.21494460105896, 'learning_rate': 1.607021203842931e-08, 'epoch': 8.15}
{'loss': 0.0201, 'grad_norm': 1.7066073417663574, 'learning_rate': 1.5048575293752718e-08, 'epoch': 8.21}
{'loss': 0.021, 'grad_norm': 1.3961732387542725, 'learning_rate': 1.4057373239592004e-08, 'epoch': 8.27}
{'loss': 0.0203, 'grad_norm': 1.1994414329528809, 'learning_rate': 1.3097030400579579e-08, 'epoch': 8.33}
{'loss': 0.0212, 'grad_norm': 2.9830305576324463, 'learning_rate': 1.2167958084570446e-08, 'epoch': 8.4}
{'loss': 0.0199, 'grad_norm': 2.4262025356292725, 'learning_rate': 1.1270554206481957e-08, 'epoch': 8.46}
{'loss': 0.0203, 'grad_norm': 1.2822381258010864, 'learning_rate': 1.040520311786976e-08, 'epoch': 8.52}
{'loss': 0.0189, 'grad_norm': 2.166485548019409, 'learning_rate': 9.572275442312859e-09, 'epoch': 8.58}
{'loss': 0.0195, 'grad_norm': 1.1323434114456177, 'learning_rate': 8.77212791667819e-09, 'epoch': 8.64}
{'loss': 0.0199, 'grad_norm': 0.8700867295265198, 'learning_rate': 8.005103238332833e-09, 'epoch': 8.7}
{'loss': 0.0202, 'grad_norm': 1.3690108060836792, 'learning_rate': 7.271529918369257e-09, 'epoch': 8.77}
{'loss': 0.0188, 'grad_norm': 1.406860589981079, 'learning_rate': 6.5717221409063295e-09, 'epoch': 8.83}
{'loss': 0.0198, 'grad_norm': 4.259514808654785, 'learning_rate': 5.905979628526616e-09, 'epoch': 8.89}
{'loss': 0.0197, 'grad_norm': 0.7713026404380798, 'learning_rate': 5.274587513907311e-09, 'epoch': 8.95}
{'eval_loss': 0.0038029951974749565, 'eval_score': 0.0021357946597061863, 'eval_err_F': 0.0014636683030203462, 'eval_err_M': 0.0019117525408109063, 'eval_err_diff': 0.0004480842377905601, 'eval_mse': 0.0018571409231697498, 'eval_mae': 0.03533221482248809, 'eval_runtime': 18.6203, 'eval_samples_per_second': 1074.097, 'eval_steps_per_second': 8.432, 'epoch': 9.0}
{'loss': 0.0203, 'grad_norm': 0.8182438015937805, 'learning_rate': 4.677816217700058e-09, 'epoch': 9.01}
{'loss': 0.02, 'grad_norm': 1.5176061391830444, 'learning_rate': 4.115921332711675e-09, 'epoch': 9.07}
{'loss': 0.0191, 'grad_norm': 1.282784104347229, 'learning_rate': 3.589143514435717e-09, 'epoch': 9.14}
{'loss': 0.0186, 'grad_norm': 1.4524961709976196, 'learning_rate': 3.0977083779813417e-09, 'epoch': 9.2}
{'loss': 0.018, 'grad_norm': 1.4491761922836304, 'learning_rate': 2.6418264014441203e-09, 'epoch': 9.26}
{'loss': 0.0218, 'grad_norm': 2.223536968231201, 'learning_rate': 2.22169283575973e-09, 'epoch': 9.32}
{'loss': 0.0205, 'grad_norm': 2.4780280590057373, 'learning_rate': 1.8374876210794082e-09, 'epoch': 9.38}
{'loss': 0.0186, 'grad_norm': 0.6872287392616272, 'learning_rate': 1.4893753097029357e-09, 'epoch': 9.44}
{'loss': 0.0181, 'grad_norm': 1.215894103050232, 'learning_rate': 1.1775049956020185e-09, 'epoch': 9.51}
{'loss': 0.0193, 'grad_norm': 0.9353986382484436, 'learning_rate': 9.020102505644898e-10, 'epoch': 9.57}
{'loss': 0.0193, 'grad_norm': 0.8682536482810974, 'learning_rate': 6.63009066986424e-10, 'epoch': 9.63}
{'loss': 0.0191, 'grad_norm': 2.331212282180786, 'learning_rate': 4.6060380733689e-10, 'epoch': 9.69}
{'loss': 0.019, 'grad_norm': 2.1104085445404053, 'learning_rate': 2.9488116031684524e-10, 'epoch': 9.75}
{'loss': 0.0184, 'grad_norm': 1.3641411066055298, 'learning_rate': 1.6591210373097548e-10, 'epoch': 9.81}
{'loss': 0.0204, 'grad_norm': 0.760863721370697, 'learning_rate': 7.375187408844527e-11, 'epoch': 9.88}
{'loss': 0.0203, 'grad_norm': 1.669302225112915, 'learning_rate': 1.84399429454842e-11, 'epoch': 9.94}
{'loss': 0.0188, 'grad_norm': 2.007903814315796, 'learning_rate': 0.0, 'epoch': 10.0}
{'eval_loss': 0.0037784900050610304, 'eval_score': 0.0021301847225000167, 'eval_err_F': 0.0014480618797927485, 'eval_err_M': 0.0019028104415975938, 'eval_err_diff': 0.0004547485618048453, 'eval_mse': 0.0018809099854206516, 'eval_mae': 0.035633982919769554, 'eval_runtime': 18.2068, 'eval_samples_per_second': 1098.493, 'eval_steps_per_second': 8.623, 'epoch': 10.0}
{'train_runtime': 1678.1375, 'train_samples_per_second': 476.719, 'train_steps_per_second': 4.827, 'train_loss': 0.05349318753789972, 'epoch': 10.0}
[EMA] Swapped EMA weights into model (decay=0.9998)
[EMA] Swapped EMA weights into model (decay=0.9998)
score=0.00336 | err_diff=0.00111 | loss=0.00542
score=0.00336 | err_diff=0.00111 | loss=0.00542
Saved 30 worst predictions: results/optuna_dinov3-vitb16-3090-v2-ibot_trial_1/worst/worst.csv + results/optuna_dinov3-vitb16-3090-v2-ibot_trial_1/worst/images
Model saved: models:/m-4c35f2ea2a514df481d1055d0bbb8297
Trial 1: score=inf err_F=inf err_M=inf err_diff=inf
Loaded 100,000 samples from data/raw/train.csv
Loaded 100,000 samples from data/raw/train.csv
Train: 80,000 | Val: 20,000
Train: 80,000 | Val: 20,000
Sampler 'occlusion': 10 groups, 80000 samples/epoch
PMF ratios test/train (20 bins of 0.025): [0.215, 0.34, 0.565, 0.732, 0.928, 1.072, 1.307, 1.46, 1.649, 1.904, 1.995, 1.87, 1.567, 1.302, 1.337, 0.624, 0.934, 0.067, 0.067, 0.067]
Sampler 'occlusion': 10 groups, 80000 samples/epoch
PMF ratios test/train (20 bins of 0.025): [0.215, 0.34, 0.565, 0.732, 0.928, 1.072, 1.307, 1.46, 1.649, 1.904, 1.995, 1.87, 1.567, 1.302, 1.337, 0.624, 0.934, 0.067, 0.067, 0.067]
eval_importance_reweight ON (eval_score reweighted to test distribution)
eval_importance_reweight ON (eval_score reweighted to test distribution)
Gender reweight: F=1.352, M=0.648 (mean=1.0)
Gender reweight: F=1.352, M=0.648 (mean=1.0)
DINOv3 drop_path_rate=0.0866416134100935 applied (linear 0 → 0.087 across 12 blocks via sample_drop_ratio)
DINOv3 drop_path_rate=0.0866416134100935 applied (linear 0 → 0.087 across 12 blocks via sample_drop_ratio)
Loaded DINOv3 weights: dinov3_vitb16_pretrain_lvd1689m-73cec8be.pth
Loading pretrained backbone from runs:/c2c396cae2f74566a413502633de7781/encoder
Loaded DINOv3 weights: dinov3_vitb16_pretrain_lvd1689m-73cec8be.pth
Loading pretrained backbone from runs:/c2c396cae2f74566a413502633de7781/encoder
  loaded (0 missing, 0 unexpected keys)
  loaded (0 missing, 0 unexpected keys)
  logged 141 pretrain_* params from run c2c396cae2f74566a413502633de7781
EMA enabled: decay=0.9998, warmup_steps=200
  logged 141 pretrain_* params from run c2c396cae2f74566a413502633de7781
EMA enabled: decay=0.9998, warmup_steps=200
WeightedMSELoss: focal_gamma=0.0, fairness_lambda=0.16272046909536808, gender_reweight=on (F=1.35, M=0.65)
Training dinov3-vitb16-3090-v2-ibot_trial2 (best_metric=eval_score)
WeightedMSELoss: focal_gamma=0.0, fairness_lambda=0.16272046909536808, gender_reweight=on (F=1.35, M=0.65)
Training dinov3-vitb16-3090-v2-ibot_trial2 (best_metric=eval_score)
LLRD: 14 groups, LR ∈ [3.95e-06, 3.49e-05]
LLRD: 14 groups, LR ∈ [3.95e-06, 3.49e-05]
{'loss': 0.2931, 'grad_norm': 9.49661636352539, 'learning_rate': 9.373010214978487e-08, 'epoch': 0.04}
{'loss': 0.1252, 'grad_norm': 1.0384948253631592, 'learning_rate': 1.8746020429956973e-07, 'epoch': 0.08}
{'loss': 0.0752, 'grad_norm': 0.7029809951782227, 'learning_rate': 2.8119030644935457e-07, 'epoch': 0.12}
{'loss': 0.0741, 'grad_norm': 0.7913637161254883, 'learning_rate': 3.7492040859913946e-07, 'epoch': 0.16}
{'loss': 0.0705, 'grad_norm': 0.6531376838684082, 'learning_rate': 4.686505107489243e-07, 'epoch': 0.2}
{'loss': 0.0684, 'grad_norm': 0.595814049243927, 'learning_rate': 5.623806128987091e-07, 'epoch': 0.24}
{'loss': 0.0683, 'grad_norm': 0.6366499066352844, 'learning_rate': 6.561107150484941e-07, 'epoch': 0.28}
{'loss': 0.0677, 'grad_norm': 0.5879665613174438, 'learning_rate': 7.498408171982789e-07, 'epoch': 0.32}
{'loss': 0.0665, 'grad_norm': 1.0433090925216675, 'learning_rate': 8.435709193480638e-07, 'epoch': 0.36}
{'loss': 0.0663, 'grad_norm': 0.6855443716049194, 'learning_rate': 9.373010214978486e-07, 'epoch': 0.4}
{'loss': 0.0656, 'grad_norm': 0.31148192286491394, 'learning_rate': 1.0310311236476336e-06, 'epoch': 0.44}
{'loss': 0.0617, 'grad_norm': 0.35390427708625793, 'learning_rate': 1.1247612257974183e-06, 'epoch': 0.48}
{'loss': 0.0581, 'grad_norm': 0.7564826607704163, 'learning_rate': 1.2184913279472033e-06, 'epoch': 0.52}
{'loss': 0.0539, 'grad_norm': 0.496057391166687, 'learning_rate': 1.3122214300969882e-06, 'epoch': 0.56}
{'loss': 0.0498, 'grad_norm': 0.971691906452179, 'learning_rate': 1.405951532246773e-06, 'epoch': 0.6}
{'loss': 0.0477, 'grad_norm': 0.5966047048568726, 'learning_rate': 1.4996816343965578e-06, 'epoch': 0.64}
{'loss': 0.0438, 'grad_norm': 0.6156138777732849, 'learning_rate': 1.5934117365463427e-06, 'epoch': 0.68}
{'loss': 0.0435, 'grad_norm': 0.6041334867477417, 'learning_rate': 1.6871418386961275e-06, 'epoch': 0.72}
{'loss': 0.0418, 'grad_norm': 0.8201203346252441, 'learning_rate': 1.7808719408459126e-06, 'epoch': 0.76}
{'loss': 0.0392, 'grad_norm': 0.35785478353500366, 'learning_rate': 1.8746020429956972e-06, 'epoch': 0.8}
{'loss': 0.0375, 'grad_norm': 0.5955764055252075, 'learning_rate': 1.968332145145482e-06, 'epoch': 0.84}
{'loss': 0.037, 'grad_norm': 0.710870087146759, 'learning_rate': 2.0620622472952673e-06, 'epoch': 0.88}
{'loss': 0.0369, 'grad_norm': 0.6082669496536255, 'learning_rate': 2.1557923494450517e-06, 'epoch': 0.92}
{'loss': 0.0363, 'grad_norm': 0.49656254053115845, 'learning_rate': 2.2495224515948365e-06, 'epoch': 0.96}
{'loss': 0.0354, 'grad_norm': 0.4543389081954956, 'learning_rate': 2.343252553744622e-06, 'epoch': 1.0}
{'eval_loss': 0.002606848254799843, 'eval_score': 0.003777029252500836, 'eval_err_F': 0.0026338327622096214, 'eval_err_M': 0.003395963755737098, 'eval_err_diff': 0.0007621309935274766, 'eval_mse': 0.001524212807645006, 'eval_mae': 0.027803227110087574, 'eval_runtime': 18.3739, 'eval_samples_per_second': 1088.503, 'eval_steps_per_second': 8.545, 'epoch': 1.0}
{'loss': 0.0338, 'grad_norm': 0.5146295428276062, 'learning_rate': 2.4369826558944067e-06, 'epoch': 1.04}
{'loss': 0.0367, 'grad_norm': 0.5844002366065979, 'learning_rate': 2.530712758044191e-06, 'epoch': 1.08}
{'loss': 0.0333, 'grad_norm': 0.3893453776836395, 'learning_rate': 2.6244428601939763e-06, 'epoch': 1.12}
{'loss': 0.033, 'grad_norm': 0.29063117504119873, 'learning_rate': 2.718172962343761e-06, 'epoch': 1.16}
{'loss': 0.0365, 'grad_norm': 0.36180704832077026, 'learning_rate': 2.811903064493546e-06, 'epoch': 1.2}
{'loss': 0.0321, 'grad_norm': 0.5729758143424988, 'learning_rate': 2.905633166643331e-06, 'epoch': 1.24}
{'loss': 0.0337, 'grad_norm': 1.2670104503631592, 'learning_rate': 2.9993632687931157e-06, 'epoch': 1.28}
{'loss': 0.0325, 'grad_norm': 1.0922099351882935, 'learning_rate': 3.0930933709429005e-06, 'epoch': 1.32}
{'loss': 0.0321, 'grad_norm': 0.7177558541297913, 'learning_rate': 3.1868234730926854e-06, 'epoch': 1.36}
{'loss': 0.0308, 'grad_norm': 0.4543444812297821, 'learning_rate': 3.28055357524247e-06, 'epoch': 1.4}
{'loss': 0.0295, 'grad_norm': 0.2308497279882431, 'learning_rate': 3.374283677392255e-06, 'epoch': 1.44}
{'loss': 0.03, 'grad_norm': 0.3589536249637604, 'learning_rate': 3.46801377954204e-06, 'epoch': 1.48}
{'loss': 0.0302, 'grad_norm': 0.5263790488243103, 'learning_rate': 3.561743881691825e-06, 'epoch': 1.52}
{'loss': 0.0313, 'grad_norm': 0.8503325581550598, 'learning_rate': 3.6554739838416096e-06, 'epoch': 1.56}
{'loss': 0.0268, 'grad_norm': 0.2620764672756195, 'learning_rate': 3.7492040859913944e-06, 'epoch': 1.6}
{'loss': 0.0251, 'grad_norm': 0.5340946316719055, 'learning_rate': 3.842934188141179e-06, 'epoch': 1.64}
{'loss': 0.0223, 'grad_norm': 0.11272744089365005, 'learning_rate': 3.936664290290964e-06, 'epoch': 1.68}
{'loss': 0.0196, 'grad_norm': 0.7202544808387756, 'learning_rate': 3.951557622531192e-06, 'epoch': 1.72}
{'loss': 0.017, 'grad_norm': 0.2486044019460678, 'learning_rate': 3.951164587125856e-06, 'epoch': 1.76}
{'loss': 0.0148, 'grad_norm': 0.39420536160469055, 'learning_rate': 3.9504783042099615e-06, 'epoch': 1.8}
{'loss': 0.0133, 'grad_norm': 0.2662261128425598, 'learning_rate': 3.949498875665394e-06, 'epoch': 1.84}
{'loss': 0.013, 'grad_norm': 0.23910358548164368, 'learning_rate': 3.948226446892869e-06, 'epoch': 1.88}
{'loss': 0.016, 'grad_norm': 0.8279925584793091, 'learning_rate': 3.946661206790347e-06, 'epoch': 1.92}
{'loss': 0.0139, 'grad_norm': 1.777923583984375, 'learning_rate': 3.944803387724991e-06, 'epoch': 1.96}
{'loss': 0.0113, 'grad_norm': 0.417267769575119, 'learning_rate': 3.9426532654986675e-06, 'epoch': 2.0}
{'eval_loss': 0.0020514277275651693, 'eval_score': 0.0027606557896406882, 'eval_err_F': 0.002010604795470931, 'eval_err_M': 0.0025106387915841025, 'eval_err_diff': 0.0005000339961131715, 'eval_mse': 0.0012343695878834513, 'eval_mae': 0.02599381167476222, 'eval_runtime': 18.2426, 'eval_samples_per_second': 1096.336, 'eval_steps_per_second': 8.606, 'epoch': 2.0}
{'loss': 0.0111, 'grad_norm': 0.716028094291687, 'learning_rate': 3.940211159307007e-06, 'epoch': 2.04}
{'loss': 0.0117, 'grad_norm': 0.5977393388748169, 'learning_rate': 3.937477431692014e-06, 'epoch': 2.08}
{'loss': 0.0115, 'grad_norm': 0.13064396381378174, 'learning_rate': 3.934452488488248e-06, 'epoch': 2.12}
{'loss': 0.0116, 'grad_norm': 0.4198240339756012, 'learning_rate': 3.931136778762575e-06, 'epoch': 2.16}
{'loss': 0.01, 'grad_norm': 0.5606736540794373, 'learning_rate': 3.927530794747501e-06, 'epoch': 2.2}
{'loss': 0.0093, 'grad_norm': 1.4608217477798462, 'learning_rate': 3.923635071768101e-06, 'epoch': 2.24}
{'loss': 0.0098, 'grad_norm': 0.49727168679237366, 'learning_rate': 3.919450188162541e-06, 'epoch': 2.28}
{'loss': 0.011, 'grad_norm': 0.1065412387251854, 'learning_rate': 3.914976765196226e-06, 'epoch': 2.32}
{'loss': 0.0089, 'grad_norm': 0.647436797618866, 'learning_rate': 3.910215466969571e-06, 'epoch': 2.36}
{'loss': 0.0085, 'grad_norm': 0.6499441862106323, 'learning_rate': 3.905167000319407e-06, 'epoch': 2.4}
{'loss': 0.0091, 'grad_norm': 0.4475068747997284, 'learning_rate': 3.899832114714054e-06, 'epoch': 2.44}
{'loss': 0.011, 'grad_norm': 0.9632910490036011, 'learning_rate': 3.894211602142054e-06, 'epoch': 2.48}
{'loss': 0.0086, 'grad_norm': 0.6372207403182983, 'learning_rate': 3.888306296994599e-06, 'epoch': 2.52}
{'loss': 0.0081, 'grad_norm': 0.23608456552028656, 'learning_rate': 3.882117075941663e-06, 'epoch': 2.56}
{'loss': 0.0078, 'grad_norm': 0.6114315390586853, 'learning_rate': 3.875644857801853e-06, 'epoch': 2.6}
{'loss': 0.0074, 'grad_norm': 0.07899245619773865, 'learning_rate': 3.8688906034060085e-06, 'epoch': 2.64}
{'loss': 0.0074, 'grad_norm': 0.208832249045372, 'learning_rate': 3.861855315454559e-06, 'epoch': 2.68}
{'loss': 0.0103, 'grad_norm': 1.211679458618164, 'learning_rate': 3.8545400383686735e-06, 'epoch': 2.72}
{'loss': 0.0087, 'grad_norm': 0.10810675472021103, 'learning_rate': 3.846945858135207e-06, 'epoch': 2.76}
{'loss': 0.0076, 'grad_norm': 0.273179292678833, 'learning_rate': 3.83907390214548e-06, 'epoch': 2.8}
{'loss': 0.0071, 'grad_norm': 0.4318216145038605, 'learning_rate': 3.830925339027917e-06, 'epoch': 2.84}
{'loss': 0.0077, 'grad_norm': 0.4638390839099884, 'learning_rate': 3.822501378474554e-06, 'epoch': 2.88}
{'loss': 0.007, 'grad_norm': 0.22320318222045898, 'learning_rate': 3.8138032710614547e-06, 'epoch': 2.92}
{'loss': 0.0069, 'grad_norm': 0.31222042441368103, 'learning_rate': 3.8048323080630577e-06, 'epoch': 2.96}
{'loss': 0.0065, 'grad_norm': 0.3833254873752594, 'learning_rate': 3.79558982126048e-06, 'epoch': 3.0}
{'eval_loss': 0.0030749375000596046, 'eval_score': 0.003970246164639127, 'eval_err_F': 0.0036261383364330447, 'eval_err_M': 0.0038555435552370997, 'eval_err_diff': 0.00022940521880405497, 'eval_mse': 0.0014731247785892256, 'eval_mae': 0.027496645321856885, 'eval_runtime': 18.3066, 'eval_samples_per_second': 1092.499, 'eval_steps_per_second': 8.576, 'epoch': 3.0}
{'loss': 0.0067, 'grad_norm': 0.0693226084113121, 'learning_rate': 3.786077182743809e-06, 'epoch': 3.04}
{'loss': 0.0068, 'grad_norm': 0.9395396709442139, 'learning_rate': 3.7762958047084073e-06, 'epoch': 3.08}
{'loss': 0.0066, 'grad_norm': 0.39653459191322327, 'learning_rate': 3.7662471392452694e-06, 'epoch': 3.12}
{'loss': 0.0064, 'grad_norm': 0.14635911583900452, 'learning_rate': 3.7559326781254478e-06, 'epoch': 3.16}
{'loss': 0.0066, 'grad_norm': 0.6554340720176697, 'learning_rate': 3.7453539525785942e-06, 'epoch': 3.2}
{'loss': 0.0063, 'grad_norm': 0.1262439489364624, 'learning_rate': 3.734512533065643e-06, 'epoch': 3.24}
{'loss': 0.0067, 'grad_norm': 0.5627129077911377, 'learning_rate': 3.7234100290456674e-06, 'epoch': 3.28}
{'loss': 0.0065, 'grad_norm': 0.08846646547317505, 'learning_rate': 3.712048088736947e-06, 'epoch': 3.32}
{'loss': 0.0063, 'grad_norm': 0.41771161556243896, 'learning_rate': 3.7004283988722856e-06, 'epoch': 3.36}
{'loss': 0.0069, 'grad_norm': 0.22713708877563477, 'learning_rate': 3.688552684448604e-06, 'epoch': 3.4}
{'loss': 0.0078, 'grad_norm': 0.073377326130867, 'learning_rate': 3.676422708470858e-06, 'epoch': 3.44}
{'loss': 0.0068, 'grad_norm': 0.062304966151714325, 'learning_rate': 3.6640402716903107e-06, 'epoch': 3.48}
{'loss': 0.0067, 'grad_norm': 0.13581582903862, 'learning_rate': 3.651407212337206e-06, 'epoch': 3.52}
{'loss': 0.0062, 'grad_norm': 0.6164699196815491, 'learning_rate': 3.6385254058478716e-06, 'epoch': 3.56}
{'loss': 0.0086, 'grad_norm': 0.18458116054534912, 'learning_rate': 3.6253967645863016e-06, 'epoch': 3.6}
{'loss': 0.0065, 'grad_norm': 0.28571581840515137, 'learning_rate': 3.6120232375602596e-06, 'epoch': 3.64}
{'loss': 0.0063, 'grad_norm': 0.16599075496196747, 'learning_rate': 3.598406810131938e-06, 'epoch': 3.68}
{'loss': 0.0065, 'grad_norm': 0.5048636198043823, 'learning_rate': 3.584549503723222e-06, 'epoch': 3.72}
{'loss': 0.0059, 'grad_norm': 0.7821054458618164, 'learning_rate': 3.5704533755156e-06, 'epoch': 3.76}
{'loss': 0.0061, 'grad_norm': 0.08693357557058334, 'learning_rate': 3.5561205181447645e-06, 'epoch': 3.8}
{'loss': 0.0056, 'grad_norm': 0.09917081147432327, 'learning_rate': 3.541553059389953e-06, 'epoch': 3.84}
{'loss': 0.0059, 'grad_norm': 0.6539818048477173, 'learning_rate': 3.5267531618580665e-06, 'epoch': 3.88}
{'loss': 0.0059, 'grad_norm': 0.07845495641231537, 'learning_rate': 3.511723022662624e-06, 'epoch': 3.92}
{'loss': 0.0061, 'grad_norm': 0.31753844022750854, 'learning_rate': 3.4964648730975878e-06, 'epoch': 3.96}
{'loss': 0.0059, 'grad_norm': 0.3047642707824707, 'learning_rate': 3.480980978306116e-06, 'epoch': 4.0}
{'eval_loss': 0.001230282592587173, 'eval_score': 0.001675060965241887, 'eval_err_F': 0.0009890122703105355, 'eval_err_M': 0.0014463780669314364, 'eval_err_diff': 0.0004573657966209009, 'eval_mse': 0.0007434646761201193, 'eval_mae': 0.018566388535193802, 'eval_runtime': 18.2839, 'eval_samples_per_second': 1093.86, 'eval_steps_per_second': 8.587, 'epoch': 4.0}
{'loss': 0.0055, 'grad_norm': 0.10023130476474762, 'learning_rate': 3.465273636944298e-06, 'epoch': 4.04}
{'loss': 0.0057, 'grad_norm': 0.08646583557128906, 'learning_rate': 3.4493451808399007e-06, 'epoch': 4.08}
{'loss': 0.0055, 'grad_norm': 0.06264892220497131, 'learning_rate': 3.433197974646203e-06, 'epoch': 4.12}
{'loss': 0.0062, 'grad_norm': 0.12787777185440063, 'learning_rate': 3.416834415490952e-06, 'epoch': 4.16}
{'loss': 0.0058, 'grad_norm': 0.08699429035186768, 'learning_rate': 3.4002569326204926e-06, 'epoch': 4.2}
{'loss': 0.0057, 'grad_norm': 0.3843996524810791, 'learning_rate': 3.3834679870391426e-06, 'epoch': 4.24}
{'loss': 0.0055, 'grad_norm': 0.30147048830986023, 'learning_rate': 3.3664700711438383e-06, 'epoch': 4.28}
{'loss': 0.0056, 'grad_norm': 0.3595014214515686, 'learning_rate': 3.3492657083541326e-06, 'epoch': 4.32}
{'loss': 0.0057, 'grad_norm': 0.16977424919605255, 'learning_rate': 3.3318574527375747e-06, 'epoch': 4.36}
{'loss': 0.0056, 'grad_norm': 0.0800006240606308, 'learning_rate': 3.3142478886305547e-06, 'epoch': 4.4}
{'loss': 0.0057, 'grad_norm': 0.2546742856502533, 'learning_rate': 3.29643963025464e-06, 'epoch': 4.44}
{'loss': 0.0059, 'grad_norm': 0.20178118348121643, 'learning_rate': 3.2784353213284874e-06, 'epoch': 4.48}
{'loss': 0.0055, 'grad_norm': 0.10365533083677292, 'learning_rate': 3.260237634675366e-06, 'epoch': 4.52}
{'loss': 0.0057, 'grad_norm': 0.17379213869571686, 'learning_rate': 3.2418492718263685e-06, 'epoch': 4.56}
{'loss': 0.0062, 'grad_norm': 0.9331582188606262, 'learning_rate': 3.223272962619352e-06, 'epoch': 4.6}
{'loss': 0.0056, 'grad_norm': 0.1605452597141266, 'learning_rate': 3.204511464793686e-06, 'epoch': 4.64}
{'loss': 0.0053, 'grad_norm': 0.15849359333515167, 'learning_rate': 3.1855675635808493e-06, 'epoch': 4.68}
{'loss': 0.0053, 'grad_norm': 0.4913642108440399, 'learning_rate': 3.166444071290949e-06, 'epoch': 4.72}
{'loss': 0.0053, 'grad_norm': 0.49833783507347107, 'learning_rate': 3.147143826895224e-06, 'epoch': 4.76}
{'loss': 0.0062, 'grad_norm': 0.17752039432525635, 'learning_rate': 3.127669695604583e-06, 'epoch': 4.8}
{'loss': 0.0052, 'grad_norm': 0.1381164938211441, 'learning_rate': 3.1080245684442513e-06, 'epoch': 4.84}
{'loss': 0.006, 'grad_norm': 0.08888722956180573, 'learning_rate': 3.0882113618245865e-06, 'epoch': 4.88}
{'loss': 0.0061, 'grad_norm': 0.3731412887573242, 'learning_rate': 3.068233017108121e-06, 'epoch': 4.92}
{'loss': 0.0053, 'grad_norm': 0.07471161335706711, 'learning_rate': 3.0480925001729065e-06, 'epoch': 4.96}
{'loss': 0.0058, 'grad_norm': 0.23918555676937103, 'learning_rate': 3.0277928009722106e-06, 'epoch': 5.0}
{'eval_loss': 0.0016997072380036116, 'eval_score': 0.002389292423926716, 'eval_err_F': 0.001683157664343057, 'eval_err_M': 0.002153914170732163, 'eval_err_diff': 0.0004707565063891061, 'eval_mse': 0.0008671275469872007, 'eval_mae': 0.020537412254998163, 'eval_runtime': 18.1804, 'eval_samples_per_second': 1100.085, 'eval_steps_per_second': 8.636, 'epoch': 5.0}
{'loss': 0.0057, 'grad_norm': 0.23524664342403412, 'learning_rate': 3.007336933090651e-06, 'epoch': 5.04}
{'loss': 0.0053, 'grad_norm': 0.225173681974411, 'learning_rate': 2.9867279332968085e-06, 'epoch': 5.08}
{'loss': 0.0052, 'grad_norm': 0.18250815570354462, 'learning_rate': 2.9659688610924084e-06, 'epoch': 5.12}
{'loss': 0.0056, 'grad_norm': 1.2582879066467285, 'learning_rate': 2.945062798258123e-06, 'epoch': 5.16}
{'loss': 0.0051, 'grad_norm': 0.18038058280944824, 'learning_rate': 2.9240128483960657e-06, 'epoch': 5.2}
{'loss': 0.005, 'grad_norm': 0.15226082503795624, 'learning_rate': 2.902822136469047e-06, 'epoch': 5.24}
{'loss': 0.0052, 'grad_norm': 0.0625983253121376, 'learning_rate': 2.8814938083366594e-06, 'epoch': 5.28}
{'loss': 0.0049, 'grad_norm': 0.09505670517683029, 'learning_rate': 2.860031030288261e-06, 'epoch': 5.32}
{'loss': 0.0053, 'grad_norm': 0.5328640341758728, 'learning_rate': 2.838436988572924e-06, 'epoch': 5.36}
{'loss': 0.0045, 'grad_norm': 0.1666199415922165, 'learning_rate': 2.8167148889264206e-06, 'epoch': 5.4}
{'loss': 0.0039, 'grad_norm': 0.13483671844005585, 'learning_rate': 2.7948679560953195e-06, 'epoch': 5.44}
{'loss': 0.0031, 'grad_norm': 0.25064605474472046, 'learning_rate': 2.7728994333582544e-06, 'epoch': 5.48}
{'loss': 0.0023, 'grad_norm': 0.0567806102335453, 'learning_rate': 2.7508125820444443e-06, 'epoch': 5.52}
{'loss': 0.0021, 'grad_norm': 0.19384357333183289, 'learning_rate': 2.7286106810495363e-06, 'epoch': 5.56}
{'loss': 0.0022, 'grad_norm': 0.17592594027519226, 'learning_rate': 2.706297026348836e-06, 'epoch': 5.6}
{'loss': 0.0019, 'grad_norm': 0.06496888399124146, 'learning_rate': 2.6838749305080065e-06, 'epoch': 5.64}
{'loss': 0.0018, 'grad_norm': 0.41598445177078247, 'learning_rate': 2.6613477221912998e-06, 'epoch': 5.68}
{'loss': 0.002, 'grad_norm': 0.1465739905834198, 'learning_rate': 2.638718745667406e-06, 'epoch': 5.72}
{'loss': 0.0015, 'grad_norm': 0.16040566563606262, 'learning_rate': 2.6159913603129757e-06, 'epoch': 5.76}
{'loss': 0.0016, 'grad_norm': 0.09343674033880234, 'learning_rate': 2.593168940113909e-06, 'epoch': 5.8}
{'loss': 0.0016, 'grad_norm': 0.2062721997499466, 'learning_rate': 2.570254873164469e-06, 'epoch': 5.84}
{'loss': 0.0014, 'grad_norm': 0.15924130380153656, 'learning_rate': 2.5472525611643044e-06, 'epoch': 5.88}
{'loss': 0.0017, 'grad_norm': 0.3217926323413849, 'learning_rate': 2.5241654189134522e-06, 'epoch': 5.92}
{'loss': 0.0014, 'grad_norm': 0.19043266773223877, 'learning_rate': 2.5009968738053943e-06, 'epoch': 5.96}
{'loss': 0.0014, 'grad_norm': 0.1032133400440216, 'learning_rate': 2.477750365318244e-06, 'epoch': 6.0}
{'eval_loss': 0.0011077176313847303, 'eval_score': 0.0014954585053470948, 'eval_err_F': 0.0009067159581858555, 'eval_err_M': 0.0012992109896266817, 'eval_err_diff': 0.00039249503144082615, 'eval_mse': 0.0006462942916182285, 'eval_mae': 0.01691360733883612, 'eval_runtime': 18.2372, 'eval_samples_per_second': 1096.659, 'eval_steps_per_second': 8.609, 'epoch': 6.0}
{'loss': 0.0017, 'grad_norm': 0.25860655307769775, 'learning_rate': 2.4544293445041395e-06, 'epoch': 6.04}
{'loss': 0.0015, 'grad_norm': 0.22711142897605896, 'learning_rate': 2.431037273476922e-06, 'epoch': 6.08}
{'loss': 0.0016, 'grad_norm': 0.0750291496515274, 'learning_rate': 2.407577624898166e-06, 'epoch': 6.12}
{'loss': 0.0014, 'grad_norm': 0.6122804284095764, 'learning_rate': 2.3840538814616466e-06, 'epoch': 6.16}
{'loss': 0.0013, 'grad_norm': 0.14705848693847656, 'learning_rate': 2.3604695353763183e-06, 'epoch': 6.2}
{'loss': 0.0014, 'grad_norm': 0.3685365915298462, 'learning_rate': 2.336828087847881e-06, 'epoch': 6.24}
{'loss': 0.0024, 'grad_norm': 0.10906502604484558, 'learning_rate': 2.313133048559009e-06, 'epoch': 6.28}
{'loss': 0.0014, 'grad_norm': 0.21624340116977692, 'learning_rate': 2.289387935148322e-06, 'epoch': 6.32}
{'loss': 0.0012, 'grad_norm': 0.2628996670246124, 'learning_rate': 2.265596272688174e-06, 'epoch': 6.36}
{'loss': 0.0019, 'grad_norm': 0.4542604684829712, 'learning_rate': 2.241761593161346e-06, 'epoch': 6.4}
{'loss': 0.0013, 'grad_norm': 0.04307540878653526, 'learning_rate': 2.2178874349366972e-06, 'epoch': 6.44}
{'loss': 0.0012, 'grad_norm': 0.22340671718120575, 'learning_rate': 2.1939773422438856e-06, 'epoch': 6.48}
{'loss': 0.0012, 'grad_norm': 0.07644471526145935, 'learning_rate': 2.170034864647208e-06, 'epoch': 6.52}
{'loss': 0.0013, 'grad_norm': 0.08204174786806107, 'learning_rate': 2.146063556518649e-06, 'epoch': 6.56}
{'loss': 0.0018, 'grad_norm': 0.18254394829273224, 'learning_rate': 2.1220669765102213e-06, 'epoch': 6.6}
{'loss': 0.0014, 'grad_norm': 0.2438957393169403, 'learning_rate': 2.098048687025664e-06, 'epoch': 6.64}
{'loss': 0.0014, 'grad_norm': 0.07736910134553909, 'learning_rate': 2.0740122536915904e-06, 'epoch': 6.68}
{'loss': 0.0011, 'grad_norm': 0.21356301009655, 'learning_rate': 2.0499612448281503e-06, 'epoch': 6.72}
{'loss': 0.0012, 'grad_norm': 0.295096218585968, 'learning_rate': 2.0258992309193004e-06, 'epoch': 6.76}
{'loss': 0.0015, 'grad_norm': 0.27753421664237976, 'learning_rate': 2.001829784082747e-06, 'epoch': 6.8}
{'loss': 0.0011, 'grad_norm': 0.05628998950123787, 'learning_rate': 1.977756477539649e-06, 'epoch': 6.84}
{'loss': 0.0014, 'grad_norm': 0.2817443013191223, 'learning_rate': 1.9536828850841566e-06, 'epoch': 6.88}
{'loss': 0.0017, 'grad_norm': 0.21694554388523102, 'learning_rate': 1.9296125805528648e-06, 'epoch': 6.92}
{'loss': 0.0014, 'grad_norm': 0.12631748616695404, 'learning_rate': 1.9055491372942612e-06, 'epoch': 6.96}
{'loss': 0.0011, 'grad_norm': 0.14219243824481964, 'learning_rate': 1.8814961276382454e-06, 'epoch': 7.0}
{'eval_loss': 0.0009344692225567997, 'eval_score': 0.001287851920523894, 'eval_err_F': 0.0006782160434943775, 'eval_err_M': 0.0010846399615140553, 'eval_err_diff': 0.0004064239180196778, 'eval_mse': 0.0006015106917548719, 'eval_mae': 0.015731303150133862, 'eval_runtime': 18.4957, 'eval_samples_per_second': 1081.333, 'eval_steps_per_second': 8.488, 'epoch': 7.0}
{'loss': 0.0015, 'grad_norm': 0.07258374989032745, 'learning_rate': 1.8574571223658006e-06, 'epoch': 7.04}
{'loss': 0.0012, 'grad_norm': 0.18814532458782196, 'learning_rate': 1.8334356901788944e-06, 'epoch': 7.08}
{'loss': 0.0011, 'grad_norm': 0.15812185406684875, 'learning_rate': 1.809435397170688e-06, 'epoch': 7.12}
{'loss': 0.0012, 'grad_norm': 0.24822187423706055, 'learning_rate': 1.785459806296132e-06, 'epoch': 7.16}
{'loss': 0.0011, 'grad_norm': 0.2663377821445465, 'learning_rate': 1.7615124768430332e-06, 'epoch': 7.2}
{'loss': 0.0013, 'grad_norm': 0.2543174624443054, 'learning_rate': 1.7375969639036569e-06, 'epoch': 7.24}
{'loss': 0.0012, 'grad_norm': 0.06829701364040375, 'learning_rate': 1.7137168178469606e-06, 'epoch': 7.28}
{'loss': 0.0013, 'grad_norm': 0.1616538017988205, 'learning_rate': 1.6898755837915232e-06, 'epoch': 7.32}
{'loss': 0.0012, 'grad_norm': 0.36076024174690247, 'learning_rate': 1.6660768010792559e-06, 'epoch': 7.36}
{'loss': 0.0011, 'grad_norm': 0.06608645617961884, 'learning_rate': 1.642324002749972e-06, 'epoch': 7.4}
{'loss': 0.0011, 'grad_norm': 0.04968263953924179, 'learning_rate': 1.618620715016888e-06, 'epoch': 7.44}
{'loss': 0.001, 'grad_norm': 0.279229074716568, 'learning_rate': 1.5949704567431447e-06, 'epoch': 7.48}
{'loss': 0.0011, 'grad_norm': 0.1708107739686966, 'learning_rate': 1.5713767389194117e-06, 'epoch': 7.52}
{'loss': 0.0013, 'grad_norm': 0.09348319470882416, 'learning_rate': 1.5478430641426649e-06, 'epoch': 7.56}
{'loss': 0.0011, 'grad_norm': 0.05590572580695152, 'learning_rate': 1.5243729260962158e-06, 'epoch': 7.6}
{'loss': 0.001, 'grad_norm': 0.06131632626056671, 'learning_rate': 1.500969809031047e-06, 'epoch': 7.64}
{'loss': 0.001, 'grad_norm': 0.17223338782787323, 'learning_rate': 1.4776371872485715e-06, 'epoch': 7.68}
{'loss': 0.0011, 'grad_norm': 0.07577675580978394, 'learning_rate': 1.454378524584845e-06, 'epoch': 7.72}
{'loss': 0.0012, 'grad_norm': 0.20633715391159058, 'learning_rate': 1.4311972738963507e-06, 'epoch': 7.76}
{'loss': 0.0011, 'grad_norm': 0.3544136881828308, 'learning_rate': 1.408096876547406e-06, 'epoch': 7.8}
{'loss': 0.0011, 'grad_norm': 0.6520867943763733, 'learning_rate': 1.3850807618992712e-06, 'epoch': 7.84}
{'loss': 0.001, 'grad_norm': 0.16056324541568756, 'learning_rate': 1.3621523468010524e-06, 'epoch': 7.88}
{'loss': 0.001, 'grad_norm': 0.18808598816394806, 'learning_rate': 1.3393150350824466e-06, 'epoch': 7.92}
{'loss': 0.001, 'grad_norm': 0.05296359583735466, 'learning_rate': 1.3165722170484322e-06, 'epoch': 7.96}
{'loss': 0.0009, 'grad_norm': 0.04780204966664314, 'learning_rate': 1.293927268975963e-06, 'epoch': 8.0}
{'eval_loss': 0.0009777749655768275, 'eval_score': 0.0013971238409465634, 'eval_err_F': 0.0007391444334315493, 'eval_err_M': 0.001177797371774892, 'eval_err_diff': 0.0004386529383433428, 'eval_mse': 0.0005648074540133684, 'eval_mae': 0.01507313429682672, 'eval_runtime': 18.3495, 'eval_samples_per_second': 1089.949, 'eval_steps_per_second': 8.556, 'epoch': 8.0}
{'loss': 0.001, 'grad_norm': 0.09055065363645554, 'learning_rate': 1.2713835526127399e-06, 'epoch': 8.04}
{'loss': 0.0009, 'grad_norm': 0.18663758039474487, 'learning_rate': 1.2489444146781473e-06, 'epoch': 8.08}
{'loss': 0.0008, 'grad_norm': 0.03310898318886757, 'learning_rate': 1.2266131863664176e-06, 'epoch': 8.12}
{'loss': 0.0011, 'grad_norm': 0.07491770386695862, 'learning_rate': 1.2043931828520968e-06, 'epoch': 8.16}
{'loss': 0.001, 'grad_norm': 0.3225094974040985, 'learning_rate': 1.1822877027978944e-06, 'epoch': 8.2}
{'loss': 0.0009, 'grad_norm': 0.13112665712833405, 'learning_rate': 1.16030002786498e-06, 'epoch': 8.24}
{'loss': 0.0009, 'grad_norm': 0.07057607173919678, 'learning_rate': 1.1384334222258053e-06, 'epoch': 8.28}
{'loss': 0.0012, 'grad_norm': 0.19411396980285645, 'learning_rate': 1.1166911320795237e-06, 'epoch': 8.32}
{'loss': 0.0009, 'grad_norm': 0.07792053371667862, 'learning_rate': 1.095076385170076e-06, 'epoch': 8.36}
{'loss': 0.001, 'grad_norm': 0.04740197956562042, 'learning_rate': 1.073592390307019e-06, 'epoch': 8.4}
{'loss': 0.0011, 'grad_norm': 0.05973393842577934, 'learning_rate': 1.0522423368891573e-06, 'epoch': 8.44}
{'loss': 0.0009, 'grad_norm': 0.07319123297929764, 'learning_rate': 1.0310293944310695e-06, 'epoch': 8.48}
{'loss': 0.001, 'grad_norm': 0.26024624705314636, 'learning_rate': 1.0099567120925745e-06, 'epoch': 8.52}
{'loss': 0.001, 'grad_norm': 0.14054976403713226, 'learning_rate': 9.890274182112237e-07, 'epoch': 8.56}
{'loss': 0.0009, 'grad_norm': 0.06412137299776077, 'learning_rate': 9.682446198378872e-07, 'epoch': 8.6}
{'loss': 0.0009, 'grad_norm': 0.1886281818151474, 'learning_rate': 9.476114022754977e-07, 'epoch': 8.64}
{'loss': 0.0008, 'grad_norm': 0.06543952226638794, 'learning_rate': 9.271308286210197e-07, 'epoch': 8.68}
{'loss': 0.0012, 'grad_norm': 0.13752582669258118, 'learning_rate': 9.06805939310722e-07, 'epoch': 8.72}
{'loss': 0.0009, 'grad_norm': 0.06813865154981613, 'learning_rate': 8.866397516688101e-07, 'epoch': 8.76}
{'loss': 0.001, 'grad_norm': 0.06126728281378746, 'learning_rate': 8.666352594594878e-07, 'epoch': 8.8}
{'loss': 0.0009, 'grad_norm': 0.04369659721851349, 'learning_rate': 8.467954324425231e-07, 'epoch': 8.84}
{'loss': 0.0009, 'grad_norm': 0.29660728573799133, 'learning_rate': 8.271232159323707e-07, 'epoch': 8.88}
{'loss': 0.001, 'grad_norm': 0.17459744215011597, 'learning_rate': 8.076215303609275e-07, 'epoch': 8.92}
{'loss': 0.0009, 'grad_norm': 0.06981899589300156, 'learning_rate': 7.882932708439802e-07, 'epoch': 8.96}
{'loss': 0.0008, 'grad_norm': 0.05362414941191673, 'learning_rate': 7.691413067514105e-07, 'epoch': 9.0}
{'eval_loss': 0.0009198422194458544, 'eval_score': 0.0013252466727776413, 'eval_err_F': 0.0006742737752376409, 'eval_err_M': 0.0011082557069309745, 'eval_err_diff': 0.00043398193169333365, 'eval_mse': 0.0005430007587778167, 'eval_mae': 0.014659657772231549, 'eval_runtime': 18.2438, 'eval_samples_per_second': 1096.265, 'eval_steps_per_second': 8.606, 'epoch': 9.0}
{'loss': 0.0009, 'grad_norm': 0.03213835507631302, 'learning_rate': 7.501684812812307e-07, 'epoch': 9.04}
{'loss': 0.0009, 'grad_norm': 0.08073152601718903, 'learning_rate': 7.313776110374876e-07, 'epoch': 9.08}
{'loss': 0.0009, 'grad_norm': 0.05451885983347893, 'learning_rate': 7.127714856121329e-07, 'epoch': 9.12}
{'loss': 0.0015, 'grad_norm': 0.22467467188835144, 'learning_rate': 6.943528671708895e-07, 'epoch': 9.16}
{'loss': 0.0009, 'grad_norm': 0.19496773183345795, 'learning_rate': 6.761244900431998e-07, 'epoch': 9.2}
{'loss': 0.0009, 'grad_norm': 0.09955115616321564, 'learning_rate': 6.580890603162998e-07, 'epoch': 9.24}
{'loss': 0.0008, 'grad_norm': 0.03789733722805977, 'learning_rate': 6.402492554334851e-07, 'epoch': 9.28}
{'loss': 0.0008, 'grad_norm': 0.03151803836226463, 'learning_rate': 6.226077237966389e-07, 'epoch': 9.32}
{'loss': 0.0008, 'grad_norm': 0.07360091060400009, 'learning_rate': 6.051670843730573e-07, 'epoch': 9.36}
{'loss': 0.0009, 'grad_norm': 0.14109571278095245, 'learning_rate': 5.879299263066543e-07, 'epoch': 9.4}
{'loss': 0.0008, 'grad_norm': 0.10213613510131836, 'learning_rate': 5.708988085335931e-07, 'epoch': 9.44}
{'loss': 0.0008, 'grad_norm': 0.15088899433612823, 'learning_rate': 5.540762594023982e-07, 'epoch': 9.48}
{'loss': 0.0009, 'grad_norm': 0.07051285356283188, 'learning_rate': 5.374647762986096e-07, 'epoch': 9.52}
{'loss': 0.0008, 'grad_norm': 0.09130680561065674, 'learning_rate': 5.210668252740358e-07, 'epoch': 9.56}
{'loss': 0.0009, 'grad_norm': 0.16265654563903809, 'learning_rate': 5.048848406806571e-07, 'epoch': 9.6}
{'loss': 0.0008, 'grad_norm': 0.05497762933373451, 'learning_rate': 4.889212248092347e-07, 'epoch': 9.64}
{'loss': 0.0009, 'grad_norm': 0.13007411360740662, 'learning_rate': 4.731783475326764e-07, 'epoch': 9.68}
{'loss': 0.001, 'grad_norm': 0.279487282037735, 'learning_rate': 4.576585459542231e-07, 'epoch': 9.72}
{'loss': 0.0009, 'grad_norm': 0.05766819044947624, 'learning_rate': 4.423641240604917e-07, 'epoch': 9.76}
{'loss': 0.0008, 'grad_norm': 0.3821435570716858, 'learning_rate': 4.272973523794369e-07, 'epoch': 9.8}
{'loss': 0.0008, 'grad_norm': 0.09020289033651352, 'learning_rate': 4.1246046764328375e-07, 'epoch': 9.84}
{'loss': 0.0009, 'grad_norm': 0.08139050751924515, 'learning_rate': 3.9785567245647295e-07, 'epoch': 9.88}
{'loss': 0.0009, 'grad_norm': 0.14397047460079193, 'learning_rate': 3.8348513496867194e-07, 'epoch': 9.92}
{'loss': 0.0007, 'grad_norm': 0.05289660394191742, 'learning_rate': 3.693509885529066e-07, 'epoch': 9.96}
{'loss': 0.0009, 'grad_norm': 0.106871098279953, 'learning_rate': 3.554553314888497e-07, 'epoch': 10.0}
{'eval_loss': 0.0009294767514802516, 'eval_score': 0.0012946721116019206, 'eval_err_F': 0.0007094231540055856, 'eval_err_M': 0.0010995891257364755, 'eval_err_diff': 0.0003901659717308899, 'eval_mse': 0.0005441174571629968, 'eval_mae': 0.014664564407031684, 'eval_runtime': 18.2121, 'eval_samples_per_second': 1098.171, 'eval_steps_per_second': 8.621, 'epoch': 10.0}
{'train_runtime': 2386.3162, 'train_samples_per_second': 402.294, 'train_steps_per_second': 6.286, 'train_loss': 0.012133096496164798, 'epoch': 10.0}
[EMA] Swapped EMA weights into model (decay=0.9998)
[EMA] Swapped EMA weights into model (decay=0.9998)
score=0.00238 | err_diff=0.00077 | loss=0.00148
score=0.00238 | err_diff=0.00077 | loss=0.00148
Saved 30 worst predictions: results/optuna_dinov3-vitb16-3090-v2-ibot_trial_2/worst/worst.csv + results/optuna_dinov3-vitb16-3090-v2-ibot_trial_2/worst/images
Model saved: models:/m-f79adc8b7e7842889af5c0921d0fa3c6
Trial 2: score=inf err_F=inf err_M=inf err_diff=inf
Loaded 100,000 samples from data/raw/train.csv
Train: 80,000 | Val: 20,000
Loaded 100,000 samples from data/raw/train.csv
Train: 80,000 | Val: 20,000
Sampler 'occlusion': 10 groups, 80000 samples/epoch
PMF ratios test/train (20 bins of 0.025): [0.215, 0.339, 0.566, 0.734, 0.919, 1.071, 1.326, 1.448, 1.653, 1.866, 1.995, 1.941, 1.557, 1.293, 1.292, 0.629, 0.959, 0.067, 0.067, 0.067]
eval_importance_reweight ON (eval_score reweighted to test distribution)
Sampler 'occlusion': 10 groups, 80000 samples/epoch
PMF ratios test/train (20 bins of 0.025): [0.215, 0.339, 0.566, 0.734, 0.919, 1.071, 1.326, 1.448, 1.653, 1.866, 1.995, 1.941, 1.557, 1.293, 1.292, 0.629, 0.959, 0.067, 0.067, 0.067]
eval_importance_reweight ON (eval_score reweighted to test distribution)
Gender reweight: F=1.352, M=0.648 (mean=1.0)
Gender reweight: F=1.352, M=0.648 (mean=1.0)
DINOv3 drop_path_rate=0.02359136019723587 applied (linear 0 → 0.024 across 12 blocks via sample_drop_ratio)
DINOv3 drop_path_rate=0.02359136019723587 applied (linear 0 → 0.024 across 12 blocks via sample_drop_ratio)
Loaded DINOv3 weights: dinov3_vitb16_pretrain_lvd1689m-73cec8be.pth
Loading pretrained backbone from runs:/c2c396cae2f74566a413502633de7781/encoder
Loaded DINOv3 weights: dinov3_vitb16_pretrain_lvd1689m-73cec8be.pth
Loading pretrained backbone from runs:/c2c396cae2f74566a413502633de7781/encoder
  loaded (0 missing, 0 unexpected keys)
  loaded (0 missing, 0 unexpected keys)
  logged 141 pretrain_* params from run c2c396cae2f74566a413502633de7781
  logged 141 pretrain_* params from run c2c396cae2f74566a413502633de7781
EMA enabled: decay=0.9998, warmup_steps=200
EMA enabled: decay=0.9998, warmup_steps=200
WeightedMSELoss: focal_gamma=0.0, fairness_lambda=1.7136493889492428, gender_reweight=on (F=1.35, M=0.65)
Training dinov3-vitb16-3090-v2-ibot_trial3 (best_metric=eval_score)
WeightedMSELoss: focal_gamma=0.0, fairness_lambda=1.7136493889492428, gender_reweight=on (F=1.35, M=0.65)
Training dinov3-vitb16-3090-v2-ibot_trial3 (best_metric=eval_score)
LLRD: 14 groups, LR ∈ [9.77e-07, 2.20e-05]
LLRD: 14 groups, LR ∈ [9.77e-07, 2.20e-05]
{'loss': 0.4018, 'grad_norm': 9.481800079345703, 'learning_rate': 5.3565105115492466e-08, 'epoch': 0.04}
{'loss': 0.1903, 'grad_norm': 9.375530242919922, 'learning_rate': 1.0713021023098493e-07, 'epoch': 0.08}
{'loss': 0.1571, 'grad_norm': 2.5920963287353516, 'learning_rate': 1.6069531534647743e-07, 'epoch': 0.12}
{'loss': 0.1554, 'grad_norm': 2.0080201625823975, 'learning_rate': 2.1426042046196987e-07, 'epoch': 0.16}
{'loss': 0.1481, 'grad_norm': 2.3999640941619873, 'learning_rate': 2.678255255774624e-07, 'epoch': 0.2}
{'loss': 0.1481, 'grad_norm': 1.937479853630066, 'learning_rate': 3.2139063069295485e-07, 'epoch': 0.24}
{'loss': 0.1511, 'grad_norm': 4.174278259277344, 'learning_rate': 3.749557358084473e-07, 'epoch': 0.28}
{'loss': 0.1576, 'grad_norm': 1.2209230661392212, 'learning_rate': 4.2852084092393973e-07, 'epoch': 0.32}
{'loss': 0.1439, 'grad_norm': 9.112759590148926, 'learning_rate': 4.820859460394322e-07, 'epoch': 0.36}
{'loss': 0.1571, 'grad_norm': 2.5964314937591553, 'learning_rate': 5.356510511549248e-07, 'epoch': 0.4}
{'loss': 0.1473, 'grad_norm': 3.160780906677246, 'learning_rate': 5.892161562704172e-07, 'epoch': 0.44}
{'loss': 0.1297, 'grad_norm': 5.22697114944458, 'learning_rate': 6.427812613859097e-07, 'epoch': 0.48}
{'loss': 0.1212, 'grad_norm': 2.7875912189483643, 'learning_rate': 6.963463665014022e-07, 'epoch': 0.52}
{'loss': 0.1128, 'grad_norm': 2.074516534805298, 'learning_rate': 7.499114716168946e-07, 'epoch': 0.56}
{'loss': 0.1138, 'grad_norm': 2.045363426208496, 'learning_rate': 8.03476576732387e-07, 'epoch': 0.6}
{'loss': 0.1007, 'grad_norm': 2.393467426300049, 'learning_rate': 8.570416818478795e-07, 'epoch': 0.64}
{'loss': 0.1008, 'grad_norm': 6.138407230377197, 'learning_rate': 9.106067869633719e-07, 'epoch': 0.68}
{'loss': 0.0978, 'grad_norm': 8.918035507202148, 'learning_rate': 9.641718920788644e-07, 'epoch': 0.72}
{'loss': 0.0981, 'grad_norm': 2.2157180309295654, 'learning_rate': 9.770099779984424e-07, 'epoch': 0.76}
{'loss': 0.098, 'grad_norm': 4.796370983123779, 'learning_rate': 9.769334585418499e-07, 'epoch': 0.8}
{'loss': 0.093, 'grad_norm': 3.690089225769043, 'learning_rate': 9.76796219367904e-07, 'epoch': 0.84}
{'loss': 0.0931, 'grad_norm': 6.129144668579102, 'learning_rate': 9.765982775380045e-07, 'epoch': 0.88}
{'loss': 0.0918, 'grad_norm': 1.8417519330978394, 'learning_rate': 9.76339657660029e-07, 'epoch': 0.92}
{'loss': 0.0881, 'grad_norm': 0.8973779678344727, 'learning_rate': 9.760203918852723e-07, 'epoch': 0.96}
{'loss': 0.082, 'grad_norm': 3.1199088096618652, 'learning_rate': 9.756405199044503e-07, 'epoch': 1.0}
{'eval_loss': 0.015464822761714458, 'eval_score': 0.015993843486263096, 'eval_err_F': 0.009624818463667383, 'eval_err_M': 0.013870835145397858, 'eval_err_diff': 0.004246016681730476, 'eval_mse': 0.004452782074696599, 'eval_mae': 0.0471772285524803, 'eval_runtime': 18.4245, 'eval_samples_per_second': 1085.509, 'eval_steps_per_second': 8.521, 'epoch': 1.0}
{'loss': 0.0856, 'grad_norm': 3.764129877090454, 'learning_rate': 9.752000889427658e-07, 'epoch': 1.04}
{'loss': 0.0899, 'grad_norm': 2.3609368801116943, 'learning_rate': 9.746991537540372e-07, 'epoch': 1.08}
{'loss': 0.0873, 'grad_norm': 3.220489978790283, 'learning_rate': 9.741377766138913e-07, 'epoch': 1.12}
{'loss': 0.0851, 'grad_norm': 1.0020866394042969, 'learning_rate': 9.73516027312022e-07, 'epoch': 1.16}
{'loss': 0.0823, 'grad_norm': 2.887871742248535, 'learning_rate': 9.728339831435138e-07, 'epoch': 1.2}
{'loss': 0.0783, 'grad_norm': 4.217102527618408, 'learning_rate': 9.72091728899232e-07, 'epoch': 1.24}
{'loss': 0.077, 'grad_norm': 1.7448328733444214, 'learning_rate': 9.712893568552827e-07, 'epoch': 1.28}
{'loss': 0.0739, 'grad_norm': 2.629786491394043, 'learning_rate': 9.704269667615398e-07, 'epoch': 1.32}
{'loss': 0.0758, 'grad_norm': 2.8868491649627686, 'learning_rate': 9.69504665829246e-07, 'epoch': 1.36}
{'loss': 0.0757, 'grad_norm': 1.1650729179382324, 'learning_rate': 9.685225687176828e-07, 'epoch': 1.4}
{'loss': 0.0806, 'grad_norm': 3.7466928958892822, 'learning_rate': 9.67480797519917e-07, 'epoch': 1.44}
{'loss': 0.0785, 'grad_norm': 2.7709197998046875, 'learning_rate': 9.663794817476217e-07, 'epoch': 1.48}
{'loss': 0.0721, 'grad_norm': 3.992809772491455, 'learning_rate': 9.65218758314977e-07, 'epoch': 1.52}
{'loss': 0.0721, 'grad_norm': 3.109562873840332, 'learning_rate': 9.639987715216466e-07, 'epoch': 1.56}
{'loss': 0.07, 'grad_norm': 2.4303884506225586, 'learning_rate': 9.62719673034841e-07, 'epoch': 1.6}
{'loss': 0.075, 'grad_norm': 1.9383656978607178, 'learning_rate': 9.613816218704608e-07, 'epoch': 1.64}
{'loss': 0.0715, 'grad_norm': 1.7955095767974854, 'learning_rate': 9.599847843733291e-07, 'epoch': 1.68}
{'loss': 0.0667, 'grad_norm': 1.768693208694458, 'learning_rate': 9.585293341965111e-07, 'epoch': 1.72}
{'loss': 0.0677, 'grad_norm': 1.2771399021148682, 'learning_rate': 9.570154522797263e-07, 'epoch': 1.76}
{'loss': 0.0681, 'grad_norm': 3.234344959259033, 'learning_rate': 9.554433268268535e-07, 'epoch': 1.8}
{'loss': 0.0722, 'grad_norm': 0.6754967570304871, 'learning_rate': 9.53813153282534e-07, 'epoch': 1.84}
{'loss': 0.0661, 'grad_norm': 1.6547563076019287, 'learning_rate': 9.521251343078746e-07, 'epoch': 1.88}
{'loss': 0.0675, 'grad_norm': 2.322039842605591, 'learning_rate': 9.503794797552523e-07, 'epoch': 1.92}
{'loss': 0.0666, 'grad_norm': 2.456911087036133, 'learning_rate': 9.48576406642226e-07, 'epoch': 1.96}
{'loss': 0.0639, 'grad_norm': 1.6307262182235718, 'learning_rate': 9.467161391245574e-07, 'epoch': 2.0}
{'eval_loss': 0.0078016915358603, 'eval_score': 0.005890008876519974, 'eval_err_F': 0.004248744970934938, 'eval_err_M': 0.005342920907991629, 'eval_err_diff': 0.001094175937056691, 'eval_mse': 0.002035643250446158, 'eval_mae': 0.033238126337113864, 'eval_runtime': 18.6262, 'eval_samples_per_second': 1073.755, 'eval_steps_per_second': 8.429, 'epoch': 2.0}
{'loss': 0.0623, 'grad_norm': 1.569171667098999, 'learning_rate': 9.447989084683439e-07, 'epoch': 2.04}
{'loss': 0.0623, 'grad_norm': 1.417092204093933, 'learning_rate': 9.428249530212678e-07, 'epoch': 2.08}
{'loss': 0.0614, 'grad_norm': 1.4282993078231812, 'learning_rate': 9.407945181829658e-07, 'epoch': 2.12}
{'loss': 0.0601, 'grad_norm': 3.481278896331787, 'learning_rate': 9.387078563745204e-07, 'epoch': 2.16}
{'loss': 0.0583, 'grad_norm': 1.3464597463607788, 'learning_rate': 9.365652270070804e-07, 'epoch': 2.2}
{'loss': 0.0604, 'grad_norm': 0.8483154773712158, 'learning_rate': 9.343668964496095e-07, 'epoch': 2.24}
{'loss': 0.0585, 'grad_norm': 2.4243059158325195, 'learning_rate': 9.321131379957737e-07, 'epoch': 2.28}
{'loss': 0.0591, 'grad_norm': 1.4268022775650024, 'learning_rate': 9.298042318299639e-07, 'epoch': 2.32}
{'loss': 0.0567, 'grad_norm': 1.7196283340454102, 'learning_rate': 9.274404649924653e-07, 'epoch': 2.36}
{'loss': 0.0573, 'grad_norm': 1.147544026374817, 'learning_rate': 9.250221313437715e-07, 'epoch': 2.4}
{'loss': 0.0552, 'grad_norm': 4.620666027069092, 'learning_rate': 9.225495315280533e-07, 'epoch': 2.44}
{'loss': 0.0549, 'grad_norm': 2.314627170562744, 'learning_rate': 9.200229729357827e-07, 'epoch': 2.48}
{'loss': 0.0551, 'grad_norm': 1.8966306447982788, 'learning_rate': 9.174427696655175e-07, 'epoch': 2.52}
{'loss': 0.054, 'grad_norm': 0.6993216276168823, 'learning_rate': 9.148092424848549e-07, 'epoch': 2.56}
{'loss': 0.0607, 'grad_norm': 4.036865711212158, 'learning_rate': 9.12122718790552e-07, 'epoch': 2.6}
{'loss': 0.0488, 'grad_norm': 2.1474530696868896, 'learning_rate': 9.093835325678258e-07, 'epoch': 2.64}
{'loss': 0.0494, 'grad_norm': 1.2101848125457764, 'learning_rate': 9.065920243488319e-07, 'epoch': 2.68}
{'loss': 0.0455, 'grad_norm': 1.6227737665176392, 'learning_rate': 9.037485411703301e-07, 'epoch': 2.72}
{'loss': 0.0411, 'grad_norm': 0.8833858370780945, 'learning_rate': 9.008534365305409e-07, 'epoch': 2.76}
{'loss': 0.0412, 'grad_norm': 1.119120717048645, 'learning_rate': 8.979070703452e-07, 'epoch': 2.8}
{'loss': 0.0426, 'grad_norm': 1.5062980651855469, 'learning_rate': 8.949098089028126e-07, 'epoch': 2.84}
{'loss': 0.0348, 'grad_norm': 1.5563429594039917, 'learning_rate': 8.918620248191184e-07, 'epoch': 2.88}
{'loss': 0.0375, 'grad_norm': 1.33775794506073, 'learning_rate': 8.887640969907676e-07, 'epoch': 2.92}
{'loss': 0.0398, 'grad_norm': 8.31852912902832, 'learning_rate': 8.856164105482167e-07, 'epoch': 2.96}
{'loss': 0.0382, 'grad_norm': 3.220865488052368, 'learning_rate': 8.824193568078504e-07, 'epoch': 3.0}
{'eval_loss': 0.005204923450946808, 'eval_score': 0.00278749238856574, 'eval_err_F': 0.0019985412232483993, 'eval_err_M': 0.002524508666793293, 'eval_err_diff': 0.0005259674435448935, 'eval_mse': 0.0014085364320594723, 'eval_mae': 0.028481267534713334, 'eval_runtime': 18.8545, 'eval_samples_per_second': 1060.752, 'eval_steps_per_second': 8.327, 'epoch': 3.0}
{'loss': 0.0314, 'grad_norm': 2.3747665882110596, 'learning_rate': 8.79173333223333e-07, 'epoch': 3.04}
{'loss': 0.0304, 'grad_norm': 0.9433894157409668, 'learning_rate': 8.758787433361978e-07, 'epoch': 3.08}
{'loss': 0.0292, 'grad_norm': 3.510559320449829, 'learning_rate': 8.725359967256792e-07, 'epoch': 3.12}
{'loss': 0.0299, 'grad_norm': 0.8011109232902527, 'learning_rate': 8.691455089577945e-07, 'epoch': 3.16}
{'loss': 0.0298, 'grad_norm': 0.6243574023246765, 'learning_rate': 8.657077015336805e-07, 'epoch': 3.2}
{'loss': 0.0275, 'grad_norm': 0.8361936211585999, 'learning_rate': 8.622230018371945e-07, 'epoch': 3.24}
{'loss': 0.0299, 'grad_norm': 0.8013054132461548, 'learning_rate': 8.586918430817811e-07, 'epoch': 3.28}
{'loss': 0.0258, 'grad_norm': 0.9654873013496399, 'learning_rate': 8.551146642566162e-07, 'epoch': 3.32}
{'loss': 0.0255, 'grad_norm': 1.4185893535614014, 'learning_rate': 8.514919100720323e-07, 'epoch': 3.36}
{'loss': 0.0255, 'grad_norm': 0.8999040722846985, 'learning_rate': 8.478240309042329e-07, 'epoch': 3.4}
{'loss': 0.0261, 'grad_norm': 1.5702016353607178, 'learning_rate': 8.44111482739302e-07, 'epoch': 3.44}
{'loss': 0.0244, 'grad_norm': 1.0625767707824707, 'learning_rate': 8.403547271165171e-07, 'epoch': 3.48}
{'loss': 0.0238, 'grad_norm': 1.1016570329666138, 'learning_rate': 8.3655423107097e-07, 'epoch': 3.52}
{'loss': 0.0242, 'grad_norm': 2.3147332668304443, 'learning_rate': 8.32710467075507e-07, 'epoch': 3.56}
{'loss': 0.0232, 'grad_norm': 0.42184293270111084, 'learning_rate': 8.288239129819908e-07, 'epoch': 3.6}
{'loss': 0.0211, 'grad_norm': 1.2942448854446411, 'learning_rate': 8.248950519618948e-07, 'epoch': 3.64}
{'loss': 0.0218, 'grad_norm': 1.7853134870529175, 'learning_rate': 8.20924372446236e-07, 'epoch': 3.68}
{'loss': 0.0192, 'grad_norm': 0.9061676263809204, 'learning_rate': 8.169123680648532e-07, 'epoch': 3.72}
{'loss': 0.0252, 'grad_norm': 1.0940351486206055, 'learning_rate': 8.128595375850406e-07, 'epoch': 3.76}
{'loss': 0.0193, 'grad_norm': 0.9809136986732483, 'learning_rate': 8.08766384849541e-07, 'epoch': 3.8}
{'loss': 0.0182, 'grad_norm': 1.4041959047317505, 'learning_rate': 8.046334187139089e-07, 'epoch': 3.84}
{'loss': 0.0176, 'grad_norm': 1.3722476959228516, 'learning_rate': 8.004611529832499e-07, 'epoch': 3.88}
{'loss': 0.0173, 'grad_norm': 1.319731593132019, 'learning_rate': 7.962501063483459e-07, 'epoch': 3.92}
{'loss': 0.0171, 'grad_norm': 3.4376564025878906, 'learning_rate': 7.92000802321171e-07, 'epoch': 3.96}
{'loss': 0.0161, 'grad_norm': 0.718763530254364, 'learning_rate': 7.877137691698103e-07, 'epoch': 4.0}
{'eval_loss': 0.004761832300573587, 'eval_score': 0.0024623766968935477, 'eval_err_F': 0.0015421622716320382, 'eval_err_M': 0.002155638555139711, 'eval_err_diff': 0.000613476283507673, 'eval_mse': 0.001243489540381713, 'eval_mae': 0.026551551903556174, 'eval_runtime': 18.5708, 'eval_samples_per_second': 1076.958, 'eval_steps_per_second': 8.454, 'epoch': 4.0}
{'loss': 0.0168, 'grad_norm': 0.6592573523521423, 'learning_rate': 7.833895398527854e-07, 'epoch': 4.04}
{'loss': 0.019, 'grad_norm': 1.280612826347351, 'learning_rate': 7.790286519527982e-07, 'epoch': 4.08}
{'loss': 0.0156, 'grad_norm': 2.7727129459381104, 'learning_rate': 7.746316476098993e-07, 'epoch': 4.12}
{'loss': 0.0191, 'grad_norm': 0.6926599740982056, 'learning_rate': 7.701990734540888e-07, 'epoch': 4.16}
{'loss': 0.0141, 'grad_norm': 0.7188279628753662, 'learning_rate': 7.657314805373621e-07, 'epoch': 4.2}
{'loss': 0.0183, 'grad_norm': 0.7001230120658875, 'learning_rate': 7.612294242652016e-07, 'epoch': 4.24}
{'loss': 0.0141, 'grad_norm': 2.56054425239563, 'learning_rate': 7.566934643275305e-07, 'epoch': 4.28}
{'loss': 0.0161, 'grad_norm': 0.4942500591278076, 'learning_rate': 7.521241646291327e-07, 'epoch': 4.32}
{'loss': 0.0143, 'grad_norm': 0.8626697659492493, 'learning_rate': 7.475220932195491e-07, 'epoch': 4.36}
{'loss': 0.0138, 'grad_norm': 0.8370500206947327, 'learning_rate': 7.428878222224577e-07, 'epoch': 4.4}
{'loss': 0.0143, 'grad_norm': 1.6832358837127686, 'learning_rate': 7.38221927764549e-07, 'epoch': 4.44}
{'loss': 0.0149, 'grad_norm': 0.5568239688873291, 'learning_rate': 7.335249899039013e-07, 'epoch': 4.48}
{'loss': 0.0175, 'grad_norm': 1.404290795326233, 'learning_rate': 7.287975925578696e-07, 'epoch': 4.52}
{'loss': 0.0123, 'grad_norm': 0.8274515271186829, 'learning_rate': 7.240403234304939e-07, 'epoch': 4.56}
{'loss': 0.0208, 'grad_norm': 1.046892762184143, 'learning_rate': 7.192537739394354e-07, 'epoch': 4.6}
{'loss': 0.0132, 'grad_norm': 0.25374242663383484, 'learning_rate': 7.144385391424539e-07, 'epoch': 4.64}
{'loss': 0.0214, 'grad_norm': 2.1525611877441406, 'learning_rate': 7.095952176634289e-07, 'epoch': 4.68}
{'loss': 0.0121, 'grad_norm': 0.8001859188079834, 'learning_rate': 7.047244116179415e-07, 'epoch': 4.72}
{'loss': 0.0124, 'grad_norm': 0.9864442944526672, 'learning_rate': 6.99826726538419e-07, 'epoch': 4.76}
{'loss': 0.0133, 'grad_norm': 0.4254567325115204, 'learning_rate': 6.949027712988556e-07, 'epoch': 4.8}
{'loss': 0.0127, 'grad_norm': 0.7607104182243347, 'learning_rate': 6.899531580391192e-07, 'epoch': 4.84}
{'loss': 0.0123, 'grad_norm': 0.9628852009773254, 'learning_rate': 6.849785020888499e-07, 'epoch': 4.88}
{'loss': 0.0128, 'grad_norm': 0.7522848844528198, 'learning_rate': 6.79979421890963e-07, 'epoch': 4.92}
{'loss': 0.0117, 'grad_norm': 1.4163528680801392, 'learning_rate': 6.749565389247658e-07, 'epoch': 4.96}
{'loss': 0.0179, 'grad_norm': 9.542227745056152, 'learning_rate': 6.699104776286953e-07, 'epoch': 5.0}
{'eval_loss': 0.005807759705930948, 'eval_score': 0.0038973170085766797, 'eval_err_F': 0.002296423808203976, 'eval_err_M': 0.0033636859417857786, 'eval_err_diff': 0.0010672621335818025, 'eval_mse': 0.0013014234383140406, 'eval_mae': 0.025303870282559728, 'eval_runtime': 18.5837, 'eval_samples_per_second': 1076.213, 'eval_steps_per_second': 8.448, 'epoch': 5.0}
{'loss': 0.0141, 'grad_norm': 0.5883789658546448, 'learning_rate': 6.64841865322689e-07, 'epoch': 5.04}
{'loss': 0.0119, 'grad_norm': 0.9015744924545288, 'learning_rate': 6.597513321301974e-07, 'epoch': 5.08}
{'loss': 0.0113, 'grad_norm': 1.4253875017166138, 'learning_rate': 6.546395108998479e-07, 'epoch': 5.12}
{'loss': 0.0127, 'grad_norm': 2.0771427154541016, 'learning_rate': 6.495070371267697e-07, 'epoch': 5.16}
{'loss': 0.0108, 'grad_norm': 0.4234127402305603, 'learning_rate': 6.443545488735899e-07, 'epoch': 5.2}
{'loss': 0.0119, 'grad_norm': 0.8251319527626038, 'learning_rate': 6.3918268669111e-07, 'epoch': 5.24}
{'loss': 0.0123, 'grad_norm': 0.44380804896354675, 'learning_rate': 6.339920935386744e-07, 'epoch': 5.28}
{'loss': 0.0138, 'grad_norm': 1.5068939924240112, 'learning_rate': 6.287834147042376e-07, 'epoch': 5.32}
{'loss': 0.0113, 'grad_norm': 1.1303021907806396, 'learning_rate': 6.235572977241435e-07, 'epoch': 5.36}
{'loss': 0.0144, 'grad_norm': 0.7529330253601074, 'learning_rate': 6.183143923026235e-07, 'epoch': 5.4}
{'loss': 0.014, 'grad_norm': 0.35461539030075073, 'learning_rate': 6.130553502310273e-07, 'epoch': 5.44}
{'loss': 0.0116, 'grad_norm': 1.758091926574707, 'learning_rate': 6.077808253067919e-07, 'epoch': 5.48}
{'loss': 0.0114, 'grad_norm': 1.5147842168807983, 'learning_rate': 6.024914732521637e-07, 'epoch': 5.52}
{'loss': 0.011, 'grad_norm': 0.8730021715164185, 'learning_rate': 5.971879516326785e-07, 'epoch': 5.56}
{'loss': 0.0109, 'grad_norm': 2.3205811977386475, 'learning_rate': 5.918709197754144e-07, 'epoch': 5.6}
{'loss': 0.0111, 'grad_norm': 1.3510310649871826, 'learning_rate': 5.865410386870257e-07, 'epoch': 5.64}
{'loss': 0.011, 'grad_norm': 0.8960251808166504, 'learning_rate': 5.81198970971566e-07, 'epoch': 5.68}
{'loss': 0.0106, 'grad_norm': 0.6566209197044373, 'learning_rate': 5.758453807481156e-07, 'epoch': 5.72}
{'loss': 0.0122, 'grad_norm': 0.27002862095832825, 'learning_rate': 5.704809335682181e-07, 'epoch': 5.76}
{'loss': 0.0124, 'grad_norm': 0.7566982507705688, 'learning_rate': 5.651062963331401e-07, 'epoch': 5.8}
{'loss': 0.0102, 'grad_norm': 0.9285829067230225, 'learning_rate': 5.597221372109631e-07, 'epoch': 5.84}
{'loss': 0.0117, 'grad_norm': 0.5338543653488159, 'learning_rate': 5.543291255535174e-07, 'epoch': 5.88}
{'loss': 0.0112, 'grad_norm': 0.4524725079536438, 'learning_rate': 5.489279318131692e-07, 'epoch': 5.92}
{'loss': 0.0112, 'grad_norm': 0.32712602615356445, 'learning_rate': 5.435192274594709e-07, 'epoch': 5.96}
{'loss': 0.0102, 'grad_norm': 1.5556671619415283, 'learning_rate': 5.38103684895685e-07, 'epoch': 6.0}
{'eval_loss': 0.004197636619210243, 'eval_score': 0.002350546125848514, 'eval_err_F': 0.0010910247984328018, 'eval_err_M': 0.0019307056833766099, 'eval_err_diff': 0.0008396808849438081, 'eval_mse': 0.0009403963397292037, 'eval_mae': 0.02156905149021659, 'eval_runtime': 18.4164, 'eval_samples_per_second': 1085.986, 'eval_steps_per_second': 8.525, 'epoch': 6.0}
{'loss': 0.01, 'grad_norm': 0.6807184219360352, 'learning_rate': 5.326819773751914e-07, 'epoch': 6.04}
{'loss': 0.0107, 'grad_norm': 3.467148780822754, 'learning_rate': 5.272547789177895e-07, 'epoch': 6.08}
{'loss': 0.0102, 'grad_norm': 1.0010591745376587, 'learning_rate': 5.218227642259053e-07, 'epoch': 6.12}
{'loss': 0.0102, 'grad_norm': 0.5381494164466858, 'learning_rate': 5.16386608600713e-07, 'epoch': 6.16}
{'loss': 0.0105, 'grad_norm': 1.6687729358673096, 'learning_rate': 5.109469878581818e-07, 'epoch': 6.2}
{'loss': 0.0104, 'grad_norm': 1.6539779901504517, 'learning_rate': 5.055045782450608e-07, 'epoch': 6.24}
{'loss': 0.0105, 'grad_norm': 0.35292065143585205, 'learning_rate': 5.000600563548067e-07, 'epoch': 6.28}
{'loss': 0.0097, 'grad_norm': 0.6147259473800659, 'learning_rate': 4.946140990434733e-07, 'epoch': 6.32}
{'loss': 0.01, 'grad_norm': 1.7217997312545776, 'learning_rate': 4.891673833455629e-07, 'epoch': 6.36}
{'loss': 0.0108, 'grad_norm': 0.8415650129318237, 'learning_rate': 4.837205863898604e-07, 'epoch': 6.4}
{'loss': 0.0125, 'grad_norm': 0.6825181245803833, 'learning_rate': 4.782743853152518e-07, 'epoch': 6.44}
{'loss': 0.0113, 'grad_norm': 0.8962143063545227, 'learning_rate': 4.728294571865439e-07, 'epoch': 6.48}
{'loss': 0.0144, 'grad_norm': 0.5301599502563477, 'learning_rate': 4.673864789102933e-07, 'epoch': 6.52}
{'loss': 0.0094, 'grad_norm': 1.0079773664474487, 'learning_rate': 4.619461271506529e-07, 'epoch': 6.56}
{'loss': 0.0106, 'grad_norm': 0.42032673954963684, 'learning_rate': 4.565090782452501e-07, 'epoch': 6.6}
{'loss': 0.0174, 'grad_norm': 1.059693694114685, 'learning_rate': 4.5107600812110624e-07, 'epoch': 6.64}
{'loss': 0.0095, 'grad_norm': 1.8172392845153809, 'learning_rate': 4.456475922106051e-07, 'epoch': 6.68}
{'loss': 0.01, 'grad_norm': 1.0055691003799438, 'learning_rate': 4.402245053675251e-07, 'epoch': 6.72}
{'loss': 0.0098, 'grad_norm': 1.7019013166427612, 'learning_rate': 4.348074217831412e-07, 'epoch': 6.76}
{'loss': 0.0098, 'grad_norm': 0.9985169768333435, 'learning_rate': 4.293970149024109e-07, 'epoch': 6.8}
{'loss': 0.0106, 'grad_norm': 0.7868010401725769, 'learning_rate': 4.23993957340253e-07, 'epoch': 6.84}
{'loss': 0.0104, 'grad_norm': 1.0679328441619873, 'learning_rate': 4.1859892079792754e-07, 'epoch': 6.88}
{'loss': 0.0097, 'grad_norm': 0.4082082509994507, 'learning_rate': 4.1321257597953204e-07, 'epoch': 6.92}
{'loss': 0.0097, 'grad_norm': 0.7909449934959412, 'learning_rate': 4.0783559250861976e-07, 'epoch': 6.96}
{'loss': 0.015, 'grad_norm': 0.29721367359161377, 'learning_rate': 4.0246863884495334e-07, 'epoch': 7.0}
{'eval_loss': 0.003921326715499163, 'eval_score': 0.0021363769377770927, 'eval_err_F': 0.0009157460732480711, 'eval_err_M': 0.0017294999829340857, 'eval_err_diff': 0.0008137539096860146, 'eval_mse': 0.0008783938167478013, 'eval_mae': 0.02038180095241878, 'eval_runtime': 18.5429, 'eval_samples_per_second': 1078.578, 'eval_steps_per_second': 8.467, 'epoch': 7.0}
{'loss': 0.0095, 'grad_norm': 1.2920680046081543, 'learning_rate': 3.9711238220140215e-07, 'epoch': 7.04}
{'loss': 0.0104, 'grad_norm': 1.212281584739685, 'learning_rate': 3.9176748846099563e-07, 'epoch': 7.08}
{'loss': 0.011, 'grad_norm': 0.3580784499645233, 'learning_rate': 3.86434622094142e-07, 'epoch': 7.12}
{'loss': 0.01, 'grad_norm': 0.42396554350852966, 'learning_rate': 3.8111444607602114e-07, 'epoch': 7.16}
{'loss': 0.0152, 'grad_norm': 0.36395376920700073, 'learning_rate': 3.75807621804165e-07, 'epoch': 7.2}
{'loss': 0.012, 'grad_norm': 0.6097884178161621, 'learning_rate': 3.7051480901623347e-07, 'epoch': 7.24}
{'loss': 0.0098, 'grad_norm': 0.713969886302948, 'learning_rate': 3.652366657079967e-07, 'epoch': 7.28}
{'loss': 0.0097, 'grad_norm': 0.9721837639808655, 'learning_rate': 3.5997384805153316e-07, 'epoch': 7.32}
{'loss': 0.0105, 'grad_norm': 0.32759708166122437, 'learning_rate': 3.5472701031365647e-07, 'epoch': 7.36}
{'loss': 0.016, 'grad_norm': 0.9067413806915283, 'learning_rate': 3.4949680477457637e-07, 'epoch': 7.4}
{'loss': 0.0094, 'grad_norm': 0.6793240904808044, 'learning_rate': 3.442838816468095e-07, 'epoch': 7.44}
{'loss': 0.0091, 'grad_norm': 0.2140423059463501, 'learning_rate': 3.390888889943443e-07, 'epoch': 7.48}
{'loss': 0.0118, 'grad_norm': 0.5597177743911743, 'learning_rate': 3.339124726520756e-07, 'epoch': 7.52}
{'loss': 0.0094, 'grad_norm': 1.1281787157058716, 'learning_rate': 3.287552761455151e-07, 'epoch': 7.56}
{'loss': 0.01, 'grad_norm': 0.4091443717479706, 'learning_rate': 3.236179406107887e-07, 'epoch': 7.6}
{'loss': 0.0097, 'grad_norm': 0.48778679966926575, 'learning_rate': 3.185011047149313e-07, 'epoch': 7.64}
{'loss': 0.0092, 'grad_norm': 0.5116298198699951, 'learning_rate': 3.13405404576489e-07, 'epoch': 7.68}
{'loss': 0.0123, 'grad_norm': 0.8978304862976074, 'learning_rate': 3.083314736864375e-07, 'epoch': 7.72}
{'loss': 0.009, 'grad_norm': 1.55049467086792, 'learning_rate': 3.0327994282942673e-07, 'epoch': 7.76}
{'loss': 0.0095, 'grad_norm': 0.555016040802002, 'learning_rate': 2.982514400053631e-07, 'epoch': 7.8}
{'loss': 0.0088, 'grad_norm': 0.7472231984138489, 'learning_rate': 2.9324659035133743e-07, 'epoch': 7.84}
{'loss': 0.0147, 'grad_norm': 0.5851104259490967, 'learning_rate': 2.8826601606390813e-07, 'epoch': 7.88}
{'loss': 0.011, 'grad_norm': 0.6438271999359131, 'learning_rate': 2.8331033632175093e-07, 'epoch': 7.92}
{'loss': 0.0095, 'grad_norm': 0.6127281188964844, 'learning_rate': 2.783801672086832e-07, 'epoch': 7.96}
{'loss': 0.0095, 'grad_norm': 0.35385367274284363, 'learning_rate': 2.7347612163707375e-07, 'epoch': 8.0}
{'eval_loss': 0.0037669448647648096, 'eval_score': 0.0018557486839863788, 'eval_err_F': 0.0008500124917248758, 'eval_err_M': 0.0015205032865658777, 'eval_err_diff': 0.0006704907948410019, 'eval_mse': 0.0008480796553063283, 'eval_mae': 0.019775907532735802, 'eval_runtime': 18.5678, 'eval_samples_per_second': 1077.135, 'eval_steps_per_second': 8.456, 'epoch': 8.0}
{'loss': 0.0098, 'grad_norm': 0.3767543435096741, 'learning_rate': 2.68598809271645e-07, 'epoch': 8.04}
{'loss': 0.0099, 'grad_norm': 0.3444804847240448, 'learning_rate': 2.6374883645368183e-07, 'epoch': 8.08}
{'loss': 0.0098, 'grad_norm': 0.48693662881851196, 'learning_rate': 2.5892680612565126e-07, 'epoch': 8.12}
{'loss': 0.0088, 'grad_norm': 0.4621409773826599, 'learning_rate': 2.5413331775624497e-07, 'epoch': 8.16}
{'loss': 0.0094, 'grad_norm': 0.7999200224876404, 'learning_rate': 2.493689672658545e-07, 'epoch': 8.2}
{'loss': 0.0109, 'grad_norm': 1.5638850927352905, 'learning_rate': 2.4463434695248784e-07, 'epoch': 8.24}
{'loss': 0.0094, 'grad_norm': 0.7540966272354126, 'learning_rate': 2.3993004541813486e-07, 'epoch': 8.28}
{'loss': 0.0125, 'grad_norm': 0.35581424832344055, 'learning_rate': 2.3525664749559306e-07, 'epoch': 8.32}
{'loss': 0.0096, 'grad_norm': 0.5672457814216614, 'learning_rate': 2.306147341757621e-07, 'epoch': 8.36}
{'loss': 0.0089, 'grad_norm': 0.5460134148597717, 'learning_rate': 2.260048825354161e-07, 'epoch': 8.4}
{'loss': 0.0091, 'grad_norm': 0.5736989378929138, 'learning_rate': 2.2142766566546192e-07, 'epoch': 8.44}
{'loss': 0.01, 'grad_norm': 0.8344399333000183, 'learning_rate': 2.1688365259969272e-07, 'epoch': 8.48}
{'loss': 0.0088, 'grad_norm': 0.5435439944267273, 'learning_rate': 2.123734082440473e-07, 'epoch': 8.52}
{'loss': 0.0094, 'grad_norm': 0.7709989547729492, 'learning_rate': 2.0789749330638086e-07, 'epoch': 8.56}
{'loss': 0.0093, 'grad_norm': 1.240280270576477, 'learning_rate': 2.0345646422675938e-07, 'epoch': 8.6}
{'loss': 0.0089, 'grad_norm': 0.6733453273773193, 'learning_rate': 1.9905087310828278e-07, 'epoch': 8.64}
{'loss': 0.0101, 'grad_norm': 0.9065757393836975, 'learning_rate': 1.9468126764844886e-07, 'epoch': 8.68}
{'loss': 0.0113, 'grad_norm': 0.3635888695716858, 'learning_rate': 1.9034819107106417e-07, 'epoch': 8.72}
{'loss': 0.0094, 'grad_norm': 0.7267075181007385, 'learning_rate': 1.8605218205871064e-07, 'epoch': 8.76}
{'loss': 0.0088, 'grad_norm': 1.8107988834381104, 'learning_rate': 1.8179377468577743e-07, 'epoch': 8.8}
{'loss': 0.009, 'grad_norm': 0.7611508965492249, 'learning_rate': 1.7757349835206597e-07, 'epoch': 8.84}
{'loss': 0.0151, 'grad_norm': 0.47804975509643555, 'learning_rate': 1.733918777169753e-07, 'epoch': 8.88}
{'loss': 0.0128, 'grad_norm': 0.44892042875289917, 'learning_rate': 1.6924943263427668e-07, 'epoch': 8.92}
{'loss': 0.0093, 'grad_norm': 0.8671168684959412, 'learning_rate': 1.6514667808748655e-07, 'epoch': 8.96}
{'loss': 0.0118, 'grad_norm': 6.845468997955322, 'learning_rate': 1.610841241258443e-07, 'epoch': 9.0}
{'eval_loss': 0.0037434184923768044, 'eval_score': 0.0018786766749144318, 'eval_err_F': 0.0008721673904812841, 'eval_err_M': 0.0015431735801033825, 'eval_err_diff': 0.0006710061896220984, 'eval_mse': 0.0008337573260639555, 'eval_mae': 0.019652954446948208, 'eval_runtime': 18.5662, 'eval_samples_per_second': 1077.225, 'eval_steps_per_second': 8.456, 'epoch': 9.0}
{'loss': 0.0088, 'grad_norm': 0.7616328001022339, 'learning_rate': 1.5706227580090406e-07, 'epoch': 9.04}
{'loss': 0.0094, 'grad_norm': 1.160325288772583, 'learning_rate': 1.5308163310374583e-07, 'epoch': 9.08}
{'loss': 0.0091, 'grad_norm': 0.3977324366569519, 'learning_rate': 1.4914269090281932e-07, 'epoch': 9.12}
{'loss': 0.0087, 'grad_norm': 0.9480977654457092, 'learning_rate': 1.4524593888242065e-07, 'epoch': 9.16}
{'loss': 0.0106, 'grad_norm': 0.8280626535415649, 'learning_rate': 1.413918614818168e-07, 'epoch': 9.2}
{'loss': 0.009, 'grad_norm': 0.41010916233062744, 'learning_rate': 1.375809378350197e-07, 'epoch': 9.24}
{'loss': 0.009, 'grad_norm': 0.749077320098877, 'learning_rate': 1.3381364171122178e-07, 'epoch': 9.28}
{'loss': 0.0089, 'grad_norm': 0.6599193811416626, 'learning_rate': 1.3009044145589694e-07, 'epoch': 9.32}
{'loss': 0.0088, 'grad_norm': 0.2897018492221832, 'learning_rate': 1.2641179993257652e-07, 'epoch': 9.36}
{'loss': 0.0094, 'grad_norm': 0.8897548913955688, 'learning_rate': 1.2277817446530708e-07, 'epoch': 9.4}
{'loss': 0.009, 'grad_norm': 0.5297716856002808, 'learning_rate': 1.1919001678179623e-07, 'epoch': 9.44}
{'loss': 0.0091, 'grad_norm': 0.3759975731372833, 'learning_rate': 1.1564777295725446e-07, 'epoch': 9.48}
{'loss': 0.0093, 'grad_norm': 0.9175430536270142, 'learning_rate': 1.1215188335893922e-07, 'epoch': 9.52}
{'loss': 0.0088, 'grad_norm': 0.5536609292030334, 'learning_rate': 1.0870278259140945e-07, 'epoch': 9.56}
{'loss': 0.0088, 'grad_norm': 0.8698614835739136, 'learning_rate': 1.0530089944249645e-07, 'epoch': 9.6}
{'loss': 0.0089, 'grad_norm': 0.7058317065238953, 'learning_rate': 1.0194665682999647e-07, 'epoch': 9.64}
{'loss': 0.009, 'grad_norm': 1.8714213371276855, 'learning_rate': 9.864047174909519e-08, 'epoch': 9.68}
{'loss': 0.0099, 'grad_norm': 0.8077463507652283, 'learning_rate': 9.538275522052688e-08, 'epoch': 9.72}
{'loss': 0.0096, 'grad_norm': 0.6636205911636353, 'learning_rate': 9.217391223947666e-08, 'epoch': 9.76}
{'loss': 0.009, 'grad_norm': 1.0277940034866333, 'learning_rate': 8.901434172523227e-08, 'epoch': 9.8}
{'loss': 0.01, 'grad_norm': 0.45958125591278076, 'learning_rate': 8.590443647159107e-08, 'epoch': 9.84}
{'loss': 0.0091, 'grad_norm': 0.9329599142074585, 'learning_rate': 8.284458309802823e-08, 'epoch': 9.88}
{'loss': 0.0088, 'grad_norm': 0.42641717195510864, 'learning_rate': 7.98351620016326e-08, 'epoch': 9.92}
{'loss': 0.0089, 'grad_norm': 0.33502891659736633, 'learning_rate': 7.687654730981614e-08, 'epoch': 9.96}
{'loss': 0.0087, 'grad_norm': 0.4557937681674957, 'learning_rate': 7.396910683380346e-08, 'epoch': 10.0}
{'eval_loss': 0.004025791771709919, 'eval_score': 0.002133999251444682, 'eval_err_F': 0.0010993641340755617, 'eval_err_M': 0.0017891208789883087, 'eval_err_diff': 0.0006897567449127471, 'eval_mse': 0.0008385215948623515, 'eval_mae': 0.01975249851043809, 'eval_runtime': 18.678, 'eval_samples_per_second': 1070.779, 'eval_steps_per_second': 8.406, 'epoch': 10.0}
{'loss': 0.0146, 'grad_norm': 0.40758955478668213, 'learning_rate': 7.111320202290548e-08, 'epoch': 10.04}
{'loss': 0.0086, 'grad_norm': 0.4167748987674713, 'learning_rate': 6.830918791958432e-08, 'epoch': 10.08}
{'loss': 0.0093, 'grad_norm': 1.638040542602539, 'learning_rate': 6.55574131153156e-08, 'epoch': 10.12}
{'loss': 0.0087, 'grad_norm': 0.6862015724182129, 'learning_rate': 6.28582197072512e-08, 'epoch': 10.16}
{'loss': 0.0085, 'grad_norm': 1.3423264026641846, 'learning_rate': 6.021194325569086e-08, 'epoch': 10.2}
{'loss': 0.0083, 'grad_norm': 0.3813748061656952, 'learning_rate': 5.7618912742365086e-08, 'epoch': 10.24}
{'loss': 0.0084, 'grad_norm': 0.5444419384002686, 'learning_rate': 5.507945052953721e-08, 'epoch': 10.28}
{'loss': 0.0083, 'grad_norm': 0.4838835299015045, 'learning_rate': 5.259387231992744e-08, 'epoch': 10.32}
{'loss': 0.0086, 'grad_norm': 1.56731379032135, 'learning_rate': 5.016248711746481e-08, 'epoch': 10.36}
{'loss': 0.0102, 'grad_norm': 0.32369646430015564, 'learning_rate': 4.77855971888725e-08, 'epoch': 10.4}
{'loss': 0.0087, 'grad_norm': 1.0814800262451172, 'learning_rate': 4.5463498026090615e-08, 'epoch': 10.44}
{'loss': 0.009, 'grad_norm': 0.36914822459220886, 'learning_rate': 4.3196478309540745e-08, 'epoch': 10.48}
{'loss': 0.0085, 'grad_norm': 0.6688541173934937, 'learning_rate': 4.098481987223732e-08, 'epoch': 10.52}
{'loss': 0.009, 'grad_norm': 1.503029465675354, 'learning_rate': 3.882879766475105e-08, 'epoch': 10.56}
{'loss': 0.0097, 'grad_norm': 0.46934249997138977, 'learning_rate': 3.672867972102704e-08, 'epoch': 10.6}
{'loss': 0.0086, 'grad_norm': 0.6200644373893738, 'learning_rate': 3.468472712506344e-08, 'epoch': 10.64}
{'loss': 0.0088, 'grad_norm': 0.7251498699188232, 'learning_rate': 3.269719397845332e-08, 'epoch': 10.68}
{'loss': 0.0089, 'grad_norm': 1.290768027305603, 'learning_rate': 3.0766327368795684e-08, 'epoch': 10.72}
{'loss': 0.0094, 'grad_norm': 0.757125973701477, 'learning_rate': 2.889236733897737e-08, 'epoch': 10.76}
{'loss': 0.0084, 'grad_norm': 0.8793374300003052, 'learning_rate': 2.7075546857331536e-08, 'epoch': 10.8}
{'loss': 0.0085, 'grad_norm': 0.5918335914611816, 'learning_rate': 2.5316091788675063e-08, 'epoch': 10.84}
{'loss': 0.0094, 'grad_norm': 0.5672939419746399, 'learning_rate': 2.3614220866229724e-08, 'epoch': 10.88}
{'loss': 0.0094, 'grad_norm': 0.9299440979957581, 'learning_rate': 2.1970145664429175e-08, 'epoch': 10.92}
{'loss': 0.0097, 'grad_norm': 0.5035364627838135, 'learning_rate': 2.038407057261621e-08, 'epoch': 10.96}
{'loss': 0.009, 'grad_norm': 0.2326934039592743, 'learning_rate': 1.8856192769633825e-08, 'epoch': 11.0}
{'eval_loss': 0.0038699943106621504, 'eval_score': 0.0019858346122260204, 'eval_err_F': 0.001004666460716275, 'eval_err_M': 0.0016587785617227719, 'eval_err_diff': 0.0006541121010064969, 'eval_mse': 0.000822866587421618, 'eval_mae': 0.01943534595114652, 'eval_runtime': 18.5307, 'eval_samples_per_second': 1079.288, 'eval_steps_per_second': 8.472, 'epoch': 11.0}
{'train_runtime': 2675.1246, 'train_samples_per_second': 358.862, 'train_steps_per_second': 5.607, 'train_loss': 0.03297573523304679, 'epoch': 11.0}
[EMA] Swapped EMA weights into model (decay=0.9998)
[EMA] Swapped EMA weights into model (decay=0.9998)
score=0.00351 | err_diff=0.00110 | loss=0.00521
score=0.00351 | err_diff=0.00110 | loss=0.00521
Saved 30 worst predictions: results/optuna_dinov3-vitb16-3090-v2-ibot_trial_3/worst/worst.csv + results/optuna_dinov3-vitb16-3090-v2-ibot_trial_3/worst/images
Model saved: models:/m-02f06991b05443808ead5eccd314a444
Trial 3: score=inf err_F=inf err_M=inf err_diff=inf
Loaded 100,000 samples from data/raw/train.csv
Train: 80,000 | Val: 20,000
Loaded 100,000 samples from data/raw/train.csv
PMF ratios test/train (20 bins of 0.025): [0.215, 0.34, 0.566, 0.734, 0.929, 1.073, 1.311, 1.473, 1.649, 1.886, 1.98, 1.897, 1.593, 1.316, 1.307, 0.627, 0.904, 0.067, 0.067, 0.067]
Train: 80,000 | Val: 20,000
PMF ratios test/train (20 bins of 0.025): [0.215, 0.34, 0.566, 0.734, 0.929, 1.073, 1.311, 1.473, 1.649, 1.886, 1.98, 1.897, 1.593, 1.316, 1.307, 0.627, 0.904, 0.067, 0.067, 0.067]
eval_importance_reweight ON (eval_score reweighted to test distribution)
Cell reweight (2×20, 1/sqrt(count) normalized): max=5.409, min=0.087
eval_importance_reweight ON (eval_score reweighted to test distribution)
Cell reweight (2×20, 1/sqrt(count) normalized): max=5.409, min=0.087
DINOv3 drop_path_rate=0.13110708067022178 applied (linear 0 → 0.131 across 12 blocks via sample_drop_ratio)
DINOv3 drop_path_rate=0.13110708067022178 applied (linear 0 → 0.131 across 12 blocks via sample_drop_ratio)
Loaded DINOv3 weights: dinov3_vitb16_pretrain_lvd1689m-73cec8be.pth
Loading pretrained backbone from runs:/c2c396cae2f74566a413502633de7781/encoder
Loaded DINOv3 weights: dinov3_vitb16_pretrain_lvd1689m-73cec8be.pth
Loading pretrained backbone from runs:/c2c396cae2f74566a413502633de7781/encoder
  loaded (0 missing, 0 unexpected keys)
  loaded (0 missing, 0 unexpected keys)
  logged 141 pretrain_* params from run c2c396cae2f74566a413502633de7781
  logged 141 pretrain_* params from run c2c396cae2f74566a413502633de7781
EMA enabled: decay=0.9998, warmup_steps=200
EMA enabled: decay=0.9998, warmup_steps=200
WeightedMSELoss: focal_gamma=0.0, fairness_lambda=1.2569189395487996, cell_reweight=on (max=5.41, min=0.09)
Training dinov3-vitb16-3090-v2-ibot_trial4 (best_metric=eval_score)
WeightedMSELoss: focal_gamma=0.0, fairness_lambda=1.2569189395487996, cell_reweight=on (max=5.41, min=0.09)
Training dinov3-vitb16-3090-v2-ibot_trial4 (best_metric=eval_score)
LLRD: 14 groups, LR ∈ [3.58e-07, 5.42e-05]
LLRD: 14 groups, LR ∈ [3.58e-07, 5.42e-05]
{'loss': 0.3057, 'grad_norm': 17.28490447998047, 'learning_rate': 1.2565454502130433e-08, 'epoch': 0.04}
{'loss': 0.1026, 'grad_norm': 5.105734348297119, 'learning_rate': 2.5130909004260866e-08, 'epoch': 0.08}
{'loss': 0.0761, 'grad_norm': 2.3346633911132812, 'learning_rate': 3.76963635063913e-08, 'epoch': 0.12}
{'loss': 0.0667, 'grad_norm': 1.8524067401885986, 'learning_rate': 5.026181800852173e-08, 'epoch': 0.16}
{'loss': 0.0746, 'grad_norm': 3.8667924404144287, 'learning_rate': 6.282727251065216e-08, 'epoch': 0.2}
{'loss': 0.0667, 'grad_norm': 5.878194808959961, 'learning_rate': 7.53927270127826e-08, 'epoch': 0.24}
{'loss': 0.0597, 'grad_norm': 3.615831136703491, 'learning_rate': 8.795818151491303e-08, 'epoch': 0.28}
{'loss': 0.0661, 'grad_norm': 2.1163933277130127, 'learning_rate': 1.0052363601704346e-07, 'epoch': 0.32}
{'loss': 0.0642, 'grad_norm': 2.7969655990600586, 'learning_rate': 1.130890905191739e-07, 'epoch': 0.36}
{'loss': 0.066, 'grad_norm': 5.924444675445557, 'learning_rate': 1.2565454502130432e-07, 'epoch': 0.4}
{'loss': 0.0636, 'grad_norm': 2.8528637886047363, 'learning_rate': 1.3821999952343476e-07, 'epoch': 0.44}
{'loss': 0.0572, 'grad_norm': 4.458664417266846, 'learning_rate': 1.507854540255652e-07, 'epoch': 0.48}
{'loss': 0.0562, 'grad_norm': 1.6717853546142578, 'learning_rate': 1.6335090852769563e-07, 'epoch': 0.52}
{'loss': 0.0634, 'grad_norm': 1.5957714319229126, 'learning_rate': 1.7591636302982606e-07, 'epoch': 0.56}
{'loss': 0.0598, 'grad_norm': 2.3499209880828857, 'learning_rate': 1.884818175319565e-07, 'epoch': 0.6}
{'loss': 0.0613, 'grad_norm': 3.596816301345825, 'learning_rate': 2.0104727203408693e-07, 'epoch': 0.64}
{'loss': 0.0632, 'grad_norm': 5.092329502105713, 'learning_rate': 2.1361272653621734e-07, 'epoch': 0.68}
{'loss': 0.0669, 'grad_norm': 4.3823747634887695, 'learning_rate': 2.261781810383478e-07, 'epoch': 0.72}
{'loss': 0.0655, 'grad_norm': 4.041031360626221, 'learning_rate': 2.387436355404782e-07, 'epoch': 0.76}
{'loss': 0.0822, 'grad_norm': 3.225834608078003, 'learning_rate': 2.5130909004260864e-07, 'epoch': 0.8}
{'loss': 0.056, 'grad_norm': 3.303276538848877, 'learning_rate': 2.638745445447391e-07, 'epoch': 0.84}
{'loss': 0.0556, 'grad_norm': 2.838548421859741, 'learning_rate': 2.764399990468695e-07, 'epoch': 0.88}
{'loss': 0.0564, 'grad_norm': 8.916586875915527, 'learning_rate': 2.8900545354899995e-07, 'epoch': 0.92}
{'loss': 0.0555, 'grad_norm': 5.066247463226318, 'learning_rate': 3.015709080511304e-07, 'epoch': 0.96}
{'loss': 0.0506, 'grad_norm': 2.5539278984069824, 'learning_rate': 3.141363625532608e-07, 'epoch': 1.0}
{'eval_loss': 0.014172305352985859, 'eval_score': 0.005716783303433936, 'eval_err_F': 0.0052723261385180615, 'eval_err_M': 0.0055686309151286445, 'eval_err_diff': 0.00029630477661058297, 'eval_mse': 0.002443998265741339, 'eval_mae': 0.03401059664755685, 'eval_runtime': 18.4328, 'eval_samples_per_second': 1085.025, 'eval_steps_per_second': 8.517, 'epoch': 1.0}
{'loss': 0.0489, 'grad_norm': 3.593308210372925, 'learning_rate': 3.2670181705539125e-07, 'epoch': 1.04}
{'loss': 0.0584, 'grad_norm': 1.7227396965026855, 'learning_rate': 3.392672715575217e-07, 'epoch': 1.08}
{'loss': 0.0521, 'grad_norm': 6.122129917144775, 'learning_rate': 3.518327260596521e-07, 'epoch': 1.12}
{'loss': 0.0432, 'grad_norm': 3.934708595275879, 'learning_rate': 3.576099091420942e-07, 'epoch': 1.16}
{'loss': 0.0477, 'grad_norm': 1.5985541343688965, 'learning_rate': 3.575890383562189e-07, 'epoch': 1.2}
{'loss': 0.0451, 'grad_norm': 1.6656944751739502, 'learning_rate': 3.5754810186565625e-07, 'epoch': 1.24}
{'loss': 0.042, 'grad_norm': 2.1807613372802734, 'learning_rate': 3.574871042649217e-07, 'epoch': 1.28}
{'loss': 0.0404, 'grad_norm': 3.4143762588500977, 'learning_rate': 3.5740605240009384e-07, 'epoch': 1.32}
{'loss': 0.0354, 'grad_norm': 2.1503636837005615, 'learning_rate': 3.573049553680455e-07, 'epoch': 1.36}
{'loss': 0.0399, 'grad_norm': 1.126741647720337, 'learning_rate': 3.5718382451542307e-07, 'epoch': 1.4}
{'loss': 0.0481, 'grad_norm': 2.0478646755218506, 'learning_rate': 3.5704267343737317e-07, 'epoch': 1.44}
{'loss': 0.0376, 'grad_norm': 2.1878433227539062, 'learning_rate': 3.5688151797601637e-07, 'epoch': 1.48}
{'loss': 0.0306, 'grad_norm': 3.86120343208313, 'learning_rate': 3.567003762186694e-07, 'epoch': 1.52}
{'loss': 0.0314, 'grad_norm': 1.133712649345398, 'learning_rate': 3.564992684958152e-07, 'epoch': 1.56}
{'loss': 0.0356, 'grad_norm': 1.04622483253479, 'learning_rate': 3.5627821737882093e-07, 'epoch': 1.6}
{'loss': 0.0272, 'grad_norm': 1.4852499961853027, 'learning_rate': 3.560372476774048e-07, 'epoch': 1.64}
{'loss': 0.0278, 'grad_norm': 3.6249101161956787, 'learning_rate': 3.557763864368513e-07, 'epoch': 1.68}
{'loss': 0.0382, 'grad_norm': 1.8255500793457031, 'learning_rate': 3.5549566293497626e-07, 'epoch': 1.72}
{'loss': 0.0316, 'grad_norm': 0.40473681688308716, 'learning_rate': 3.5519510867884026e-07, 'epoch': 1.76}
{'loss': 0.0325, 'grad_norm': 4.590321063995361, 'learning_rate': 3.54874757401213e-07, 'epoch': 1.8}
{'loss': 0.0258, 'grad_norm': 2.3951902389526367, 'learning_rate': 3.5453464505678673e-07, 'epoch': 1.84}
{'loss': 0.0296, 'grad_norm': 0.5110109448432922, 'learning_rate': 3.541748098181413e-07, 'epoch': 1.88}
{'loss': 0.0266, 'grad_norm': 1.4293493032455444, 'learning_rate': 3.5379529207145975e-07, 'epoch': 1.92}
{'loss': 0.0265, 'grad_norm': 1.2097699642181396, 'learning_rate': 3.533961344119953e-07, 'epoch': 1.96}
{'loss': 0.0273, 'grad_norm': 3.0531227588653564, 'learning_rate': 3.5297738163929124e-07, 'epoch': 2.0}
{'eval_loss': 0.01078098639845848, 'eval_score': 0.005498624586361371, 'eval_err_F': 0.005310385225499762, 'eval_err_M': 0.005435878132740835, 'eval_err_diff': 0.00012549290724107268, 'eval_mse': 0.003864622204631514, 'eval_mae': 0.04979863015792889, 'eval_runtime': 18.5028, 'eval_samples_per_second': 1080.916, 'eval_steps_per_second': 8.485, 'epoch': 2.0}
{'loss': 0.0221, 'grad_norm': 0.7785727977752686, 'learning_rate': 3.5253908075215197e-07, 'epoch': 2.04}
{'loss': 0.0227, 'grad_norm': 2.055187940597534, 'learning_rate': 3.5208128094336907e-07, 'epoch': 2.08}
{'loss': 0.021, 'grad_norm': 1.4322589635849, 'learning_rate': 3.5160403359419935e-07, 'epoch': 2.12}
{'loss': 0.0295, 'grad_norm': 5.827664375305176, 'learning_rate': 3.511073922685984e-07, 'epoch': 2.16}
{'loss': 0.022, 'grad_norm': 0.21922485530376434, 'learning_rate': 3.505914127072091e-07, 'epoch': 2.2}
{'loss': 0.0271, 'grad_norm': 1.962197184562683, 'learning_rate': 3.5005615282110476e-07, 'epoch': 2.24}
{'loss': 0.0262, 'grad_norm': 2.826737880706787, 'learning_rate': 3.4950167268529024e-07, 'epoch': 2.28}
{'loss': 0.021, 'grad_norm': 1.2322458028793335, 'learning_rate': 3.489280345319592e-07, 'epoch': 2.32}
{'loss': 0.0208, 'grad_norm': 2.5842084884643555, 'learning_rate': 3.483353027435092e-07, 'epoch': 2.36}
{'loss': 0.0299, 'grad_norm': 2.322406530380249, 'learning_rate': 3.4772354384531594e-07, 'epoch': 2.4}
{'loss': 0.0196, 'grad_norm': 2.0136725902557373, 'learning_rate': 3.4709282649826687e-07, 'epoch': 2.44}
{'loss': 0.0228, 'grad_norm': 1.4774240255355835, 'learning_rate': 3.4644322149105487e-07, 'epoch': 2.48}
{'loss': 0.0219, 'grad_norm': 0.7412575483322144, 'learning_rate': 3.457748017322331e-07, 'epoch': 2.52}
{'loss': 0.0283, 'grad_norm': 3.0197644233703613, 'learning_rate': 3.4508764224203257e-07, 'epoch': 2.56}
{'loss': 0.0173, 'grad_norm': 1.253531575202942, 'learning_rate': 3.4438182014394176e-07, 'epoch': 2.6}
{'loss': 0.021, 'grad_norm': 2.3323326110839844, 'learning_rate': 3.436574146560509e-07, 'epoch': 2.64}
{'loss': 0.0276, 'grad_norm': 1.8724613189697266, 'learning_rate': 3.429145070821608e-07, 'epoch': 2.68}
{'loss': 0.0159, 'grad_norm': 0.9765204191207886, 'learning_rate': 3.421531808026577e-07, 'epoch': 2.72}
{'loss': 0.0152, 'grad_norm': 1.3162575960159302, 'learning_rate': 3.413735212651553e-07, 'epoch': 2.76}
{'loss': 0.0164, 'grad_norm': 1.2808729410171509, 'learning_rate': 3.405756159749042e-07, 'epoch': 2.8}
{'loss': 0.0136, 'grad_norm': 2.608729600906372, 'learning_rate': 3.397595544849707e-07, 'epoch': 2.84}
{'loss': 0.0135, 'grad_norm': 2.9026520252227783, 'learning_rate': 3.389254283861864e-07, 'epoch': 2.88}
{'loss': 0.0158, 'grad_norm': 1.757348895072937, 'learning_rate': 3.3807333129686755e-07, 'epoch': 2.92}
{'loss': 0.0151, 'grad_norm': 0.9943969249725342, 'learning_rate': 3.372033588523085e-07, 'epoch': 2.96}
{'loss': 0.013, 'grad_norm': 0.9258593916893005, 'learning_rate': 3.363156086940478e-07, 'epoch': 3.0}
{'eval_loss': 0.006617974955588579, 'eval_score': 0.002613986097115033, 'eval_err_F': 0.002196122816032522, 'eval_err_M': 0.002474698336754196, 'eval_err_diff': 0.0002785755207216742, 'eval_mse': 0.001407159525170314, 'eval_mae': 0.02723539055211095, 'eval_runtime': 18.7368, 'eval_samples_per_second': 1067.417, 'eval_steps_per_second': 8.379, 'epoch': 3.0}
{'loss': 0.0127, 'grad_norm': 2.857827663421631, 'learning_rate': 3.3541018045890946e-07, 'epoch': 3.04}
{'loss': 0.0163, 'grad_norm': 0.6634594798088074, 'learning_rate': 3.3448717576781996e-07, 'epoch': 3.08}
{'loss': 0.0162, 'grad_norm': 0.9754079580307007, 'learning_rate': 3.335466982144032e-07, 'epoch': 3.12}
{'loss': 0.013, 'grad_norm': 0.3928317725658417, 'learning_rate': 3.325888533533532e-07, 'epoch': 3.16}
{'loss': 0.0148, 'grad_norm': 0.5597242116928101, 'learning_rate': 3.316137486885876e-07, 'epoch': 3.2}
{'loss': 0.0169, 'grad_norm': 2.699396848678589, 'learning_rate': 3.3062149366118137e-07, 'epoch': 3.24}
{'loss': 0.0119, 'grad_norm': 0.3830631375312805, 'learning_rate': 3.296121996370843e-07, 'epoch': 3.28}
{'loss': 0.0124, 'grad_norm': 0.4661366939544678, 'learning_rate': 3.285859798946215e-07, 'epoch': 3.32}
{'loss': 0.0244, 'grad_norm': 0.5291402339935303, 'learning_rate': 3.275429496117796e-07, 'epoch': 3.36}
{'loss': 0.0283, 'grad_norm': 0.3906897306442261, 'learning_rate': 3.264832258532795e-07, 'epoch': 3.4}
{'loss': 0.0134, 'grad_norm': 3.4828052520751953, 'learning_rate': 3.25406927557438e-07, 'epoch': 3.44}
{'loss': 0.0186, 'grad_norm': 0.9995490908622742, 'learning_rate': 3.2431417552281867e-07, 'epoch': 3.48}
{'loss': 0.0115, 'grad_norm': 1.363357663154602, 'learning_rate': 3.232050923946737e-07, 'epoch': 3.52}
{'loss': 0.0109, 'grad_norm': 1.1989415884017944, 'learning_rate': 3.2207980265117903e-07, 'epoch': 3.56}
{'loss': 0.013, 'grad_norm': 0.8040074706077576, 'learning_rate': 3.2093843258946335e-07, 'epoch': 3.6}
{'loss': 0.0153, 'grad_norm': 2.495983123779297, 'learning_rate': 3.197811103114334e-07, 'epoch': 3.64}
{'loss': 0.0117, 'grad_norm': 2.4466023445129395, 'learning_rate': 3.1860796570939607e-07, 'epoch': 3.68}
{'loss': 0.0107, 'grad_norm': 2.895616054534912, 'learning_rate': 3.174191304514802e-07, 'epoch': 3.72}
{'loss': 0.0119, 'grad_norm': 0.4840194880962372, 'learning_rate': 3.162147379668586e-07, 'epoch': 3.76}
{'loss': 0.0113, 'grad_norm': 0.465924471616745, 'learning_rate': 3.1499492343077264e-07, 'epoch': 3.8}
{'loss': 0.0143, 'grad_norm': 1.8645762205123901, 'learning_rate': 3.137598237493609e-07, 'epoch': 3.84}
{'loss': 0.0099, 'grad_norm': 0.55445796251297, 'learning_rate': 3.1250957754429346e-07, 'epoch': 3.88}
{'loss': 0.0123, 'grad_norm': 0.7524510025978088, 'learning_rate': 3.1124432513721356e-07, 'epoch': 3.92}
{'loss': 0.0099, 'grad_norm': 2.734297275543213, 'learning_rate': 3.0996420853398865e-07, 'epoch': 3.96}
{'loss': 0.0109, 'grad_norm': 1.5289732217788696, 'learning_rate': 3.0866937140877235e-07, 'epoch': 4.0}
{'eval_loss': 0.005893378984183073, 'eval_score': 0.0024948655388616235, 'eval_err_F': 0.0016069495246287902, 'eval_err_M': 0.0021988935341173458, 'eval_err_diff': 0.0005919440094885556, 'eval_mse': 0.001254271308611187, 'eval_mae': 0.024694886909123488, 'eval_runtime': 18.5793, 'eval_samples_per_second': 1076.47, 'eval_steps_per_second': 8.45, 'epoch': 4.0}
{'loss': 0.0086, 'grad_norm': 0.40237653255462646, 'learning_rate': 3.073599590878792e-07, 'epoch': 4.04}
{'loss': 0.0307, 'grad_norm': 3.6640625, 'learning_rate': 3.0603611853347374e-07, 'epoch': 4.08}
{'loss': 0.0101, 'grad_norm': 0.35705897212028503, 'learning_rate': 3.046979983270765e-07, 'epoch': 4.12}
{'loss': 0.0149, 'grad_norm': 0.586011528968811, 'learning_rate': 3.033457486528874e-07, 'epoch': 4.16}
{'loss': 0.0183, 'grad_norm': 0.9116066098213196, 'learning_rate': 3.019795212809304e-07, 'epoch': 4.2}
{'loss': 0.01, 'grad_norm': 1.5048161745071411, 'learning_rate': 3.0059946955001927e-07, 'epoch': 4.24}
{'loss': 0.0127, 'grad_norm': 1.6385575532913208, 'learning_rate': 2.992057483505474e-07, 'epoch': 4.28}
{'loss': 0.0223, 'grad_norm': 0.6558212637901306, 'learning_rate': 2.97798514107104e-07, 'epoch': 4.32}
{'loss': 0.0103, 'grad_norm': 0.3390425443649292, 'learning_rate': 2.9637792476091754e-07, 'epoch': 4.36}
{'loss': 0.0089, 'grad_norm': 1.3600058555603027, 'learning_rate': 2.949441397521292e-07, 'epoch': 4.4}
{'loss': 0.0098, 'grad_norm': 1.7826122045516968, 'learning_rate': 2.9349732000189814e-07, 'epoch': 4.44}
{'loss': 0.0127, 'grad_norm': 1.1448122262954712, 'learning_rate': 2.9203762789434035e-07, 'epoch': 4.48}
{'loss': 0.0177, 'grad_norm': 0.32037895917892456, 'learning_rate': 2.905652272583037e-07, 'epoch': 4.52}
{'loss': 0.0101, 'grad_norm': 1.6926873922348022, 'learning_rate': 2.8908028334898023e-07, 'epoch': 4.56}
{'loss': 0.0093, 'grad_norm': 0.5646963119506836, 'learning_rate': 2.875829628293589e-07, 'epoch': 4.6}
{'loss': 0.0111, 'grad_norm': 0.8938782811164856, 'learning_rate': 2.860734337515202e-07, 'epoch': 4.64}
{'loss': 0.0089, 'grad_norm': 1.1389193534851074, 'learning_rate': 2.845518655377747e-07, 'epoch': 4.68}
{'loss': 0.0113, 'grad_norm': 1.4938547611236572, 'learning_rate': 2.8301842896164775e-07, 'epoch': 4.72}
{'loss': 0.0088, 'grad_norm': 0.9714069366455078, 'learning_rate': 2.8147329612871283e-07, 'epoch': 4.76}
{'loss': 0.0113, 'grad_norm': 2.028047800064087, 'learning_rate': 2.799166404572755e-07, 'epoch': 4.8}
{'loss': 0.0095, 'grad_norm': 2.5562846660614014, 'learning_rate': 2.783486366589092e-07, 'epoch': 4.84}
{'loss': 0.0084, 'grad_norm': 1.6013574600219727, 'learning_rate': 2.7676946071884685e-07, 'epoch': 4.88}
{'loss': 0.0195, 'grad_norm': 0.8824082612991333, 'learning_rate': 2.751792898762292e-07, 'epoch': 4.92}
{'loss': 0.0083, 'grad_norm': 0.3380778431892395, 'learning_rate': 2.735783026042118e-07, 'epoch': 4.96}
{'loss': 0.0101, 'grad_norm': 3.1269121170043945, 'learning_rate': 2.719666785899349e-07, 'epoch': 5.0}
{'eval_loss': 0.0064430818893015385, 'eval_score': 0.002173008261468852, 'eval_err_F': 0.002142832333858918, 'eval_err_M': 0.0020824804786390497, 'eval_err_diff': 6.035185521986817e-05, 'eval_mse': 0.0012553159181837856, 'eval_mae': 0.024962410692801678, 'eval_runtime': 18.5929, 'eval_samples_per_second': 1075.678, 'eval_steps_per_second': 8.444, 'epoch': 5.0}
{'loss': 0.0109, 'grad_norm': 1.8545206785202026, 'learning_rate': 2.703445987143552e-07, 'epoch': 5.04}
{'loss': 0.0113, 'grad_norm': 0.5868479013442993, 'learning_rate': 2.687122450319456e-07, 'epoch': 5.08}
{'loss': 0.0147, 'grad_norm': 0.6038364171981812, 'learning_rate': 2.670698007502617e-07, 'epoch': 5.12}
{'loss': 0.0079, 'grad_norm': 0.5513591766357422, 'learning_rate': 2.6541745020937947e-07, 'epoch': 5.16}
{'loss': 0.0108, 'grad_norm': 1.359236478805542, 'learning_rate': 2.637553788612062e-07, 'epoch': 5.2}
{'loss': 0.0164, 'grad_norm': 0.9842809438705444, 'learning_rate': 2.620837732486658e-07, 'epoch': 5.24}
{'loss': 0.0077, 'grad_norm': 1.068179965019226, 'learning_rate': 2.6040282098476245e-07, 'epoch': 5.28}
{'loss': 0.0113, 'grad_norm': 1.454348087310791, 'learning_rate': 2.587127107315237e-07, 'epoch': 5.32}
{'loss': 0.0095, 'grad_norm': 2.0530102252960205, 'learning_rate': 2.570136321788258e-07, 'epoch': 5.36}
{'loss': 0.0089, 'grad_norm': 0.7951261401176453, 'learning_rate': 2.553057760231041e-07, 'epoch': 5.4}
{'loss': 0.0178, 'grad_norm': 0.8622860312461853, 'learning_rate': 2.5358933394595004e-07, 'epoch': 5.44}
{'loss': 0.0114, 'grad_norm': 1.8142529726028442, 'learning_rate': 2.5186449859259763e-07, 'epoch': 5.48}
{'loss': 0.0084, 'grad_norm': 1.7360142469406128, 'learning_rate': 2.501314635503022e-07, 'epoch': 5.52}
{'loss': 0.0077, 'grad_norm': 1.5042657852172852, 'learning_rate': 2.4839042332661253e-07, 'epoch': 5.56}
{'loss': 0.0229, 'grad_norm': 0.26719993352890015, 'learning_rate': 2.4664157332754095e-07, 'epoch': 5.6}
{'loss': 0.0086, 'grad_norm': 0.8744062781333923, 'learning_rate': 2.4488510983563147e-07, 'epoch': 5.64}
{'loss': 0.0118, 'grad_norm': 1.0431568622589111, 'learning_rate': 2.4312122998792987e-07, 'epoch': 5.68}
{'loss': 0.0122, 'grad_norm': 0.8103941082954407, 'learning_rate': 2.4135013175385834e-07, 'epoch': 5.72}
{'loss': 0.0083, 'grad_norm': 0.17081627249717712, 'learning_rate': 2.3957201391299613e-07, 'epoch': 5.76}
{'loss': 0.0086, 'grad_norm': 0.5785590410232544, 'learning_rate': 2.3778707603276953e-07, 'epoch': 5.8}
{'loss': 0.0083, 'grad_norm': 0.8496295213699341, 'learning_rate': 2.3599551844605336e-07, 'epoch': 5.84}
{'loss': 0.0102, 'grad_norm': 0.34544339776039124, 'learning_rate': 2.3419754222868653e-07, 'epoch': 5.88}
{'loss': 0.0075, 'grad_norm': 0.32786816358566284, 'learning_rate': 2.323933491769044e-07, 'epoch': 5.92}
{'loss': 0.0073, 'grad_norm': 0.477577269077301, 'learning_rate': 2.305831417846899e-07, 'epoch': 5.96}
{'loss': 0.0121, 'grad_norm': 0.5327767133712769, 'learning_rate': 2.2876712322104688e-07, 'epoch': 6.0}
{'eval_loss': 0.005808949936181307, 'eval_score': 0.0022913467014638177, 'eval_err_F': 0.0014461949443637686, 'eval_err_M': 0.0020096294490971347, 'eval_err_diff': 0.000563434504733366, 'eval_mse': 0.0010640971914092315, 'eval_mae': 0.022792480186676584, 'eval_runtime': 18.5353, 'eval_samples_per_second': 1079.021, 'eval_steps_per_second': 8.47, 'epoch': 6.0}
{'loss': 0.0085, 'grad_norm': 0.6420310735702515, 'learning_rate': 2.26945497307197e-07, 'epoch': 6.04}
{'loss': 0.0114, 'grad_norm': 0.6860839128494263, 'learning_rate': 2.251184684937043e-07, 'epoch': 6.08}
{'loss': 0.017, 'grad_norm': 1.5157015323638916, 'learning_rate': 2.2328624183752818e-07, 'epoch': 6.12}
{'loss': 0.0083, 'grad_norm': 2.060380697250366, 'learning_rate': 2.2144902297900914e-07, 'epoch': 6.16}
{'loss': 0.0169, 'grad_norm': 13.438254356384277, 'learning_rate': 2.1960701811878843e-07, 'epoch': 6.2}
{'loss': 0.0074, 'grad_norm': 2.210606336593628, 'learning_rate': 2.1776043399466528e-07, 'epoch': 6.24}
{'loss': 0.0122, 'grad_norm': 0.46894538402557373, 'learning_rate': 2.159094778583935e-07, 'epoch': 6.28}
{'loss': 0.0082, 'grad_norm': 1.0682560205459595, 'learning_rate': 2.1405435745242062e-07, 'epoch': 6.32}
{'loss': 0.0109, 'grad_norm': 4.474473476409912, 'learning_rate': 2.1219528098657187e-07, 'epoch': 6.36}
{'loss': 0.0148, 'grad_norm': 2.5307579040527344, 'learning_rate': 2.1033245711468175e-07, 'epoch': 6.4}
{'loss': 0.0097, 'grad_norm': 0.9492254257202148, 'learning_rate': 2.084660949111754e-07, 'epoch': 6.44}
{'loss': 0.0061, 'grad_norm': 0.7835255861282349, 'learning_rate': 2.0659640384760367e-07, 'epoch': 6.48}
{'loss': 0.0088, 'grad_norm': 2.1668694019317627, 'learning_rate': 2.0472359376913247e-07, 'epoch': 6.52}
{'loss': 0.0095, 'grad_norm': 0.6122357249259949, 'learning_rate': 2.0284787487099118e-07, 'epoch': 6.56}
{'loss': 0.0069, 'grad_norm': 2.06489896774292, 'learning_rate': 2.0096945767488096e-07, 'epoch': 6.6}
{'loss': 0.0074, 'grad_norm': 0.4813403785228729, 'learning_rate': 1.990885530053472e-07, 'epoch': 6.64}
{'loss': 0.0063, 'grad_norm': 0.4743986129760742, 'learning_rate': 1.972053719661173e-07, 'epoch': 6.68}
{'loss': 0.009, 'grad_norm': 1.83456552028656, 'learning_rate': 1.9532012591640744e-07, 'epoch': 6.72}
{'loss': 0.0067, 'grad_norm': 0.6534728407859802, 'learning_rate': 1.9343302644720078e-07, 'epoch': 6.76}
{'loss': 0.0165, 'grad_norm': 0.258905291557312, 'learning_rate': 1.915442853574993e-07, 'epoch': 6.8}
{'loss': 0.0081, 'grad_norm': 0.8988629579544067, 'learning_rate': 1.8965411463055274e-07, 'epoch': 6.84}
{'loss': 0.0151, 'grad_norm': 0.2936219573020935, 'learning_rate': 1.8776272641006628e-07, 'epoch': 6.88}
{'loss': 0.0071, 'grad_norm': 0.3261008858680725, 'learning_rate': 1.8587033297639094e-07, 'epoch': 6.92}
{'loss': 0.0106, 'grad_norm': 0.720348060131073, 'learning_rate': 1.8397714672269791e-07, 'epoch': 6.96}
{'loss': 0.0075, 'grad_norm': 0.42287805676460266, 'learning_rate': 1.8208338013114077e-07, 'epoch': 7.0}
{'eval_loss': 0.004674031864851713, 'eval_score': 0.001809079978081317, 'eval_err_F': 0.0011765340655038774, 'eval_err_M': 0.0015982313405555038, 'eval_err_diff': 0.0004216972750516264, 'eval_mse': 0.0010697069330796688, 'eval_mae': 0.021880483520707095, 'eval_runtime': 18.6657, 'eval_samples_per_second': 1071.482, 'eval_steps_per_second': 8.411, 'epoch': 7.0}
{'loss': 0.0144, 'grad_norm': 0.5834633111953735, 'learning_rate': 1.8018924574900743e-07, 'epoch': 7.04}
{'loss': 0.0067, 'grad_norm': 2.4015917778015137, 'learning_rate': 1.7829495616486487e-07, 'epoch': 7.08}
{'loss': 0.0055, 'grad_norm': 0.8394046425819397, 'learning_rate': 1.76400723984699e-07, 'epoch': 7.12}
{'loss': 0.0072, 'grad_norm': 0.7817011475563049, 'learning_rate': 1.7450676180805344e-07, 'epoch': 7.16}
{'loss': 0.0064, 'grad_norm': 0.7286196351051331, 'learning_rate': 1.7261328220416742e-07, 'epoch': 7.2}
{'loss': 0.0056, 'grad_norm': 0.7942626476287842, 'learning_rate': 1.7072049768811873e-07, 'epoch': 7.24}
{'loss': 0.0105, 'grad_norm': 0.20654411613941193, 'learning_rate': 1.688286206969719e-07, 'epoch': 7.28}
{'loss': 0.0066, 'grad_norm': 0.21621818840503693, 'learning_rate': 1.6693786356593515e-07, 'epoch': 7.32}
{'loss': 0.0083, 'grad_norm': 0.22273805737495422, 'learning_rate': 1.650484385045288e-07, 'epoch': 7.36}
{'loss': 0.0061, 'grad_norm': 0.4969903230667114, 'learning_rate': 1.631605575727684e-07, 'epoch': 7.4}
{'loss': 0.007, 'grad_norm': 0.3562174141407013, 'learning_rate': 1.612744326573635e-07, 'epoch': 7.44}
{'loss': 0.0186, 'grad_norm': 0.9521880745887756, 'learning_rate': 1.5939027544793688e-07, 'epoch': 7.48}
{'loss': 0.0064, 'grad_norm': 0.9535992741584778, 'learning_rate': 1.5750829741326547e-07, 'epoch': 7.52}
{'loss': 0.0069, 'grad_norm': 0.314438134431839, 'learning_rate': 1.5562870977754604e-07, 'epoch': 7.56}
{'loss': 0.0091, 'grad_norm': 0.5889964699745178, 'learning_rate': 1.5375172349668833e-07, 'epoch': 7.6}
{'loss': 0.0055, 'grad_norm': 0.39637836813926697, 'learning_rate': 1.5187754923463878e-07, 'epoch': 7.64}
{'loss': 0.0244, 'grad_norm': 1.0132973194122314, 'learning_rate': 1.500063973397359e-07, 'epoch': 7.68}
{'loss': 0.0078, 'grad_norm': 0.2835996150970459, 'learning_rate': 1.4813847782110247e-07, 'epoch': 7.72}
{'loss': 0.0057, 'grad_norm': 0.4249705970287323, 'learning_rate': 1.4627400032507484e-07, 'epoch': 7.76}
{'loss': 0.0098, 'grad_norm': 6.857471942901611, 'learning_rate': 1.444131741116731e-07, 'epoch': 7.8}
{'loss': 0.0053, 'grad_norm': 0.3503016531467438, 'learning_rate': 1.4255620803111502e-07, 'epoch': 7.84}
{'loss': 0.0055, 'grad_norm': 0.5262182950973511, 'learning_rate': 1.4070331050037534e-07, 'epoch': 7.88}
{'loss': 0.0125, 'grad_norm': 3.81252384185791, 'learning_rate': 1.3885468947979455e-07, 'epoch': 7.92}
{'loss': 0.0065, 'grad_norm': 0.4233013391494751, 'learning_rate': 1.3701055244973796e-07, 'epoch': 7.96}
{'loss': 0.006, 'grad_norm': 0.1834622323513031, 'learning_rate': 1.351711063873092e-07, 'epoch': 8.0}
{'eval_loss': 0.004266509786248207, 'eval_score': 0.0017678679971784475, 'eval_err_F': 0.0010122500456129582, 'eval_err_M': 0.0015159953466566177, 'eval_err_diff': 0.0005037453010436595, 'eval_mse': 0.0011192678378183286, 'eval_mae': 0.022396685739607528, 'eval_runtime': 18.621, 'eval_samples_per_second': 1074.059, 'eval_steps_per_second': 8.431, 'epoch': 8.0}
{'loss': 0.0085, 'grad_norm': 0.596098005771637, 'learning_rate': 1.333365577431204e-07, 'epoch': 8.04}
{'loss': 0.0195, 'grad_norm': 0.24346597492694855, 'learning_rate': 1.3150711241812082e-07, 'epoch': 8.08}
{'loss': 0.0053, 'grad_norm': 0.2085570991039276, 'learning_rate': 1.2968297574048737e-07, 'epoch': 8.12}
{'loss': 0.012, 'grad_norm': 0.693962574005127, 'learning_rate': 1.2786435244258037e-07, 'epoch': 8.16}
{'loss': 0.0077, 'grad_norm': 0.5551136136054993, 'learning_rate': 1.2605144663796433e-07, 'epoch': 8.2}
{'loss': 0.0046, 'grad_norm': 0.901174783706665, 'learning_rate': 1.2424446179849985e-07, 'epoch': 8.24}
{'loss': 0.0044, 'grad_norm': 0.2470332831144333, 'learning_rate': 1.2244360073150696e-07, 'epoch': 8.28}
{'loss': 0.0086, 'grad_norm': 0.25426122546195984, 'learning_rate': 1.2064906555700257e-07, 'epoch': 8.32}
{'loss': 0.0046, 'grad_norm': 0.20326794683933258, 'learning_rate': 1.1886105768501572e-07, 'epoch': 8.36}
{'loss': 0.0052, 'grad_norm': 0.7354692816734314, 'learning_rate': 1.1707977779298258e-07, 'epoch': 8.4}
{'loss': 0.0051, 'grad_norm': 0.20390784740447998, 'learning_rate': 1.153054258032228e-07, 'epoch': 8.44}
{'loss': 0.0058, 'grad_norm': 0.8196656107902527, 'learning_rate': 1.1353820086050154e-07, 'epoch': 8.48}
{'loss': 0.006, 'grad_norm': 0.8047506809234619, 'learning_rate': 1.1177830130967841e-07, 'epoch': 8.52}
{'loss': 0.0046, 'grad_norm': 1.2401390075683594, 'learning_rate': 1.100259246734462e-07, 'epoch': 8.56}
{'loss': 0.0051, 'grad_norm': 0.9836669564247131, 'learning_rate': 1.0828126763016159e-07, 'epoch': 8.6}
{'loss': 0.0211, 'grad_norm': 0.7288697361946106, 'learning_rate': 1.065445259917713e-07, 'epoch': 8.64}
{'loss': 0.0081, 'grad_norm': 1.879769206047058, 'learning_rate': 1.0481589468183498e-07, 'epoch': 8.68}
{'loss': 0.0087, 'grad_norm': 1.1734609603881836, 'learning_rate': 1.0309556771364775e-07, 'epoch': 8.72}
{'loss': 0.0049, 'grad_norm': 0.6741864085197449, 'learning_rate': 1.0138373816846514e-07, 'epoch': 8.76}
{'loss': 0.007, 'grad_norm': 0.25733041763305664, 'learning_rate': 9.968059817383291e-08, 'epoch': 8.8}
{'loss': 0.0044, 'grad_norm': 0.5188246965408325, 'learning_rate': 9.798633888202317e-08, 'epoch': 8.84}
{'loss': 0.0039, 'grad_norm': 0.3471328020095825, 'learning_rate': 9.630115044858028e-08, 'epoch': 8.88}
{'loss': 0.0043, 'grad_norm': 0.37033355236053467, 'learning_rate': 9.462522201097925e-08, 'epoch': 8.92}
{'loss': 0.0056, 'grad_norm': 0.2990076243877411, 'learning_rate': 9.295874166739746e-08, 'epoch': 8.96}
{'loss': 0.0059, 'grad_norm': 1.1309970617294312, 'learning_rate': 9.130189645560327e-08, 'epoch': 9.0}
{'eval_loss': 0.004249810706824064, 'eval_score': 0.001716994857964432, 'eval_err_F': 0.0010960850467861992, 'eval_err_M': 0.001510024920905021, 'eval_err_diff': 0.0004139398741188219, 'eval_mse': 0.0010695003975401296, 'eval_mae': 0.02166755760582255, 'eval_runtime': 18.6694, 'eval_samples_per_second': 1071.271, 'eval_steps_per_second': 8.409, 'epoch': 9.0}
{'loss': 0.0046, 'grad_norm': 0.6254289150238037, 'learning_rate': 8.965487233196427e-08, 'epoch': 9.04}
{'loss': 0.0114, 'grad_norm': 0.5638861060142517, 'learning_rate': 8.801785415057602e-08, 'epoch': 9.08}
{'loss': 0.0061, 'grad_norm': 0.5262348055839539, 'learning_rate': 8.639102564251512e-08, 'epoch': 9.12}
{'loss': 0.0038, 'grad_norm': 0.9215933084487915, 'learning_rate': 8.477456939521816e-08, 'epoch': 9.16}
{'loss': 0.0113, 'grad_norm': 1.6333842277526855, 'learning_rate': 8.316866683198873e-08, 'epoch': 9.2}
{'loss': 0.0038, 'grad_norm': 0.7877107262611389, 'learning_rate': 8.157349819163543e-08, 'epoch': 9.24}
{'loss': 0.0062, 'grad_norm': 0.4634789526462555, 'learning_rate': 7.998924250824303e-08, 'epoch': 9.28}
{'loss': 0.0066, 'grad_norm': 0.9605448246002197, 'learning_rate': 7.84160775910782e-08, 'epoch': 9.32}
{'loss': 0.0054, 'grad_norm': 0.43238455057144165, 'learning_rate': 7.685418000463311e-08, 'epoch': 9.36}
{'loss': 0.0049, 'grad_norm': 0.5037488341331482, 'learning_rate': 7.530372504880855e-08, 'epoch': 9.4}
{'loss': 0.0046, 'grad_norm': 0.2808518707752228, 'learning_rate': 7.37648867392398e-08, 'epoch': 9.44}
{'loss': 0.0049, 'grad_norm': 0.9939654469490051, 'learning_rate': 7.223783778776488e-08, 'epoch': 9.48}
{'loss': 0.0049, 'grad_norm': 2.2700812816619873, 'learning_rate': 7.072274958304099e-08, 'epoch': 9.52}
{'loss': 0.0038, 'grad_norm': 0.3548116683959961, 'learning_rate': 6.921979217130841e-08, 'epoch': 9.56}
{'loss': 0.0129, 'grad_norm': 0.8235633373260498, 'learning_rate': 6.772913423730539e-08, 'epoch': 9.6}
{'loss': 0.0132, 'grad_norm': 0.9674702286720276, 'learning_rate': 6.625094308533559e-08, 'epoch': 9.64}
{'loss': 0.0039, 'grad_norm': 0.2577492892742157, 'learning_rate': 6.478538462049097e-08, 'epoch': 9.68}
{'loss': 0.0061, 'grad_norm': 0.42241570353507996, 'learning_rate': 6.333262333003102e-08, 'epoch': 9.72}
{'loss': 0.007, 'grad_norm': 1.3281676769256592, 'learning_rate': 6.189282226492189e-08, 'epoch': 9.76}
{'loss': 0.0036, 'grad_norm': 0.7793540954589844, 'learning_rate': 6.046614302153606e-08, 'epoch': 9.8}
{'loss': 0.011, 'grad_norm': 0.4820404052734375, 'learning_rate': 5.9052745723515527e-08, 'epoch': 9.84}
{'loss': 0.0057, 'grad_norm': 0.8140342235565186, 'learning_rate': 5.765278900380057e-08, 'epoch': 9.88}
{'loss': 0.0068, 'grad_norm': 0.7264488935470581, 'learning_rate': 5.626642998682515e-08, 'epoch': 9.92}
{'loss': 0.0044, 'grad_norm': 0.2403920441865921, 'learning_rate': 5.4893824270882445e-08, 'epoch': 9.96}
{'loss': 0.0045, 'grad_norm': 0.4335040748119354, 'learning_rate': 5.3535125910660804e-08, 'epoch': 10.0}
{'eval_loss': 0.004664367996156216, 'eval_score': 0.0020314970546478845, 'eval_err_F': 0.001025411824322233, 'eval_err_M': 0.0016961353112060007, 'eval_err_diff': 0.0006707234868837677, 'eval_mse': 0.0009386903914600025, 'eval_mae': 0.02082174515072347, 'eval_runtime': 18.6353, 'eval_samples_per_second': 1073.234, 'eval_steps_per_second': 8.425, 'epoch': 10.0}
{'loss': 0.0048, 'grad_norm': 0.4940938949584961, 'learning_rate': 5.2190487399953776e-08, 'epoch': 10.04}
{'loss': 0.0041, 'grad_norm': 1.6046628952026367, 'learning_rate': 5.0860059654544765e-08, 'epoch': 10.08}
{'loss': 0.0048, 'grad_norm': 0.741038978099823, 'learning_rate': 4.9543991995268865e-08, 'epoch': 10.12}
{'loss': 0.0106, 'grad_norm': 0.5138899087905884, 'learning_rate': 4.8242432131253884e-08, 'epoch': 10.16}
{'loss': 0.0083, 'grad_norm': 0.42434418201446533, 'learning_rate': 4.6955526143342514e-08, 'epoch': 10.2}
{'loss': 0.0038, 'grad_norm': 0.3273751139640808, 'learning_rate': 4.5683418467696243e-08, 'epoch': 10.24}
{'loss': 0.0046, 'grad_norm': 1.0855586528778076, 'learning_rate': 4.442625187958503e-08, 'epoch': 10.28}
{'loss': 0.007, 'grad_norm': 0.2743327021598816, 'learning_rate': 4.3184167477362797e-08, 'epoch': 10.32}
{'loss': 0.0111, 'grad_norm': 0.459479421377182, 'learning_rate': 4.195730466663124e-08, 'epoch': 10.36}
{'loss': 0.0034, 'grad_norm': 0.12988634407520294, 'learning_rate': 4.07458011445934e-08, 'epoch': 10.4}
{'loss': 0.0032, 'grad_norm': 0.19883795082569122, 'learning_rate': 3.9549792884599547e-08, 'epoch': 10.44}
{'loss': 0.011, 'grad_norm': 1.2141226530075073, 'learning_rate': 3.8369414120885754e-08, 'epoch': 10.48}
{'loss': 0.0033, 'grad_norm': 0.6209444403648376, 'learning_rate': 3.720479733350855e-08, 'epoch': 10.52}
{'loss': 0.0042, 'grad_norm': 0.7291708588600159, 'learning_rate': 3.6056073233475694e-08, 'epoch': 10.56}
{'loss': 0.0042, 'grad_norm': 0.17036330699920654, 'learning_rate': 3.4923370748075775e-08, 'epoch': 10.6}
{'loss': 0.0154, 'grad_norm': 0.328090637922287, 'learning_rate': 3.380681700640821e-08, 'epoch': 10.64}
{'loss': 0.007, 'grad_norm': 0.22333987057209015, 'learning_rate': 3.270653732511482e-08, 'epoch': 10.68}
{'loss': 0.0108, 'grad_norm': 1.0570882558822632, 'learning_rate': 3.1622655194314854e-08, 'epoch': 10.72}
{'loss': 0.0048, 'grad_norm': 0.5184345245361328, 'learning_rate': 3.055529226374498e-08, 'epoch': 10.76}
{'loss': 0.0062, 'grad_norm': 0.9849597215652466, 'learning_rate': 2.950456832910611e-08, 'epoch': 10.8}
{'loss': 0.0034, 'grad_norm': 0.7270439267158508, 'learning_rate': 2.8470601318617944e-08, 'epoch': 10.84}
{'loss': 0.0059, 'grad_norm': 0.9117757081985474, 'learning_rate': 2.7453507279783295e-08, 'epoch': 10.88}
{'loss': 0.004, 'grad_norm': 0.3161107301712036, 'learning_rate': 2.6453400366363386e-08, 'epoch': 10.92}
{'loss': 0.0034, 'grad_norm': 0.2657396197319031, 'learning_rate': 2.547039282556608e-08, 'epoch': 10.96}
{'loss': 0.0032, 'grad_norm': 0.6224435567855835, 'learning_rate': 2.4504594985447488e-08, 'epoch': 11.0}
{'eval_loss': 0.004213656298816204, 'eval_score': 0.0017049119129469406, 'eval_err_F': 0.0009343067370104055, 'eval_err_M': 0.0014480435209680957, 'eval_err_diff': 0.0005137367839576902, 'eval_mse': 0.0009297092470483194, 'eval_mae': 0.020254042525520526, 'eval_runtime': 18.589, 'eval_samples_per_second': 1075.906, 'eval_steps_per_second': 8.446, 'epoch': 11.0}
{'loss': 0.0037, 'grad_norm': 0.2010563313961029, 'learning_rate': 2.3556115242529342e-08, 'epoch': 11.04}
{'loss': 0.0176, 'grad_norm': 14.392807960510254, 'learning_rate': 2.2625060049633184e-08, 'epoch': 11.08}
{'loss': 0.0099, 'grad_norm': 0.22907136380672455, 'learning_rate': 2.171153390393259e-08, 'epoch': 11.12}
{'loss': 0.0031, 'grad_norm': 1.4438493251800537, 'learning_rate': 2.0815639335224737e-08, 'epoch': 11.16}
{'loss': 0.0032, 'grad_norm': 0.5423868298530579, 'learning_rate': 1.9937476894423277e-08, 'epoch': 11.2}
{'loss': 0.0031, 'grad_norm': 0.1442616879940033, 'learning_rate': 1.9077145142272567e-08, 'epoch': 11.24}
{'loss': 0.005, 'grad_norm': 0.5871720910072327, 'learning_rate': 1.8234740638286135e-08, 'epoch': 11.28}
{'loss': 0.0115, 'grad_norm': 4.219174385070801, 'learning_rate': 1.7410357929908864e-08, 'epoch': 11.32}
{'loss': 0.0036, 'grad_norm': 0.8699042797088623, 'learning_rate': 1.660408954190588e-08, 'epoch': 11.36}
{'loss': 0.0042, 'grad_norm': 0.34339049458503723, 'learning_rate': 1.581602596597756e-08, 'epoch': 11.4}
{'loss': 0.003, 'grad_norm': 0.3289024829864502, 'learning_rate': 1.5046255650603548e-08, 'epoch': 11.44}
{'loss': 0.004, 'grad_norm': 0.31578922271728516, 'learning_rate': 1.4294864991115597e-08, 'epoch': 11.48}
{'loss': 0.0051, 'grad_norm': 0.7828201055526733, 'learning_rate': 1.3561938320000856e-08, 'epoch': 11.52}
{'loss': 0.0125, 'grad_norm': 0.994263231754303, 'learning_rate': 1.2847557897436888e-08, 'epoch': 11.56}
{'loss': 0.0077, 'grad_norm': 0.7117400765419006, 'learning_rate': 1.2151803902059323e-08, 'epoch': 11.6}
{'loss': 0.0071, 'grad_norm': 0.304121196269989, 'learning_rate': 1.1474754421962735e-08, 'epoch': 11.64}
{'loss': 0.0057, 'grad_norm': 0.9857618808746338, 'learning_rate': 1.0816485445936526e-08, 'epoch': 11.68}
{'loss': 0.0033, 'grad_norm': 0.5856031775474548, 'learning_rate': 1.0177070854936393e-08, 'epoch': 11.72}
{'loss': 0.0045, 'grad_norm': 0.7088202238082886, 'learning_rate': 9.55658241379215e-09, 'epoch': 11.76}
{'loss': 0.0054, 'grad_norm': 0.5179150700569153, 'learning_rate': 8.955089763153217e-09, 'epoch': 11.8}
{'loss': 0.0036, 'grad_norm': 0.6135632991790771, 'learning_rate': 8.37266041167256e-09, 'epoch': 11.84}
{'loss': 0.0038, 'grad_norm': 0.2680554687976837, 'learning_rate': 7.809359728429764e-09, 'epoch': 11.88}
{'loss': 0.0065, 'grad_norm': 0.14236308634281158, 'learning_rate': 7.265250935594343e-09, 'epoch': 11.92}
{'loss': 0.0046, 'grad_norm': 0.4622730612754822, 'learning_rate': 6.740395101330048e-09, 'epoch': 11.96}
{'loss': 0.0031, 'grad_norm': 0.36277860403060913, 'learning_rate': 6.234851132940735e-09, 'epoch': 12.0}
{'eval_loss': 0.0042058066464960575, 'eval_score': 0.001674651752195019, 'eval_err_F': 0.0008964031985856767, 'eval_err_M': 0.0014152355676585716, 'eval_err_diff': 0.0005188323690728949, 'eval_mse': 0.0009055723901687797, 'eval_mae': 0.019972334225895793, 'eval_runtime': 18.8095, 'eval_samples_per_second': 1063.295, 'eval_steps_per_second': 8.347, 'epoch': 12.0}
{'loss': 0.0032, 'grad_norm': 0.3350207209587097, 'learning_rate': 5.748675770259022e-09, 'epoch': 12.04}
{'loss': 0.0042, 'grad_norm': 0.32799676060676575, 'learning_rate': 5.281923579277991e-09, 'epoch': 12.08}
{'loss': 0.014, 'grad_norm': 0.272544801235199, 'learning_rate': 4.834646946027074e-09, 'epoch': 12.12}
{'loss': 0.0045, 'grad_norm': 0.45890697836875916, 'learning_rate': 4.40689607069234e-09, 'epoch': 12.16}
{'loss': 0.004, 'grad_norm': 0.4528127908706665, 'learning_rate': 3.9987189619824016e-09, 'epoch': 12.2}
{'loss': 0.0039, 'grad_norm': 0.5108329653739929, 'learning_rate': 3.6101614317400975e-09, 'epoch': 12.24}
{'loss': 0.0091, 'grad_norm': 7.124621868133545, 'learning_rate': 3.2412670898007826e-09, 'epoch': 12.28}
{'loss': 0.0102, 'grad_norm': 0.30168208479881287, 'learning_rate': 2.8920773390976964e-09, 'epoch': 12.32}
{'loss': 0.0089, 'grad_norm': 1.2926123142242432, 'learning_rate': 2.562631371015345e-09, 'epoch': 12.36}
{'loss': 0.0076, 'grad_norm': 0.45254963636398315, 'learning_rate': 2.252966160990528e-09, 'epoch': 12.4}
{'loss': 0.0098, 'grad_norm': 0.28016552329063416, 'learning_rate': 1.963116464362618e-09, 'epoch': 12.44}
{'loss': 0.003, 'grad_norm': 0.276567667722702, 'learning_rate': 1.693114812472705e-09, 'epoch': 12.48}
{'loss': 0.0031, 'grad_norm': 0.8797963857650757, 'learning_rate': 1.4429915090124056e-09, 'epoch': 12.52}
{'loss': 0.0031, 'grad_norm': 0.5252211093902588, 'learning_rate': 1.212774626622807e-09, 'epoch': 12.56}
{'loss': 0.0033, 'grad_norm': 0.5169681906700134, 'learning_rate': 1.0024900037436756e-09, 'epoch': 12.6}
{'loss': 0.0038, 'grad_norm': 1.8296263217926025, 'learning_rate': 8.121612417134314e-10, 'epoch': 12.64}
{'loss': 0.0046, 'grad_norm': 0.6132328510284424, 'learning_rate': 6.418097021203616e-10, 'epoch': 12.68}
{'loss': 0.0039, 'grad_norm': 1.1357523202896118, 'learning_rate': 4.914545044049767e-10, 'epoch': 12.72}
{'loss': 0.0057, 'grad_norm': 0.39754578471183777, 'learning_rate': 3.611125237142223e-10, 'epoch': 12.76}
{'loss': 0.0085, 'grad_norm': 0.5132452845573425, 'learning_rate': 2.507983890074667e-10, 'epoch': 12.8}
{'loss': 0.0031, 'grad_norm': 0.7192103266716003, 'learning_rate': 1.6052448141456418e-10, 'epoch': 12.84}
{'loss': 0.0057, 'grad_norm': 0.49218785762786865, 'learning_rate': 9.030093284636856e-11, 'epoch': 12.88}
{'loss': 0.0045, 'grad_norm': 0.3468991219997406, 'learning_rate': 4.013562485746097e-11, 'epoch': 12.92}
{'loss': 0.005, 'grad_norm': 0.4388025104999542, 'learning_rate': 1.0034187761646167e-11, 'epoch': 12.96}
{'loss': 0.0034, 'grad_norm': 0.20168615877628326, 'learning_rate': 0.0, 'epoch': 13.0}
{'eval_loss': 0.004191787913441658, 'eval_score': 0.0016678723791099452, 'eval_err_F': 0.0008959003198466476, 'eval_err_M': 0.0014105483593555128, 'eval_err_diff': 0.0005146480395088652, 'eval_mse': 0.0009069224947833494, 'eval_mae': 0.019968574033119694, 'eval_runtime': 18.1823, 'eval_samples_per_second': 1099.968, 'eval_steps_per_second': 8.635, 'epoch': 13.0}
[EMA] Swapped EMA weights into model (decay=0.9998)
{'train_runtime': 3200.6914, 'train_samples_per_second': 324.93, 'train_steps_per_second': 5.077, 'train_loss': 0.01690427017395313, 'epoch': 13.0}
[EMA] Swapped EMA weights into model (decay=0.9998)
score=0.00211 | err_diff=0.00068 | loss=0.00485
score=0.00211 | err_diff=0.00068 | loss=0.00485
Saved 30 worst predictions: results/optuna_dinov3-vitb16-3090-v2-ibot_trial_4/worst/worst.csv + results/optuna_dinov3-vitb16-3090-v2-ibot_trial_4/worst/images
Model saved: models:/m-07a7fe4d9db54c17b687a94e4eb8ce35
Trial 4: score=inf err_F=inf err_M=inf err_diff=inf
Loaded 100,000 samples from data/raw/train.csv
Loaded 100,000 samples from data/raw/train.csv
Train: 80,000 | Val: 20,000
Train: 80,000 | Val: 20,000
Sampler 'gender': 2 groups, 51840 samples/epoch
Sampler 'gender': 2 groups, 51840 samples/epoch
PMF ratios test/train (20 bins of 0.025): [0.215, 0.339, 0.566, 0.734, 0.921, 1.069, 1.321, 1.455, 1.638, 1.88, 1.97, 1.891, 1.585, 1.309, 1.364, 0.657, 0.887, 0.067, 0.067, 0.067]
PMF ratios test/train (20 bins of 0.025): [0.215, 0.339, 0.566, 0.734, 0.921, 1.069, 1.321, 1.455, 1.638, 1.88, 1.97, 1.891, 1.585, 1.309, 1.364, 0.657, 0.887, 0.067, 0.067, 0.067]
loss_importance_reweight ON (applied in training loss)
eval_importance_reweight ON (eval_score reweighted to test distribution)
loss_importance_reweight ON (applied in training loss)
eval_importance_reweight ON (eval_score reweighted to test distribution)
DINOv3 drop_path_rate=0.17056428239247814 applied (linear 0 → 0.171 across 12 blocks via sample_drop_ratio)
DINOv3 drop_path_rate=0.17056428239247814 applied (linear 0 → 0.171 across 12 blocks via sample_drop_ratio)
Loaded DINOv3 weights: dinov3_vitb16_pretrain_lvd1689m-73cec8be.pth
Loading pretrained backbone from runs:/c2c396cae2f74566a413502633de7781/encoder
Loaded DINOv3 weights: dinov3_vitb16_pretrain_lvd1689m-73cec8be.pth
Loading pretrained backbone from runs:/c2c396cae2f74566a413502633de7781/encoder
  loaded (0 missing, 0 unexpected keys)
  loaded (0 missing, 0 unexpected keys)
  logged 141 pretrain_* params from run c2c396cae2f74566a413502633de7781
EMA enabled: decay=0.9998, warmup_steps=200
WeightedMSELoss: focal_gamma=0.0, fairness_lambda=0.8558794228136828, importance_reweight=on (mean=1.00)
Training dinov3-vitb16-3090-v2-ibot_trial5 (best_metric=eval_score)
  logged 141 pretrain_* params from run c2c396cae2f74566a413502633de7781
EMA enabled: decay=0.9998, warmup_steps=200
WeightedMSELoss: focal_gamma=0.0, fairness_lambda=0.8558794228136828, importance_reweight=on (mean=1.00)
Training dinov3-vitb16-3090-v2-ibot_trial5 (best_metric=eval_score)
LLRD: 14 groups, LR ∈ [5.52e-06, 5.83e-05]
LLRD: 14 groups, LR ∈ [5.52e-06, 5.83e-05]
{'loss': 0.2319, 'grad_norm': 5.6626482009887695, 'learning_rate': 1.901904863223912e-07, 'epoch': 0.06}
{'loss': 0.0762, 'grad_norm': 4.700925350189209, 'learning_rate': 3.803809726447824e-07, 'epoch': 0.12}
{'loss': 0.0477, 'grad_norm': 1.903308391571045, 'learning_rate': 5.705714589671736e-07, 'epoch': 0.19}
{'loss': 0.0426, 'grad_norm': 2.6179134845733643, 'learning_rate': 7.607619452895648e-07, 'epoch': 0.25}
{'loss': 0.036, 'grad_norm': 1.732816219329834, 'learning_rate': 9.509524316119559e-07, 'epoch': 0.31}
{'loss': 0.0343, 'grad_norm': 1.2157799005508423, 'learning_rate': 1.1411429179343471e-06, 'epoch': 0.37}
{'loss': 0.0345, 'grad_norm': 1.6628705263137817, 'learning_rate': 1.3313334042567383e-06, 'epoch': 0.43}
{'loss': 0.0329, 'grad_norm': 2.281256675720215, 'learning_rate': 1.5215238905791296e-06, 'epoch': 0.49}
{'loss': 0.0322, 'grad_norm': 1.3528238534927368, 'learning_rate': 1.7117143769015208e-06, 'epoch': 0.56}
{'loss': 0.0315, 'grad_norm': 1.130717158317566, 'learning_rate': 1.9019048632239118e-06, 'epoch': 0.62}
{'loss': 0.0312, 'grad_norm': 0.6703158020973206, 'learning_rate': 2.092095349546303e-06, 'epoch': 0.68}
{'loss': 0.0324, 'grad_norm': 1.3267667293548584, 'learning_rate': 2.2822858358686942e-06, 'epoch': 0.74}
{'loss': 0.0301, 'grad_norm': 1.494757056236267, 'learning_rate': 2.4724763221910855e-06, 'epoch': 0.8}
{'loss': 0.0292, 'grad_norm': 0.8430212140083313, 'learning_rate': 2.6626668085134767e-06, 'epoch': 0.86}
{'loss': 0.0287, 'grad_norm': 1.172105312347412, 'learning_rate': 2.852857294835868e-06, 'epoch': 0.93}
{'loss': 0.0282, 'grad_norm': 1.0035287141799927, 'learning_rate': 3.043047781158259e-06, 'epoch': 0.99}
{'eval_loss': 0.005491726566106081, 'eval_score': 0.004332226198919638, 'eval_err_F': 0.0031539759815626886, 'eval_err_M': 0.003939476126467322, 'eval_err_diff': 0.0007855001449046332, 'eval_mse': 0.0022158331485547084, 'eval_mae': 0.03528400233657267, 'eval_runtime': 18.4373, 'eval_samples_per_second': 1084.76, 'eval_steps_per_second': 8.515, 'epoch': 1.0}
{'loss': 0.028, 'grad_norm': 0.7734386324882507, 'learning_rate': 3.23323826748065e-06, 'epoch': 1.05}
{'loss': 0.0294, 'grad_norm': 3.244987726211548, 'learning_rate': 3.4234287538030416e-06, 'epoch': 1.11}
{'loss': 0.0311, 'grad_norm': 0.8499857783317566, 'learning_rate': 3.613619240125433e-06, 'epoch': 1.17}
{'loss': 0.0264, 'grad_norm': 1.5982666015625, 'learning_rate': 3.8038097264478236e-06, 'epoch': 1.23}
{'loss': 0.0257, 'grad_norm': 1.7339990139007568, 'learning_rate': 3.994000212770215e-06, 'epoch': 1.3}
{'loss': 0.0233, 'grad_norm': 1.7040401697158813, 'learning_rate': 4.184190699092606e-06, 'epoch': 1.36}
{'loss': 0.0214, 'grad_norm': 0.6738364696502686, 'learning_rate': 4.374381185414997e-06, 'epoch': 1.42}
{'loss': 0.0212, 'grad_norm': 1.9771208763122559, 'learning_rate': 4.5645716717373885e-06, 'epoch': 1.48}
{'loss': 0.0201, 'grad_norm': 2.9060466289520264, 'learning_rate': 4.754762158059779e-06, 'epoch': 1.54}
{'loss': 0.0198, 'grad_norm': 0.5865329504013062, 'learning_rate': 4.944952644382171e-06, 'epoch': 1.6}
{'loss': 0.0204, 'grad_norm': 0.8900130391120911, 'learning_rate': 5.1351431307045626e-06, 'epoch': 1.67}
{'loss': 0.0189, 'grad_norm': 1.2297569513320923, 'learning_rate': 5.325333617026953e-06, 'epoch': 1.73}
{'loss': 0.0181, 'grad_norm': 1.3180046081542969, 'learning_rate': 5.515524103349344e-06, 'epoch': 1.79}
{'loss': 0.0174, 'grad_norm': 0.8116173148155212, 'learning_rate': 5.518931240958331e-06, 'epoch': 1.85}
{'loss': 0.0168, 'grad_norm': 0.26306572556495667, 'learning_rate': 5.517708797553936e-06, 'epoch': 1.91}
{'loss': 0.0184, 'grad_norm': 0.3366104066371918, 'learning_rate': 5.515660783563649e-06, 'epoch': 1.98}
{'eval_loss': 0.004907958209514618, 'eval_score': 0.0040326003181690665, 'eval_err_F': 0.00297091295032541, 'eval_err_M': 0.003678704528887848, 'eval_err_diff': 0.0007077915785624381, 'eval_mse': 0.0015826511672259438, 'eval_mae': 0.028403716744009218, 'eval_runtime': 18.4802, 'eval_samples_per_second': 1082.237, 'eval_steps_per_second': 8.496, 'epoch': 2.0}
{'loss': 0.0168, 'grad_norm': 0.5018371939659119, 'learning_rate': 5.512787812023228e-06, 'epoch': 2.04}
{'loss': 0.0147, 'grad_norm': 0.4053981304168701, 'learning_rate': 5.50909074290448e-06, 'epoch': 2.1}
{'loss': 0.0155, 'grad_norm': 2.0950121879577637, 'learning_rate': 5.504570682857835e-06, 'epoch': 2.16}
{'loss': 0.0149, 'grad_norm': 0.7067912817001343, 'learning_rate': 5.499228984881102e-06, 'epoch': 2.22}
{'loss': 0.0147, 'grad_norm': 1.239406704902649, 'learning_rate': 5.493067247914465e-06, 'epoch': 2.28}
{'loss': 0.015, 'grad_norm': 2.3623812198638916, 'learning_rate': 5.486087316361874e-06, 'epoch': 2.35}
{'loss': 0.0128, 'grad_norm': 0.8344023823738098, 'learning_rate': 5.478291279538952e-06, 'epoch': 2.41}
{'loss': 0.0134, 'grad_norm': 2.627007246017456, 'learning_rate': 5.469681471047605e-06, 'epoch': 2.47}
{'loss': 0.0139, 'grad_norm': 0.369529128074646, 'learning_rate': 5.460260468077488e-06, 'epoch': 2.53}
{'loss': 0.0121, 'grad_norm': 1.0262696743011475, 'learning_rate': 5.450031090634581e-06, 'epoch': 2.59}
{'loss': 0.0119, 'grad_norm': 1.1634013652801514, 'learning_rate': 5.438996400697067e-06, 'epoch': 2.65}
{'loss': 0.0115, 'grad_norm': 0.5970305800437927, 'learning_rate': 5.427159701298783e-06, 'epoch': 2.72}
{'loss': 0.0107, 'grad_norm': 0.5930497050285339, 'learning_rate': 5.414524535540521e-06, 'epoch': 2.78}
{'loss': 0.0115, 'grad_norm': 1.6698952913284302, 'learning_rate': 5.401094685529459e-06, 'epoch': 2.84}
{'loss': 0.0096, 'grad_norm': 0.2421960085630417, 'learning_rate': 5.386874171247066e-06, 'epoch': 2.9}
{'loss': 0.0103, 'grad_norm': 1.82555091381073, 'learning_rate': 5.371867249345781e-06, 'epoch': 2.96}
{'eval_loss': 0.003172119613736868, 'eval_score': 0.002703157277493414, 'eval_err_F': 0.001480763625615381, 'eval_err_M': 0.002295692726867403, 'eval_err_diff': 0.0008149291012520218, 'eval_mse': 0.0014894453168342956, 'eval_mae': 0.027962680566675772, 'eval_runtime': 18.58, 'eval_samples_per_second': 1076.425, 'eval_steps_per_second': 8.45, 'epoch': 3.0}
{'loss': 0.0094, 'grad_norm': 0.8852073550224304, 'learning_rate': 5.356078411874874e-06, 'epoch': 3.02}
{'loss': 0.0095, 'grad_norm': 0.2531166672706604, 'learning_rate': 5.339512384935822e-06, 'epoch': 3.09}
{'loss': 0.0109, 'grad_norm': 1.102371096611023, 'learning_rate': 5.3221741272676416e-06, 'epoch': 3.15}
{'loss': 0.0092, 'grad_norm': 0.7399824857711792, 'learning_rate': 5.3040688287625835e-06, 'epoch': 3.21}
{'loss': 0.0085, 'grad_norm': 0.9242165088653564, 'learning_rate': 5.285201908912627e-06, 'epoch': 3.27}
{'loss': 0.0093, 'grad_norm': 0.8559383749961853, 'learning_rate': 5.265579015187254e-06, 'epoch': 3.33}
{'loss': 0.0084, 'grad_norm': 0.7696412801742554, 'learning_rate': 5.245206021342986e-06, 'epoch': 3.4}
{'loss': 0.0079, 'grad_norm': 0.9316545128822327, 'learning_rate': 5.22408902566518e-06, 'epoch': 3.46}
{'loss': 0.0084, 'grad_norm': 1.380937933921814, 'learning_rate': 5.202234349142615e-06, 'epoch': 3.52}
{'loss': 0.0088, 'grad_norm': 0.32668155431747437, 'learning_rate': 5.17964853357542e-06, 'epoch': 3.58}
{'loss': 0.007, 'grad_norm': 1.3025485277175903, 'learning_rate': 5.156338339616911e-06, 'epoch': 3.64}
{'loss': 0.0078, 'grad_norm': 0.9747084975242615, 'learning_rate': 5.132310744749901e-06, 'epoch': 3.7}
{'loss': 0.0072, 'grad_norm': 0.7977367639541626, 'learning_rate': 5.107572941198128e-06, 'epoch': 3.77}
{'loss': 0.0066, 'grad_norm': 0.7848156094551086, 'learning_rate': 5.0821323337733854e-06, 'epoch': 3.83}
{'loss': 0.0068, 'grad_norm': 0.8702674508094788, 'learning_rate': 5.055996537659036e-06, 'epoch': 3.89}
{'loss': 0.0076, 'grad_norm': 0.34815916419029236, 'learning_rate': 5.029173376130532e-06, 'epoch': 3.95}
{'eval_loss': 0.004598698578774929, 'eval_score': 0.004247305057991271, 'eval_err_F': 0.0025872040727064234, 'eval_err_M': 0.003693938062896322, 'eval_err_diff': 0.0011067339901898988, 'eval_mse': 0.0014609077016014581, 'eval_mae': 0.02703549499999899, 'eval_runtime': 18.5909, 'eval_samples_per_second': 1075.796, 'eval_steps_per_second': 8.445, 'epoch': 4.0}
{'loss': 0.0067, 'grad_norm': 1.6629821062088013, 'learning_rate': 5.001670878213675e-06, 'epoch': 4.01}
{'loss': 0.0069, 'grad_norm': 1.2622076272964478, 'learning_rate': 4.973497276281255e-06, 'epoch': 4.07}
{'loss': 0.006, 'grad_norm': 0.5861151814460754, 'learning_rate': 4.94466100358886e-06, 'epoch': 4.14}
{'loss': 0.0074, 'grad_norm': 0.4092543125152588, 'learning_rate': 4.9151706917505166e-06, 'epoch': 4.2}
{'loss': 0.006, 'grad_norm': 0.26953303813934326, 'learning_rate': 4.885035168154983e-06, 'epoch': 4.26}
{'loss': 0.0069, 'grad_norm': 1.0969905853271484, 'learning_rate': 4.854263453323427e-06, 'epoch': 4.32}
{'loss': 0.0057, 'grad_norm': 0.2430298626422882, 'learning_rate': 4.822864758209298e-06, 'epoch': 4.38}
{'loss': 0.0057, 'grad_norm': 0.13997875154018402, 'learning_rate': 4.7908484814411965e-06, 'epoch': 4.44}
{'loss': 0.006, 'grad_norm': 1.1479655504226685, 'learning_rate': 4.758224206509562e-06, 'epoch': 4.51}
{'loss': 0.0066, 'grad_norm': 1.867178201675415, 'learning_rate': 4.725001698898033e-06, 'epoch': 4.57}
{'loss': 0.0066, 'grad_norm': 1.208181381225586, 'learning_rate': 4.691190903160328e-06, 'epoch': 4.63}
{'loss': 0.0054, 'grad_norm': 0.8674744963645935, 'learning_rate': 4.656801939943519e-06, 'epoch': 4.69}
{'loss': 0.0057, 'grad_norm': 0.5588817000389099, 'learning_rate': 4.6218451029586015e-06, 'epoch': 4.75}
{'loss': 0.006, 'grad_norm': 0.49234142899513245, 'learning_rate': 4.586330855899263e-06, 'epoch': 4.81}
{'loss': 0.0057, 'grad_norm': 0.31671151518821716, 'learning_rate': 4.550269829309764e-06, 'epoch': 4.88}
{'loss': 0.0061, 'grad_norm': 0.6701322793960571, 'learning_rate': 4.5136728174028765e-06, 'epoch': 4.94}
{'loss': 0.0057, 'grad_norm': 1.2926963567733765, 'learning_rate': 4.476550774828834e-06, 'epoch': 5.0}
{'eval_loss': 0.0026254693511873484, 'eval_score': 0.0022168075625370208, 'eval_err_F': 0.0013390660313193534, 'eval_err_M': 0.0019242270521311316, 'eval_err_diff': 0.0005851610208117781, 'eval_mse': 0.0012212164302042687, 'eval_mae': 0.024362207560233582, 'eval_runtime': 18.7085, 'eval_samples_per_second': 1069.033, 'eval_steps_per_second': 8.392, 'epoch': 5.0}
{'loss': 0.0054, 'grad_norm': 0.3588280975818634, 'learning_rate': 4.438914813396255e-06, 'epoch': 5.06}
{'loss': 0.0052, 'grad_norm': 0.3601659834384918, 'learning_rate': 4.400776198746029e-06, 'epoch': 5.12}
{'loss': 0.0058, 'grad_norm': 0.3347848355770111, 'learning_rate': 4.362146346979143e-06, 'epoch': 5.19}
{'loss': 0.006, 'grad_norm': 0.22754926979541779, 'learning_rate': 4.323036821239493e-06, 'epoch': 5.25}
{'loss': 0.0055, 'grad_norm': 0.7859416007995605, 'learning_rate': 4.2834593282526526e-06, 'epoch': 5.31}
{'loss': 0.0055, 'grad_norm': 1.3363068103790283, 'learning_rate': 4.243425714821685e-06, 'epoch': 5.37}
{'loss': 0.005, 'grad_norm': 1.0854825973510742, 'learning_rate': 4.202947964281018e-06, 'epoch': 5.43}
{'loss': 0.0053, 'grad_norm': 0.2736678123474121, 'learning_rate': 4.1620381929094506e-06, 'epoch': 5.49}
{'loss': 0.0055, 'grad_norm': 1.3025412559509277, 'learning_rate': 4.12070864630336e-06, 'epoch': 5.56}
{'loss': 0.0056, 'grad_norm': 0.08071956038475037, 'learning_rate': 4.0789716957112135e-06, 'epoch': 5.62}
{'loss': 0.0049, 'grad_norm': 0.18608754873275757, 'learning_rate': 4.036839834330452e-06, 'epoch': 5.68}
{'loss': 0.005, 'grad_norm': 0.9148011803627014, 'learning_rate': 3.994325673567883e-06, 'epoch': 5.74}
{'loss': 0.0047, 'grad_norm': 0.26561278104782104, 'learning_rate': 3.951441939264687e-06, 'epoch': 5.8}
{'loss': 0.0051, 'grad_norm': 0.28068435192108154, 'learning_rate': 3.908201467887162e-06, 'epoch': 5.86}
{'loss': 0.0053, 'grad_norm': 0.6054554581642151, 'learning_rate': 3.864617202684364e-06, 'epoch': 5.93}
{'loss': 0.0045, 'grad_norm': 0.7427173256874084, 'learning_rate': 3.820702189813787e-06, 'epoch': 5.99}
{'eval_loss': 0.0035777396988123655, 'eval_score': 0.0034407652288817, 'eval_err_F': 0.0017040243803699733, 'eval_err_M': 0.0028618516127111243, 'eval_err_diff': 0.001157827232341151, 'eval_mse': 0.0011915959503998898, 'eval_mae': 0.024100841576318997, 'eval_runtime': 18.4746, 'eval_samples_per_second': 1082.566, 'eval_steps_per_second': 8.498, 'epoch': 6.0}
{'loss': 0.0046, 'grad_norm': 0.745691180229187, 'learning_rate': 3.7764695744362174e-06, 'epoch': 6.05}
{'loss': 0.0044, 'grad_norm': 0.47265592217445374, 'learning_rate': 3.7319325967809863e-06, 'epoch': 6.11}
{'loss': 0.0051, 'grad_norm': 1.0341600179672241, 'learning_rate': 3.6871045881827363e-06, 'epoch': 6.17}
{'loss': 0.0046, 'grad_norm': 1.0008182525634766, 'learning_rate': 3.641998967090934e-06, 'epoch': 6.23}
{'loss': 0.004, 'grad_norm': 0.5230410695075989, 'learning_rate': 3.596629235053295e-06, 'epoch': 6.3}
{'loss': 0.0047, 'grad_norm': 0.6083335280418396, 'learning_rate': 3.5510089726743533e-06, 'epoch': 6.36}
{'loss': 0.0043, 'grad_norm': 0.5805957913398743, 'learning_rate': 3.5051518355503383e-06, 'epoch': 6.42}
{'loss': 0.0047, 'grad_norm': 0.39977553486824036, 'learning_rate': 3.4590715501816326e-06, 'epoch': 6.48}
{'loss': 0.0041, 'grad_norm': 0.3989637792110443, 'learning_rate': 3.412781909863988e-06, 'epoch': 6.54}
{'loss': 0.004, 'grad_norm': 0.19350680708885193, 'learning_rate': 3.3662967705597556e-06, 'epoch': 6.6}
{'loss': 0.0036, 'grad_norm': 0.21671094000339508, 'learning_rate': 3.319630046750353e-06, 'epoch': 6.67}
{'loss': 0.0037, 'grad_norm': 0.4587204158306122, 'learning_rate': 3.272795707271219e-06, 'epoch': 6.73}
{'loss': 0.0044, 'grad_norm': 0.23746903240680695, 'learning_rate': 3.2258077711304956e-06, 'epoch': 6.79}
{'loss': 0.0034, 'grad_norm': 0.28552213311195374, 'learning_rate': 3.1786803033126953e-06, 'epoch': 6.85}
{'loss': 0.0042, 'grad_norm': 0.13187538087368011, 'learning_rate': 3.1314274105685996e-06, 'epoch': 6.91}
{'loss': 0.0043, 'grad_norm': 0.19953623414039612, 'learning_rate': 3.08406323719266e-06, 'epoch': 6.98}
{'eval_loss': 0.0023163235746324062, 'eval_score': 0.002014037065007839, 'eval_err_F': 0.0010574518647105142, 'eval_err_M': 0.0016951753315753975, 'eval_err_diff': 0.0006377234668648833, 'eval_mse': 0.0009888443484453134, 'eval_mae': 0.02153484261533413, 'eval_runtime': 18.71, 'eval_samples_per_second': 1068.946, 'eval_steps_per_second': 8.391, 'epoch': 7.0}
{'loss': 0.0034, 'grad_norm': 0.33578208088874817, 'learning_rate': 3.036601960789168e-06, 'epoch': 7.04}
{'loss': 0.0033, 'grad_norm': 0.441312313079834, 'learning_rate': 2.9890577880284354e-06, 'epoch': 7.1}
{'loss': 0.0031, 'grad_norm': 0.2392411231994629, 'learning_rate': 2.941444950394293e-06, 'epoch': 7.16}
{'loss': 0.0031, 'grad_norm': 0.29140037298202515, 'learning_rate': 2.893777699924157e-06, 'epoch': 7.22}
{'loss': 0.0035, 'grad_norm': 0.25177425146102905, 'learning_rate': 2.846070304942932e-06, 'epoch': 7.28}
{'loss': 0.0034, 'grad_norm': 0.42099201679229736, 'learning_rate': 2.7983370457920533e-06, 'epoch': 7.35}
{'loss': 0.0034, 'grad_norm': 0.5421731472015381, 'learning_rate': 2.7505922105549284e-06, 'epoch': 7.41}
{'loss': 0.0035, 'grad_norm': 0.6652867197990417, 'learning_rate': 2.7028500907800513e-06, 'epoch': 7.47}
{'loss': 0.0031, 'grad_norm': 0.12322678416967392, 'learning_rate': 2.6551249772030953e-06, 'epoch': 7.53}
{'loss': 0.0033, 'grad_norm': 1.097455382347107, 'learning_rate': 2.607431155469236e-06, 'epoch': 7.59}
{'loss': 0.0035, 'grad_norm': 0.5313072204589844, 'learning_rate': 2.559782901857004e-06, 'epoch': 7.65}
{'loss': 0.0045, 'grad_norm': 0.72024005651474, 'learning_rate': 2.5121944790049423e-06, 'epoch': 7.72}
{'loss': 0.0035, 'grad_norm': 0.2510136067867279, 'learning_rate': 2.464680131642343e-06, 'epoch': 7.78}
{'loss': 0.0034, 'grad_norm': 0.3400822579860687, 'learning_rate': 2.4172540823253464e-06, 'epoch': 7.84}
{'loss': 0.0029, 'grad_norm': 0.48307833075523376, 'learning_rate': 2.3699305271796797e-06, 'epoch': 7.9}
{'loss': 0.003, 'grad_norm': 0.5704277157783508, 'learning_rate': 2.322723631651301e-06, 'epoch': 7.96}
{'eval_loss': 0.0036516219843178988, 'eval_score': 0.003068778045916773, 'eval_err_F': 0.0022517862770324694, 'eval_err_M': 0.002796447456288672, 'eval_err_diff': 0.0005446611792562024, 'eval_mse': 0.0012323854254633051, 'eval_mae': 0.02510604231072757, 'eval_runtime': 18.7598, 'eval_samples_per_second': 1066.111, 'eval_steps_per_second': 8.369, 'epoch': 8.0}
{'loss': 0.0039, 'grad_norm': 0.74984210729599, 'learning_rate': 2.275647526266233e-06, 'epoch': 8.02}
{'loss': 0.003, 'grad_norm': 0.4475278854370117, 'learning_rate': 2.228716302400849e-06, 'epoch': 8.09}
{'loss': 0.0032, 'grad_norm': 0.5848966836929321, 'learning_rate': 2.18194400806387e-06, 'epoch': 8.15}
{'loss': 0.0026, 'grad_norm': 0.5980705618858337, 'learning_rate': 2.135344643691353e-06, 'epoch': 8.21}
{'loss': 0.0029, 'grad_norm': 0.23143549263477325, 'learning_rate': 2.0889321579559153e-06, 'epoch': 8.27}
{'loss': 0.0029, 'grad_norm': 0.49632176756858826, 'learning_rate': 2.0427204435914485e-06, 'epoch': 8.33}
{'loss': 0.003, 'grad_norm': 0.1655823141336441, 'learning_rate': 1.996723333234585e-06, 'epoch': 8.4}
{'loss': 0.0029, 'grad_norm': 0.27932488918304443, 'learning_rate': 1.950954595284151e-06, 'epoch': 8.46}
{'loss': 0.0034, 'grad_norm': 0.3558419644832611, 'learning_rate': 1.9054279297798414e-06, 'epoch': 8.52}
{'loss': 0.0029, 'grad_norm': 0.6925269365310669, 'learning_rate': 1.8601569643013658e-06, 'epoch': 8.58}
{'loss': 0.0025, 'grad_norm': 1.0128307342529297, 'learning_rate': 1.8151552498892804e-06, 'epoch': 8.64}
{'loss': 0.0026, 'grad_norm': 0.3115328252315521, 'learning_rate': 1.7704362569887274e-06, 'epoch': 8.7}
{'loss': 0.0031, 'grad_norm': 0.36943477392196655, 'learning_rate': 1.7260133714173052e-06, 'epoch': 8.77}
{'loss': 0.003, 'grad_norm': 0.28179919719696045, 'learning_rate': 1.6818998903582663e-06, 'epoch': 8.83}
{'loss': 0.0027, 'grad_norm': 0.35017266869544983, 'learning_rate': 1.6381090183802453e-06, 'epoch': 8.89}
{'loss': 0.0023, 'grad_norm': 0.6256974935531616, 'learning_rate': 1.5946538634847159e-06, 'epoch': 8.95}
{'eval_loss': 0.0018996188882738352, 'eval_score': 0.0016666488376472495, 'eval_err_F': 0.0007699631341968393, 'eval_err_M': 0.0013677536031637795, 'eval_err_diff': 0.0005977904689669402, 'eval_mse': 0.0009016686211605873, 'eval_mae': 0.02029313756771553, 'eval_runtime': 18.7255, 'eval_samples_per_second': 1068.064, 'eval_steps_per_second': 8.384, 'epoch': 9.0}
{'loss': 0.0026, 'grad_norm': 0.2621513605117798, 'learning_rate': 1.5515474331823422e-06, 'epoch': 9.01}
{'loss': 0.003, 'grad_norm': 0.07604586333036423, 'learning_rate': 1.5088026305994248e-06, 'epoch': 9.07}
{'loss': 0.0024, 'grad_norm': 0.7799676060676575, 'learning_rate': 1.4664322506155756e-06, 'epoch': 9.14}
{'loss': 0.0027, 'grad_norm': 0.5636754035949707, 'learning_rate': 1.424448976033812e-06, 'epoch': 9.2}
{'loss': 0.0023, 'grad_norm': 0.2874286472797394, 'learning_rate': 1.3828653737841863e-06, 'epoch': 9.26}
{'loss': 0.0031, 'grad_norm': 1.0804760456085205, 'learning_rate': 1.341693891162099e-06, 'epoch': 9.32}
{'loss': 0.0025, 'grad_norm': 0.6766323447227478, 'learning_rate': 1.3009468521024366e-06, 'epoch': 9.38}
{'loss': 0.0026, 'grad_norm': 1.2263094186782837, 'learning_rate': 1.2606364534906206e-06, 'epoch': 9.44}
{'loss': 0.0024, 'grad_norm': 0.1012500748038292, 'learning_rate': 1.2207747615116884e-06, 'epoch': 9.51}
{'loss': 0.0026, 'grad_norm': 0.14703433215618134, 'learning_rate': 1.181373708038507e-06, 'epoch': 9.57}
{'loss': 0.003, 'grad_norm': 0.07287712395191193, 'learning_rate': 1.1424450870601805e-06, 'epoch': 9.63}
{'loss': 0.0026, 'grad_norm': 0.7273098230361938, 'learning_rate': 1.1040005511517306e-06, 'epoch': 9.69}
{'loss': 0.0026, 'grad_norm': 0.47075513005256653, 'learning_rate': 1.0660516079861166e-06, 'epoch': 9.75}
{'loss': 0.0025, 'grad_norm': 0.4032634198665619, 'learning_rate': 1.0286096168896192e-06, 'epoch': 9.81}
{'loss': 0.0026, 'grad_norm': 0.4784048795700073, 'learning_rate': 9.916857854416294e-07, 'epoch': 9.88}
{'loss': 0.0026, 'grad_norm': 0.28383833169937134, 'learning_rate': 9.552911661198712e-07, 'epoch': 9.94}
{'loss': 0.0035, 'grad_norm': 0.13903634250164032, 'learning_rate': 9.194366529920373e-07, 'epoch': 10.0}
{'eval_loss': 0.0020002974197268486, 'eval_score': 0.0017445823308692493, 'eval_err_F': 0.0008198631555885564, 'eval_err_M': 0.001436342605775685, 'eval_err_diff': 0.0006164794501871286, 'eval_mse': 0.000860826610258103, 'eval_mae': 0.01943289004624057, 'eval_runtime': 18.5367, 'eval_samples_per_second': 1078.941, 'eval_steps_per_second': 8.47, 'epoch': 10.0}
{'loss': 0.0025, 'grad_norm': 0.6339783668518066, 'learning_rate': 8.841329784548475e-07, 'epoch': 10.06}
{'loss': 0.0027, 'grad_norm': 0.29648467898368835, 'learning_rate': 8.493907100215058e-07, 'epoch': 10.12}
{'loss': 0.0026, 'grad_norm': 0.7199217081069946, 'learning_rate': 8.152202471585042e-07, 'epoch': 10.19}
{'loss': 0.0023, 'grad_norm': 0.08002878725528717, 'learning_rate': 7.816318181727298e-07, 'epoch': 10.25}
{'loss': 0.0024, 'grad_norm': 0.1253509819507599, 'learning_rate': 7.486354771498111e-07, 'epoch': 10.31}
{'loss': 0.0027, 'grad_norm': 0.3342030942440033, 'learning_rate': 7.162411009446081e-07, 'epoch': 10.37}
{'loss': 0.0026, 'grad_norm': 0.5242145657539368, 'learning_rate': 6.844583862247536e-07, 'epoch': 10.43}
{'loss': 0.0027, 'grad_norm': 0.23559953272342682, 'learning_rate': 6.532968465681362e-07, 'epoch': 10.49}
{'loss': 0.0023, 'grad_norm': 0.2423315942287445, 'learning_rate': 6.227658096151805e-07, 'epoch': 10.56}
{'loss': 0.0022, 'grad_norm': 0.7157531976699829, 'learning_rate': 5.928744142767872e-07, 'epoch': 10.62}
{'loss': 0.0026, 'grad_norm': 0.1865222007036209, 'learning_rate': 5.636316079987693e-07, 'epoch': 10.68}
{'loss': 0.0027, 'grad_norm': 0.23771359026432037, 'learning_rate': 5.350461440835945e-07, 'epoch': 10.74}
{'loss': 0.0028, 'grad_norm': 0.2347899228334427, 'learning_rate': 5.071265790702424e-07, 'epoch': 10.8}
{'loss': 0.0023, 'grad_norm': 0.1148369163274765, 'learning_rate': 4.798812701729632e-07, 'epoch': 10.86}
{'loss': 0.0021, 'grad_norm': 0.7941582202911377, 'learning_rate': 4.533183727796945e-07, 'epoch': 10.93}
{'loss': 0.0023, 'grad_norm': 0.650691032409668, 'learning_rate': 4.2744583801089705e-07, 'epoch': 10.99}
{'eval_loss': 0.0019675095099955797, 'eval_score': 0.0017444145475435152, 'eval_err_F': 0.0008033588672105981, 'eval_err_M': 0.0014307293207658763, 'eval_err_diff': 0.0006273704535552781, 'eval_mse': 0.0008397251781111723, 'eval_mae': 0.019420140315631215, 'eval_runtime': 18.4913, 'eval_samples_per_second': 1081.587, 'eval_steps_per_second': 8.49, 'epoch': 11.0}
{'loss': 0.0026, 'grad_norm': 0.3879793882369995, 'learning_rate': 4.022714103395267e-07, 'epoch': 11.05}
{'loss': 0.0025, 'grad_norm': 0.48097875714302063, 'learning_rate': 3.778026252728735e-07, 'epoch': 11.11}
{'loss': 0.0024, 'grad_norm': 0.1491517275571823, 'learning_rate': 3.5404680709694036e-07, 'epoch': 11.17}
{'loss': 0.0023, 'grad_norm': 0.1470019668340683, 'learning_rate': 3.3101106668405084e-07, 'epoch': 11.23}
{'loss': 0.0024, 'grad_norm': 0.2638063132762909, 'learning_rate': 3.0870229936434114e-07, 'epoch': 11.3}
{'loss': 0.0023, 'grad_norm': 0.43971502780914307, 'learning_rate': 2.8712718286176857e-07, 'epoch': 11.36}
{'loss': 0.0021, 'grad_norm': 0.09561754018068314, 'learning_rate': 2.662921752952518e-07, 'epoch': 11.42}
{'loss': 0.0019, 'grad_norm': 0.5339193344116211, 'learning_rate': 2.4620351324555687e-07, 'epoch': 11.48}
{'loss': 0.0025, 'grad_norm': 0.5276915431022644, 'learning_rate': 2.268672098884854e-07, 'epoch': 11.54}
{'loss': 0.0022, 'grad_norm': 0.3528822958469391, 'learning_rate': 2.0828905319494085e-07, 'epoch': 11.6}
{'loss': 0.0021, 'grad_norm': 0.5798931121826172, 'learning_rate': 1.904746041984058e-07, 'epoch': 11.67}
{'loss': 0.0026, 'grad_norm': 0.08781807124614716, 'learning_rate': 1.7342919533034666e-07, 'epoch': 11.73}
{'loss': 0.0025, 'grad_norm': 0.46914157271385193, 'learning_rate': 1.5715792882404623e-07, 'epoch': 11.79}
{'loss': 0.0024, 'grad_norm': 0.19880087673664093, 'learning_rate': 1.4166567518734583e-07, 'epoch': 11.85}
{'loss': 0.0022, 'grad_norm': 0.08649934083223343, 'learning_rate': 1.2695707174474507e-07, 'epoch': 11.91}
{'loss': 0.0023, 'grad_norm': 0.37683966755867004, 'learning_rate': 1.1303652124930284e-07, 'epoch': 11.98}
{'eval_loss': 0.0018963610054925084, 'eval_score': 0.0016661440006689402, 'eval_err_F': 0.0007536996628331676, 'eval_err_M': 0.0013619958880570161, 'eval_err_diff': 0.0006082962252238485, 'eval_mse': 0.000839519139575, 'eval_mae': 0.019183707722967302, 'eval_runtime': 18.5528, 'eval_samples_per_second': 1078.006, 'eval_steps_per_second': 8.462, 'epoch': 12.0}
{'loss': 0.002, 'grad_norm': 0.11866358667612076, 'learning_rate': 9.990819056475435e-08, 'epoch': 12.04}
{'loss': 0.002, 'grad_norm': 0.21466317772865295, 'learning_rate': 8.757600941823664e-08, 'epoch': 12.1}
{'loss': 0.0027, 'grad_norm': 0.8335921764373779, 'learning_rate': 7.604366922399383e-08, 'epoch': 12.16}
{'loss': 0.0035, 'grad_norm': 0.25366368889808655, 'learning_rate': 6.53146219784225e-08, 'epoch': 12.22}
{'loss': 0.0021, 'grad_norm': 0.3698124587535858, 'learning_rate': 5.5392079226777e-08, 'epoch': 12.28}
{'loss': 0.0024, 'grad_norm': 0.4132102131843567, 'learning_rate': 4.627901110185182e-08, 'epoch': 12.35}
{'loss': 0.0022, 'grad_norm': 0.28841307759284973, 'learning_rate': 3.79781454349287e-08, 'epoch': 12.41}
{'loss': 0.002, 'grad_norm': 0.44408053159713745, 'learning_rate': 3.049196693924692e-08, 'epoch': 12.47}
{'loss': 0.0021, 'grad_norm': 0.24241286516189575, 'learning_rate': 2.382271646625097e-08, 'epoch': 12.53}
{'loss': 0.0022, 'grad_norm': 0.17083078622817993, 'learning_rate': 1.7972390334832732e-08, 'epoch': 12.59}
{'loss': 0.0021, 'grad_norm': 0.560667872428894, 'learning_rate': 1.2942739733769735e-08, 'epoch': 12.65}
{'loss': 0.0024, 'grad_norm': 0.41216740012168884, 'learning_rate': 8.735270197536943e-09, 'epoch': 12.72}
{'loss': 0.0026, 'grad_norm': 0.09701689332723618, 'learning_rate': 5.351241155654755e-09, 'epoch': 12.78}
{'loss': 0.0021, 'grad_norm': 0.2237023562192917, 'learning_rate': 2.791665555699728e-09, 'epoch': 12.84}
{'loss': 0.0025, 'grad_norm': 0.5100655555725098, 'learning_rate': 1.0573095600987644e-09, 'epoch': 12.9}
{'loss': 0.0025, 'grad_norm': 0.39289867877960205, 'learning_rate': 1.486923167906958e-10, 'epoch': 12.96}
{'eval_loss': 0.0019222007831558585, 'eval_score': 0.0017060890502191965, 'eval_err_F': 0.0007549620522051871, 'eval_err_M': 0.00138904671754786, 'eval_err_diff': 0.0006340846653426729, 'eval_mse': 0.0008227859172196478, 'eval_mae': 0.01903599621000867, 'eval_runtime': 18.0858, 'eval_samples_per_second': 1105.841, 'eval_steps_per_second': 8.681, 'epoch': 13.0}
{'train_runtime': 2203.7676, 'train_samples_per_second': 471.919, 'train_steps_per_second': 4.778, 'train_loss': 0.00948812889973549, 'epoch': 13.0}
[EMA] Swapped EMA weights into model (decay=0.9998)
[EMA] Swapped EMA weights into model (decay=0.9998)
score=0.00239 | err_diff=0.00097 | loss=0.00252
score=0.00239 | err_diff=0.00097 | loss=0.00252
Saved 30 worst predictions: results/optuna_dinov3-vitb16-3090-v2-ibot_trial_5/worst/worst.csv + results/optuna_dinov3-vitb16-3090-v2-ibot_trial_5/worst/images
Model saved: models:/m-25c466f566f740d683e70fa3fb3da490
Trial 5: score=inf err_F=inf err_M=inf err_diff=inf
Loaded 100,000 samples from data/raw/train.csv
Train: 80,000 | Val: 20,000
Loaded 100,000 samples from data/raw/train.csv
Sampler 'occlusion': 10 groups, 80000 samples/epoch
PMF ratios test/train (20 bins of 0.025): [0.215, 0.34, 0.565, 0.733, 0.921, 1.077, 1.32, 1.455, 1.634, 1.89, 1.981, 1.876, 1.57, 1.318, 1.35, 0.614, 0.942, 0.066, 0.066, 0.066]
eval_importance_reweight ON (eval_score reweighted to test distribution)
Train: 80,000 | Val: 20,000
Gender reweight: F=1.352, M=0.648 (mean=1.0)
Sampler 'occlusion': 10 groups, 80000 samples/epoch
PMF ratios test/train (20 bins of 0.025): [0.215, 0.34, 0.565, 0.733, 0.921, 1.077, 1.32, 1.455, 1.634, 1.89, 1.981, 1.876, 1.57, 1.318, 1.35, 0.614, 0.942, 0.066, 0.066, 0.066]
eval_importance_reweight ON (eval_score reweighted to test distribution)
Gender reweight: F=1.352, M=0.648 (mean=1.0)
DINOv3 drop_path_rate=0.043334063852951604 applied (linear 0 → 0.043 across 12 blocks via sample_drop_ratio)
Loaded DINOv3 weights: dinov3_vitb16_pretrain_lvd1689m-73cec8be.pth
DINOv3 drop_path_rate=0.043334063852951604 applied (linear 0 → 0.043 across 12 blocks via sample_drop_ratio)
Loading pretrained backbone from runs:/c2c396cae2f74566a413502633de7781/encoder
Loaded DINOv3 weights: dinov3_vitb16_pretrain_lvd1689m-73cec8be.pth
Loading pretrained backbone from runs:/c2c396cae2f74566a413502633de7781/encoder
  loaded (0 missing, 0 unexpected keys)
  loaded (0 missing, 0 unexpected keys)
  logged 141 pretrain_* params from run c2c396cae2f74566a413502633de7781
  logged 141 pretrain_* params from run c2c396cae2f74566a413502633de7781
EMA enabled: decay=0.9998, warmup_steps=200
EMA enabled: decay=0.9998, warmup_steps=200
WeightedMSELoss: focal_gamma=0.0, fairness_lambda=1.6305859458053993, gender_reweight=on (F=1.35, M=0.65)
Training dinov3-vitb16-3090-v2-ibot_trial6 (best_metric=eval_score)
WeightedMSELoss: focal_gamma=0.0, fairness_lambda=1.6305859458053993, gender_reweight=on (F=1.35, M=0.65)
Training dinov3-vitb16-3090-v2-ibot_trial6 (best_metric=eval_score)
LLRD: 14 groups, LR ∈ [1.35e-06, 8.41e-05]
LLRD: 14 groups, LR ∈ [1.35e-06, 8.41e-05]
{'loss': 0.2384, 'grad_norm': 13.500475883483887, 'learning_rate': 2.2762251616011136e-08, 'epoch': 0.04}
{'loss': 0.112, 'grad_norm': 2.0100626945495605, 'learning_rate': 4.552450323202227e-08, 'epoch': 0.08}
{'loss': 0.0945, 'grad_norm': 2.3141186237335205, 'learning_rate': 6.828675484803341e-08, 'epoch': 0.12}
{'loss': 0.0939, 'grad_norm': 4.811070442199707, 'learning_rate': 9.104900646404454e-08, 'epoch': 0.16}
{'loss': 0.0861, 'grad_norm': 2.7887532711029053, 'learning_rate': 1.1381125808005567e-07, 'epoch': 0.2}
{'loss': 0.0868, 'grad_norm': 2.379365921020508, 'learning_rate': 1.3657350969606683e-07, 'epoch': 0.24}
{'loss': 0.0901, 'grad_norm': 3.6252686977386475, 'learning_rate': 1.5933576131207793e-07, 'epoch': 0.28}
{'loss': 0.0885, 'grad_norm': 1.382859230041504, 'learning_rate': 1.820980129280891e-07, 'epoch': 0.32}
{'loss': 0.0839, 'grad_norm': 2.402333974838257, 'learning_rate': 2.0486026454410022e-07, 'epoch': 0.36}
{'loss': 0.0894, 'grad_norm': 1.1945470571517944, 'learning_rate': 2.2762251616011135e-07, 'epoch': 0.4}
{'loss': 0.0825, 'grad_norm': 1.053065538406372, 'learning_rate': 2.503847677761225e-07, 'epoch': 0.44}
{'loss': 0.0891, 'grad_norm': 0.6991667151451111, 'learning_rate': 2.7314701939213366e-07, 'epoch': 0.48}
{'loss': 0.088, 'grad_norm': 5.071292400360107, 'learning_rate': 2.9590927100814476e-07, 'epoch': 0.52}
{'loss': 0.0792, 'grad_norm': 2.6044626235961914, 'learning_rate': 3.1867152262415586e-07, 'epoch': 0.56}
{'loss': 0.0836, 'grad_norm': 4.020295143127441, 'learning_rate': 3.41433774240167e-07, 'epoch': 0.6}
{'loss': 0.0811, 'grad_norm': 7.942244529724121, 'learning_rate': 3.641960258561782e-07, 'epoch': 0.64}
{'loss': 0.0739, 'grad_norm': 5.277512550354004, 'learning_rate': 3.869582774721893e-07, 'epoch': 0.68}
{'loss': 0.0764, 'grad_norm': 2.478516101837158, 'learning_rate': 4.0972052908820043e-07, 'epoch': 0.72}
{'loss': 0.0684, 'grad_norm': 2.0250861644744873, 'learning_rate': 4.324827807042116e-07, 'epoch': 0.76}
{'loss': 0.0676, 'grad_norm': 2.5719141960144043, 'learning_rate': 4.552450323202227e-07, 'epoch': 0.8}
{'loss': 0.0606, 'grad_norm': 4.150472164154053, 'learning_rate': 4.780072839362338e-07, 'epoch': 0.84}
{'loss': 0.0556, 'grad_norm': 1.891984462738037, 'learning_rate': 5.00769535552245e-07, 'epoch': 0.88}
{'loss': 0.0675, 'grad_norm': 6.381137371063232, 'learning_rate': 5.235317871682562e-07, 'epoch': 0.92}
{'loss': 0.0538, 'grad_norm': 1.8389153480529785, 'learning_rate': 5.462940387842673e-07, 'epoch': 0.96}
{'loss': 0.0674, 'grad_norm': 2.8105173110961914, 'learning_rate': 5.690562904002784e-07, 'epoch': 1.0}
{'eval_loss': 0.021843204274773598, 'eval_score': 0.0174714623919839, 'eval_err_F': 0.01704069147617721, 'eval_err_M': 0.016179149644563823, 'eval_err_diff': 0.0008615418316133862, 'eval_mse': 0.005849710772270894, 'eval_mae': 0.0541301323239235, 'eval_runtime': 18.287, 'eval_samples_per_second': 1093.674, 'eval_steps_per_second': 8.585, 'epoch': 1.0}
{'loss': 0.0567, 'grad_norm': 1.015014886856079, 'learning_rate': 5.918185420162895e-07, 'epoch': 1.04}
{'loss': 0.0612, 'grad_norm': 4.860808849334717, 'learning_rate': 6.145807936323007e-07, 'epoch': 1.08}
{'loss': 0.0557, 'grad_norm': 3.3855607509613037, 'learning_rate': 6.373430452483117e-07, 'epoch': 1.12}
{'loss': 0.0512, 'grad_norm': 1.3600648641586304, 'learning_rate': 6.601052968643229e-07, 'epoch': 1.16}
{'loss': 0.0522, 'grad_norm': 4.72316837310791, 'learning_rate': 6.82867548480334e-07, 'epoch': 1.2}
{'loss': 0.048, 'grad_norm': 2.246007204055786, 'learning_rate': 7.056298000963452e-07, 'epoch': 1.24}
{'loss': 0.0585, 'grad_norm': 1.2538447380065918, 'learning_rate': 7.283920517123564e-07, 'epoch': 1.28}
{'loss': 0.049, 'grad_norm': 1.7622524499893188, 'learning_rate': 7.511543033283674e-07, 'epoch': 1.32}
{'loss': 0.0436, 'grad_norm': 1.4937386512756348, 'learning_rate': 7.739165549443786e-07, 'epoch': 1.36}
{'loss': 0.0444, 'grad_norm': 1.7167547941207886, 'learning_rate': 7.966788065603897e-07, 'epoch': 1.4}
{'loss': 0.0439, 'grad_norm': 0.6735751628875732, 'learning_rate': 8.194410581764009e-07, 'epoch': 1.44}
{'loss': 0.0453, 'grad_norm': 3.442617416381836, 'learning_rate': 8.42203309792412e-07, 'epoch': 1.48}
{'loss': 0.0495, 'grad_norm': 1.68572199344635, 'learning_rate': 8.649655614084232e-07, 'epoch': 1.52}
{'loss': 0.048, 'grad_norm': 1.654776930809021, 'learning_rate': 8.877278130244342e-07, 'epoch': 1.56}
{'loss': 0.0379, 'grad_norm': 1.43488609790802, 'learning_rate': 9.104900646404454e-07, 'epoch': 1.6}
{'loss': 0.0406, 'grad_norm': 2.952876567840576, 'learning_rate': 9.332523162564565e-07, 'epoch': 1.64}
{'loss': 0.0367, 'grad_norm': 3.0352578163146973, 'learning_rate': 9.560145678724677e-07, 'epoch': 1.68}
{'loss': 0.0377, 'grad_norm': 0.5865842700004578, 'learning_rate': 9.787768194884787e-07, 'epoch': 1.72}
{'loss': 0.0367, 'grad_norm': 1.322722315788269, 'learning_rate': 1.00153907110449e-06, 'epoch': 1.76}
{'loss': 0.0297, 'grad_norm': 1.1004735231399536, 'learning_rate': 1.024301322720501e-06, 'epoch': 1.8}
{'loss': 0.0279, 'grad_norm': 1.1147881746292114, 'learning_rate': 1.0470635743365123e-06, 'epoch': 1.84}
{'loss': 0.0349, 'grad_norm': 3.0409302711486816, 'learning_rate': 1.0698258259525234e-06, 'epoch': 1.88}
{'loss': 0.0259, 'grad_norm': 1.0316423177719116, 'learning_rate': 1.0925880775685346e-06, 'epoch': 1.92}
{'loss': 0.0267, 'grad_norm': 1.831970453262329, 'learning_rate': 1.1153503291845457e-06, 'epoch': 1.96}
{'loss': 0.0239, 'grad_norm': 1.432098388671875, 'learning_rate': 1.1381125808005567e-06, 'epoch': 2.0}
{'eval_loss': 0.010318199172616005, 'eval_score': 0.007220222878579755, 'eval_err_F': 0.007152677084515365, 'eval_err_M': 0.0070175854963865835, 'eval_err_diff': 0.0001350915881287813, 'eval_mse': 0.002614699876051893, 'eval_mae': 0.036335442195647376, 'eval_runtime': 18.4328, 'eval_samples_per_second': 1085.02, 'eval_steps_per_second': 8.517, 'epoch': 2.0}
{'loss': 0.0213, 'grad_norm': 1.096177577972412, 'learning_rate': 1.160874832416568e-06, 'epoch': 2.04}
{'loss': 0.0214, 'grad_norm': 2.1521317958831787, 'learning_rate': 1.183637084032579e-06, 'epoch': 2.08}
{'loss': 0.0263, 'grad_norm': 0.5036875009536743, 'learning_rate': 1.2063993356485903e-06, 'epoch': 2.12}
{'loss': 0.0248, 'grad_norm': 1.8057302236557007, 'learning_rate': 1.2291615872646014e-06, 'epoch': 2.16}
{'loss': 0.0231, 'grad_norm': 1.2549132108688354, 'learning_rate': 1.2519238388806124e-06, 'epoch': 2.2}
{'loss': 0.0188, 'grad_norm': 1.9730778932571411, 'learning_rate': 1.2746860904966235e-06, 'epoch': 2.24}
{'loss': 0.019, 'grad_norm': 0.9935516715049744, 'learning_rate': 1.2974483421126347e-06, 'epoch': 2.28}
{'loss': 0.0215, 'grad_norm': 0.7975668907165527, 'learning_rate': 1.3202105937286458e-06, 'epoch': 2.32}
{'loss': 0.0228, 'grad_norm': 1.3242734670639038, 'learning_rate': 1.3429728453446568e-06, 'epoch': 2.36}
{'loss': 0.0197, 'grad_norm': 0.5566451549530029, 'learning_rate': 1.3538896525572327e-06, 'epoch': 2.4}
{'loss': 0.0169, 'grad_norm': 1.1229302883148193, 'learning_rate': 1.3538211994676153e-06, 'epoch': 2.44}
{'loss': 0.0166, 'grad_norm': 0.28744542598724365, 'learning_rate': 1.3536856423152261e-06, 'epoch': 2.48}
{'loss': 0.0172, 'grad_norm': 1.1434845924377441, 'learning_rate': 1.353482994538999e-06, 'epoch': 2.52}
{'loss': 0.0159, 'grad_norm': 2.3326356410980225, 'learning_rate': 1.3532132762291314e-06, 'epoch': 2.56}
{'loss': 0.0152, 'grad_norm': 1.6947158575057983, 'learning_rate': 1.3528765141250938e-06, 'epoch': 2.6}
{'loss': 0.015, 'grad_norm': 1.1656721830368042, 'learning_rate': 1.3524727416129783e-06, 'epoch': 2.64}
{'loss': 0.0177, 'grad_norm': 0.7478445172309875, 'learning_rate': 1.3520019987221885e-06, 'epoch': 2.68}
{'loss': 0.0152, 'grad_norm': 1.483875036239624, 'learning_rate': 1.3514643321214712e-06, 'epoch': 2.72}
{'loss': 0.0124, 'grad_norm': 1.5013493299484253, 'learning_rate': 1.3508597951142906e-06, 'epoch': 2.76}
{'loss': 0.0132, 'grad_norm': 0.7858253121376038, 'learning_rate': 1.350188447633542e-06, 'epoch': 2.8}
{'loss': 0.011, 'grad_norm': 0.44461485743522644, 'learning_rate': 1.3494503562356118e-06, 'epoch': 2.84}
{'loss': 0.0111, 'grad_norm': 0.4381590485572815, 'learning_rate': 1.3486455940937794e-06, 'epoch': 2.88}
{'loss': 0.0114, 'grad_norm': 0.8874266743659973, 'learning_rate': 1.3477742409909606e-06, 'epoch': 2.92}
{'loss': 0.0104, 'grad_norm': 0.4563653767108917, 'learning_rate': 1.3468363833118006e-06, 'epoch': 2.96}
{'loss': 0.0125, 'grad_norm': 0.2591562569141388, 'learning_rate': 1.3458321140341089e-06, 'epoch': 3.0}
{'eval_loss': 0.0036717448383569717, 'eval_score': 0.0024887204874343176, 'eval_err_F': 0.0014708549696756702, 'eval_err_M': 0.0021494319815147686, 'eval_err_diff': 0.0006785770118390984, 'eval_mse': 0.00115992570350565, 'eval_mae': 0.02486601784667091, 'eval_runtime': 18.5827, 'eval_samples_per_second': 1076.269, 'eval_steps_per_second': 8.449, 'epoch': 3.0}
{'loss': 0.01, 'grad_norm': 1.4992547035217285, 'learning_rate': 1.3447615327196416e-06, 'epoch': 3.04}
{'loss': 0.0096, 'grad_norm': 0.6494284272193909, 'learning_rate': 1.343624745504231e-06, 'epoch': 3.08}
{'loss': 0.0092, 'grad_norm': 1.19919753074646, 'learning_rate': 1.342421865087263e-06, 'epoch': 3.12}
{'loss': 0.0111, 'grad_norm': 0.4398111402988434, 'learning_rate': 1.341153010720506e-06, 'epoch': 3.16}
{'loss': 0.0096, 'grad_norm': 1.4047183990478516, 'learning_rate': 1.3398183081962867e-06, 'epoch': 3.2}
{'loss': 0.0113, 'grad_norm': 1.4921520948410034, 'learning_rate': 1.338417889835019e-06, 'epoch': 3.24}
{'loss': 0.0104, 'grad_norm': 0.918290913105011, 'learning_rate': 1.3369518944720875e-06, 'epoch': 3.28}
{'loss': 0.0103, 'grad_norm': 0.35877886414527893, 'learning_rate': 1.3354204674440828e-06, 'epoch': 3.32}
{'loss': 0.0089, 'grad_norm': 1.1714296340942383, 'learning_rate': 1.3338237605743926e-06, 'epoch': 3.36}
{'loss': 0.0082, 'grad_norm': 0.8546218276023865, 'learning_rate': 1.3321619321581511e-06, 'epoch': 3.4}
{'loss': 0.0117, 'grad_norm': 0.9893888831138611, 'learning_rate': 1.330435146946545e-06, 'epoch': 3.44}
{'loss': 0.0095, 'grad_norm': 1.8309015035629272, 'learning_rate': 1.3286435761304807e-06, 'epoch': 3.48}
{'loss': 0.0115, 'grad_norm': 0.3381989002227783, 'learning_rate': 1.3267873973236128e-06, 'epoch': 3.52}
{'loss': 0.0055, 'grad_norm': 0.7033610343933105, 'learning_rate': 1.3248667945447356e-06, 'epoch': 3.56}
{'loss': 0.0051, 'grad_norm': 0.41243767738342285, 'learning_rate': 1.3228819581995394e-06, 'epoch': 3.6}
{'loss': 0.0043, 'grad_norm': 0.31555452942848206, 'learning_rate': 1.320833085061735e-06, 'epoch': 3.64}
{'loss': 0.0129, 'grad_norm': 0.19162751734256744, 'learning_rate': 1.3187203782535443e-06, 'epoch': 3.68}
{'loss': 0.0049, 'grad_norm': 0.5614693760871887, 'learning_rate': 1.3165440472255645e-06, 'epoch': 3.72}
{'loss': 0.005, 'grad_norm': 0.5205105543136597, 'learning_rate': 1.3143043077360027e-06, 'epoch': 3.76}
{'loss': 0.0046, 'grad_norm': 0.6624007821083069, 'learning_rate': 1.3120013818292867e-06, 'epoch': 3.8}
{'loss': 0.0047, 'grad_norm': 0.48686620593070984, 'learning_rate': 1.3096354978140502e-06, 'epoch': 3.84}
{'loss': 0.004, 'grad_norm': 0.8611607551574707, 'learning_rate': 1.3072068902405008e-06, 'epoch': 3.88}
{'loss': 0.0056, 'grad_norm': 0.5047905445098877, 'learning_rate': 1.3047157998771655e-06, 'epoch': 3.92}
{'loss': 0.0046, 'grad_norm': 0.6666573882102966, 'learning_rate': 1.3021624736870218e-06, 'epoch': 3.96}
{'loss': 0.0052, 'grad_norm': 0.6345766186714172, 'learning_rate': 1.2995471648030141e-06, 'epoch': 4.0}
{'eval_loss': 0.003520852653309703, 'eval_score': 0.00240384020354826, 'eval_err_F': 0.001663214789270963, 'eval_err_M': 0.0021569650654558277, 'eval_err_diff': 0.0004937502761848647, 'eval_mse': 0.0010203093479394221, 'eval_mae': 0.023137675649673655, 'eval_runtime': 18.4895, 'eval_samples_per_second': 1081.696, 'eval_steps_per_second': 8.491, 'epoch': 4.0}
{'loss': 0.0046, 'grad_norm': 0.30237674713134766, 'learning_rate': 1.2968701325029583e-06, 'epoch': 4.04}
{'loss': 0.0063, 'grad_norm': 4.572623252868652, 'learning_rate': 1.2941316421838382e-06, 'epoch': 4.08}
{'loss': 0.0051, 'grad_norm': 1.7677274942398071, 'learning_rate': 1.291331965335493e-06, 'epoch': 4.12}
{'loss': 0.0041, 'grad_norm': 0.830119788646698, 'learning_rate': 1.2884713795137037e-06, 'epoch': 4.16}
{'loss': 0.0038, 'grad_norm': 1.4050369262695312, 'learning_rate': 1.2855501683126751e-06, 'epoch': 4.2}
{'loss': 0.0072, 'grad_norm': 1.0059175491333008, 'learning_rate': 1.2825686213369226e-06, 'epoch': 4.24}
{'loss': 0.004, 'grad_norm': 0.9638667702674866, 'learning_rate': 1.279527034172559e-06, 'epoch': 4.28}
{'loss': 0.0043, 'grad_norm': 0.8769214749336243, 'learning_rate': 1.2764257083579932e-06, 'epoch': 4.32}
{'loss': 0.0044, 'grad_norm': 0.6277763247489929, 'learning_rate': 1.2732649513540333e-06, 'epoch': 4.36}
{'loss': 0.0037, 'grad_norm': 0.7500461339950562, 'learning_rate': 1.270045076513407e-06, 'epoch': 4.4}
{'loss': 0.0084, 'grad_norm': 0.48399245738983154, 'learning_rate': 1.2667664030496968e-06, 'epoch': 4.44}
{'loss': 0.0034, 'grad_norm': 0.2375619262456894, 'learning_rate': 1.263429256005692e-06, 'epoch': 4.48}
{'loss': 0.0033, 'grad_norm': 0.7044836282730103, 'learning_rate': 1.2600339662211656e-06, 'epoch': 4.52}
{'loss': 0.0029, 'grad_norm': 0.5642912983894348, 'learning_rate': 1.256580870300075e-06, 'epoch': 4.56}
{'loss': 0.0045, 'grad_norm': 1.2154332399368286, 'learning_rate': 1.2530703105771922e-06, 'epoch': 4.6}
{'loss': 0.0075, 'grad_norm': 0.44295555353164673, 'learning_rate': 1.2495026350841635e-06, 'epoch': 4.64}
{'loss': 0.0036, 'grad_norm': 0.3981792628765106, 'learning_rate': 1.2458781975150083e-06, 'epoch': 4.68}
{'loss': 0.0036, 'grad_norm': 1.572458028793335, 'learning_rate': 1.2421973571910531e-06, 'epoch': 4.72}
{'loss': 0.0042, 'grad_norm': 0.3743607699871063, 'learning_rate': 1.2384604790253093e-06, 'epoch': 4.76}
{'loss': 0.0026, 'grad_norm': 0.858138382434845, 'learning_rate': 1.2346679334862965e-06, 'epoch': 4.8}
{'loss': 0.003, 'grad_norm': 0.21505498886108398, 'learning_rate': 1.2308200965613137e-06, 'epoch': 4.84}
{'loss': 0.0029, 'grad_norm': 0.2885572910308838, 'learning_rate': 1.2269173497191661e-06, 'epoch': 4.88}
{'loss': 0.0078, 'grad_norm': 1.0690393447875977, 'learning_rate': 1.222960079872346e-06, 'epoch': 4.92}
{'loss': 0.003, 'grad_norm': 0.2905844449996948, 'learning_rate': 1.2189486793386749e-06, 'epoch': 4.96}
{'loss': 0.0029, 'grad_norm': 1.069675087928772, 'learning_rate': 1.214883545802409e-06, 'epoch': 5.0}
{'eval_loss': 0.0026371802669018507, 'eval_score': 0.0014795323752463106, 'eval_err_F': 0.0008751257677067852, 'eval_err_M': 0.0012780635060664688, 'eval_err_diff': 0.00040293773835968353, 'eval_mse': 0.0009733540336258712, 'eval_mae': 0.022285122238659277, 'eval_runtime': 18.3682, 'eval_samples_per_second': 1088.839, 'eval_steps_per_second': 8.547, 'epoch': 5.0}
{'loss': 0.0049, 'grad_norm': 0.7034873366355896, 'learning_rate': 1.2107650822748153e-06, 'epoch': 5.04}
{'loss': 0.0041, 'grad_norm': 0.5493695139884949, 'learning_rate': 1.2065936970542155e-06, 'epoch': 5.08}
{'loss': 0.0031, 'grad_norm': 0.20300966501235962, 'learning_rate': 1.2023698036855097e-06, 'epoch': 5.12}
{'loss': 0.0036, 'grad_norm': 1.1446561813354492, 'learning_rate': 1.1980938209191765e-06, 'epoch': 5.16}
{'loss': 0.0028, 'grad_norm': 0.4500090777873993, 'learning_rate': 1.19376617266976e-06, 'epoch': 5.2}
{'loss': 0.003, 'grad_norm': 0.8257641196250916, 'learning_rate': 1.1893872879738437e-06, 'epoch': 5.24}
{'loss': 0.0034, 'grad_norm': 0.7600086331367493, 'learning_rate': 1.184957600947515e-06, 'epoch': 5.28}
{'loss': 0.0036, 'grad_norm': 0.46555230021476746, 'learning_rate': 1.1804775507433286e-06, 'epoch': 5.32}
{'loss': 0.003, 'grad_norm': 0.6127206087112427, 'learning_rate': 1.17594758150677e-06, 'epoch': 5.36}
{'loss': 0.0027, 'grad_norm': 0.5386752486228943, 'learning_rate': 1.1713681423322222e-06, 'epoch': 5.4}
{'loss': 0.0043, 'grad_norm': 0.7770459651947021, 'learning_rate': 1.1667396872184446e-06, 'epoch': 5.44}
{'loss': 0.0025, 'grad_norm': 0.748107373714447, 'learning_rate': 1.162062675023563e-06, 'epoch': 5.48}
{'loss': 0.003, 'grad_norm': 0.9360647797584534, 'learning_rate': 1.1573375694195805e-06, 'epoch': 5.52}
{'loss': 0.0032, 'grad_norm': 0.5886922478675842, 'learning_rate': 1.152564838846408e-06, 'epoch': 5.56}
{'loss': 0.0034, 'grad_norm': 0.6247238516807556, 'learning_rate': 1.1477449564654254e-06, 'epoch': 5.6}
{'loss': 0.0023, 'grad_norm': 0.3721020221710205, 'learning_rate': 1.142878400112572e-06, 'epoch': 5.64}
{'loss': 0.0023, 'grad_norm': 0.5618504285812378, 'learning_rate': 1.1379656522509755e-06, 'epoch': 5.68}
{'loss': 0.0023, 'grad_norm': 0.3025089502334595, 'learning_rate': 1.1330071999231202e-06, 'epoch': 5.72}
{'loss': 0.0028, 'grad_norm': 0.44030091166496277, 'learning_rate': 1.128003534702563e-06, 'epoch': 5.76}
{'loss': 0.0025, 'grad_norm': 0.7580897212028503, 'learning_rate': 1.1229551526451994e-06, 'epoch': 5.8}
{'loss': 0.0033, 'grad_norm': 0.36150190234184265, 'learning_rate': 1.1178625542400858e-06, 'epoch': 5.84}
{'loss': 0.0023, 'grad_norm': 0.8001247048377991, 'learning_rate': 1.1127262443598207e-06, 'epoch': 5.88}
{'loss': 0.0023, 'grad_norm': 0.5324574112892151, 'learning_rate': 1.1075467322104935e-06, 'epoch': 5.92}
{'loss': 0.0031, 'grad_norm': 0.7659019231796265, 'learning_rate': 1.1023245312812013e-06, 'epoch': 5.96}
{'loss': 0.0026, 'grad_norm': 0.22749052941799164, 'learning_rate': 1.0970601592931435e-06, 'epoch': 6.0}
{'eval_loss': 0.0031099196057766676, 'eval_score': 0.0018638163047513918, 'eval_err_F': 0.0013891392705724398, 'eval_err_M': 0.0017055906266917411, 'eval_err_diff': 0.0003164513561193013, 'eval_mse': 0.0013574230379572905, 'eval_mae': 0.028149835150224133, 'eval_runtime': 19.8967, 'eval_samples_per_second': 1005.194, 'eval_steps_per_second': 7.891, 'epoch': 6.0}
{'loss': 0.0056, 'grad_norm': 1.0842829942703247, 'learning_rate': 1.0917541381482955e-06, 'epoch': 6.04}
{'loss': 0.0026, 'grad_norm': 0.4337550103664398, 'learning_rate': 1.0864069938776675e-06, 'epoch': 6.08}
{'loss': 0.0033, 'grad_norm': 0.7502954006195068, 'learning_rate': 1.0810192565891551e-06, 'epoch': 6.12}
{'loss': 0.0042, 'grad_norm': 4.3958282470703125, 'learning_rate': 1.0755914604149848e-06, 'epoch': 6.16}
{'loss': 0.0058, 'grad_norm': 0.392467737197876, 'learning_rate': 1.070124143458762e-06, 'epoch': 6.2}
{'loss': 0.0024, 'grad_norm': 0.36905595660209656, 'learning_rate': 1.0646178477421224e-06, 'epoch': 6.24}
{'loss': 0.0033, 'grad_norm': 0.5312523245811462, 'learning_rate': 1.0590731191509982e-06, 'epoch': 6.28}
{'loss': 0.0036, 'grad_norm': 0.43682143092155457, 'learning_rate': 1.0534905073814998e-06, 'epoch': 6.32}
{'loss': 0.0034, 'grad_norm': 0.28756117820739746, 'learning_rate': 1.0478705658854184e-06, 'epoch': 6.36}
{'loss': 0.0022, 'grad_norm': 0.29892584681510925, 'learning_rate': 1.0422138518153593e-06, 'epoch': 6.4}
{'loss': 0.0067, 'grad_norm': 0.6284048557281494, 'learning_rate': 1.0365209259695056e-06, 'epoch': 6.44}
{'loss': 0.0038, 'grad_norm': 0.6339240670204163, 'learning_rate': 1.0307923527360216e-06, 'epoch': 6.48}
{'loss': 0.0025, 'grad_norm': 0.26879236102104187, 'learning_rate': 1.0250287000371005e-06, 'epoch': 6.52}
{'loss': 0.0029, 'grad_norm': 1.2527271509170532, 'learning_rate': 1.0192305392726617e-06, 'epoch': 6.56}
{'loss': 0.003, 'grad_norm': 0.3922088146209717, 'learning_rate': 1.0133984452637018e-06, 'epoch': 6.6}
{'loss': 0.0024, 'grad_norm': 0.39391812682151794, 'learning_rate': 1.007532996195309e-06, 'epoch': 6.64}
{'loss': 0.0027, 'grad_norm': 1.5861421823501587, 'learning_rate': 1.0016347735593428e-06, 'epoch': 6.68}
{'loss': 0.0024, 'grad_norm': 0.19330410659313202, 'learning_rate': 9.957043620967843e-07, 'epoch': 6.72}
{'loss': 0.0109, 'grad_norm': 0.7816681861877441, 'learning_rate': 9.897423497397677e-07, 'epoch': 6.76}
{'loss': 0.003, 'grad_norm': 0.560282289981842, 'learning_rate': 9.837493275532918e-07, 'epoch': 6.8}
{'loss': 0.0031, 'grad_norm': 1.0416960716247559, 'learning_rate': 9.77725889676624e-07, 'epoch': 6.84}
{'loss': 0.0027, 'grad_norm': 0.40155187249183655, 'learning_rate': 9.71672633264398e-07, 'epoch': 6.88}
{'loss': 0.0025, 'grad_norm': 0.2409672737121582, 'learning_rate': 9.655901584274122e-07, 'epoch': 6.92}
{'loss': 0.0021, 'grad_norm': 0.6810813546180725, 'learning_rate': 9.59479068173136e-07, 'epoch': 6.96}
{'loss': 0.0022, 'grad_norm': 0.2844710946083069, 'learning_rate': 9.533399683459293e-07, 'epoch': 7.0}
{'eval_loss': 0.0024493602104485035, 'eval_score': 0.00162904120349164, 'eval_err_F': 0.0006644049024182857, 'eval_err_M': 0.0013074957698005218, 'eval_err_diff': 0.0006430908673822362, 'eval_mse': 0.0006566785583459573, 'eval_mae': 0.016543181237556017, 'eval_runtime': 19.3182, 'eval_samples_per_second': 1035.295, 'eval_steps_per_second': 8.127, 'epoch': 7.0}
{'loss': 0.0028, 'grad_norm': 0.4106450080871582, 'learning_rate': 9.471734675669778e-07, 'epoch': 7.04}
{'loss': 0.0023, 'grad_norm': 0.50433349609375, 'learning_rate': 9.409801771739578e-07, 'epoch': 7.08}
{'loss': 0.0035, 'grad_norm': 0.5593001246452332, 'learning_rate': 9.347607111604273e-07, 'epoch': 7.12}
{'loss': 0.0026, 'grad_norm': 0.4944263994693756, 'learning_rate': 9.285156861149565e-07, 'epoch': 7.16}
{'loss': 0.0022, 'grad_norm': 0.782478392124176, 'learning_rate': 9.2224572116e-07, 'epoch': 7.2}
{'loss': 0.0018, 'grad_norm': 0.22364263236522675, 'learning_rate': 9.159514378905175e-07, 'epoch': 7.24}
{'loss': 0.0027, 'grad_norm': 0.43450647592544556, 'learning_rate': 9.096334603123499e-07, 'epoch': 7.28}
{'loss': 0.0027, 'grad_norm': 0.2947199046611786, 'learning_rate': 9.032924147803568e-07, 'epoch': 7.32}
{'loss': 0.0019, 'grad_norm': 0.14543122053146362, 'learning_rate': 8.969289299363204e-07, 'epoch': 7.36}
{'loss': 0.0023, 'grad_norm': 0.429241806268692, 'learning_rate': 8.905436366466223e-07, 'epoch': 7.4}
{'loss': 0.002, 'grad_norm': 0.6061419248580933, 'learning_rate': 8.841371679397012e-07, 'epoch': 7.44}
{'loss': 0.0023, 'grad_norm': 0.633552610874176, 'learning_rate': 8.777101589432948e-07, 'epoch': 7.48}
{'loss': 0.0055, 'grad_norm': 0.21183456480503082, 'learning_rate': 8.712632468214749e-07, 'epoch': 7.52}
{'loss': 0.0021, 'grad_norm': 0.29597583413124084, 'learning_rate': 8.647970707114789e-07, 'epoch': 7.56}
{'loss': 0.0041, 'grad_norm': 0.3396240174770355, 'learning_rate': 8.58312271660347e-07, 'epoch': 7.6}
{'loss': 0.0045, 'grad_norm': 3.810224771499634, 'learning_rate': 8.518094925613708e-07, 'epoch': 7.64}
{'loss': 0.0017, 'grad_norm': 0.30017876625061035, 'learning_rate': 8.452893780903563e-07, 'epoch': 7.68}
{'loss': 0.0036, 'grad_norm': 0.8154245018959045, 'learning_rate': 8.387525746417128e-07, 'epoch': 7.72}
{'loss': 0.0019, 'grad_norm': 0.43468382954597473, 'learning_rate': 8.321997302643697e-07, 'epoch': 7.76}
{'loss': 0.0062, 'grad_norm': 0.18724524974822998, 'learning_rate': 8.256314945975298e-07, 'epoch': 7.8}
{'loss': 0.0019, 'grad_norm': 0.5056650042533875, 'learning_rate': 8.19048518806266e-07, 'epoch': 7.84}
{'loss': 0.0022, 'grad_norm': 0.29536816477775574, 'learning_rate': 8.124514555169649e-07, 'epoch': 7.88}
{'loss': 0.002, 'grad_norm': 0.43791860342025757, 'learning_rate': 8.058409587526263e-07, 'epoch': 7.92}
{'loss': 0.0019, 'grad_norm': 0.44724535942077637, 'learning_rate': 7.99217683868025e-07, 'epoch': 7.96}
{'loss': 0.002, 'grad_norm': 0.6732432842254639, 'learning_rate': 7.925822874847392e-07, 'epoch': 8.0}
{'eval_loss': 0.0021903340239077806, 'eval_score': 0.0014537705127090365, 'eval_err_F': 0.0006932216315399949, 'eval_err_M': 0.0012002542189860227, 'eval_err_diff': 0.0005070325874460277, 'eval_mse': 0.0007158387619044525, 'eval_mae': 0.01761972633905334, 'eval_runtime': 20.4112, 'eval_samples_per_second': 979.856, 'eval_steps_per_second': 7.692, 'epoch': 8.0}
{'loss': 0.0028, 'grad_norm': 0.697242796421051, 'learning_rate': 7.859354274260548e-07, 'epoch': 8.04}
{'loss': 0.0023, 'grad_norm': 0.14462102949619293, 'learning_rate': 7.792777626517492e-07, 'epoch': 8.08}
{'loss': 0.0021, 'grad_norm': 0.572555661201477, 'learning_rate': 7.726099531927627e-07, 'epoch': 8.12}
{'loss': 0.0022, 'grad_norm': 0.2601884603500366, 'learning_rate': 7.659326600857656e-07, 'epoch': 8.16}
{'loss': 0.0027, 'grad_norm': 0.30656561255455017, 'learning_rate': 7.592465453076215e-07, 'epoch': 8.2}
{'loss': 0.0023, 'grad_norm': 1.4636058807373047, 'learning_rate': 7.525522717097627e-07, 'epoch': 8.24}
{'loss': 0.0021, 'grad_norm': 0.7067744135856628, 'learning_rate': 7.458505029524733e-07, 'epoch': 8.28}
{'loss': 0.0018, 'grad_norm': 0.13633550703525543, 'learning_rate': 7.391419034390973e-07, 'epoch': 8.32}
{'loss': 0.0016, 'grad_norm': 0.47896379232406616, 'learning_rate': 7.324271382501695e-07, 'epoch': 8.36}
{'loss': 0.0017, 'grad_norm': 0.2101890593767166, 'learning_rate': 7.257068730774803e-07, 'epoch': 8.4}
{'loss': 0.0017, 'grad_norm': 0.5527255535125732, 'learning_rate': 7.189817741580805e-07, 'epoch': 8.44}
{'loss': 0.0039, 'grad_norm': 0.5070971846580505, 'learning_rate': 7.12252508208231e-07, 'epoch': 8.48}
{'loss': 0.0019, 'grad_norm': 0.13320015370845795, 'learning_rate': 7.055197423573063e-07, 'epoch': 8.52}
{'loss': 0.0016, 'grad_norm': 0.33364900946617126, 'learning_rate': 6.987841440816554e-07, 'epoch': 8.56}
{'loss': 0.0022, 'grad_norm': 0.5635327100753784, 'learning_rate': 6.920463811384304e-07, 'epoch': 8.6}
{'loss': 0.0017, 'grad_norm': 0.46836528182029724, 'learning_rate': 6.853071214993844e-07, 'epoch': 8.64}
{'loss': 0.0016, 'grad_norm': 0.549140214920044, 'learning_rate': 6.785670332846514e-07, 'epoch': 8.68}
{'loss': 0.0023, 'grad_norm': 0.5932268500328064, 'learning_rate': 6.718267846965088e-07, 'epoch': 8.72}
{'loss': 0.0021, 'grad_norm': 0.28908318281173706, 'learning_rate': 6.650870439531332e-07, 'epoch': 8.76}
{'loss': 0.0022, 'grad_norm': 0.8471915125846863, 'learning_rate': 6.583484792223541e-07, 'epoch': 8.8}
{'loss': 0.0046, 'grad_norm': 0.32342734932899475, 'learning_rate': 6.516117585554135e-07, 'epoch': 8.84}
{'loss': 0.0018, 'grad_norm': 0.3363400101661682, 'learning_rate': 6.44877549820735e-07, 'epoch': 8.88}
{'loss': 0.0022, 'grad_norm': 0.10593772679567337, 'learning_rate': 6.381465206377133e-07, 'epoch': 8.92}
{'loss': 0.0017, 'grad_norm': 0.725536048412323, 'learning_rate': 6.314193383105266e-07, 'epoch': 8.96}
{'loss': 0.0039, 'grad_norm': 0.3914175033569336, 'learning_rate': 6.246966697619824e-07, 'epoch': 9.0}
{'eval_loss': 0.0022567210253328085, 'eval_score': 0.0016134066623202117, 'eval_err_F': 0.0007447230341382942, 'eval_err_M': 0.0013238454529262392, 'eval_err_diff': 0.000579122418787945, 'eval_mse': 0.0006412057720291181, 'eval_mae': 0.016430406486895845, 'eval_runtime': 18.9254, 'eval_samples_per_second': 1056.78, 'eval_steps_per_second': 8.296, 'epoch': 9.0}
{'loss': 0.0023, 'grad_norm': 0.7166358828544617, 'learning_rate': 6.179791814673984e-07, 'epoch': 9.04}
{'loss': 0.0019, 'grad_norm': 0.37443262338638306, 'learning_rate': 6.112675393885298e-07, 'epoch': 9.08}
{'loss': 0.0024, 'grad_norm': 0.49903997778892517, 'learning_rate': 6.045624089075463e-07, 'epoch': 9.12}
{'loss': 0.0016, 'grad_norm': 0.42363986372947693, 'learning_rate': 5.978644547610684e-07, 'epoch': 9.16}
{'loss': 0.002, 'grad_norm': 0.6669073104858398, 'learning_rate': 5.911743409742646e-07, 'epoch': 9.2}
{'loss': 0.002, 'grad_norm': 0.40983814001083374, 'learning_rate': 5.844927307950224e-07, 'epoch': 9.24}
{'loss': 0.005, 'grad_norm': 0.15791292488574982, 'learning_rate': 5.778202866281944e-07, 'epoch': 9.28}
{'loss': 0.0016, 'grad_norm': 0.19717733561992645, 'learning_rate': 5.711576699699279e-07, 'epoch': 9.32}
{'loss': 0.0048, 'grad_norm': 0.49386852979660034, 'learning_rate': 5.64505541342086e-07, 'epoch': 9.36}
{'loss': 0.0043, 'grad_norm': 0.377234548330307, 'learning_rate': 5.578645602267639e-07, 'epoch': 9.4}
{'loss': 0.002, 'grad_norm': 0.3731045424938202, 'learning_rate': 5.512353850009101e-07, 'epoch': 9.44}
{'loss': 0.0015, 'grad_norm': 0.18748325109481812, 'learning_rate': 5.446186728710535e-07, 'epoch': 9.48}
{'loss': 0.0018, 'grad_norm': 0.19288946688175201, 'learning_rate': 5.380150798081509e-07, 'epoch': 9.52}
{'loss': 0.0015, 'grad_norm': 0.1866087019443512, 'learning_rate': 5.314252604825538e-07, 'epoch': 9.56}
{'loss': 0.0029, 'grad_norm': 0.39329618215560913, 'learning_rate': 5.248498681991074e-07, 'epoch': 9.6}
{'loss': 0.0017, 'grad_norm': 0.35431352257728577, 'learning_rate': 5.182895548323799e-07, 'epoch': 9.64}
{'loss': 0.0015, 'grad_norm': 0.8578559756278992, 'learning_rate': 5.117449707620391e-07, 'epoch': 9.68}
{'loss': 0.0017, 'grad_norm': 0.6970831155776978, 'learning_rate': 5.052167648083738e-07, 'epoch': 9.72}
{'loss': 0.0018, 'grad_norm': 0.2687304615974426, 'learning_rate': 4.987055841679705e-07, 'epoch': 9.76}
{'loss': 0.0013, 'grad_norm': 0.4176693558692932, 'learning_rate': 4.922120743495516e-07, 'epoch': 9.8}
{'loss': 0.0017, 'grad_norm': 0.44715940952301025, 'learning_rate': 4.857368791099804e-07, 'epoch': 9.84}
{'loss': 0.0014, 'grad_norm': 0.23653291165828705, 'learning_rate': 4.792806403904413e-07, 'epoch': 9.88}
{'loss': 0.0019, 'grad_norm': 0.3828769624233246, 'learning_rate': 4.7284399825279634e-07, 'epoch': 9.92}
{'loss': 0.0018, 'grad_norm': 0.3658589720726013, 'learning_rate': 4.664275908161323e-07, 'epoch': 9.96}
{'loss': 0.0017, 'grad_norm': 0.5097340941429138, 'learning_rate': 4.6003205419349754e-07, 'epoch': 10.0}
{'eval_loss': 0.0025449141394346952, 'eval_score': 0.0018002907232526075, 'eval_err_F': 0.0008869480166811, 'eval_err_M': 0.0014958431543954382, 'eval_err_diff': 0.0006088951377143382, 'eval_mse': 0.0006192299195945079, 'eval_mae': 0.01620945733310746, 'eval_runtime': 21.4227, 'eval_samples_per_second': 933.589, 'eval_steps_per_second': 7.329, 'epoch': 10.0}
{'loss': 0.0017, 'grad_norm': 0.2414456009864807, 'learning_rate': 4.5365802242883984e-07, 'epoch': 10.04}
{'loss': 0.0022, 'grad_norm': 0.38567835092544556, 'learning_rate': 4.4730612743414677e-07, 'epoch': 10.08}
{'loss': 0.0015, 'grad_norm': 0.43908026814460754, 'learning_rate': 4.4097699892679956e-07, 'epoch': 10.12}
{'loss': 0.0013, 'grad_norm': 0.2512963116168976, 'learning_rate': 4.3467126436714484e-07, 'epoch': 10.16}
{'loss': 0.0016, 'grad_norm': 0.16305702924728394, 'learning_rate': 4.283895488962871e-07, 'epoch': 10.2}
{'loss': 0.0015, 'grad_norm': 0.48707762360572815, 'learning_rate': 4.22132475274115e-07, 'epoch': 10.24}
{'loss': 0.0015, 'grad_norm': 0.24639539420604706, 'learning_rate': 4.1590066381756026e-07, 'epoch': 10.28}
{'loss': 0.0017, 'grad_norm': 0.6067567467689514, 'learning_rate': 4.096947323391024e-07, 'epoch': 10.32}
{'loss': 0.0013, 'grad_norm': 0.14279890060424805, 'learning_rate': 4.0351529608551765e-07, 'epoch': 10.36}
{'loss': 0.0014, 'grad_norm': 0.40454933047294617, 'learning_rate': 3.9736296767688554e-07, 'epoch': 10.4}
{'loss': 0.0014, 'grad_norm': 0.2115001082420349, 'learning_rate': 3.912383570458546e-07, 'epoch': 10.44}
{'loss': 0.0014, 'grad_norm': 0.7101730108261108, 'learning_rate': 3.851420713771737e-07, 'epoch': 10.48}
{'loss': 0.0012, 'grad_norm': 0.16622771322727203, 'learning_rate': 3.790747150474979e-07, 'epoch': 10.52}
{'loss': 0.0014, 'grad_norm': 0.1641400307416916, 'learning_rate': 3.7303688956547036e-07, 'epoch': 10.56}
{'loss': 0.0012, 'grad_norm': 0.32190367579460144, 'learning_rate': 3.6702919351209003e-07, 'epoch': 10.6}
{'loss': 0.0015, 'grad_norm': 0.4822400212287903, 'learning_rate': 3.610522224813702e-07, 'epoch': 10.64}
{'loss': 0.0014, 'grad_norm': 1.033475637435913, 'learning_rate': 3.551065690212898e-07, 'epoch': 10.68}
{'loss': 0.0015, 'grad_norm': 0.3118344247341156, 'learning_rate': 3.491928225750519e-07, 'epoch': 10.72}
{'loss': 0.0014, 'grad_norm': 0.20931696891784668, 'learning_rate': 3.433115694226454e-07, 'epoch': 10.76}
{'loss': 0.0014, 'grad_norm': 0.3561284840106964, 'learning_rate': 3.3746339262272277e-07, 'epoch': 10.8}
{'loss': 0.0015, 'grad_norm': 0.40954747796058655, 'learning_rate': 3.3164887195479567e-07, 'epoch': 10.84}
{'loss': 0.0013, 'grad_norm': 0.3971320688724518, 'learning_rate': 3.2586858386175786e-07, 'epoch': 10.88}
{'loss': 0.0013, 'grad_norm': 0.35403308272361755, 'learning_rate': 3.201231013927367e-07, 'epoch': 10.92}
{'loss': 0.0047, 'grad_norm': 0.39607903361320496, 'learning_rate': 3.1441299414628114e-07, 'epoch': 10.96}
{'loss': 0.0013, 'grad_norm': 0.14662984013557434, 'learning_rate': 3.0873882821389443e-07, 'epoch': 11.0}
{'eval_loss': 0.002339583821594715, 'eval_score': 0.0015879773973904773, 'eval_err_F': 0.0006594643893344407, 'eval_err_M': 0.0012784730613717985, 'eval_err_diff': 0.0006190086720373578, 'eval_mse': 0.0005562525497855589, 'eval_mae': 0.015009457160556667, 'eval_runtime': 21.1775, 'eval_samples_per_second': 944.397, 'eval_steps_per_second': 7.414, 'epoch': 11.0}
{'train_runtime': 2712.6447, 'train_samples_per_second': 442.373, 'train_steps_per_second': 6.912, 'train_loss': 0.015811408818309957, 'epoch': 11.0}
[EMA] Swapped EMA weights into model (decay=0.9998)
[EMA] Swapped EMA weights into model (decay=0.9998)
score=0.00281 | err_diff=0.00098 | loss=0.00341
score=0.00281 | err_diff=0.00098 | loss=0.00341
Saved 30 worst predictions: results/optuna_dinov3-vitb16-3090-v2-ibot_trial_6/worst/worst.csv + results/optuna_dinov3-vitb16-3090-v2-ibot_trial_6/worst/images
Model saved: models:/m-a96ff918e3384a5594158908e76f6d5d
Trial 6: score=inf err_F=inf err_M=inf err_diff=inf
Loaded 100,000 samples from data/raw/train.csv
Loaded 100,000 samples from data/raw/train.csv
Train: 80,000 | Val: 20,000
Train: 80,000 | Val: 20,000
Sampler 'occlusion': 10 groups, 80000 samples/epoch
Sampler 'occlusion': 10 groups, 80000 samples/epoch
PMF ratios test/train (20 bins of 0.025): [0.215, 0.34, 0.566, 0.732, 0.923, 1.072, 1.328, 1.447, 1.636, 1.874, 1.968, 1.959, 1.554, 1.312, 1.298, 0.644, 0.934, 0.067, 0.067, 0.067]
eval_importance_reweight ON (eval_score reweighted to test distribution)
Gender reweight: F=1.352, M=0.648 (mean=1.0)
PMF ratios test/train (20 bins of 0.025): [0.215, 0.34, 0.566, 0.732, 0.923, 1.072, 1.328, 1.447, 1.636, 1.874, 1.968, 1.959, 1.554, 1.312, 1.298, 0.644, 0.934, 0.067, 0.067, 0.067]
eval_importance_reweight ON (eval_score reweighted to test distribution)
Gender reweight: F=1.352, M=0.648 (mean=1.0)
DINOv3 drop_path_rate=0.008557551672105234 applied (linear 0 → 0.009 across 12 blocks via sample_drop_ratio)
DINOv3 drop_path_rate=0.008557551672105234 applied (linear 0 → 0.009 across 12 blocks via sample_drop_ratio)
Loaded DINOv3 weights: dinov3_vitb16_pretrain_lvd1689m-73cec8be.pth
Loading pretrained backbone from runs:/c2c396cae2f74566a413502633de7781/encoder
Loaded DINOv3 weights: dinov3_vitb16_pretrain_lvd1689m-73cec8be.pth
Loading pretrained backbone from runs:/c2c396cae2f74566a413502633de7781/encoder
  loaded (0 missing, 0 unexpected keys)
  loaded (0 missing, 0 unexpected keys)
  logged 141 pretrain_* params from run c2c396cae2f74566a413502633de7781
  logged 141 pretrain_* params from run c2c396cae2f74566a413502633de7781
EMA enabled: decay=0.9998, warmup_steps=200
EMA enabled: decay=0.9998, warmup_steps=200
WeightedMSELoss: focal_gamma=0.0, fairness_lambda=1.9508231663914775, gender_reweight=on (F=1.35, M=0.65)
Training dinov3-vitb16-3090-v2-ibot_trial7 (best_metric=eval_score)
WeightedMSELoss: focal_gamma=0.0, fairness_lambda=1.9508231663914775, gender_reweight=on (F=1.35, M=0.65)
Training dinov3-vitb16-3090-v2-ibot_trial7 (best_metric=eval_score)
LLRD: 14 groups, LR ∈ [3.13e-06, 1.96e-04]
LLRD: 14 groups, LR ∈ [3.13e-06, 1.96e-04]
{'loss': 0.242, 'grad_norm': 3.0053298473358154, 'learning_rate': 1.401100154912504e-07, 'epoch': 0.04}
{'loss': 0.0892, 'grad_norm': 2.6483781337738037, 'learning_rate': 2.802200309825008e-07, 'epoch': 0.08}
{'loss': 0.0813, 'grad_norm': 2.697092056274414, 'learning_rate': 4.203300464737512e-07, 'epoch': 0.12}
{'loss': 0.0966, 'grad_norm': 4.491471290588379, 'learning_rate': 5.604400619650016e-07, 'epoch': 0.16}
{'loss': 0.0798, 'grad_norm': 2.6675992012023926, 'learning_rate': 7.00550077456252e-07, 'epoch': 0.2}
{'loss': 0.0879, 'grad_norm': 5.429733753204346, 'learning_rate': 8.406600929475024e-07, 'epoch': 0.24}
{'loss': 0.0814, 'grad_norm': 2.9089195728302, 'learning_rate': 9.807701084387529e-07, 'epoch': 0.28}
{'loss': 0.0805, 'grad_norm': 3.96713924407959, 'learning_rate': 1.1208801239300031e-06, 'epoch': 0.32}
{'loss': 0.0721, 'grad_norm': 1.3026070594787598, 'learning_rate': 1.2609901394212536e-06, 'epoch': 0.36}
{'loss': 0.072, 'grad_norm': 6.667728900909424, 'learning_rate': 1.401100154912504e-06, 'epoch': 0.4}
{'loss': 0.054, 'grad_norm': 4.271823406219482, 'learning_rate': 1.5412101704037544e-06, 'epoch': 0.44}
{'loss': 0.0521, 'grad_norm': 1.326280951499939, 'learning_rate': 1.6813201858950048e-06, 'epoch': 0.48}
{'loss': 0.0495, 'grad_norm': 1.1179826259613037, 'learning_rate': 1.8214302013862553e-06, 'epoch': 0.52}
{'loss': 0.0517, 'grad_norm': 1.2974755764007568, 'learning_rate': 1.9615402168775058e-06, 'epoch': 0.56}
{'loss': 0.0401, 'grad_norm': 1.0581601858139038, 'learning_rate': 2.101650232368756e-06, 'epoch': 0.6}
{'loss': 0.0421, 'grad_norm': 2.3460683822631836, 'learning_rate': 2.2417602478600063e-06, 'epoch': 0.64}
{'loss': 0.0407, 'grad_norm': 1.0634407997131348, 'learning_rate': 2.381870263351257e-06, 'epoch': 0.68}
{'loss': 0.0476, 'grad_norm': 4.933470726013184, 'learning_rate': 2.5219802788425072e-06, 'epoch': 0.72}
{'loss': 0.0369, 'grad_norm': 4.129519939422607, 'learning_rate': 2.6620902943337577e-06, 'epoch': 0.76}
{'loss': 0.0289, 'grad_norm': 0.785305380821228, 'learning_rate': 2.802200309825008e-06, 'epoch': 0.8}
{'loss': 0.0292, 'grad_norm': 1.9772406816482544, 'learning_rate': 2.9423103253162587e-06, 'epoch': 0.84}
{'loss': 0.0273, 'grad_norm': 7.936457633972168, 'learning_rate': 3.0824203408075087e-06, 'epoch': 0.88}
{'loss': 0.0221, 'grad_norm': 1.6465790271759033, 'learning_rate': 3.12719966316168e-06, 'epoch': 0.92}
{'loss': 0.0227, 'grad_norm': 0.8555282950401306, 'learning_rate': 3.126914459553867e-06, 'epoch': 0.96}
{'loss': 0.0179, 'grad_norm': 1.9765253067016602, 'learning_rate': 3.126387603584425e-06, 'epoch': 1.0}
{'eval_loss': 0.00691025098785758, 'eval_score': 0.005572389190882748, 'eval_err_F': 0.002634893665395871, 'eval_err_M': 0.004593224015720455, 'eval_err_diff': 0.0019583303503245843, 'eval_mse': 0.0016027626006558545, 'eval_mae': 0.02751669663314242, 'eval_runtime': 18.7739, 'eval_samples_per_second': 1065.309, 'eval_steps_per_second': 8.363, 'epoch': 1.0}
{'loss': 0.0185, 'grad_norm': 1.6622775793075562, 'learning_rate': 3.125619176694584e-06, 'epoch': 1.04}
{'loss': 0.0139, 'grad_norm': 1.5786465406417847, 'learning_rate': 3.1246092976675283e-06, 'epoch': 1.08}
{'loss': 0.0181, 'grad_norm': 5.468118667602539, 'learning_rate': 3.12335812261004e-06, 'epoch': 1.12}
{'loss': 0.0149, 'grad_norm': 1.1526817083358765, 'learning_rate': 3.1218658449283624e-06, 'epoch': 1.16}
{'loss': 0.0116, 'grad_norm': 0.46133944392204285, 'learning_rate': 3.1201326952983086e-06, 'epoch': 1.2}
{'loss': 0.0133, 'grad_norm': 2.6189303398132324, 'learning_rate': 3.1181589416296e-06, 'epoch': 1.24}
{'loss': 0.0125, 'grad_norm': 0.7243617177009583, 'learning_rate': 3.115944889024454e-06, 'epoch': 1.28}
{'loss': 0.0091, 'grad_norm': 0.5780497789382935, 'learning_rate': 3.1134908797304227e-06, 'epoch': 1.32}
{'loss': 0.0077, 'grad_norm': 0.4227742552757263, 'learning_rate': 3.110797293087487e-06, 'epoch': 1.36}
{'loss': 0.0129, 'grad_norm': 0.8057721257209778, 'learning_rate': 3.1078645454694167e-06, 'epoch': 1.4}
{'loss': 0.0168, 'grad_norm': 4.103892803192139, 'learning_rate': 3.104693090219413e-06, 'epoch': 1.44}
{'loss': 0.01, 'grad_norm': 0.8610978126525879, 'learning_rate': 3.101283417580025e-06, 'epoch': 1.48}
{'loss': 0.0068, 'grad_norm': 2.442760705947876, 'learning_rate': 3.09763605461737e-06, 'epoch': 1.52}
{'loss': 0.0117, 'grad_norm': 3.5644471645355225, 'learning_rate': 3.093751565139662e-06, 'epoch': 1.56}
{'loss': 0.0095, 'grad_norm': 1.6797940731048584, 'learning_rate': 3.0896305496100566e-06, 'epoch': 1.6}
{'loss': 0.0159, 'grad_norm': 0.4414418935775757, 'learning_rate': 3.0852736450538293e-06, 'epoch': 1.64}
{'loss': 0.0059, 'grad_norm': 1.4104633331298828, 'learning_rate': 3.0806815249599097e-06, 'epoch': 1.68}
{'loss': 0.0067, 'grad_norm': 0.40191516280174255, 'learning_rate': 3.07585489917677e-06, 'epoch': 1.72}
{'loss': 0.0057, 'grad_norm': 0.5245093107223511, 'learning_rate': 3.0707945138026973e-06, 'epoch': 1.76}
{'loss': 0.0047, 'grad_norm': 1.1362324953079224, 'learning_rate': 3.065501151070461e-06, 'epoch': 1.8}
{'loss': 0.0082, 'grad_norm': 0.7525975108146667, 'learning_rate': 3.059975629226399e-06, 'epoch': 1.84}
{'loss': 0.0062, 'grad_norm': 2.3030521869659424, 'learning_rate': 3.0542188024039315e-06, 'epoch': 1.88}
{'loss': 0.005, 'grad_norm': 1.0819975137710571, 'learning_rate': 3.048231560491526e-06, 'epoch': 1.92}
{'loss': 0.0092, 'grad_norm': 0.27767378091812134, 'learning_rate': 3.0420148289951462e-06, 'epoch': 1.96}
{'loss': 0.0052, 'grad_norm': 1.7082475423812866, 'learning_rate': 3.0355695688951787e-06, 'epoch': 2.0}
{'eval_loss': 0.0040068007074296474, 'eval_score': 0.002488249380250564, 'eval_err_F': 0.0011039075404094272, 'eval_err_M': 0.0020268021003035184, 'eval_err_diff': 0.0009228945598940912, 'eval_mse': 0.0010272407609669438, 'eval_mae': 0.02173522676296998, 'eval_runtime': 19.2726, 'eval_samples_per_second': 1037.742, 'eval_steps_per_second': 8.146, 'epoch': 2.0}
{'loss': 0.005, 'grad_norm': 0.457387775182724, 'learning_rate': 3.0288967764978924e-06, 'epoch': 2.04}
{'loss': 0.0078, 'grad_norm': 0.717481791973114, 'learning_rate': 3.0219974832814253e-06, 'epoch': 2.08}
{'loss': 0.0057, 'grad_norm': 0.9750899076461792, 'learning_rate': 3.014872755736342e-06, 'epoch': 2.12}
{'loss': 0.01, 'grad_norm': 0.7647280693054199, 'learning_rate': 3.0075236952007715e-06, 'epoch': 2.16}
{'loss': 0.0043, 'grad_norm': 0.9489986300468445, 'learning_rate': 2.9999514376901684e-06, 'epoch': 2.2}
{'loss': 0.0054, 'grad_norm': 0.28377512097358704, 'learning_rate': 2.9921571537217032e-06, 'epoch': 2.24}
{'loss': 0.0065, 'grad_norm': 0.9544122219085693, 'learning_rate': 2.9841420481333276e-06, 'epoch': 2.28}
{'loss': 0.0046, 'grad_norm': 1.9306236505508423, 'learning_rate': 2.9759073598975287e-06, 'epoch': 2.32}
{'loss': 0.0031, 'grad_norm': 0.8605121374130249, 'learning_rate': 2.9674543619298083e-06, 'epoch': 2.36}
{'loss': 0.0035, 'grad_norm': 0.6922815442085266, 'learning_rate': 2.95878436089192e-06, 'epoch': 2.4}
{'loss': 0.0044, 'grad_norm': 0.8283273577690125, 'learning_rate': 2.9498986969898824e-06, 'epoch': 2.44}
{'loss': 0.0053, 'grad_norm': 1.37082040309906, 'learning_rate': 2.940798743766811e-06, 'epoch': 2.48}
{'loss': 0.0043, 'grad_norm': 0.604712963104248, 'learning_rate': 2.9314859078905976e-06, 'epoch': 2.52}
{'loss': 0.0038, 'grad_norm': 0.7785953283309937, 'learning_rate': 2.9219616289364664e-06, 'epoch': 2.56}
{'loss': 0.0177, 'grad_norm': 1.224536418914795, 'learning_rate': 2.9122273791644452e-06, 'epoch': 2.6}
{'loss': 0.0047, 'grad_norm': 2.3784611225128174, 'learning_rate': 2.902284663291787e-06, 'epoch': 2.64}
{'loss': 0.0066, 'grad_norm': 0.3937987983226776, 'learning_rate': 2.892135018260365e-06, 'epoch': 2.68}
{'loss': 0.0043, 'grad_norm': 0.6528967022895813, 'learning_rate': 2.8817800129991e-06, 'epoch': 2.72}
{'loss': 0.006, 'grad_norm': 0.516222357749939, 'learning_rate': 2.8712212481814295e-06, 'epoch': 2.76}
{'loss': 0.0038, 'grad_norm': 0.469198614358902, 'learning_rate': 2.8604603559778803e-06, 'epoch': 2.8}
{'loss': 0.0036, 'grad_norm': 0.3271031379699707, 'learning_rate': 2.8494989998037655e-06, 'epoch': 2.84}
{'loss': 0.0039, 'grad_norm': 0.7239028811454773, 'learning_rate': 2.8383388740620564e-06, 'epoch': 2.88}
{'loss': 0.0041, 'grad_norm': 2.131981611251831, 'learning_rate': 2.8269817038814598e-06, 'epoch': 2.92}
{'loss': 0.0055, 'grad_norm': 0.2721095383167267, 'learning_rate': 2.8154292448497515e-06, 'epoch': 2.96}
{'loss': 0.0064, 'grad_norm': 1.538848876953125, 'learning_rate': 2.803683282742395e-06, 'epoch': 3.0}
{'eval_loss': 0.0036607596557587385, 'eval_score': 0.0022244465467002967, 'eval_err_F': 0.0008734921619387492, 'eval_err_M': 0.0017741284184464477, 'eval_err_diff': 0.0009006362565076985, 'eval_mse': 0.0009089948906072198, 'eval_mae': 0.02016646953651216, 'eval_runtime': 20.5744, 'eval_samples_per_second': 972.083, 'eval_steps_per_second': 7.631, 'epoch': 3.0}
{'loss': 0.0032, 'grad_norm': 0.8669151663780212, 'learning_rate': 2.791745633246498e-06, 'epoch': 3.04}
{'loss': 0.0032, 'grad_norm': 0.7050475478172302, 'learning_rate': 2.7796181416801434e-06, 'epoch': 3.08}
{'loss': 0.0049, 'grad_norm': 0.508330762386322, 'learning_rate': 2.7673026827071433e-06, 'epoch': 3.12}
{'loss': 0.0031, 'grad_norm': 0.7528538703918457, 'learning_rate': 2.7548011600472503e-06, 'epoch': 3.16}
{'loss': 0.0033, 'grad_norm': 0.4287584722042084, 'learning_rate': 2.742115506181884e-06, 'epoch': 3.2}
{'loss': 0.0054, 'grad_norm': 0.596883237361908, 'learning_rate': 2.7292476820554066e-06, 'epoch': 3.24}
{'loss': 0.0039, 'grad_norm': 0.5901311039924622, 'learning_rate': 2.716199676772002e-06, 'epoch': 3.28}
{'loss': 0.0041, 'grad_norm': 1.2930290699005127, 'learning_rate': 2.7029735072882003e-06, 'epoch': 3.32}
{'loss': 0.0043, 'grad_norm': 0.9402074217796326, 'learning_rate': 2.689571218101098e-06, 'epoch': 3.36}
{'loss': 0.0049, 'grad_norm': 1.3120803833007812, 'learning_rate': 2.675994880932319e-06, 'epoch': 3.4}
{'loss': 0.0068, 'grad_norm': 0.5350774526596069, 'learning_rate': 2.662246594407769e-06, 'epoch': 3.44}
{'loss': 0.0033, 'grad_norm': 1.0877611637115479, 'learning_rate': 2.6483284837332313e-06, 'epoch': 3.48}
{'loss': 0.0107, 'grad_norm': 2.0359609127044678, 'learning_rate': 2.6342427003658518e-06, 'epoch': 3.52}
{'loss': 0.0078, 'grad_norm': 0.24263247847557068, 'learning_rate': 2.619991421681569e-06, 'epoch': 3.56}
{'loss': 0.0032, 'grad_norm': 2.244950532913208, 'learning_rate': 2.6055768506385347e-06, 'epoch': 3.6}
{'loss': 0.003, 'grad_norm': 0.2037140429019928, 'learning_rate': 2.591001215436583e-06, 'epoch': 3.64}
{'loss': 0.0035, 'grad_norm': 0.2707975506782532, 'learning_rate': 2.576266769172792e-06, 'epoch': 3.68}
{'loss': 0.003, 'grad_norm': 0.1946389377117157, 'learning_rate': 2.5613757894932077e-06, 'epoch': 3.72}
{'loss': 0.0033, 'grad_norm': 0.7330849170684814, 'learning_rate': 2.546330578240757e-06, 'epoch': 3.76}
{'loss': 0.0031, 'grad_norm': 0.5804520845413208, 'learning_rate': 2.5311334610994395e-06, 'epoch': 3.8}
{'loss': 0.0052, 'grad_norm': 1.4373375177383423, 'learning_rate': 2.5157867872348155e-06, 'epoch': 3.84}
{'loss': 0.004, 'grad_norm': 1.1111024618148804, 'learning_rate': 2.500292928930877e-06, 'epoch': 3.88}
{'loss': 0.0029, 'grad_norm': 0.2409285455942154, 'learning_rate': 2.4846542812233424e-06, 'epoch': 3.92}
{'loss': 0.0034, 'grad_norm': 0.4467121958732605, 'learning_rate': 2.468873261529427e-06, 'epoch': 3.96}
{'loss': 0.0027, 'grad_norm': 0.40808990597724915, 'learning_rate': 2.4529523092741653e-06, 'epoch': 4.0}
{'eval_loss': 0.003445456735789776, 'eval_score': 0.002154694162376321, 'eval_err_F': 0.0009979903337962591, 'eval_err_M': 0.0017691262195163005, 'eval_err_diff': 0.0007711358857200414, 'eval_mse': 0.0008163582817925809, 'eval_mae': 0.019967350525804794, 'eval_runtime': 20.7644, 'eval_samples_per_second': 963.187, 'eval_steps_per_second': 7.561, 'epoch': 4.0}
{'loss': 0.0032, 'grad_norm': 0.21324588358402252, 'learning_rate': 2.4368938855133207e-06, 'epoch': 4.04}
{'loss': 0.0031, 'grad_norm': 0.5175495743751526, 'learning_rate': 2.420700472552961e-06, 'epoch': 4.08}
{'loss': 0.0044, 'grad_norm': 1.1731294393539429, 'learning_rate': 2.4043745735657386e-06, 'epoch': 4.12}
{'loss': 0.0131, 'grad_norm': 0.360016405582428, 'learning_rate': 2.3879187122039572e-06, 'epoch': 4.16}
{'loss': 0.0037, 'grad_norm': 0.4756116569042206, 'learning_rate': 2.3713354322094614e-06, 'epoch': 4.2}
{'loss': 0.0026, 'grad_norm': 0.4615045189857483, 'learning_rate': 2.3546272970204284e-06, 'epoch': 4.24}
{'loss': 0.0029, 'grad_norm': 0.6142224669456482, 'learning_rate': 2.3377968893751123e-06, 'epoch': 4.28}
{'loss': 0.0039, 'grad_norm': 0.6914364099502563, 'learning_rate': 2.320846810912602e-06, 'epoch': 4.32}
{'loss': 0.0042, 'grad_norm': 0.7325625419616699, 'learning_rate': 2.303779681770668e-06, 'epoch': 4.36}
{'loss': 0.0025, 'grad_norm': 0.27413463592529297, 'learning_rate': 2.2865981401807343e-06, 'epoch': 4.4}
{'loss': 0.0033, 'grad_norm': 0.3094264268875122, 'learning_rate': 2.269304842060067e-06, 'epoch': 4.44}
{'loss': 0.0049, 'grad_norm': 0.3007296323776245, 'learning_rate': 2.2519024606012198e-06, 'epoch': 4.48}
{'loss': 0.0022, 'grad_norm': 0.6023459434509277, 'learning_rate': 2.2343936858588148e-06, 'epoch': 4.52}
{'loss': 0.0027, 'grad_norm': 1.2647383213043213, 'learning_rate': 2.216781224333715e-06, 'epoch': 4.56}
{'loss': 0.0029, 'grad_norm': 0.17261619865894318, 'learning_rate': 2.1990677985546525e-06, 'epoch': 4.6}
{'loss': 0.003, 'grad_norm': 0.23338834941387177, 'learning_rate': 2.1812561466573837e-06, 'epoch': 4.64}
{'loss': 0.0036, 'grad_norm': 0.47868454456329346, 'learning_rate': 2.163349021961424e-06, 'epoch': 4.68}
{'loss': 0.0027, 'grad_norm': 0.660783052444458, 'learning_rate': 2.145349192544446e-06, 'epoch': 4.72}
{'loss': 0.0062, 'grad_norm': 0.2141168713569641, 'learning_rate': 2.1272594408143893e-06, 'epoch': 4.76}
{'loss': 0.0044, 'grad_norm': 1.4543917179107666, 'learning_rate': 2.1090825630793545e-06, 'epoch': 4.8}
{'loss': 0.0031, 'grad_norm': 0.23692284524440765, 'learning_rate': 2.0908213691153543e-06, 'epoch': 4.84}
{'loss': 0.0052, 'grad_norm': 1.4500219821929932, 'learning_rate': 2.0724786817319755e-06, 'epoch': 4.88}
{'loss': 0.0054, 'grad_norm': 0.3033112585544586, 'learning_rate': 2.0540573363360334e-06, 'epoch': 4.92}
{'loss': 0.0037, 'grad_norm': 0.46590059995651245, 'learning_rate': 2.035560180493274e-06, 'epoch': 4.96}
{'loss': 0.0025, 'grad_norm': 0.6722334027290344, 'learning_rate': 2.016990073488196e-06, 'epoch': 5.0}
{'eval_loss': 0.0031137207988649607, 'eval_score': 0.0014207999357831104, 'eval_err_F': 0.0009079121794231815, 'eval_err_M': 0.0012498373503298007, 'eval_err_diff': 0.00034192517090661924, 'eval_mse': 0.0009433011891160482, 'eval_mae': 0.021193302624137142, 'eval_runtime': 18.7615, 'eval_samples_per_second': 1066.012, 'eval_steps_per_second': 8.368, 'epoch': 5.0}
{'loss': 0.003, 'grad_norm': 0.5154663324356079, 'learning_rate': 1.9983498858820684e-06, 'epoch': 5.04}
{'loss': 0.0023, 'grad_norm': 0.1936928629875183, 'learning_rate': 1.979642499069197e-06, 'epoch': 5.08}
{'loss': 0.0045, 'grad_norm': 0.6210165619850159, 'learning_rate': 1.9608708048315175e-06, 'epoch': 5.12}
{'loss': 0.0043, 'grad_norm': 0.24152006208896637, 'learning_rate': 1.94203770489159e-06, 'epoch': 5.16}
{'loss': 0.0022, 'grad_norm': 0.7375985980033875, 'learning_rate': 1.923146110464046e-06, 'epoch': 5.2}
{'loss': 0.0025, 'grad_norm': 0.36590489745140076, 'learning_rate': 1.9041989418055785e-06, 'epoch': 5.24}
{'loss': 0.0031, 'grad_norm': 0.9129960536956787, 'learning_rate': 1.885199127763526e-06, 'epoch': 5.28}
{'loss': 0.0076, 'grad_norm': 1.7832932472229004, 'learning_rate': 1.8661496053231342e-06, 'epoch': 5.32}
{'loss': 0.0024, 'grad_norm': 0.14832261204719543, 'learning_rate': 1.8470533191535576e-06, 'epoch': 5.36}
{'loss': 0.0028, 'grad_norm': 0.19965006411075592, 'learning_rate': 1.8279132211526733e-06, 'epoch': 5.4}
{'loss': 0.0031, 'grad_norm': 0.8754590749740601, 'learning_rate': 1.808732269990777e-06, 'epoch': 5.44}
{'loss': 0.0029, 'grad_norm': 1.2128909826278687, 'learning_rate': 1.789513430653233e-06, 'epoch': 5.48}
{'loss': 0.0022, 'grad_norm': 0.14777854084968567, 'learning_rate': 1.7702596739821486e-06, 'epoch': 5.52}
{'loss': 0.0031, 'grad_norm': 0.29180750250816345, 'learning_rate': 1.7509739762171402e-06, 'epoch': 5.56}
{'loss': 0.0021, 'grad_norm': 0.25600436329841614, 'learning_rate': 1.7316593185352694e-06, 'epoch': 5.6}
{'loss': 0.0024, 'grad_norm': 0.5454505681991577, 'learning_rate': 1.7123186865902125e-06, 'epoch': 5.64}
{'loss': 0.0034, 'grad_norm': 0.3250766694545746, 'learning_rate': 1.6929550700507388e-06, 'epoch': 5.68}
{'loss': 0.0027, 'grad_norm': 1.041540503501892, 'learning_rate': 1.6735714621385689e-06, 'epoch': 5.72}
{'loss': 0.0021, 'grad_norm': 0.53477543592453, 'learning_rate': 1.6541708591656846e-06, 'epoch': 5.76}
{'loss': 0.0028, 'grad_norm': 0.7918877005577087, 'learning_rate': 1.6347562600711568e-06, 'epoch': 5.8}
{'loss': 0.0056, 'grad_norm': 0.687027633190155, 'learning_rate': 1.6153306659575743e-06, 'epoch': 5.84}
{'loss': 0.0019, 'grad_norm': 0.28810983896255493, 'learning_rate': 1.5958970796271317e-06, 'epoch': 5.88}
{'loss': 0.0024, 'grad_norm': 0.4256477952003479, 'learning_rate': 1.5764585051174572e-06, 'epoch': 5.92}
{'loss': 0.0026, 'grad_norm': 0.270608514547348, 'learning_rate': 1.5570179472372519e-06, 'epoch': 5.96}
{'loss': 0.0023, 'grad_norm': 0.2526106536388397, 'learning_rate': 1.537578411101805e-06, 'epoch': 6.0}
{'eval_loss': 0.003729273332282901, 'eval_score': 0.0020421039810868966, 'eval_err_F': 0.0015236949051666026, 'eval_err_M': 0.0018693009557801319, 'eval_err_diff': 0.00034560605061352925, 'eval_mse': 0.0010331322161674667, 'eval_mae': 0.021592501978459768, 'eval_runtime': 18.6167, 'eval_samples_per_second': 1074.305, 'eval_steps_per_second': 8.433, 'epoch': 6.0}
{'loss': 0.0023, 'grad_norm': 0.8968185186386108, 'learning_rate': 1.5181429016684632e-06, 'epoch': 6.04}
{'loss': 0.0051, 'grad_norm': 0.5284440517425537, 'learning_rate': 1.4987144232721289e-06, 'epoch': 6.08}
{'loss': 0.0021, 'grad_norm': 0.2595299482345581, 'learning_rate': 1.4792959791608485e-06, 'epoch': 6.12}
{'loss': 0.0019, 'grad_norm': 0.3192870318889618, 'learning_rate': 1.459890571031571e-06, 'epoch': 6.16}
{'loss': 0.0025, 'grad_norm': 0.4265959858894348, 'learning_rate': 1.4405011985661483e-06, 'epoch': 6.2}
{'loss': 0.0022, 'grad_norm': 0.34862691164016724, 'learning_rate': 1.4211308589676443e-06, 'epoch': 6.24}
{'loss': 0.0021, 'grad_norm': 0.7102518081665039, 'learning_rate': 1.4017825464970274e-06, 'epoch': 6.28}
{'loss': 0.0023, 'grad_norm': 0.6135593056678772, 'learning_rate': 1.382459252010321e-06, 'epoch': 6.32}
{'loss': 0.002, 'grad_norm': 0.1642928272485733, 'learning_rate': 1.3631639624962758e-06, 'epoch': 6.36}
{'loss': 0.0021, 'grad_norm': 0.24250225722789764, 'learning_rate': 1.343899660614642e-06, 'epoch': 6.4}
{'loss': 0.0027, 'grad_norm': 0.28178030252456665, 'learning_rate': 1.3246693242351125e-06, 'epoch': 6.44}
{'loss': 0.0042, 'grad_norm': 0.4726501405239105, 'learning_rate': 1.3054759259770039e-06, 'epoch': 6.48}
{'loss': 0.0022, 'grad_norm': 0.19156107306480408, 'learning_rate': 1.2863224327497471e-06, 'epoch': 6.52}
{'loss': 0.0027, 'grad_norm': 1.5115227699279785, 'learning_rate': 1.2672118052942693e-06, 'epoch': 6.56}
{'loss': 0.0029, 'grad_norm': 0.8578293323516846, 'learning_rate': 1.2481469977253186e-06, 'epoch': 6.6}
{'loss': 0.0028, 'grad_norm': 0.2993523180484772, 'learning_rate': 1.2291309570748188e-06, 'epoch': 6.64}
{'loss': 0.0021, 'grad_norm': 0.4143011271953583, 'learning_rate': 1.2101666228363206e-06, 'epoch': 6.68}
{'loss': 0.0038, 'grad_norm': 0.46537715196609497, 'learning_rate': 1.191256926510613e-06, 'epoch': 6.72}
{'loss': 0.0021, 'grad_norm': 0.5842713117599487, 'learning_rate': 1.1724047911525732e-06, 'epoch': 6.76}
{'loss': 0.0028, 'grad_norm': 0.9153295159339905, 'learning_rate': 1.1536131309193228e-06, 'epoch': 6.8}
{'loss': 0.0018, 'grad_norm': 0.3768904507160187, 'learning_rate': 1.1348848506197586e-06, 'epoch': 6.84}
{'loss': 0.0021, 'grad_norm': 0.3726036548614502, 'learning_rate': 1.1162228452655249e-06, 'epoch': 6.88}
{'loss': 0.002, 'grad_norm': 0.26815691590309143, 'learning_rate': 1.0976299996235083e-06, 'epoch': 6.92}
{'loss': 0.0029, 'grad_norm': 0.4421657621860504, 'learning_rate': 1.0791091877699084e-06, 'epoch': 6.96}
{'loss': 0.0019, 'grad_norm': 0.12963935732841492, 'learning_rate': 1.0606632726459643e-06, 'epoch': 7.0}
{'eval_loss': 0.002763480646535754, 'eval_score': 0.0015431890048691627, 'eval_err_F': 0.000637191415049304, 'eval_err_M': 0.0012411898082625432, 'eval_err_diff': 0.0006039983932132392, 'eval_mse': 0.0007019857913597466, 'eval_mae': 0.01723927994160913, 'eval_runtime': 18.8875, 'eval_samples_per_second': 1058.902, 'eval_steps_per_second': 8.312, 'epoch': 7.0}
{'loss': 0.0021, 'grad_norm': 0.23220853507518768, 'learning_rate': 1.0422951056154009e-06, 'epoch': 7.04}
{'loss': 0.0023, 'grad_norm': 0.3789694607257843, 'learning_rate': 1.02400752602367e-06, 'epoch': 7.08}
{'loss': 0.0018, 'grad_norm': 0.48762354254722595, 'learning_rate': 1.0058033607590411e-06, 'epoch': 7.12}
{'loss': 0.0025, 'grad_norm': 0.2765226662158966, 'learning_rate': 9.876854238156233e-07, 'epoch': 7.16}
{'loss': 0.0018, 'grad_norm': 0.27409347891807556, 'learning_rate': 9.6965651585838e-07, 'epoch': 7.2}
{'loss': 0.0025, 'grad_norm': 0.1810312569141388, 'learning_rate': 9.517194237902014e-07, 'epoch': 7.24}
{'loss': 0.0017, 'grad_norm': 0.17602427303791046, 'learning_rate': 9.33876920321106e-07, 'epoch': 7.28}
{'loss': 0.0017, 'grad_norm': 0.1510288566350937, 'learning_rate': 9.161317635396379e-07, 'epoch': 7.32}
{'loss': 0.0019, 'grad_norm': 0.6026917695999146, 'learning_rate': 8.984866964865207e-07, 'epoch': 7.36}
{'loss': 0.0018, 'grad_norm': 0.20628845691680908, 'learning_rate': 8.809444467306382e-07, 'epoch': 7.4}
{'loss': 0.0016, 'grad_norm': 0.14804743230342865, 'learning_rate': 8.635077259474102e-07, 'epoch': 7.44}
{'loss': 0.0042, 'grad_norm': 0.23517604172229767, 'learning_rate': 8.461792294996214e-07, 'epoch': 7.48}
{'loss': 0.0018, 'grad_norm': 0.31430137157440186, 'learning_rate': 8.28961636020772e-07, 'epoch': 7.52}
{'loss': 0.0019, 'grad_norm': 0.18959788978099823, 'learning_rate': 8.118576070010169e-07, 'epoch': 7.56}
{'loss': 0.005, 'grad_norm': 0.4700815975666046, 'learning_rate': 7.948697863757534e-07, 'epoch': 7.6}
{'loss': 0.0016, 'grad_norm': 0.2902410924434662, 'learning_rate': 7.780008001169202e-07, 'epoch': 7.64}
{'loss': 0.0021, 'grad_norm': 0.1910330206155777, 'learning_rate': 7.612532558270787e-07, 'epoch': 7.68}
{'loss': 0.0016, 'grad_norm': 0.1950998306274414, 'learning_rate': 7.446297423363288e-07, 'epoch': 7.72}
{'loss': 0.0021, 'grad_norm': 0.2283477485179901, 'learning_rate': 7.281328293021286e-07, 'epoch': 7.76}
{'loss': 0.0024, 'grad_norm': 0.3233347237110138, 'learning_rate': 7.117650668120777e-07, 'epoch': 7.8}
{'loss': 0.0019, 'grad_norm': 0.8968241810798645, 'learning_rate': 6.95528984989726e-07, 'epoch': 7.84}
{'loss': 0.0016, 'grad_norm': 0.35815170407295227, 'learning_rate': 6.794270936034653e-07, 'epoch': 7.88}
{'loss': 0.0016, 'grad_norm': 0.09555954486131668, 'learning_rate': 6.634618816785753e-07, 'epoch': 7.92}
{'loss': 0.0018, 'grad_norm': 0.22567982971668243, 'learning_rate': 6.476358171124663e-07, 'epoch': 7.96}
{'loss': 0.0016, 'grad_norm': 0.31922534108161926, 'learning_rate': 6.319513462931929e-07, 'epoch': 8.0}
{'eval_loss': 0.0026654903776943684, 'eval_score': 0.0014976452716562835, 'eval_err_F': 0.0006074936938341538, 'eval_err_M': 0.001200928079048907, 'eval_err_diff': 0.0005934343852147531, 'eval_mse': 0.0006148511871660585, 'eval_mae': 0.01567796527587343, 'eval_runtime': 60.2621, 'eval_samples_per_second': 331.883, 'eval_steps_per_second': 2.605, 'epoch': 8.0}
[EMA] Swapped EMA weights into model (decay=0.9998)
{'train_runtime': 2097.3882, 'train_samples_per_second': 419.569, 'train_steps_per_second': 6.556, 'train_loss': 0.011725407526642084, 'epoch': 8.0}
[EMA] Swapped EMA weights into model (decay=0.9998)
score=0.00437 | err_diff=0.00161 | loss=0.00524
score=0.00437 | err_diff=0.00161 | loss=0.00524
Saved 30 worst predictions: results/optuna_dinov3-vitb16-3090-v2-ibot_trial_7/worst/worst.csv + results/optuna_dinov3-vitb16-3090-v2-ibot_trial_7/worst/images
Model saved: models:/m-23ae57a846c84de2b9819d341a25c392
Trial 7: score=inf err_F=inf err_M=inf err_diff=inf
Loaded 100,000 samples from data/raw/train.csv
Loaded 100,000 samples from data/raw/train.csv
Train: 80,000 | Val: 20,000
Train: 80,000 | Val: 20,000
PMF ratios test/train (20 bins of 0.025): [0.215, 0.34, 0.565, 0.734, 0.928, 1.075, 1.313, 1.455, 1.643, 1.87, 2.007, 1.926, 1.564, 1.311, 1.309, 0.617, 0.927, 0.067, 0.067, 0.067]
loss_importance_reweight ON (applied in training loss)
PMF ratios test/train (20 bins of 0.025): [0.215, 0.34, 0.565, 0.734, 0.928, 1.075, 1.313, 1.455, 1.643, 1.87, 2.007, 1.926, 1.564, 1.311, 1.309, 0.617, 0.927, 0.067, 0.067, 0.067]
eval_importance_reweight ON (eval_score reweighted to test distribution)
loss_importance_reweight ON (applied in training loss)
eval_importance_reweight ON (eval_score reweighted to test distribution)
Gender reweight: F=1.352, M=0.648 (mean=1.0)
Gender reweight: F=1.352, M=0.648 (mean=1.0)
DINOv3 drop_path_rate=0.006996180436819377 applied (linear 0 → 0.007 across 12 blocks via sample_drop_ratio)
DINOv3 drop_path_rate=0.006996180436819377 applied (linear 0 → 0.007 across 12 blocks via sample_drop_ratio)
Loaded DINOv3 weights: dinov3_vitb16_pretrain_lvd1689m-73cec8be.pth
Loaded DINOv3 weights: dinov3_vitb16_pretrain_lvd1689m-73cec8be.pth
Loading pretrained backbone from runs:/c2c396cae2f74566a413502633de7781/encoder
Loading pretrained backbone from runs:/c2c396cae2f74566a413502633de7781/encoder
  loaded (0 missing, 0 unexpected keys)
  loaded (0 missing, 0 unexpected keys)
  logged 141 pretrain_* params from run c2c396cae2f74566a413502633de7781
  WARNING: could not fetch pretrain run params: (sqlite3.IntegrityError) UNIQUE constraint failed: tags.key, tags.run_uuid
[SQL: INSERT INTO tags ("key", value, run_uuid) VALUES (?, ?, ?)]
[parameters: ('pretrain_run_id', 'c2c396cae2f74566a413502633de7781', '4dcfb51c20f04158b307fbb67e8574ac')]
(Background on this error at: https://sqlalche.me/e/20/gkpj)
EMA enabled: decay=0.9998, warmup_steps=200
EMA enabled: decay=0.9998, warmup_steps=200
WeightedMSELoss: focal_gamma=0.0, fairness_lambda=0.5042819259594218, importance_reweight=on (mean=1.00), gender_reweight=on (F=1.35, M=0.65)
Training dinov3-vitb16-3090-v2-ibot_trial8 (best_metric=eval_score)
WeightedMSELoss: focal_gamma=0.0, fairness_lambda=0.5042819259594218, importance_reweight=on (mean=1.00), gender_reweight=on (F=1.35, M=0.65)
Training dinov3-vitb16-3090-v2-ibot_trial8 (best_metric=eval_score)
LLRD: 14 groups, LR ∈ [4.60e-06, 1.10e-04]
LLRD: 14 groups, LR ∈ [4.60e-06, 1.10e-04]
{'loss': 0.0961, 'grad_norm': 0.9200941324234009, 'learning_rate': 1.5565815213514895e-07, 'epoch': 0.04}
{'loss': 0.0674, 'grad_norm': 3.697880506515503, 'learning_rate': 3.113163042702979e-07, 'epoch': 0.08}
{'loss': 0.063, 'grad_norm': 1.1043912172317505, 'learning_rate': 4.669744564054469e-07, 'epoch': 0.12}
{'loss': 0.0618, 'grad_norm': 1.3558138608932495, 'learning_rate': 6.226326085405958e-07, 'epoch': 0.16}
{'loss': 0.0596, 'grad_norm': 0.41565775871276855, 'learning_rate': 7.782907606757447e-07, 'epoch': 0.2}
{'loss': 0.0647, 'grad_norm': 1.0859105587005615, 'learning_rate': 9.339489128108938e-07, 'epoch': 0.24}
{'loss': 0.0585, 'grad_norm': 0.6528096199035645, 'learning_rate': 1.0896070649460428e-06, 'epoch': 0.28}
{'loss': 0.0575, 'grad_norm': 1.3068503141403198, 'learning_rate': 1.2452652170811916e-06, 'epoch': 0.32}
{'loss': 0.0592, 'grad_norm': 0.9565261602401733, 'learning_rate': 1.4009233692163407e-06, 'epoch': 0.36}
{'loss': 0.0573, 'grad_norm': 0.8001683354377747, 'learning_rate': 1.5565815213514895e-06, 'epoch': 0.4}
{'loss': 0.0524, 'grad_norm': 0.8700705170631409, 'learning_rate': 1.7122396734866385e-06, 'epoch': 0.44}
{'loss': 0.0524, 'grad_norm': 5.529970169067383, 'learning_rate': 1.8678978256217876e-06, 'epoch': 0.48}
{'loss': 0.0464, 'grad_norm': 5.550427436828613, 'learning_rate': 2.0235559777569364e-06, 'epoch': 0.52}
{'loss': 0.0429, 'grad_norm': 1.6015746593475342, 'learning_rate': 2.1792141298920855e-06, 'epoch': 0.56}
{'loss': 0.0412, 'grad_norm': 0.81014084815979, 'learning_rate': 2.3348722820272346e-06, 'epoch': 0.6}
{'loss': 0.0371, 'grad_norm': 3.480644702911377, 'learning_rate': 2.490530434162383e-06, 'epoch': 0.64}
{'loss': 0.0358, 'grad_norm': 2.6968469619750977, 'learning_rate': 2.6461885862975327e-06, 'epoch': 0.68}
{'loss': 0.0331, 'grad_norm': 0.445385605096817, 'learning_rate': 2.8018467384326813e-06, 'epoch': 0.72}
{'loss': 0.032, 'grad_norm': 0.9097546935081482, 'learning_rate': 2.9575048905678304e-06, 'epoch': 0.76}
{'loss': 0.0313, 'grad_norm': 2.5292837619781494, 'learning_rate': 3.113163042702979e-06, 'epoch': 0.8}
{'loss': 0.0287, 'grad_norm': 0.9276857972145081, 'learning_rate': 3.268821194838128e-06, 'epoch': 0.84}
{'loss': 0.025, 'grad_norm': 0.6509714722633362, 'learning_rate': 3.424479346973277e-06, 'epoch': 0.88}
{'loss': 0.0224, 'grad_norm': 1.3953219652175903, 'learning_rate': 3.580137499108426e-06, 'epoch': 0.92}
{'loss': 0.0211, 'grad_norm': 1.157397747039795, 'learning_rate': 3.735795651243575e-06, 'epoch': 0.96}
{'loss': 0.0173, 'grad_norm': 1.1915351152420044, 'learning_rate': 3.891453803378724e-06, 'epoch': 1.0}
{'eval_loss': 0.002720802091062069, 'eval_score': 0.0024236045229370316, 'eval_err_F': 0.0019387272321697306, 'eval_err_M': 0.0022619787593479313, 'eval_err_diff': 0.0003232515271782007, 'eval_mse': 0.0022297283101876428, 'eval_mae': 0.03900162450141288, 'eval_runtime': 19.497, 'eval_samples_per_second': 1025.798, 'eval_steps_per_second': 8.053, 'epoch': 1.0}
{'loss': 0.0164, 'grad_norm': 1.1293967962265015, 'learning_rate': 4.047111955513873e-06, 'epoch': 1.04}
{'loss': 0.0147, 'grad_norm': 0.42173266410827637, 'learning_rate': 4.202770107649022e-06, 'epoch': 1.08}
{'loss': 0.0138, 'grad_norm': 1.1731406450271606, 'learning_rate': 4.358428259784171e-06, 'epoch': 1.12}
{'loss': 0.0139, 'grad_norm': 0.6166524887084961, 'learning_rate': 4.51408641191932e-06, 'epoch': 1.16}
{'loss': 0.014, 'grad_norm': 0.7246781587600708, 'learning_rate': 4.601229795590111e-06, 'epoch': 1.2}
{'loss': 0.0127, 'grad_norm': 0.7335553765296936, 'learning_rate': 4.600985269031237e-06, 'epoch': 1.24}
{'loss': 0.0115, 'grad_norm': 0.3946540951728821, 'learning_rate': 4.600480635225648e-06, 'epoch': 1.28}
{'loss': 0.0104, 'grad_norm': 0.32361069321632385, 'learning_rate': 4.599715951233559e-06, 'epoch': 1.32}
{'loss': 0.0119, 'grad_norm': 0.30667296051979065, 'learning_rate': 4.598691303519716e-06, 'epoch': 1.36}
{'loss': 0.0098, 'grad_norm': 0.7119059562683105, 'learning_rate': 4.5974068079436125e-06, 'epoch': 1.4}
{'loss': 0.0097, 'grad_norm': 0.2621588408946991, 'learning_rate': 4.5958626097464e-06, 'epoch': 1.44}
{'loss': 0.0087, 'grad_norm': 0.9454097151756287, 'learning_rate': 4.594058883534458e-06, 'epoch': 1.48}
{'loss': 0.0093, 'grad_norm': 0.2513069212436676, 'learning_rate': 4.591995833259649e-06, 'epoch': 1.52}
{'loss': 0.0084, 'grad_norm': 0.3475000560283661, 'learning_rate': 4.5896736921962645e-06, 'epoch': 1.56}
{'loss': 0.0092, 'grad_norm': 0.4967551827430725, 'learning_rate': 4.587092722914641e-06, 'epoch': 1.6}
{'loss': 0.0091, 'grad_norm': 0.6489225625991821, 'learning_rate': 4.584253217251473e-06, 'epoch': 1.64}
{'loss': 0.0091, 'grad_norm': 0.3667839467525482, 'learning_rate': 4.581155496276818e-06, 'epoch': 1.68}
{'loss': 0.0082, 'grad_norm': 0.3002196252346039, 'learning_rate': 4.577799910257786e-06, 'epoch': 1.72}
{'loss': 0.0083, 'grad_norm': 0.6711908578872681, 'learning_rate': 4.574186838618938e-06, 'epoch': 1.76}
{'loss': 0.007, 'grad_norm': 0.712818443775177, 'learning_rate': 4.570316689899382e-06, 'epoch': 1.8}
{'loss': 0.0095, 'grad_norm': 0.8378981947898865, 'learning_rate': 4.566189901706579e-06, 'epoch': 1.84}
{'loss': 0.0082, 'grad_norm': 0.7581366300582886, 'learning_rate': 4.561806940666862e-06, 'epoch': 1.88}
{'loss': 0.0076, 'grad_norm': 0.7920045852661133, 'learning_rate': 4.5571683023726705e-06, 'epoch': 1.92}
{'loss': 0.0074, 'grad_norm': 0.3004125952720642, 'learning_rate': 4.55227451132652e-06, 'epoch': 1.96}
{'loss': 0.0071, 'grad_norm': 0.2348214089870453, 'learning_rate': 4.547126120881685e-06, 'epoch': 2.0}
{'eval_loss': 0.001900770585052669, 'eval_score': 0.002063692740430614, 'eval_err_F': 0.0010890222928019203, 'eval_err_M': 0.0017388025912210493, 'eval_err_diff': 0.000649780298419129, 'eval_mse': 0.0009872720696041434, 'eval_mae': 0.021349205404110397, 'eval_runtime': 18.8899, 'eval_samples_per_second': 1058.768, 'eval_steps_per_second': 8.311, 'epoch': 2.0}
