================================================================================
OPTUNA HPO - DINOv3 ViT-B/16 (86M) - balancing strategy comparison (2x RTX 3090, BF16)
================================================================================
Node: nodemm05 | Job ID: 831937 | GPUs: 0,1
Started: Sat May 23 00:37:09 CEST 2026
================================================================================
Using device: cuda
GPU: NVIDIA GeForce RTX 3090
CUDA Version: 12.6
Using device: cuda
GPU: NVIDIA GeForce RTX 3090
CUDA Version: 12.6
Study=optuna-dinov3-vitb16-3090-v2-20260523 | Trials=60 | Mode=score | Dist=True
MLflow parent: 35d6f0b6df674aeb9bc3e1829122aa3d
Loaded 100,000 samples from data/raw/train.csv
Loaded 100,000 samples from data/raw/train.csv
Train: 80,000 | Val: 20,000
Sampler 'occlusion': 10 groups, 80000 samples/epoch
PMF ratios test/train (20 bins of 0.025): [0.215, 0.34, 0.565, 0.733, 0.927, 1.075, 1.31, 1.462, 1.625, 1.855, 1.973, 1.926, 1.596, 1.304, 1.324, 0.663, 0.91, 0.067, 0.067, 0.067]
eval_importance_reweight ON (eval_score reweighted to test distribution)
Gender reweight: F=1.352, M=0.648 (mean=1.0)
Train: 80,000 | Val: 20,000
Sampler 'occlusion': 10 groups, 80000 samples/epoch
PMF ratios test/train (20 bins of 0.025): [0.215, 0.34, 0.565, 0.733, 0.927, 1.075, 1.31, 1.462, 1.625, 1.855, 1.973, 1.926, 1.596, 1.304, 1.324, 0.663, 0.91, 0.067, 0.067, 0.067]
eval_importance_reweight ON (eval_score reweighted to test distribution)
Gender reweight: F=1.352, M=0.648 (mean=1.0)
DINOv3 drop_path_rate=0.021042799264462175 applied (linear 0 → 0.021 across 12 blocks via sample_drop_ratio)
DINOv3 drop_path_rate=0.021042799264462175 applied (linear 0 → 0.021 across 12 blocks via sample_drop_ratio)
Loaded DINOv3 weights: dinov3_vitb16_pretrain_lvd1689m-73cec8be.pth
Loaded DINOv3 weights: dinov3_vitb16_pretrain_lvd1689m-73cec8be.pth
EMA enabled: decay=0.9998, warmup_steps=200
WeightedMSELoss: focal_gamma=0.0, fairness_lambda=0.28331762984358, gender_reweight=on (F=1.35, M=0.65)
Training dinov3-vitb16-3090-v2_trial0 (best_metric=eval_score)
EMA enabled: decay=0.9998, warmup_steps=200
WeightedMSELoss: focal_gamma=0.0, fairness_lambda=0.28331762984358, gender_reweight=on (F=1.35, M=0.65)
Training dinov3-vitb16-3090-v2_trial0 (best_metric=eval_score)
LLRD: 14 groups, LR ∈ [1.39e-04, 1.47e-04]
LLRD: 14 groups, LR ∈ [1.39e-04, 1.47e-04]
{'loss': 0.4192, 'grad_norm': 1.051880121231079, 'learning_rate': 3.5441246784423507e-06, 'epoch': 0.04}
{'loss': 0.2242, 'grad_norm': 1.278135895729065, 'learning_rate': 7.088249356884701e-06, 'epoch': 0.08}
{'loss': 0.2145, 'grad_norm': 0.9422191977500916, 'learning_rate': 1.0632374035327053e-05, 'epoch': 0.12}
{'loss': 0.2119, 'grad_norm': 1.7717623710632324, 'learning_rate': 1.4176498713769403e-05, 'epoch': 0.16}
{'loss': 0.207, 'grad_norm': 2.8145534992218018, 'learning_rate': 1.7720623392211753e-05, 'epoch': 0.2}
{'loss': 0.1706, 'grad_norm': 0.5222080945968628, 'learning_rate': 2.1264748070654106e-05, 'epoch': 0.24}
{'loss': 0.1407, 'grad_norm': 0.7621030807495117, 'learning_rate': 2.4808872749096452e-05, 'epoch': 0.28}
{'loss': 0.1194, 'grad_norm': 3.4333853721618652, 'learning_rate': 2.8352997427538806e-05, 'epoch': 0.32}
{'loss': 0.1101, 'grad_norm': 0.7789309620857239, 'learning_rate': 3.189712210598115e-05, 'epoch': 0.36}
{'loss': 0.1066, 'grad_norm': 1.2463703155517578, 'learning_rate': 3.5441246784423505e-05, 'epoch': 0.4}
{'loss': 0.1018, 'grad_norm': 0.5013085603713989, 'learning_rate': 3.898537146286586e-05, 'epoch': 0.44}
{'loss': 0.1029, 'grad_norm': 0.7182425856590271, 'learning_rate': 4.252949614130821e-05, 'epoch': 0.48}
{'loss': 0.1001, 'grad_norm': 1.3474358320236206, 'learning_rate': 4.607362081975056e-05, 'epoch': 0.52}
{'loss': 0.0985, 'grad_norm': 1.2294524908065796, 'learning_rate': 4.9617745498192905e-05, 'epoch': 0.56}
{'loss': 0.0988, 'grad_norm': 0.6446406841278076, 'learning_rate': 5.3161870176635265e-05, 'epoch': 0.6}
{'loss': 0.0941, 'grad_norm': 0.9794951677322388, 'learning_rate': 5.670599485507761e-05, 'epoch': 0.64}
{'loss': 0.093, 'grad_norm': 2.1129515171051025, 'learning_rate': 6.0250119533519965e-05, 'epoch': 0.68}
{'loss': 0.0878, 'grad_norm': 0.9131343960762024, 'learning_rate': 6.37942442119623e-05, 'epoch': 0.72}
{'loss': 0.0751, 'grad_norm': 2.406344175338745, 'learning_rate': 6.733836889040467e-05, 'epoch': 0.76}
{'loss': 0.0576, 'grad_norm': 2.607412815093994, 'learning_rate': 7.088249356884701e-05, 'epoch': 0.8}
{'loss': 0.0522, 'grad_norm': 0.22246135771274567, 'learning_rate': 7.442661824728936e-05, 'epoch': 0.84}
{'loss': 0.0359, 'grad_norm': 0.8706453442573547, 'learning_rate': 7.797074292573172e-05, 'epoch': 0.88}
{'loss': 0.0287, 'grad_norm': 0.8730910420417786, 'learning_rate': 8.151486760417406e-05, 'epoch': 0.92}
{'loss': 0.0309, 'grad_norm': 0.36880263686180115, 'learning_rate': 8.505899228261642e-05, 'epoch': 0.96}
{'loss': 0.0234, 'grad_norm': 0.7782586812973022, 'learning_rate': 8.860311696105878e-05, 'epoch': 1.0}
{'eval_loss': 0.0027956387493759394, 'eval_score': 0.0038619120551807006, 'eval_err_F': 0.00207577834779783, 'eval_err_M': 0.0032665341527197437, 'eval_err_diff': 0.0011907558049219138, 'eval_mse': 0.0015365619203553732, 'eval_mae': 0.029886393449967907, 'eval_runtime': 27.5574, 'eval_samples_per_second': 725.759, 'eval_steps_per_second': 5.697, 'epoch': 1.0}
{'loss': 0.0221, 'grad_norm': 0.4888352155685425, 'learning_rate': 9.214724163950112e-05, 'epoch': 1.04}
{'loss': 0.0173, 'grad_norm': 0.9394879937171936, 'learning_rate': 9.569136631794347e-05, 'epoch': 1.08}
{'loss': 0.0124, 'grad_norm': 0.3895583748817444, 'learning_rate': 9.923549099638581e-05, 'epoch': 1.12}
{'loss': 0.0134, 'grad_norm': 0.542842447757721, 'learning_rate': 0.00010277961567482818, 'epoch': 1.16}
{'loss': 0.0083, 'grad_norm': 0.8030237555503845, 'learning_rate': 0.00010632374035327053, 'epoch': 1.2}
{'loss': 0.0076, 'grad_norm': 1.0016931295394897, 'learning_rate': 0.00010986786503171287, 'epoch': 1.24}
{'loss': 0.0075, 'grad_norm': 1.320682406425476, 'learning_rate': 0.00011341198971015522, 'epoch': 1.28}
{'loss': 0.006, 'grad_norm': 0.8005211353302002, 'learning_rate': 0.00011695611438859756, 'epoch': 1.32}
{'loss': 0.0056, 'grad_norm': 0.4998183250427246, 'learning_rate': 0.00012050023906703993, 'epoch': 1.36}
{'loss': 0.0055, 'grad_norm': 0.47565004229545593, 'learning_rate': 0.00012404436374548227, 'epoch': 1.4}
{'loss': 0.0079, 'grad_norm': 0.25782185792922974, 'learning_rate': 0.0001275884884239246, 'epoch': 1.44}
{'loss': 0.0046, 'grad_norm': 0.6719087362289429, 'learning_rate': 0.00013113261310236698, 'epoch': 1.48}
{'loss': 0.0065, 'grad_norm': 0.5833285450935364, 'learning_rate': 0.00013467673778080934, 'epoch': 1.52}
{'loss': 0.0045, 'grad_norm': 1.0150163173675537, 'learning_rate': 0.00013822086245925168, 'epoch': 1.56}
{'loss': 0.0047, 'grad_norm': 1.3856821060180664, 'learning_rate': 0.00013878092617407872, 'epoch': 1.6}
{'loss': 0.0043, 'grad_norm': 0.8965556621551514, 'learning_rate': 0.00013875435531993905, 'epoch': 1.64}
{'loss': 0.0045, 'grad_norm': 1.1608173847198486, 'learning_rate': 0.00013870796360271846, 'epoch': 1.68}
{'loss': 0.0046, 'grad_norm': 0.2657562494277954, 'learning_rate': 0.00013864176427960635, 'epoch': 1.72}
{'loss': 0.0056, 'grad_norm': 0.4018358588218689, 'learning_rate': 0.00013855577626813815, 'epoch': 1.76}
{'loss': 0.003, 'grad_norm': 0.6174217462539673, 'learning_rate': 0.00013845002414078969, 'epoch': 1.8}
{'loss': 0.0035, 'grad_norm': 0.2534290850162506, 'learning_rate': 0.00013832453811795484, 'epoch': 1.84}
{'loss': 0.0027, 'grad_norm': 0.05537848547101021, 'learning_rate': 0.00013817935405930994, 'epoch': 1.88}
{'loss': 0.0026, 'grad_norm': 0.2712457776069641, 'learning_rate': 0.00013801451345356598, 'epoch': 1.92}
{'loss': 0.0037, 'grad_norm': 0.639422595500946, 'learning_rate': 0.0001378300634066127, 'epoch': 1.96}
{'loss': 0.0041, 'grad_norm': 0.5367186665534973, 'learning_rate': 0.0001376260566280572, 'epoch': 2.0}
{'eval_loss': 0.0021716540213674307, 'eval_score': 0.0022418416145193877, 'eval_err_F': 0.0015604875592828376, 'eval_err_M': 0.0020147235961072043, 'eval_err_diff': 0.0004542360368243667, 'eval_mse': 0.0016764211416788325, 'eval_mae': 0.030601605088217364, 'eval_runtime': 23.7927, 'eval_samples_per_second': 840.593, 'eval_steps_per_second': 6.599, 'epoch': 2.0}
{'loss': 0.0028, 'grad_norm': 0.43563827872276306, 'learning_rate': 0.0001374025514161615, 'epoch': 2.04}
{'loss': 0.0043, 'grad_norm': 0.8133842349052429, 'learning_rate': 0.00013715961164118264, 'epoch': 2.08}
{'loss': 0.004, 'grad_norm': 0.2810526192188263, 'learning_rate': 0.00013689730672712084, 'epoch': 2.12}
{'loss': 0.0036, 'grad_norm': 0.538011908531189, 'learning_rate': 0.00013661571163188044, 'epoch': 2.16}
{'loss': 0.0035, 'grad_norm': 0.6737551093101501, 'learning_rate': 0.00013631490682584947, 'epoch': 2.2}
{'loss': 0.0036, 'grad_norm': 0.18527813255786896, 'learning_rate': 0.00013599497826890389, 'epoch': 2.24}
{'loss': 0.0039, 'grad_norm': 0.2567990720272064, 'learning_rate': 0.00013565601738584312, 'epoch': 2.28}
{'loss': 0.0026, 'grad_norm': 0.6115661263465881, 'learning_rate': 0.00013529812104026405, 'epoch': 2.32}
{'loss': 0.0033, 'grad_norm': 0.7171514630317688, 'learning_rate': 0.00013492139150688055, 'epoch': 2.36}
{'loss': 0.0023, 'grad_norm': 0.2742789089679718, 'learning_rate': 0.00013452593644229687, 'epoch': 2.4}
{'loss': 0.0032, 'grad_norm': 0.485481858253479, 'learning_rate': 0.00013411186885424296, 'epoch': 2.44}
{'loss': 0.0023, 'grad_norm': 0.16403557360172272, 'learning_rate': 0.0001336793070692808, 'epoch': 2.48}
{'loss': 0.0025, 'grad_norm': 0.4493273198604584, 'learning_rate': 0.00013322837469899044, 'epoch': 2.52}
{'loss': 0.002, 'grad_norm': 0.08821921795606613, 'learning_rate': 0.00013275920060464618, 'epoch': 2.56}
{'loss': 0.0023, 'grad_norm': 0.16944341361522675, 'learning_rate': 0.00013227191886039228, 'epoch': 2.6}
{'loss': 0.0019, 'grad_norm': 0.5326831340789795, 'learning_rate': 0.00013176666871492904, 'epoch': 2.64}
{'loss': 0.0024, 'grad_norm': 0.36221152544021606, 'learning_rate': 0.0001312435945517203, 'epoch': 2.68}
{'loss': 0.0027, 'grad_norm': 0.37466171383857727, 'learning_rate': 0.00013070284584773344, 'epoch': 2.72}
{'loss': 0.0021, 'grad_norm': 0.45962777733802795, 'learning_rate': 0.00013014457713072397, 'epoch': 2.76}
{'loss': 0.0025, 'grad_norm': 0.1702999621629715, 'learning_rate': 0.00012956894793507662, 'epoch': 2.8}
{'loss': 0.0024, 'grad_norm': 0.5102058053016663, 'learning_rate': 0.00012897612275621594, 'epoch': 2.84}
{'loss': 0.0026, 'grad_norm': 0.10966803133487701, 'learning_rate': 0.00012836627100359883, 'epoch': 2.88}
{'loss': 0.0018, 'grad_norm': 0.165695920586586, 'learning_rate': 0.00012773956695230317, 'epoch': 2.92}
{'loss': 0.0021, 'grad_norm': 0.21197979152202606, 'learning_rate': 0.00012709618969322596, 'epoch': 2.96}
{'loss': 0.002, 'grad_norm': 0.09956338256597519, 'learning_rate': 0.00012643632308190493, 'epoch': 3.0}
{'eval_loss': 0.0017014987533912063, 'eval_score': 0.0023262067449775978, 'eval_err_F': 0.0011034977639182884, 'eval_err_M': 0.0019186370846244944, 'eval_err_diff': 0.000815139320706206, 'eval_mse': 0.0008633659712919418, 'eval_mae': 0.019666172792809265, 'eval_runtime': 27.329, 'eval_samples_per_second': 731.824, 'eval_steps_per_second': 5.745, 'epoch': 3.0}
{'loss': 0.0018, 'grad_norm': 0.6549696922302246, 'learning_rate': 0.00012576015568597904, 'epoch': 3.04}
{'loss': 0.0019, 'grad_norm': 0.09045948088169098, 'learning_rate': 0.00012506788073130213, 'epoch': 3.08}
{'loss': 0.0016, 'grad_norm': 0.23563817143440247, 'learning_rate': 0.0001243596960467254, 'epoch': 3.12}
{'loss': 0.002, 'grad_norm': 0.15834438800811768, 'learning_rate': 0.00012363580400756482, 'epoch': 3.16}
{'loss': 0.0018, 'grad_norm': 0.26410990953445435, 'learning_rate': 0.00012289641147776877, 'epoch': 3.2}
{'loss': 0.0018, 'grad_norm': 0.28110888600349426, 'learning_rate': 0.00012214172975080358, 'epoch': 3.24}
{'loss': 0.0031, 'grad_norm': 0.6419808864593506, 'learning_rate': 0.00012137197448927282, 'epoch': 3.28}
{'loss': 0.0021, 'grad_norm': 0.24513551592826843, 'learning_rate': 0.00012058736566328824, 'epoch': 3.32}
{'loss': 0.0021, 'grad_norm': 0.2775934636592865, 'learning_rate': 0.0001197881274876097, 'epoch': 3.36}
{'loss': 0.0021, 'grad_norm': 0.07039094716310501, 'learning_rate': 0.00011897448835757221, 'epoch': 3.4}
{'loss': 0.0018, 'grad_norm': 0.22893628478050232, 'learning_rate': 0.00011814668078381816, 'epoch': 3.44}
{'loss': 0.0014, 'grad_norm': 0.13283666968345642, 'learning_rate': 0.0001173049413258537, 'epoch': 3.48}
{'loss': 0.0015, 'grad_norm': 0.5185020565986633, 'learning_rate': 0.00011644951052444792, 'epoch': 3.52}
{'loss': 0.0022, 'grad_norm': 0.48147591948509216, 'learning_rate': 0.00011558063283289449, 'epoch': 3.56}
{'loss': 0.0016, 'grad_norm': 0.6997600793838501, 'learning_rate': 0.000114698556547155, 'epoch': 3.6}
{'loss': 0.0018, 'grad_norm': 0.17852604389190674, 'learning_rate': 0.00011380353373490459, 'epoch': 3.64}
{'loss': 0.0016, 'grad_norm': 0.5144143104553223, 'learning_rate': 0.00011289582016349924, 'epoch': 3.68}
{'loss': 0.0017, 'grad_norm': 0.39811670780181885, 'learning_rate': 0.00011197567522688626, 'epoch': 3.72}
{'loss': 0.002, 'grad_norm': 0.1392534375190735, 'learning_rate': 0.00011104336187147814, 'epoch': 3.76}
{'loss': 0.0015, 'grad_norm': 0.0889403447508812, 'learning_rate': 0.00011009914652101143, 'epoch': 3.8}
{'loss': 0.0015, 'grad_norm': 0.6209207773208618, 'learning_rate': 0.00010914329900041168, 'epoch': 3.84}
{'loss': 0.0018, 'grad_norm': 0.37109363079071045, 'learning_rate': 0.00010817609245868668, 'epoch': 3.88}
{'loss': 0.0013, 'grad_norm': 0.24055799841880798, 'learning_rate': 0.00010719780329086961, 'epoch': 3.92}
{'loss': 0.0013, 'grad_norm': 0.21427834033966064, 'learning_rate': 0.00010620871105903473, 'epoch': 3.96}
{'loss': 0.0015, 'grad_norm': 0.17053769528865814, 'learning_rate': 0.00010520909841240788, 'epoch': 4.0}
{'eval_loss': 0.002131030661985278, 'eval_score': 0.0025905388967381524, 'eval_err_F': 0.0018526171618235925, 'eval_err_M': 0.002344564985099966, 'eval_err_diff': 0.0004919478232763735, 'eval_mse': 0.0009701658654769694, 'eval_mae': 0.021293517549010176, 'eval_runtime': 41.6746, 'eval_samples_per_second': 479.909, 'eval_steps_per_second': 3.767, 'epoch': 4.0}
{'loss': 0.0016, 'grad_norm': 0.13706597685813904, 'learning_rate': 0.00010419925100659489, 'epoch': 4.04}
{'loss': 0.0033, 'grad_norm': 0.37111231684684753, 'learning_rate': 0.00010317945742195087, 'epoch': 4.08}
{'loss': 0.0019, 'grad_norm': 0.08550167828798294, 'learning_rate': 0.0001021500090811136, 'epoch': 4.12}
{'loss': 0.0047, 'grad_norm': 0.33349546790122986, 'learning_rate': 0.0001011112001657248, 'epoch': 4.16}
{'loss': 0.0042, 'grad_norm': 0.15070754289627075, 'learning_rate': 0.00010006332753236303, 'epoch': 4.2}
{'loss': 0.0023, 'grad_norm': 0.6681057810783386, 'learning_rate': 9.90066906277118e-05, 'epoch': 4.24}
{'loss': 0.0016, 'grad_norm': 0.4114903211593628, 'learning_rate': 9.794159140298816e-05, 'epoch': 4.28}
{'loss': 0.0019, 'grad_norm': 0.44102758169174194, 'learning_rate': 9.686833422765493e-05, 'epoch': 4.32}
{'loss': 0.0016, 'grad_norm': 0.17391085624694824, 'learning_rate': 9.578722580244233e-05, 'epoch': 4.36}
{'loss': 0.0014, 'grad_norm': 0.11179003119468689, 'learning_rate': 9.469857507170315e-05, 'epoch': 4.4}
{'loss': 0.0017, 'grad_norm': 0.4375380277633667, 'learning_rate': 9.360269313512702e-05, 'epoch': 4.44}
{'loss': 0.0015, 'grad_norm': 0.12077322602272034, 'learning_rate': 9.249989315883836e-05, 'epoch': 4.48}
{'loss': 0.0016, 'grad_norm': 0.21369189023971558, 'learning_rate': 9.139049028590426e-05, 'epoch': 4.52}
{'loss': 0.0014, 'grad_norm': 0.2626526653766632, 'learning_rate': 9.027480154627714e-05, 'epoch': 4.56}
{'loss': 0.0018, 'grad_norm': 0.3254544138908386, 'learning_rate': 8.915314576619826e-05, 'epoch': 4.6}
{'loss': 0.0017, 'grad_norm': 0.4336179196834564, 'learning_rate': 8.802584347708796e-05, 'epoch': 4.64}
{'loss': 0.0013, 'grad_norm': 0.16987189650535583, 'learning_rate': 8.689321682394858e-05, 'epoch': 4.68}
{'loss': 0.0012, 'grad_norm': 0.4255456328392029, 'learning_rate': 8.57555894733062e-05, 'epoch': 4.72}
{'loss': 0.0012, 'grad_norm': 0.25626131892204285, 'learning_rate': 8.461328652071777e-05, 'epoch': 4.76}
{'loss': 0.0014, 'grad_norm': 0.16557665169239044, 'learning_rate': 8.346663439786966e-05, 'epoch': 4.8}
{'loss': 0.0013, 'grad_norm': 0.26592907309532166, 'learning_rate': 8.231596077929457e-05, 'epoch': 4.84}
{'loss': 0.0012, 'grad_norm': 0.31439337134361267, 'learning_rate': 8.116159448873312e-05, 'epoch': 4.88}
{'loss': 0.0013, 'grad_norm': 0.19067171216011047, 'learning_rate': 8.000386540516716e-05, 'epoch': 4.92}
{'loss': 0.0015, 'grad_norm': 0.5027846693992615, 'learning_rate': 7.88431043685514e-05, 'epoch': 4.96}
{'loss': 0.0012, 'grad_norm': 0.2618750333786011, 'learning_rate': 7.767964308527061e-05, 'epoch': 5.0}
{'eval_loss': 0.001670313999056816, 'eval_score': 0.0021368869481829767, 'eval_err_F': 0.001177754330976267, 'eval_err_M': 0.0018171760757807404, 'eval_err_diff': 0.0006394217448044733, 'eval_mse': 0.0008016850507370417, 'eval_mae': 0.018965261387964893, 'eval_runtime': 23.3354, 'eval_samples_per_second': 857.067, 'eval_steps_per_second': 6.728, 'epoch': 5.0}
{'loss': 0.0012, 'grad_norm': 0.10242865234613419, 'learning_rate': 7.651381403334899e-05, 'epoch': 5.04}
{'loss': 0.0011, 'grad_norm': 0.4675946831703186, 'learning_rate': 7.534595036743926e-05, 'epoch': 5.08}
{'loss': 0.0012, 'grad_norm': 0.09337489306926727, 'learning_rate': 7.417638582361828e-05, 'epoch': 5.12}
{'loss': 0.0012, 'grad_norm': 0.1027679592370987, 'learning_rate': 7.300545462401642e-05, 'epoch': 5.16}
{'loss': 0.0011, 'grad_norm': 0.3209834098815918, 'learning_rate': 7.183349138130827e-05, 'epoch': 5.2}
{'loss': 0.0013, 'grad_norm': 0.6480814218521118, 'learning_rate': 7.066083100309153e-05, 'epoch': 5.24}
{'loss': 0.0012, 'grad_norm': 0.14649754762649536, 'learning_rate': 6.948780859618173e-05, 'epoch': 5.28}
{'loss': 0.0011, 'grad_norm': 0.1696893721818924, 'learning_rate': 6.831475937085002e-05, 'epoch': 5.32}
{'loss': 0.001, 'grad_norm': 0.08179880678653717, 'learning_rate': 6.714201854503138e-05, 'epoch': 5.36}
{'loss': 0.001, 'grad_norm': 0.12289874255657196, 'learning_rate': 6.596992124853051e-05, 'epoch': 5.4}
{'loss': 0.0013, 'grad_norm': 0.04086024686694145, 'learning_rate': 6.47988024272532e-05, 'epoch': 5.44}
{'loss': 0.0012, 'grad_norm': 0.14200247824192047, 'learning_rate': 6.362899674748997e-05, 'epoch': 5.48}
{'loss': 0.0015, 'grad_norm': 0.0981004536151886, 'learning_rate': 6.246083850027976e-05, 'epoch': 5.52}
{'loss': 0.0018, 'grad_norm': 0.6953427195549011, 'learning_rate': 6.129466150588082e-05, 'epoch': 5.56}
{'loss': 0.0013, 'grad_norm': 0.13630694150924683, 'learning_rate': 6.013079901837604e-05, 'epoch': 5.6}
{'loss': 0.0012, 'grad_norm': 0.18735846877098083, 'learning_rate': 5.896958363044035e-05, 'epoch': 5.64}
{'loss': 0.001, 'grad_norm': 0.4229045808315277, 'learning_rate': 5.781134717829675e-05, 'epoch': 5.68}
{'loss': 0.0013, 'grad_norm': 0.2841268479824066, 'learning_rate': 5.665642064688884e-05, 'epoch': 5.72}
{'loss': 0.001, 'grad_norm': 0.1283150315284729, 'learning_rate': 5.550513407529641e-05, 'epoch': 5.76}
{'loss': 0.0014, 'grad_norm': 0.10970338433980942, 'learning_rate': 5.4357816462421375e-05, 'epoch': 5.8}
{'loss': 0.0012, 'grad_norm': 0.4388769865036011, 'learning_rate': 5.321479567297108e-05, 'epoch': 5.84}
{'loss': 0.0012, 'grad_norm': 0.06832052022218704, 'learning_rate': 5.207639834376545e-05, 'epoch': 5.88}
{'loss': 0.0014, 'grad_norm': 0.255634605884552, 'learning_rate': 5.0942949790395375e-05, 'epoch': 5.92}
{'loss': 0.0027, 'grad_norm': 0.5316434502601624, 'learning_rate': 4.9814773914258336e-05, 'epoch': 5.96}
{'loss': 0.0012, 'grad_norm': 0.16991153359413147, 'learning_rate': 4.869219310999843e-05, 'epoch': 6.0}
{'eval_loss': 0.0016057159518823028, 'eval_score': 0.0018051806565893482, 'eval_err_F': 0.0010666661777350352, 'eval_err_M': 0.0015590091636379106, 'eval_err_diff': 0.0004923429859028754, 'eval_mse': 0.0009983696389844904, 'eval_mae': 0.020646415594825704, 'eval_runtime': 24.3341, 'eval_samples_per_second': 821.892, 'eval_steps_per_second': 6.452, 'epoch': 6.0}
{'loss': 0.0011, 'grad_norm': 0.10908963531255722, 'learning_rate': 4.7575528173376655e-05, 'epoch': 6.04}
{'loss': 0.0011, 'grad_norm': 0.12107181549072266, 'learning_rate': 4.646509820959852e-05, 'epoch': 6.08}
{'loss': 0.0009, 'grad_norm': 0.07207758724689484, 'learning_rate': 4.5361220542124386e-05, 'epoch': 6.12}
{'loss': 0.0009, 'grad_norm': 0.33407774567604065, 'learning_rate': 4.4264210621989144e-05, 'epoch': 6.16}
{'loss': 0.0011, 'grad_norm': 0.2708340585231781, 'learning_rate': 4.3174381937656954e-05, 'epoch': 6.2}
{'loss': 0.001, 'grad_norm': 0.2746068239212036, 'learning_rate': 4.209204592543684e-05, 'epoch': 6.24}
{'loss': 0.0012, 'grad_norm': 0.15038667619228363, 'learning_rate': 4.101751188048458e-05, 'epoch': 6.28}
{'loss': 0.0021, 'grad_norm': 0.1170123815536499, 'learning_rate': 3.995108686841673e-05, 'epoch': 6.32}
{'loss': 0.0011, 'grad_norm': 0.28284937143325806, 'learning_rate': 3.8893075637561435e-05, 'epoch': 6.36}
{'loss': 0.0009, 'grad_norm': 0.258523553609848, 'learning_rate': 3.784378053187184e-05, 'epoch': 6.4}
{'loss': 0.0009, 'grad_norm': 0.1613326370716095, 'learning_rate': 3.680350140452618e-05, 'epoch': 6.44}
{'loss': 0.0009, 'grad_norm': 0.14719443023204803, 'learning_rate': 3.5772535532239975e-05, 'epoch': 6.48}
{'loss': 0.0009, 'grad_norm': 0.1274077147245407, 'learning_rate': 3.475117753031429e-05, 'epoch': 6.52}
{'loss': 0.0009, 'grad_norm': 0.057187218219041824, 'learning_rate': 3.373971926844464e-05, 'epoch': 6.56}
{'loss': 0.0008, 'grad_norm': 0.20819686353206635, 'learning_rate': 3.2738449787314535e-05, 'epoch': 6.6}
{'loss': 0.0008, 'grad_norm': 0.16699083149433136, 'learning_rate': 3.1747655215997235e-05, 'epoch': 6.64}
{'loss': 0.0008, 'grad_norm': 0.21941402554512024, 'learning_rate': 3.076761869018989e-05, 'epoch': 6.68}
{'loss': 0.0008, 'grad_norm': 0.04225547984242439, 'learning_rate': 2.979862027130274e-05, 'epoch': 6.72}
{'loss': 0.0009, 'grad_norm': 0.12168262898921967, 'learning_rate': 2.884093686642705e-05, 'epoch': 6.76}
{'loss': 0.0012, 'grad_norm': 0.43268799781799316, 'learning_rate': 2.7894842149204516e-05, 'epoch': 6.8}
{'loss': 0.0008, 'grad_norm': 0.03445034474134445, 'learning_rate': 2.6960606481620342e-05, 'epoch': 6.84}
{'loss': 0.0008, 'grad_norm': 0.05333774536848068, 'learning_rate': 2.603849683674312e-05, 'epoch': 6.88}
{'loss': 0.0029, 'grad_norm': 0.17111097276210785, 'learning_rate': 2.5128776722432758e-05, 'epoch': 6.92}
{'loss': 0.0007, 'grad_norm': 0.11137200146913528, 'learning_rate': 2.423170610603886e-05, 'epoch': 6.96}
{'loss': 0.0008, 'grad_norm': 0.07089047878980637, 'learning_rate': 2.334754134011088e-05, 'epoch': 7.0}
{'eval_loss': 0.001121792825870216, 'eval_score': 0.0015562471051829463, 'eval_err_F': 0.0005875149447115555, 'eval_err_M': 0.0012333363850258162, 'eval_err_diff': 0.0006458214403142606, 'eval_mse': 0.00062101599309405, 'eval_mae': 0.015541893887007791, 'eval_runtime': 24.4574, 'eval_samples_per_second': 817.749, 'eval_steps_per_second': 6.419, 'epoch': 7.0}
{'loss': 0.0008, 'grad_norm': 0.2038528323173523, 'learning_rate': 2.2476535089141114e-05, 'epoch': 7.04}
{'loss': 0.0008, 'grad_norm': 0.06318636983633041, 'learning_rate': 2.1618936257361805e-05, 'epoch': 7.08}
{'loss': 0.0006, 'grad_norm': 0.1491263061761856, 'learning_rate': 2.0774989917616565e-05, 'epoch': 7.12}
{'loss': 0.0007, 'grad_norm': 0.14512896537780762, 'learning_rate': 1.994493724132699e-05, 'epoch': 7.16}
{'loss': 0.0007, 'grad_norm': 0.05985431745648384, 'learning_rate': 1.912901542957382e-05, 'epoch': 7.2}
{'loss': 0.0007, 'grad_norm': 0.07975150644779205, 'learning_rate': 1.8327457645312934e-05, 'epoch': 7.24}
{'loss': 0.0007, 'grad_norm': 0.43563202023506165, 'learning_rate': 1.7540492946745345e-05, 'epoch': 7.28}
{'loss': 0.0007, 'grad_norm': 0.17841607332229614, 'learning_rate': 1.676834622185986e-05, 'epoch': 7.32}
{'loss': 0.0007, 'grad_norm': 0.11443658173084259, 'learning_rate': 1.6011238124167902e-05, 'epoch': 7.36}
{'loss': 0.0007, 'grad_norm': 0.12751634418964386, 'learning_rate': 1.5269385009648012e-05, 'epoch': 7.4}
{'loss': 0.0006, 'grad_norm': 0.15907764434814453, 'learning_rate': 1.4542998874918663e-05, 'epoch': 7.44}
{'loss': 0.0007, 'grad_norm': 0.20218707621097565, 'learning_rate': 1.383228729665677e-05, 'epoch': 7.48}
{'loss': 0.0007, 'grad_norm': 0.16216126084327698, 'learning_rate': 1.313745337227926e-05, 'epoch': 7.52}
{'loss': 0.0007, 'grad_norm': 0.08040118962526321, 'learning_rate': 1.245869566190472e-05, 'epoch': 7.56}
{'loss': 0.0006, 'grad_norm': 0.17323637008666992, 'learning_rate': 1.179620813161153e-05, 'epoch': 7.6}
{'loss': 0.0006, 'grad_norm': 0.12084471434354782, 'learning_rate': 1.1150180098008933e-05, 'epoch': 7.64}
{'loss': 0.0006, 'grad_norm': 0.12361087650060654, 'learning_rate': 1.0520796174136774e-05, 'epoch': 7.68}
{'loss': 0.001, 'grad_norm': 0.07370004057884216, 'learning_rate': 9.908236216709196e-06, 'epoch': 7.72}
{'loss': 0.0006, 'grad_norm': 0.21828816831111908, 'learning_rate': 9.312675274717816e-06, 'epoch': 7.76}
{'loss': 0.0006, 'grad_norm': 0.052742209285497665, 'learning_rate': 8.73428353940847e-06, 'epoch': 7.8}
{'loss': 0.0007, 'grad_norm': 0.0600987933576107, 'learning_rate': 8.17322629564635e-06, 'epoch': 7.84}
{'loss': 0.0006, 'grad_norm': 0.1105915755033493, 'learning_rate': 7.629663874683236e-06, 'epoch': 7.88}
{'loss': 0.0006, 'grad_norm': 0.11058522760868073, 'learning_rate': 7.1037516083400425e-06, 'epoch': 7.92}
{'loss': 0.0006, 'grad_norm': 0.09297118335962296, 'learning_rate': 6.595639784618445e-06, 'epoch': 7.96}
{'loss': 0.0005, 'grad_norm': 0.06387075781822205, 'learning_rate': 6.1054736047534525e-06, 'epoch': 8.0}
{'eval_loss': 0.0010825024219229817, 'eval_score': 0.0015604718320447004, 'eval_err_F': 0.0005218295329084969, 'eval_err_M': 0.0012142577323326325, 'eval_err_diff': 0.0006924281994241357, 'eval_mse': 0.0005375730342595794, 'eval_mae': 0.014249362876406121, 'eval_runtime': 29.4086, 'eval_samples_per_second': 680.074, 'eval_steps_per_second': 5.339, 'epoch': 8.0}
{'loss': 0.0009, 'grad_norm': 0.16838578879833221, 'learning_rate': 5.633393141719884e-06, 'epoch': 8.04}
{'loss': 0.0006, 'grad_norm': 0.10134895890951157, 'learning_rate': 5.179533300204206e-06, 'epoch': 8.08}
{'loss': 0.0008, 'grad_norm': 0.13444852828979492, 'learning_rate': 4.744023778053286e-06, 'epoch': 8.12}
{'loss': 0.0005, 'grad_norm': 0.04143223538994789, 'learning_rate': 4.326989029211214e-06, 'epoch': 8.16}
{'loss': 0.0006, 'grad_norm': 0.049941908568143845, 'learning_rate': 3.92854822815443e-06, 'epoch': 8.2}
{'loss': 0.0006, 'grad_norm': 0.07920746505260468, 'learning_rate': 3.5488152358358078e-06, 'epoch': 8.24}
{'loss': 0.0006, 'grad_norm': 0.08063995093107224, 'learning_rate': 3.187898567146923e-06, 'epoch': 8.28}
{'loss': 0.0007, 'grad_norm': 0.07189944386482239, 'learning_rate': 2.845901359908212e-06, 'epoch': 8.32}
{'loss': 0.0008, 'grad_norm': 0.06701859086751938, 'learning_rate': 2.5229213453956324e-06, 'epoch': 8.36}
{'loss': 0.0006, 'grad_norm': 0.07230585813522339, 'learning_rate': 2.2190508204123902e-06, 'epoch': 8.4}
{'loss': 0.0006, 'grad_norm': 0.0975000411272049, 'learning_rate': 1.934376620913604e-06, 'epoch': 8.44}
{'loss': 0.0006, 'grad_norm': 0.16436754167079926, 'learning_rate': 1.6689800971915048e-06, 'epoch': 8.48}
{'loss': 0.0005, 'grad_norm': 0.05379216745495796, 'learning_rate': 1.4229370906282872e-06, 'epoch': 8.52}
{'loss': 0.0005, 'grad_norm': 0.11695070564746857, 'learning_rate': 1.1963179120231679e-06, 'epoch': 8.56}
{'loss': 0.0005, 'grad_norm': 0.14515124261379242, 'learning_rate': 9.891873214999551e-07, 'epoch': 8.6}
{'loss': 0.0006, 'grad_norm': 0.14964747428894043, 'learning_rate': 8.016045100008112e-07, 'epoch': 8.64}
{'loss': 0.0006, 'grad_norm': 0.16707006096839905, 'learning_rate': 6.336230823713886e-07, 'epoch': 8.68}
{'loss': 0.0007, 'grad_norm': 0.20697730779647827, 'learning_rate': 4.852910420424767e-07, 'epoch': 8.72}
{'loss': 0.0006, 'grad_norm': 0.05183466896414757, 'learning_rate': 3.5665077731216665e-07, 'epoch': 8.76}
{'loss': 0.0005, 'grad_norm': 0.07717089354991913, 'learning_rate': 2.4773904923272353e-07, 'epoch': 8.8}
{'loss': 0.0005, 'grad_norm': 0.11852157860994339, 'learning_rate': 1.5858698110555063e-07, 'epoch': 8.84}
{'loss': 0.0006, 'grad_norm': 0.24854059517383575, 'learning_rate': 8.922004958713251e-08, 'epoch': 8.88}
{'loss': 0.0005, 'grad_norm': 0.18552733957767487, 'learning_rate': 3.9658077408724094e-08, 'epoch': 8.92}
{'loss': 0.0005, 'grad_norm': 0.13559062778949738, 'learning_rate': 9.91522771166519e-09, 'epoch': 8.96}
{'loss': 0.0007, 'grad_norm': 0.07063665986061096, 'learning_rate': 0.0, 'epoch': 9.0}
{'eval_loss': 0.0010252989595755935, 'eval_score': 0.0014675096328270764, 'eval_err_F': 0.0005140203897553086, 'eval_err_M': 0.0011496798851364871, 'eval_err_diff': 0.0006356594953811786, 'eval_mse': 0.0005340421382637449, 'eval_mae': 0.01415921430536564, 'eval_runtime': 22.7643, 'eval_samples_per_second': 878.569, 'eval_steps_per_second': 6.897, 'epoch': 9.0}
{'train_runtime': 2583.0351, 'train_samples_per_second': 278.742, 'train_steps_per_second': 4.355, 'train_loss': 0.01523340665631824, 'epoch': 9.0}
[EMA] Swapped EMA weights into model (decay=0.9998)
[EMA] Swapped EMA weights into model (decay=0.9998)
score=0.00209 | err_diff=0.00087 | loss=0.00135
score=0.00209 | err_diff=0.00087 | loss=0.00135
Saved 30 worst predictions: results/optuna_dinov3-vitb16-3090-v2_trial_0/worst/worst.csv + results/optuna_dinov3-vitb16-3090-v2_trial_0/worst/images
Model saved: models:/m-ff0b89ffc23c4877a053fa6a58803dc5
Trial 0: score=inf err_F=inf err_M=inf err_diff=inf
Loaded 100,000 samples from data/raw/train.csv
Loaded 100,000 samples from data/raw/train.csv
Train: 80,000 | Val: 20,000
Train: 80,000 | Val: 20,000
PMF ratios test/train (20 bins of 0.025): [0.215, 0.341, 0.566, 0.734, 0.932, 1.075, 1.319, 1.454, 1.645, 1.883, 2.022, 1.919, 1.583, 1.291, 1.331, 0.628, 0.861, 0.067, 0.067, 0.067]
PMF ratios test/train (20 bins of 0.025): [0.215, 0.341, 0.566, 0.734, 0.932, 1.075, 1.319, 1.454, 1.645, 1.883, 2.022, 1.919, 1.583, 1.291, 1.331, 0.628, 0.861, 0.067, 0.067, 0.067]
loss_importance_reweight ON (applied in training loss)
loss_importance_reweight ON (applied in training loss)
eval_importance_reweight ON (eval_score reweighted to test distribution)
eval_importance_reweight ON (eval_score reweighted to test distribution)
Gender reweight: F=1.352, M=0.648 (mean=1.0)
Gender reweight: F=1.352, M=0.648 (mean=1.0)
DINOv3 drop_path_rate=0.10773942956069951 applied (linear 0 → 0.108 across 12 blocks via sample_drop_ratio)
DINOv3 drop_path_rate=0.10773942956069951 applied (linear 0 → 0.108 across 12 blocks via sample_drop_ratio)
Loaded DINOv3 weights: dinov3_vitb16_pretrain_lvd1689m-73cec8be.pth
EMA enabled: decay=0.9998, warmup_steps=200
Loaded DINOv3 weights: dinov3_vitb16_pretrain_lvd1689m-73cec8be.pth
EMA enabled: decay=0.9998, warmup_steps=200
WeightedMSELoss: focal_gamma=0.0, fairness_lambda=0.211452529839131, importance_reweight=on (mean=1.00), gender_reweight=on (F=1.35, M=0.65)
Training dinov3-vitb16-3090-v2_trial1 (best_metric=eval_score)
WeightedMSELoss: focal_gamma=0.0, fairness_lambda=0.211452529839131, importance_reweight=on (mean=1.00), gender_reweight=on (F=1.35, M=0.65)
Training dinov3-vitb16-3090-v2_trial1 (best_metric=eval_score)
LLRD: 14 groups, LR ∈ [7.59e-06, 2.27e-05]
LLRD: 14 groups, LR ∈ [7.59e-06, 2.27e-05]
{'loss': 0.1662, 'grad_norm': 2.6353940963745117, 'learning_rate': 5.228078685476432e-07, 'epoch': 0.04}
{'loss': 0.1513, 'grad_norm': 1.592952013015747, 'learning_rate': 1.0456157370952863e-06, 'epoch': 0.08}
{'loss': 0.1425, 'grad_norm': 1.083814024925232, 'learning_rate': 1.5684236056429296e-06, 'epoch': 0.12}
{'loss': 0.1393, 'grad_norm': 0.815871000289917, 'learning_rate': 2.0912314741905727e-06, 'epoch': 0.16}
{'loss': 0.1366, 'grad_norm': 0.9700350165367126, 'learning_rate': 2.614039342738216e-06, 'epoch': 0.2}
{'loss': 0.1324, 'grad_norm': 0.4975288212299347, 'learning_rate': 3.1368472112858592e-06, 'epoch': 0.24}
{'loss': 0.1233, 'grad_norm': 1.0133775472640991, 'learning_rate': 3.659655079833502e-06, 'epoch': 0.28}
{'loss': 0.1085, 'grad_norm': 0.5127435922622681, 'learning_rate': 4.182462948381145e-06, 'epoch': 0.32}
{'loss': 0.0964, 'grad_norm': 0.5287972688674927, 'learning_rate': 4.705270816928789e-06, 'epoch': 0.36}
{'loss': 0.0875, 'grad_norm': 1.4697401523590088, 'learning_rate': 5.228078685476432e-06, 'epoch': 0.4}
{'loss': 0.0806, 'grad_norm': 1.707195520401001, 'learning_rate': 5.750886554024075e-06, 'epoch': 0.44}
{'loss': 0.0749, 'grad_norm': 0.5347351431846619, 'learning_rate': 6.2736944225717185e-06, 'epoch': 0.48}
{'loss': 0.0714, 'grad_norm': 0.6917761564254761, 'learning_rate': 6.796502291119362e-06, 'epoch': 0.52}
{'loss': 0.0693, 'grad_norm': 1.0606991052627563, 'learning_rate': 7.319310159667004e-06, 'epoch': 0.56}
{'loss': 0.0659, 'grad_norm': 0.4095543622970581, 'learning_rate': 7.591072840439413e-06, 'epoch': 0.6}
{'loss': 0.0682, 'grad_norm': 0.2919866740703583, 'learning_rate': 7.590244205257229e-06, 'epoch': 0.64}
{'loss': 0.0662, 'grad_norm': 0.6122777462005615, 'learning_rate': 7.588570207968686e-06, 'epoch': 0.68}
{'loss': 0.0636, 'grad_norm': 0.9001681804656982, 'learning_rate': 7.586051221501588e-06, 'epoch': 0.72}
{'loss': 0.0631, 'grad_norm': 1.1574170589447021, 'learning_rate': 7.582687807027746e-06, 'epoch': 0.76}
{'loss': 0.0626, 'grad_norm': 0.22316984832286835, 'learning_rate': 7.578480713837962e-06, 'epoch': 0.8}
{'loss': 0.0619, 'grad_norm': 0.5508631467819214, 'learning_rate': 7.573430879175104e-06, 'epoch': 0.84}
{'loss': 0.0616, 'grad_norm': 0.8307932615280151, 'learning_rate': 7.56753942802531e-06, 'epoch': 0.88}
{'loss': 0.0608, 'grad_norm': 1.4142911434173584, 'learning_rate': 7.560807672867369e-06, 'epoch': 0.92}
{'loss': 0.0604, 'grad_norm': 0.9516880512237549, 'learning_rate': 7.5532371133803316e-06, 'epoch': 0.96}
{'loss': 0.0598, 'grad_norm': 1.0728111267089844, 'learning_rate': 7.544829436109413e-06, 'epoch': 1.0}
{'eval_loss': 0.0028066651429980993, 'eval_score': 0.002603289714085448, 'eval_err_F': 0.002549148097567149, 'eval_err_M': 0.0024408648645305514, 'eval_err_diff': 0.00010828323303659765, 'eval_mse': 0.0033972776293052674, 'eval_mae': 0.05025411943035033, 'eval_runtime': 22.2997, 'eval_samples_per_second': 896.871, 'eval_steps_per_second': 7.04, 'epoch': 1.0}
{'loss': 0.0592, 'grad_norm': 0.6241438388824463, 'learning_rate': 7.5355865140902695e-06, 'epoch': 1.04}
{'loss': 0.0589, 'grad_norm': 0.32296615839004517, 'learning_rate': 7.525510406431736e-06, 'epoch': 1.08}
{'loss': 0.0582, 'grad_norm': 0.6044013500213623, 'learning_rate': 7.514603357857097e-06, 'epoch': 1.12}
{'loss': 0.0578, 'grad_norm': 0.7157966494560242, 'learning_rate': 7.502867798204015e-06, 'epoch': 1.16}
{'loss': 0.0557, 'grad_norm': 0.24066606163978577, 'learning_rate': 7.490306341883226e-06, 'epoch': 1.2}
{'loss': 0.0529, 'grad_norm': 0.5295260548591614, 'learning_rate': 7.4769217872961006e-06, 'epoch': 1.24}
{'loss': 0.0495, 'grad_norm': 0.7027686238288879, 'learning_rate': 7.462717116211233e-06, 'epoch': 1.28}
{'loss': 0.0453, 'grad_norm': 1.0807992219924927, 'learning_rate': 7.44769549310016e-06, 'epoch': 1.32}
{'loss': 0.0394, 'grad_norm': 0.7636463642120361, 'learning_rate': 7.431860264432407e-06, 'epoch': 1.36}
{'loss': 0.0356, 'grad_norm': 0.8616072535514832, 'learning_rate': 7.415214957929957e-06, 'epoch': 1.4}
{'loss': 0.0323, 'grad_norm': 0.7205358147621155, 'learning_rate': 7.3977632817813665e-06, 'epoch': 1.44}
{'loss': 0.0303, 'grad_norm': 0.5403440594673157, 'learning_rate': 7.3795091238156576e-06, 'epoch': 1.48}
{'loss': 0.0282, 'grad_norm': 0.6551318764686584, 'learning_rate': 7.360456550636208e-06, 'epoch': 1.52}
{'loss': 0.0284, 'grad_norm': 0.41316044330596924, 'learning_rate': 7.340609806714805e-06, 'epoch': 1.56}
{'loss': 0.0275, 'grad_norm': 0.5168200135231018, 'learning_rate': 7.319973313446066e-06, 'epoch': 1.6}
{'loss': 0.0277, 'grad_norm': 1.120578646659851, 'learning_rate': 7.298551668162467e-06, 'epoch': 1.64}
{'loss': 0.0259, 'grad_norm': 0.9531478881835938, 'learning_rate': 7.276349643110158e-06, 'epoch': 1.68}
{'loss': 0.0271, 'grad_norm': 0.7661564946174622, 'learning_rate': 7.2533721843858165e-06, 'epoch': 1.72}
{'loss': 0.0252, 'grad_norm': 0.7513928413391113, 'learning_rate': 7.229624410834768e-06, 'epoch': 1.76}
{'loss': 0.0243, 'grad_norm': 0.24311164021492004, 'learning_rate': 7.205111612910639e-06, 'epoch': 1.8}
{'loss': 0.0256, 'grad_norm': 1.7208653688430786, 'learning_rate': 7.17983925149675e-06, 'epoch': 1.84}
{'loss': 0.0246, 'grad_norm': 0.8561205863952637, 'learning_rate': 7.153812956689568e-06, 'epoch': 1.88}
{'loss': 0.0239, 'grad_norm': 0.3266770541667938, 'learning_rate': 7.12703852654445e-06, 'epoch': 1.92}
{'loss': 0.0235, 'grad_norm': 0.25877612829208374, 'learning_rate': 7.0995219257839665e-06, 'epoch': 1.96}
{'loss': 0.0242, 'grad_norm': 1.35567307472229, 'learning_rate': 7.071269284469104e-06, 'epoch': 2.0}
{'eval_loss': 0.002060112776234746, 'eval_score': 0.0024489372663986956, 'eval_err_F': 0.0015284159952695968, 'eval_err_M': 0.002142096842688996, 'eval_err_diff': 0.0006136808474193991, 'eval_mse': 0.0023222470369268647, 'eval_mae': 0.04102194135399368, 'eval_runtime': 22.2582, 'eval_samples_per_second': 898.546, 'eval_steps_per_second': 7.054, 'epoch': 2.0}
{'loss': 0.0235, 'grad_norm': 0.4465436041355133, 'learning_rate': 7.042286896633627e-06, 'epoch': 2.04}
{'loss': 0.0229, 'grad_norm': 0.5748782753944397, 'learning_rate': 7.012581218881914e-06, 'epoch': 2.08}
{'loss': 0.0241, 'grad_norm': 0.2722231149673462, 'learning_rate': 6.9821588689505735e-06, 'epoch': 2.12}
{'loss': 0.0229, 'grad_norm': 0.420633465051651, 'learning_rate': 6.951026624234172e-06, 'epoch': 2.16}
{'loss': 0.0222, 'grad_norm': 0.6525218486785889, 'learning_rate': 6.91919142027538e-06, 'epoch': 2.2}
{'loss': 0.0226, 'grad_norm': 0.5006763935089111, 'learning_rate': 6.886660349219897e-06, 'epoch': 2.24}
{'loss': 0.0233, 'grad_norm': 0.19594725966453552, 'learning_rate': 6.8534406582364876e-06, 'epoch': 2.28}
{'loss': 0.0233, 'grad_norm': 0.3275567293167114, 'learning_rate': 6.819539747902477e-06, 'epoch': 2.32}
{'loss': 0.0228, 'grad_norm': 0.18339984118938446, 'learning_rate': 6.784965170555074e-06, 'epoch': 2.36}
{'loss': 0.0218, 'grad_norm': 0.2662510275840759, 'learning_rate': 6.7497246286088895e-06, 'epoch': 2.4}
{'loss': 0.0215, 'grad_norm': 0.5561753511428833, 'learning_rate': 6.713825972840012e-06, 'epoch': 2.44}
{'loss': 0.0218, 'grad_norm': 1.4643409252166748, 'learning_rate': 6.67727720063704e-06, 'epoch': 2.48}
{'loss': 0.0215, 'grad_norm': 0.7315478324890137, 'learning_rate': 6.640086454219448e-06, 'epoch': 2.52}
{'loss': 0.0214, 'grad_norm': 1.0158945322036743, 'learning_rate': 6.602262018823686e-06, 'epoch': 2.56}
{'loss': 0.0208, 'grad_norm': 0.23202089965343475, 'learning_rate': 6.5638123208574256e-06, 'epoch': 2.6}
{'loss': 0.0212, 'grad_norm': 0.5296869874000549, 'learning_rate': 6.524745926022351e-06, 'epoch': 2.64}
{'loss': 0.0212, 'grad_norm': 0.19084501266479492, 'learning_rate': 6.485071537405913e-06, 'epoch': 2.68}
{'loss': 0.0211, 'grad_norm': 0.20388993620872498, 'learning_rate': 6.444797993542491e-06, 'epoch': 2.72}
{'loss': 0.0205, 'grad_norm': 0.674699604511261, 'learning_rate': 6.403934266444369e-06, 'epoch': 2.76}
{'loss': 0.0203, 'grad_norm': 0.17983487248420715, 'learning_rate': 6.362489459602975e-06, 'epoch': 2.8}
{'loss': 0.0207, 'grad_norm': 0.38684627413749695, 'learning_rate': 6.320472805960843e-06, 'epoch': 2.84}
{'loss': 0.0203, 'grad_norm': 0.22894041240215302, 'learning_rate': 6.27789366585472e-06, 'epoch': 2.88}
{'loss': 0.02, 'grad_norm': 0.2572358548641205, 'learning_rate': 6.2347615249302994e-06, 'epoch': 2.92}
{'loss': 0.0204, 'grad_norm': 0.26163190603256226, 'learning_rate': 6.191085992029047e-06, 'epoch': 2.96}
{'loss': 0.02, 'grad_norm': 0.5706189870834351, 'learning_rate': 6.146876797047566e-06, 'epoch': 3.0}
{'eval_loss': 0.0021274066530168056, 'eval_score': 0.0022183724438709918, 'eval_err_F': 0.0017841877396800126, 'eval_err_M': 0.002073644209140665, 'eval_err_diff': 0.00028945646946065265, 'eval_mse': 0.0014193224367396852, 'eval_mae': 0.03023357290351596, 'eval_runtime': 22.1981, 'eval_samples_per_second': 900.976, 'eval_steps_per_second': 7.073, 'epoch': 3.0}
{'loss': 0.0202, 'grad_norm': 0.9397115707397461, 'learning_rate': 6.102143788770003e-06, 'epoch': 3.04}
{'loss': 0.0185, 'grad_norm': 0.3556435704231262, 'learning_rate': 6.056896932673973e-06, 'epoch': 3.08}
{'loss': 0.0172, 'grad_norm': 0.3326348662376404, 'learning_rate': 6.011146308710469e-06, 'epoch': 3.12}
{'loss': 0.0155, 'grad_norm': 1.010059118270874, 'learning_rate': 5.964902109058298e-06, 'epoch': 3.16}
{'loss': 0.0154, 'grad_norm': 0.5391027927398682, 'learning_rate': 5.918174635853489e-06, 'epoch': 3.2}
{'loss': 0.0138, 'grad_norm': 0.33712300658226013, 'learning_rate': 5.870974298894223e-06, 'epoch': 3.24}
{'loss': 0.0134, 'grad_norm': 0.22362598776817322, 'learning_rate': 5.823311613321759e-06, 'epoch': 3.28}
{'loss': 0.0138, 'grad_norm': 0.49697747826576233, 'learning_rate': 5.7751971972779235e-06, 'epoch': 3.32}
{'loss': 0.0126, 'grad_norm': 0.6223236918449402, 'learning_rate': 5.726641769539616e-06, 'epoch': 3.36}
{'loss': 0.0126, 'grad_norm': 0.216582253575325, 'learning_rate': 5.677656147130923e-06, 'epoch': 3.4}
{'loss': 0.013, 'grad_norm': 0.861105740070343, 'learning_rate': 5.628251242913336e-06, 'epoch': 3.44}
{'loss': 0.0121, 'grad_norm': 0.31067225337028503, 'learning_rate': 5.578438063154618e-06, 'epoch': 3.48}
{'loss': 0.0121, 'grad_norm': 0.5812817811965942, 'learning_rate': 5.528227705076859e-06, 'epoch': 3.52}
{'loss': 0.0127, 'grad_norm': 0.2783103883266449, 'learning_rate': 5.477631354384274e-06, 'epoch': 3.56}
{'loss': 0.0126, 'grad_norm': 0.345178484916687, 'learning_rate': 5.426660282771292e-06, 'epoch': 3.6}
{'loss': 0.0117, 'grad_norm': 1.0855979919433594, 'learning_rate': 5.375325845411471e-06, 'epoch': 3.64}
{'loss': 0.0122, 'grad_norm': 0.3902525007724762, 'learning_rate': 5.323639478427847e-06, 'epoch': 3.68}
{'loss': 0.0117, 'grad_norm': 0.2099035680294037, 'learning_rate': 5.271612696345213e-06, 'epoch': 3.72}
{'loss': 0.0118, 'grad_norm': 0.9804576635360718, 'learning_rate': 5.219257089524962e-06, 'epoch': 3.76}
{'loss': 0.0114, 'grad_norm': 0.2078784555196762, 'learning_rate': 5.1665843215830145e-06, 'epoch': 3.8}
{'loss': 0.0119, 'grad_norm': 0.5297046899795532, 'learning_rate': 5.1136061267914405e-06, 'epoch': 3.84}
{'loss': 0.0112, 'grad_norm': 0.21060141921043396, 'learning_rate': 5.060334307464337e-06, 'epoch': 3.88}
{'loss': 0.012, 'grad_norm': 0.8914936184883118, 'learning_rate': 5.006780731328542e-06, 'epoch': 3.92}
{'loss': 0.0115, 'grad_norm': 0.5992173552513123, 'learning_rate': 4.952957328879777e-06, 'epoch': 3.96}
{'loss': 0.0111, 'grad_norm': 0.23122510313987732, 'learning_rate': 4.898876090724816e-06, 'epoch': 4.0}
{'eval_loss': 0.0020713615231215954, 'eval_score': 0.0019922603050034583, 'eval_err_F': 0.0018286612295155698, 'eval_err_M': 0.0019377272798408287, 'eval_err_diff': 0.00010906605032525883, 'eval_mse': 0.0013305021467201548, 'eval_mae': 0.02886821508468893, 'eval_runtime': 21.8336, 'eval_samples_per_second': 916.02, 'eval_steps_per_second': 7.191, 'epoch': 4.0}
{'loss': 0.0114, 'grad_norm': 0.4845539629459381, 'learning_rate': 4.844549064910255e-06, 'epoch': 4.04}
{'loss': 0.0112, 'grad_norm': 0.894681453704834, 'learning_rate': 4.789988354238484e-06, 'epoch': 4.08}
{'loss': 0.0114, 'grad_norm': 0.5553780198097229, 'learning_rate': 4.7352061135714606e-06, 'epoch': 4.12}
{'loss': 0.0108, 'grad_norm': 0.7442141175270081, 'learning_rate': 4.680214547122895e-06, 'epoch': 4.16}
{'loss': 0.0115, 'grad_norm': 1.0352816581726074, 'learning_rate': 4.625025905739431e-06, 'epoch': 4.2}
{'loss': 0.011, 'grad_norm': 0.3776455223560333, 'learning_rate': 4.56965248417144e-06, 'epoch': 4.24}
{'loss': 0.0113, 'grad_norm': 1.1881356239318848, 'learning_rate': 4.514106618334032e-06, 'epoch': 4.28}
{'loss': 0.0111, 'grad_norm': 0.4476698040962219, 'learning_rate': 4.458400682558913e-06, 'epoch': 4.32}
{'loss': 0.0116, 'grad_norm': 2.1120524406433105, 'learning_rate': 4.402547086837654e-06, 'epoch': 4.36}
{'loss': 0.0109, 'grad_norm': 0.7265106439590454, 'learning_rate': 4.346558274057044e-06, 'epoch': 4.4}
{'loss': 0.011, 'grad_norm': 0.7661024928092957, 'learning_rate': 4.290446717227099e-06, 'epoch': 4.44}
{'loss': 0.0109, 'grad_norm': 0.3709336519241333, 'learning_rate': 4.2342249167023625e-06, 'epoch': 4.48}
{'loss': 0.0107, 'grad_norm': 0.2343652844429016, 'learning_rate': 4.177905397397121e-06, 'epoch': 4.52}
{'loss': 0.011, 'grad_norm': 0.17103444039821625, 'learning_rate': 4.121500705995139e-06, 'epoch': 4.56}
{'loss': 0.0108, 'grad_norm': 0.10013816505670547, 'learning_rate': 4.065023408154553e-06, 'epoch': 4.6}
{'loss': 0.0107, 'grad_norm': 0.129780113697052, 'learning_rate': 4.008486085708528e-06, 'epoch': 4.64}
{'loss': 0.0104, 'grad_norm': 0.21474136412143707, 'learning_rate': 3.951901333862322e-06, 'epoch': 4.68}
{'loss': 0.0104, 'grad_norm': 0.6245124340057373, 'learning_rate': 3.895281758387365e-06, 'epoch': 4.72}
{'loss': 0.0111, 'grad_norm': 0.49219638109207153, 'learning_rate': 3.838639972812982e-06, 'epoch': 4.76}
{'loss': 0.0107, 'grad_norm': 0.3128213882446289, 'learning_rate': 3.7819885956163967e-06, 'epoch': 4.8}
{'loss': 0.0105, 'grad_norm': 0.09837022423744202, 'learning_rate': 3.725340247411621e-06, 'epoch': 4.84}
{'loss': 0.0112, 'grad_norm': 0.9680822491645813, 'learning_rate': 3.6687075481378783e-06, 'epoch': 4.88}
{'loss': 0.0105, 'grad_norm': 0.9313449859619141, 'learning_rate': 3.6121031142481753e-06, 'epoch': 4.92}
{'loss': 0.0106, 'grad_norm': 0.13460002839565277, 'learning_rate': 3.555539555898642e-06, 'epoch': 4.96}
{'loss': 0.0102, 'grad_norm': 0.09862390905618668, 'learning_rate': 3.499029474139288e-06, 'epoch': 5.0}
{'eval_loss': 0.0016880035400390625, 'eval_score': 0.0018003264583018608, 'eval_err_F': 0.0013736397573274272, 'eval_err_M': 0.0016580975579770496, 'eval_err_diff': 0.00028445780064962245, 'eval_mse': 0.0010372484061003354, 'eval_mae': 0.024520058423521188, 'eval_runtime': 21.9009, 'eval_samples_per_second': 913.205, 'eval_steps_per_second': 7.169, 'epoch': 5.0}
{'loss': 0.01, 'grad_norm': 0.40673819184303284, 'learning_rate': 3.4425854581067794e-06, 'epoch': 5.04}
{'loss': 0.01, 'grad_norm': 0.1463945358991623, 'learning_rate': 3.3862200822198657e-06, 'epoch': 5.08}
{'loss': 0.0099, 'grad_norm': 0.7167868614196777, 'learning_rate': 3.3299459033780946e-06, 'epoch': 5.12}
{'loss': 0.0094, 'grad_norm': 0.9744614958763123, 'learning_rate': 3.2737754581644286e-06, 'epoch': 5.16}
{'loss': 0.0092, 'grad_norm': 0.21023263037204742, 'learning_rate': 3.217721260052381e-06, 'epoch': 5.2}
{'loss': 0.0077, 'grad_norm': 0.2921023368835449, 'learning_rate': 3.1617957966183014e-06, 'epoch': 5.24}
{'loss': 0.0069, 'grad_norm': 0.5814630389213562, 'learning_rate': 3.1060115267594397e-06, 'epoch': 5.28}
{'loss': 0.0055, 'grad_norm': 0.35794201493263245, 'learning_rate': 3.0503808779183896e-06, 'epoch': 5.32}
{'loss': 0.0049, 'grad_norm': 0.3910982608795166, 'learning_rate': 2.994916243314538e-06, 'epoch': 5.36}
{'loss': 0.0045, 'grad_norm': 0.2902466356754303, 'learning_rate': 2.939629979183151e-06, 'epoch': 5.4}
{'loss': 0.0043, 'grad_norm': 0.1132330521941185, 'learning_rate': 2.8845344020226875e-06, 'epoch': 5.44}
{'loss': 0.0042, 'grad_norm': 0.10750985145568848, 'learning_rate': 2.8296417858509643e-06, 'epoch': 5.48}
{'loss': 0.0039, 'grad_norm': 0.1643235683441162, 'learning_rate': 2.774964359470794e-06, 'epoch': 5.52}
{'loss': 0.0037, 'grad_norm': 0.6028513312339783, 'learning_rate': 2.7205143037456943e-06, 'epoch': 5.56}
{'loss': 0.0038, 'grad_norm': 0.6021609902381897, 'learning_rate': 2.6663037488862673e-06, 'epoch': 5.6}
{'loss': 0.0032, 'grad_norm': 0.26172637939453125, 'learning_rate': 2.6123447717478706e-06, 'epoch': 5.64}
{'loss': 0.0032, 'grad_norm': 0.16342811286449432, 'learning_rate': 2.5586493931401787e-06, 'epoch': 5.68}
{'loss': 0.0035, 'grad_norm': 0.19928203523159027, 'learning_rate': 2.5052295751492214e-06, 'epoch': 5.72}
{'loss': 0.003, 'grad_norm': 0.32802483439445496, 'learning_rate': 2.452097218472506e-06, 'epoch': 5.76}
{'loss': 0.0034, 'grad_norm': 0.9391114711761475, 'learning_rate': 2.3992641597678237e-06, 'epoch': 5.8}
{'loss': 0.0032, 'grad_norm': 0.39462244510650635, 'learning_rate': 2.3467421690163146e-06, 'epoch': 5.84}
{'loss': 0.003, 'grad_norm': 0.17007476091384888, 'learning_rate': 2.2945429469003816e-06, 'epoch': 5.88}
{'loss': 0.003, 'grad_norm': 0.5210863351821899, 'learning_rate': 2.2426781221970624e-06, 'epoch': 5.92}
{'loss': 0.0028, 'grad_norm': 0.38571470975875854, 'learning_rate': 2.1911592491873956e-06, 'epoch': 5.96}
{'loss': 0.0029, 'grad_norm': 0.429290235042572, 'learning_rate': 2.1399978050824e-06, 'epoch': 6.0}
{'eval_loss': 0.0011987104080617428, 'eval_score': 0.0013567753966814602, 'eval_err_F': 0.0009022631626994842, 'eval_err_M': 0.0012052713186874683, 'eval_err_diff': 0.00030300815598798404, 'eval_mse': 0.0011360145350436343, 'eval_mae': 0.02596431581923571, 'eval_runtime': 22.1569, 'eval_samples_per_second': 902.655, 'eval_steps_per_second': 7.086, 'epoch': 6.0}
{'loss': 0.0028, 'grad_norm': 0.33311474323272705, 'learning_rate': 2.0892051874662198e-06, 'epoch': 6.04}
{'loss': 0.0028, 'grad_norm': 0.2033994495868683, 'learning_rate': 2.0387927117570037e-06, 'epoch': 6.08}
{'loss': 0.003, 'grad_norm': 0.45974868535995483, 'learning_rate': 1.9887716086860914e-06, 'epoch': 6.12}
{'loss': 0.0029, 'grad_norm': 0.379834920167923, 'learning_rate': 1.9391530217960692e-06, 'epoch': 6.16}
{'loss': 0.0025, 'grad_norm': 0.24746471643447876, 'learning_rate': 1.8899480049582462e-06, 'epoch': 6.2}
{'loss': 0.0026, 'grad_norm': 0.23053313791751862, 'learning_rate': 1.8411675199101077e-06, 'epoch': 6.24}
{'loss': 0.0025, 'grad_norm': 0.6023404002189636, 'learning_rate': 1.7928224338132952e-06, 'epoch': 6.28}
{'loss': 0.0027, 'grad_norm': 0.8353224396705627, 'learning_rate': 1.7449235168326514e-06, 'epoch': 6.32}
{'loss': 0.0023, 'grad_norm': 0.11992969363927841, 'learning_rate': 1.6974814397368843e-06, 'epoch': 6.36}
{'loss': 0.003, 'grad_norm': 0.6097967624664307, 'learning_rate': 1.6505067715213535e-06, 'epoch': 6.4}
{'loss': 0.0026, 'grad_norm': 0.17558658123016357, 'learning_rate': 1.6040099770535616e-06, 'epoch': 6.44}
{'loss': 0.0028, 'grad_norm': 0.4562431275844574, 'learning_rate': 1.558001414741809e-06, 'epoch': 6.48}
{'loss': 0.0024, 'grad_norm': 0.06216338649392128, 'learning_rate': 1.5124913342275832e-06, 'epoch': 6.52}
{'loss': 0.0024, 'grad_norm': 0.687506914138794, 'learning_rate': 1.4674898741021865e-06, 'epoch': 6.56}
{'loss': 0.0024, 'grad_norm': 0.21064920723438263, 'learning_rate': 1.4230070596480792e-06, 'epoch': 6.6}
{'loss': 0.0028, 'grad_norm': 0.4172276556491852, 'learning_rate': 1.3790528006054873e-06, 'epoch': 6.64}
{'loss': 0.0025, 'grad_norm': 0.6049830913543701, 'learning_rate': 1.3356368889647396e-06, 'epoch': 6.68}
{'loss': 0.0029, 'grad_norm': 0.06625092029571533, 'learning_rate': 1.2927689967848371e-06, 'epoch': 6.72}
{'loss': 0.0024, 'grad_norm': 0.175523042678833, 'learning_rate': 1.2504586740387513e-06, 'epoch': 6.76}
{'loss': 0.0024, 'grad_norm': 0.21011976897716522, 'learning_rate': 1.208715346485894e-06, 'epoch': 6.8}
{'loss': 0.0021, 'grad_norm': 0.48167869448661804, 'learning_rate': 1.167548313572298e-06, 'epoch': 6.84}
{'loss': 0.0025, 'grad_norm': 0.5411263704299927, 'learning_rate': 1.1269667463588995e-06, 'epoch': 6.88}
{'loss': 0.0023, 'grad_norm': 0.11361068487167358, 'learning_rate': 1.0869796854784455e-06, 'epoch': 6.92}
{'loss': 0.0023, 'grad_norm': 0.33159059286117554, 'learning_rate': 1.047596039121449e-06, 'epoch': 6.96}
{'loss': 0.0021, 'grad_norm': 0.4315175414085388, 'learning_rate': 1.0088245810516503e-06, 'epoch': 7.0}
{'eval_loss': 0.001259603421203792, 'eval_score': 0.0014506169231844283, 'eval_err_F': 0.0009550531589989845, 'eval_err_M': 0.0012854290017892804, 'eval_err_diff': 0.0003303758427902958, 'eval_mse': 0.0009532218693072018, 'eval_mae': 0.02294857523968276, 'eval_runtime': 22.0988, 'eval_samples_per_second': 905.028, 'eval_steps_per_second': 7.104, 'epoch': 7.0}
{'loss': 0.0022, 'grad_norm': 0.07040893286466599, 'learning_rate': 9.706739486514266e-07, 'epoch': 7.04}
{'loss': 0.0023, 'grad_norm': 0.696869432926178, 'learning_rate': 9.331526409975822e-07, 'epoch': 7.08}
{'loss': 0.0023, 'grad_norm': 0.718679666519165, 'learning_rate': 8.962690169679513e-07, 'epoch': 7.12}
{'loss': 0.0022, 'grad_norm': 0.09954650700092316, 'learning_rate': 8.600312933792381e-07, 'epoch': 7.16}
{'loss': 0.0023, 'grad_norm': 0.5562447905540466, 'learning_rate': 8.244475431564884e-07, 'epoch': 7.2}
{'loss': 0.0021, 'grad_norm': 0.3194427192211151, 'learning_rate': 7.895256935346461e-07, 'epoch': 7.24}
{'loss': 0.002, 'grad_norm': 0.09935470670461655, 'learning_rate': 7.552735242925339e-07, 'epoch': 7.28}
{'loss': 0.002, 'grad_norm': 0.14218395948410034, 'learning_rate': 7.216986660197077e-07, 'epoch': 7.32}
{'loss': 0.0023, 'grad_norm': 0.36380264163017273, 'learning_rate': 6.888085984165338e-07, 'epoch': 7.36}
{'loss': 0.0022, 'grad_norm': 0.2157202810049057, 'learning_rate': 6.566106486278876e-07, 'epoch': 7.4}
{'loss': 0.002, 'grad_norm': 0.19940179586410522, 'learning_rate': 6.251119896108334e-07, 'epoch': 7.44}
{'loss': 0.002, 'grad_norm': 0.3786553144454956, 'learning_rate': 5.943196385366582e-07, 'epoch': 7.48}
{'loss': 0.0022, 'grad_norm': 0.24484509229660034, 'learning_rate': 5.642404552276054e-07, 'epoch': 7.52}
{'loss': 0.0022, 'grad_norm': 0.21650853753089905, 'learning_rate': 5.348811406286686e-07, 'epoch': 7.56}
{'loss': 0.0021, 'grad_norm': 0.1300487071275711, 'learning_rate': 5.062482353147731e-07, 'epoch': 7.6}
{'loss': 0.0021, 'grad_norm': 0.21154610812664032, 'learning_rate': 4.783481180336933e-07, 'epoch': 7.64}
{'loss': 0.0021, 'grad_norm': 0.1418829709291458, 'learning_rate': 4.511870042850042e-07, 'epoch': 7.68}
{'loss': 0.0021, 'grad_norm': 0.05929342284798622, 'learning_rate': 4.24770944935427e-07, 'epoch': 7.72}
{'loss': 0.0022, 'grad_norm': 0.2729513943195343, 'learning_rate': 3.9910582487082364e-07, 'epoch': 7.76}
{'loss': 0.0023, 'grad_norm': 0.30174440145492554, 'learning_rate': 3.741973616851866e-07, 'epoch': 7.8}
{'loss': 0.0021, 'grad_norm': 0.27686119079589844, 'learning_rate': 3.500511044068905e-07, 'epoch': 7.84}
{'loss': 0.0019, 'grad_norm': 0.2767523229122162, 'learning_rate': 3.2667243226249655e-07, 'epoch': 7.88}
{'loss': 0.0019, 'grad_norm': 0.18835945427417755, 'learning_rate': 3.040665534783883e-07, 'epoch': 7.92}
{'loss': 0.0021, 'grad_norm': 0.20063671469688416, 'learning_rate': 2.8223850412049366e-07, 'epoch': 7.96}
{'loss': 0.0021, 'grad_norm': 0.43794533610343933, 'learning_rate': 2.611931469723709e-07, 'epoch': 8.0}
{'eval_loss': 0.0011030944297090173, 'eval_score': 0.0012613759716435372, 'eval_err_F': 0.0008217930895731021, 'eval_err_M': 0.0011148483442867255, 'eval_err_diff': 0.0002930552547136234, 'eval_mse': 0.000970894609378231, 'eval_mae': 0.022821774372140134, 'eval_runtime': 22.129, 'eval_samples_per_second': 903.792, 'eval_steps_per_second': 7.095, 'epoch': 8.0}
{'loss': 0.0019, 'grad_norm': 0.17602606117725372, 'learning_rate': 2.4093517045189424e-07, 'epoch': 8.04}
{'loss': 0.0019, 'grad_norm': 0.15395760536193848, 'learning_rate': 2.2146908756677638e-07, 'epoch': 8.08}
{'loss': 0.0021, 'grad_norm': 0.5824460983276367, 'learning_rate': 2.0279923490918255e-07, 'epoch': 8.12}
{'loss': 0.0022, 'grad_norm': 0.06649044156074524, 'learning_rate': 1.8492977168963434e-07, 'epoch': 8.16}
{'loss': 0.0021, 'grad_norm': 0.16929520666599274, 'learning_rate': 1.678646788104335e-07, 'epoch': 8.2}
{'loss': 0.0019, 'grad_norm': 0.4491156339645386, 'learning_rate': 1.516077579788108e-07, 'epoch': 8.24}
{'loss': 0.0023, 'grad_norm': 0.21389278769493103, 'learning_rate': 1.3616263085999293e-07, 'epoch': 8.28}
{'loss': 0.0023, 'grad_norm': 0.18952392041683197, 'learning_rate': 1.2153273827038214e-07, 'epoch': 8.32}
{'loss': 0.0022, 'grad_norm': 0.08886422961950302, 'learning_rate': 1.0772133941101513e-07, 'epoch': 8.36}
{'loss': 0.0017, 'grad_norm': 0.1471501737833023, 'learning_rate': 9.47315111414963e-08, 'epoch': 8.4}
{'loss': 0.0019, 'grad_norm': 0.3094007968902588, 'learning_rate': 8.256614729454134e-08, 'epoch': 8.44}
{'loss': 0.0019, 'grad_norm': 0.40135398507118225, 'learning_rate': 7.122795803129697e-08, 'epoch': 8.48}
{'loss': 0.0019, 'grad_norm': 0.13690923154354095, 'learning_rate': 6.071946923758318e-08, 'epoch': 8.52}
{'loss': 0.002, 'grad_norm': 0.20761767029762268, 'learning_rate': 5.104302196118146e-08, 'epoch': 8.56}
{'loss': 0.0021, 'grad_norm': 0.22747460007667542, 'learning_rate': 4.220077189030544e-08, 'epoch': 8.6}
{'loss': 0.002, 'grad_norm': 0.08773580938577652, 'learning_rate': 3.419468887336233e-08, 'epoch': 8.64}
{'loss': 0.0021, 'grad_norm': 0.6582306623458862, 'learning_rate': 2.702655648011723e-08, 'epoch': 8.68}
{'loss': 0.0019, 'grad_norm': 0.10717162489891052, 'learning_rate': 2.069797160435467e-08, 'epoch': 8.72}
{'loss': 0.0022, 'grad_norm': 0.2647041082382202, 'learning_rate': 1.5210344108127613e-08, 'epoch': 8.76}
{'loss': 0.0019, 'grad_norm': 0.2173723727464676, 'learning_rate': 1.05648965076735e-08, 'epoch': 8.8}
{'loss': 0.0021, 'grad_norm': 0.16929136216640472, 'learning_rate': 6.762663701064826e-09, 'epoch': 8.84}
{'loss': 0.0019, 'grad_norm': 0.13146518170833588, 'learning_rate': 3.804492737659091e-09, 'epoch': 8.88}
{'loss': 0.002, 'grad_norm': 0.45567259192466736, 'learning_rate': 1.6910426293949326e-09, 'epoch': 8.92}
{'loss': 0.002, 'grad_norm': 0.5509714484214783, 'learning_rate': 4.2278420397950555e-10, 'epoch': 8.96}
{'loss': 0.0017, 'grad_norm': 0.11157485097646713, 'learning_rate': 0.0, 'epoch': 9.0}
{'eval_loss': 0.0010702443541958928, 'eval_score': 0.0012546548637910456, 'eval_err_F': 0.0007761754005490708, 'eval_err_M': 0.001095161709377054, 'eval_err_diff': 0.0003189863088279831, 'eval_mse': 0.0009651955647821498, 'eval_mae': 0.02273528958080169, 'eval_runtime': 21.7371, 'eval_samples_per_second': 920.085, 'eval_steps_per_second': 7.223, 'epoch': 9.0}
[EMA] Swapped EMA weights into model (decay=0.9998)
{'train_runtime': 2505.7395, 'train_samples_per_second': 287.34, 'train_steps_per_second': 4.49, 'train_loss': 0.02057392867869801, 'epoch': 9.0}
[EMA] Swapped EMA weights into model (decay=0.9998)
score=0.00191 | err_diff=0.00063 | loss=0.00148
score=0.00191 | err_diff=0.00063 | loss=0.00148
Saved 30 worst predictions: results/optuna_dinov3-vitb16-3090-v2_trial_1/worst/worst.csv + results/optuna_dinov3-vitb16-3090-v2_trial_1/worst/images
Model saved: models:/m-464c14968bc044288d53f4e35d694553
Trial 1: score=inf err_F=inf err_M=inf err_diff=inf
Loaded 100,000 samples from data/raw/train.csv
Train: 80,000 | Val: 20,000
PMF ratios test/train (20 bins of 0.025): [0.215, 0.34, 0.565, 0.732, 0.928, 1.072, 1.307, 1.46, 1.649, 1.904, 1.995, 1.87, 1.567, 1.302, 1.337, 0.624, 0.934, 0.067, 0.067, 0.067]
loss_importance_reweight ON (applied in training loss)
eval_importance_reweight ON (eval_score reweighted to test distribution)
Gender reweight: F=1.352, M=0.648 (mean=1.0)
Loaded 100,000 samples from data/raw/train.csv
Train: 80,000 | Val: 20,000
PMF ratios test/train (20 bins of 0.025): [0.215, 0.34, 0.565, 0.732, 0.928, 1.072, 1.307, 1.46, 1.649, 1.904, 1.995, 1.87, 1.567, 1.302, 1.337, 0.624, 0.934, 0.067, 0.067, 0.067]
loss_importance_reweight ON (applied in training loss)
eval_importance_reweight ON (eval_score reweighted to test distribution)
Gender reweight: F=1.352, M=0.648 (mean=1.0)
DINOv3 drop_path_rate=0.11879664573865736 applied (linear 0 → 0.119 across 12 blocks via sample_drop_ratio)
Loaded DINOv3 weights: dinov3_vitb16_pretrain_lvd1689m-73cec8be.pth
EMA enabled: decay=0.9998, warmup_steps=200
WeightedMSELoss: focal_gamma=0.0, fairness_lambda=1.399536782823263, importance_reweight=on (mean=1.00), gender_reweight=on (F=1.35, M=0.65)
Training dinov3-vitb16-3090-v2_trial2 (best_metric=eval_score)
LLRD: 14 groups, LR ∈ [3.43e-06, 2.41e-05]
DINOv3 drop_path_rate=0.11879664573865736 applied (linear 0 → 0.119 across 12 blocks via sample_drop_ratio)
Loaded DINOv3 weights: dinov3_vitb16_pretrain_lvd1689m-73cec8be.pth
EMA enabled: decay=0.9998, warmup_steps=200
WeightedMSELoss: focal_gamma=0.0, fairness_lambda=1.399536782823263, importance_reweight=on (mean=1.00), gender_reweight=on (F=1.35, M=0.65)
Training dinov3-vitb16-3090-v2_trial2 (best_metric=eval_score)
LLRD: 14 groups, LR ∈ [3.43e-06, 2.41e-05]
{'loss': 0.1773, 'grad_norm': 6.104101657867432, 'learning_rate': 1.3502652068556003e-07, 'epoch': 0.04}
{'loss': 0.1392, 'grad_norm': 4.9701032638549805, 'learning_rate': 2.7005304137112005e-07, 'epoch': 0.08}
{'loss': 0.1199, 'grad_norm': 8.899748802185059, 'learning_rate': 4.050795620566801e-07, 'epoch': 0.12}
{'loss': 0.1183, 'grad_norm': 4.854747772216797, 'learning_rate': 5.401060827422401e-07, 'epoch': 0.16}
{'loss': 0.116, 'grad_norm': 6.07240629196167, 'learning_rate': 6.751326034278001e-07, 'epoch': 0.2}
{'loss': 0.1145, 'grad_norm': 3.082460403442383, 'learning_rate': 8.101591241133602e-07, 'epoch': 0.24}
{'loss': 0.1148, 'grad_norm': 5.047887802124023, 'learning_rate': 9.451856447989203e-07, 'epoch': 0.28}
{'loss': 0.1139, 'grad_norm': 5.112740516662598, 'learning_rate': 1.0802121654844802e-06, 'epoch': 0.32}
{'loss': 0.1098, 'grad_norm': 1.7960827350616455, 'learning_rate': 1.2152386861700403e-06, 'epoch': 0.36}
{'loss': 0.1166, 'grad_norm': 2.341871976852417, 'learning_rate': 1.3502652068556003e-06, 'epoch': 0.4}
{'loss': 0.11, 'grad_norm': 2.7366886138916016, 'learning_rate': 1.4852917275411604e-06, 'epoch': 0.44}
{'loss': 0.1115, 'grad_norm': 4.066169738769531, 'learning_rate': 1.6203182482267203e-06, 'epoch': 0.48}
{'loss': 0.1102, 'grad_norm': 5.1241374015808105, 'learning_rate': 1.7553447689122802e-06, 'epoch': 0.52}
{'loss': 0.1084, 'grad_norm': 5.654131889343262, 'learning_rate': 1.8903712895978406e-06, 'epoch': 0.56}
{'loss': 0.11, 'grad_norm': 2.116663932800293, 'learning_rate': 2.0253978102834007e-06, 'epoch': 0.6}
{'loss': 0.1131, 'grad_norm': 6.8450188636779785, 'learning_rate': 2.1604243309689604e-06, 'epoch': 0.64}
{'loss': 0.109, 'grad_norm': 3.787233829498291, 'learning_rate': 2.295450851654521e-06, 'epoch': 0.68}
{'loss': 0.1064, 'grad_norm': 3.2291958332061768, 'learning_rate': 2.4304773723400807e-06, 'epoch': 0.72}
{'loss': 0.1165, 'grad_norm': 2.992161273956299, 'learning_rate': 2.565503893025641e-06, 'epoch': 0.76}
{'loss': 0.1124, 'grad_norm': 2.8005313873291016, 'learning_rate': 2.7005304137112005e-06, 'epoch': 0.8}
{'loss': 0.1033, 'grad_norm': 2.658520460128784, 'learning_rate': 2.835556934396761e-06, 'epoch': 0.84}
{'loss': 0.1062, 'grad_norm': 2.6755356788635254, 'learning_rate': 2.970583455082321e-06, 'epoch': 0.88}
{'loss': 0.1048, 'grad_norm': 5.670401096343994, 'learning_rate': 3.105609975767881e-06, 'epoch': 0.92}
{'loss': 0.1103, 'grad_norm': 1.8575104475021362, 'learning_rate': 3.2406364964534406e-06, 'epoch': 0.96}
{'loss': 0.1072, 'grad_norm': 2.3303637504577637, 'learning_rate': 3.375663017139001e-06, 'epoch': 1.0}
{'eval_loss': 0.031461503356695175, 'eval_score': 0.0264294318539731, 'eval_err_F': 0.02427094032041264, 'eval_err_M': 0.019953957253291715, 'eval_err_diff': 0.004316983067120923, 'eval_mse': 0.007402945928580084, 'eval_mae': 0.06042112992526654, 'eval_runtime': 23.3412, 'eval_samples_per_second': 856.855, 'eval_steps_per_second': 6.726, 'epoch': 1.0}
{'loss': 0.105, 'grad_norm': 3.2189555168151855, 'learning_rate': 3.4323471133970686e-06, 'epoch': 1.04}
{'loss': 0.1042, 'grad_norm': 3.7892322540283203, 'learning_rate': 3.4321734793003443e-06, 'epoch': 1.08}
{'loss': 0.11, 'grad_norm': 2.7048227787017822, 'learning_rate': 3.4318390893910587e-06, 'epoch': 1.12}
{'loss': 0.1054, 'grad_norm': 2.0664548873901367, 'learning_rate': 3.4313439749952876e-06, 'epoch': 1.16}
{'loss': 0.1008, 'grad_norm': 4.681798458099365, 'learning_rate': 3.4306881824959845e-06, 'epoch': 1.2}
{'loss': 0.0906, 'grad_norm': 9.036654472351074, 'learning_rate': 3.4298717733286335e-06, 'epoch': 1.24}
{'loss': 0.0949, 'grad_norm': 7.579269886016846, 'learning_rate': 3.4288948239754955e-06, 'epoch': 1.28}
{'loss': 0.0834, 'grad_norm': 2.7946901321411133, 'learning_rate': 3.4277574259584424e-06, 'epoch': 1.32}
{'loss': 0.0841, 'grad_norm': 3.8272852897644043, 'learning_rate': 3.4264596858303823e-06, 'epoch': 1.36}
{'loss': 0.0818, 'grad_norm': 1.3615614175796509, 'learning_rate': 3.42500172516528e-06, 'epoch': 1.4}
{'loss': 0.0779, 'grad_norm': 3.3469796180725098, 'learning_rate': 3.423383680546764e-06, 'epoch': 1.44}
{'loss': 0.0886, 'grad_norm': 3.2822601795196533, 'learning_rate': 3.421605703555336e-06, 'epoch': 1.48}
{'loss': 0.0713, 'grad_norm': 1.5868662595748901, 'learning_rate': 3.4196679607541662e-06, 'epoch': 1.52}
{'loss': 0.0719, 'grad_norm': 3.4091827869415283, 'learning_rate': 3.4175706336734913e-06, 'epoch': 1.56}
{'loss': 0.0723, 'grad_norm': 2.477748394012451, 'learning_rate': 3.41531391879361e-06, 'epoch': 1.6}
{'loss': 0.0677, 'grad_norm': 2.942490816116333, 'learning_rate': 3.4128980275264734e-06, 'epoch': 1.64}
{'loss': 0.0677, 'grad_norm': 2.657212495803833, 'learning_rate': 3.410323186195882e-06, 'epoch': 1.68}
{'loss': 0.0692, 'grad_norm': 1.6083709001541138, 'learning_rate': 3.407589636016283e-06, 'epoch': 1.72}
{'loss': 0.0684, 'grad_norm': 1.099771499633789, 'learning_rate': 3.404697633070171e-06, 'epoch': 1.76}
{'loss': 0.0682, 'grad_norm': 3.8472256660461426, 'learning_rate': 3.401647448284102e-06, 'epoch': 1.8}
{'loss': 0.0625, 'grad_norm': 8.940336227416992, 'learning_rate': 3.3984393674033072e-06, 'epoch': 1.84}
{'loss': 0.0635, 'grad_norm': 2.217172861099243, 'learning_rate': 3.3950736909649297e-06, 'epoch': 1.88}
{'loss': 0.06, 'grad_norm': 2.906169891357422, 'learning_rate': 3.3915507342698665e-06, 'epoch': 1.92}
{'loss': 0.0589, 'grad_norm': 1.9243725538253784, 'learning_rate': 3.387870827353229e-06, 'epoch': 1.96}
{'loss': 0.0601, 'grad_norm': 5.037729263305664, 'learning_rate': 3.3840343149534303e-06, 'epoch': 2.0}
{'eval_loss': 0.007742650806903839, 'eval_score': 0.004734810078186847, 'eval_err_F': 0.004486340153409969, 'eval_err_M': 0.004651986769927887, 'eval_err_diff': 0.0001656466165179185, 'eval_mse': 0.00224677506172104, 'eval_mae': 0.03528421610786736, 'eval_runtime': 21.5564, 'eval_samples_per_second': 927.798, 'eval_steps_per_second': 7.283, 'epoch': 2.0}
{'loss': 0.0581, 'grad_norm': 2.1261327266693115, 'learning_rate': 3.3800415564798846e-06, 'epoch': 2.04}
{'loss': 0.0551, 'grad_norm': 1.6829861402511597, 'learning_rate': 3.37589292597934e-06, 'epoch': 2.08}
{'loss': 0.057, 'grad_norm': 1.8863742351531982, 'learning_rate': 3.3715888121008364e-06, 'epoch': 2.12}
{'loss': 0.0568, 'grad_norm': 3.7893147468566895, 'learning_rate': 3.3671296180592957e-06, 'epoch': 2.16}
{'loss': 0.0601, 'grad_norm': 2.4403879642486572, 'learning_rate': 3.36251576159775e-06, 'epoch': 2.2}
{'loss': 0.0525, 'grad_norm': 3.0947318077087402, 'learning_rate': 3.3577476749482055e-06, 'epoch': 2.24}
{'loss': 0.0498, 'grad_norm': 2.215184450149536, 'learning_rate': 3.3528258047911494e-06, 'epoch': 2.28}
{'loss': 0.0569, 'grad_norm': 5.5458784103393555, 'learning_rate': 3.347750612213708e-06, 'epoch': 2.32}
{'loss': 0.0553, 'grad_norm': 1.2710977792739868, 'learning_rate': 3.342522572666447e-06, 'epoch': 2.36}
{'loss': 0.0491, 'grad_norm': 4.147197246551514, 'learning_rate': 3.3371421759188342e-06, 'epoch': 2.4}
{'loss': 0.0517, 'grad_norm': 3.6331067085266113, 'learning_rate': 3.331609926013355e-06, 'epoch': 2.44}
{'loss': 0.0525, 'grad_norm': 5.1934332847595215, 'learning_rate': 3.325926341218294e-06, 'epoch': 2.48}
{'loss': 0.0511, 'grad_norm': 1.2209861278533936, 'learning_rate': 3.3200919539791833e-06, 'epoch': 2.52}
{'loss': 0.0495, 'grad_norm': 1.6571571826934814, 'learning_rate': 3.314107310868921e-06, 'epoch': 2.56}
{'loss': 0.0467, 'grad_norm': 1.8569680452346802, 'learning_rate': 3.3079729725365697e-06, 'epoch': 2.6}
{'loss': 0.0481, 'grad_norm': 2.106168270111084, 'learning_rate': 3.301689513654831e-06, 'epoch': 2.64}
{'loss': 0.0482, 'grad_norm': 2.2543845176696777, 'learning_rate': 3.2952575228662135e-06, 'epoch': 2.68}
{'loss': 0.0461, 'grad_norm': 3.274315357208252, 'learning_rate': 3.2886776027278844e-06, 'epoch': 2.72}
{'loss': 0.0444, 'grad_norm': 1.2239179611206055, 'learning_rate': 3.2819503696552227e-06, 'epoch': 2.76}
{'loss': 0.0441, 'grad_norm': 0.7056546807289124, 'learning_rate': 3.2750764538640734e-06, 'epoch': 2.8}
{'loss': 0.0409, 'grad_norm': 1.1314367055892944, 'learning_rate': 3.2680564993117064e-06, 'epoch': 2.84}
{'loss': 0.0441, 'grad_norm': 1.5322990417480469, 'learning_rate': 3.2608911636364904e-06, 'epoch': 2.88}
{'loss': 0.0403, 'grad_norm': 1.3512015342712402, 'learning_rate': 3.2535811180962848e-06, 'epoch': 2.92}
{'loss': 0.0387, 'grad_norm': 1.1235713958740234, 'learning_rate': 3.2461270475055555e-06, 'epoch': 2.96}
{'loss': 0.0397, 'grad_norm': 1.3449456691741943, 'learning_rate': 3.2385296501712207e-06, 'epoch': 3.0}
{'eval_loss': 0.016665883362293243, 'eval_score': 0.013180470236230346, 'eval_err_F': 0.01234025925072664, 'eval_err_M': 0.010659837279719229, 'eval_err_diff': 0.0016804219710074113, 'eval_mse': 0.003920466835575772, 'eval_mae': 0.044383409678257706, 'eval_runtime': 21.5492, 'eval_samples_per_second': 928.109, 'eval_steps_per_second': 7.286, 'epoch': 3.0}
{'loss': 0.0375, 'grad_norm': 1.711537480354309, 'learning_rate': 3.2307896378272306e-06, 'epoch': 3.04}
{'loss': 0.0381, 'grad_norm': 1.5847058296203613, 'learning_rate': 3.222907735567895e-06, 'epoch': 3.08}
{'loss': 0.0341, 'grad_norm': 2.5873863697052, 'learning_rate': 3.2148846817799515e-06, 'epoch': 3.12}
{'loss': 0.0321, 'grad_norm': 1.2536524534225464, 'learning_rate': 3.2067212280733963e-06, 'epoch': 3.16}
{'loss': 0.0314, 'grad_norm': 1.8359981775283813, 'learning_rate': 3.198418139211069e-06, 'epoch': 3.2}
{'loss': 0.0293, 'grad_norm': 1.3817859888076782, 'learning_rate': 3.1899761930370106e-06, 'epoch': 3.24}
{'loss': 0.0296, 'grad_norm': 1.2501319646835327, 'learning_rate': 3.1813961804035937e-06, 'epoch': 3.28}
{'loss': 0.0267, 'grad_norm': 2.572512149810791, 'learning_rate': 3.172678905097434e-06, 'epoch': 3.32}
{'loss': 0.0268, 'grad_norm': 2.9439384937286377, 'learning_rate': 3.1638251837640924e-06, 'epoch': 3.36}
{'loss': 0.0269, 'grad_norm': 1.5700443983078003, 'learning_rate': 3.154835845831566e-06, 'epoch': 3.4}
{'loss': 0.0269, 'grad_norm': 1.6172770261764526, 'learning_rate': 3.1457117334325928e-06, 'epoch': 3.44}
{'loss': 0.0278, 'grad_norm': 1.2028197050094604, 'learning_rate': 3.1364537013257532e-06, 'epoch': 3.48}
{'loss': 0.0262, 'grad_norm': 1.9501700401306152, 'learning_rate': 3.1270626168154e-06, 'epoch': 3.52}
{'loss': 0.0262, 'grad_norm': 2.6789047718048096, 'learning_rate': 3.1175393596704058e-06, 'epoch': 3.56}
{'loss': 0.0225, 'grad_norm': 1.6359549760818481, 'learning_rate': 3.1078848220417445e-06, 'epoch': 3.6}
{'loss': 0.0235, 'grad_norm': 1.1047669649124146, 'learning_rate': 3.098099908378916e-06, 'epoch': 3.64}
{'loss': 0.0237, 'grad_norm': 3.1841013431549072, 'learning_rate': 3.0881855353452143e-06, 'epoch': 3.68}
{'loss': 0.0248, 'grad_norm': 0.9198511838912964, 'learning_rate': 3.078142631731852e-06, 'epoch': 3.72}
{'loss': 0.0215, 'grad_norm': 2.0534253120422363, 'learning_rate': 3.0679721383709547e-06, 'epoch': 3.76}
{'loss': 0.0232, 'grad_norm': 2.265036106109619, 'learning_rate': 3.0576750080474173e-06, 'epoch': 3.8}
{'loss': 0.0217, 'grad_norm': 0.44554510712623596, 'learning_rate': 3.047252205409649e-06, 'epoch': 3.84}
{'loss': 0.0206, 'grad_norm': 1.7571241855621338, 'learning_rate': 3.036704706879203e-06, 'epoch': 3.88}
{'loss': 0.0235, 'grad_norm': 1.439825177192688, 'learning_rate': 3.0260335005593038e-06, 'epoch': 3.92}
{'loss': 0.0226, 'grad_norm': 1.3366156816482544, 'learning_rate': 3.015239586142282e-06, 'epoch': 3.96}
{'loss': 0.0209, 'grad_norm': 0.8038380146026611, 'learning_rate': 3.004323974815918e-06, 'epoch': 4.0}
{'eval_loss': 0.004221309442073107, 'eval_score': 0.0027679977602242155, 'eval_err_F': 0.0020523000239143414, 'eval_err_M': 0.002529431848120924, 'eval_err_diff': 0.00047713182420658275, 'eval_mse': 0.0018687285740779836, 'eval_mae': 0.035570134107649025, 'eval_runtime': 21.4486, 'eval_samples_per_second': 932.461, 'eval_steps_per_second': 7.32, 'epoch': 4.0}
{'loss': 0.0216, 'grad_norm': 1.0741956233978271, 'learning_rate': 2.9932876891687166e-06, 'epoch': 4.04}
{'loss': 0.0236, 'grad_norm': 1.6021925210952759, 'learning_rate': 2.9821317630941095e-06, 'epoch': 4.08}
{'loss': 0.0207, 'grad_norm': 2.297492027282715, 'learning_rate': 2.970857241693595e-06, 'epoch': 4.12}
{'loss': 0.0209, 'grad_norm': 1.9662617444992065, 'learning_rate': 2.959465181178835e-06, 'epoch': 4.16}
{'loss': 0.0197, 'grad_norm': 1.2622820138931274, 'learning_rate': 2.9479566487727073e-06, 'epoch': 4.2}
{'loss': 0.0188, 'grad_norm': 1.6895278692245483, 'learning_rate': 2.936332722609326e-06, 'epoch': 4.24}
{'loss': 0.0188, 'grad_norm': 1.3635836839675903, 'learning_rate': 2.9245944916330398e-06, 'epoch': 4.28}
{'loss': 0.0181, 'grad_norm': 2.346674919128418, 'learning_rate': 2.9127430554964203e-06, 'epoch': 4.32}
{'loss': 0.0191, 'grad_norm': 0.5764502882957458, 'learning_rate': 2.900779524457245e-06, 'epoch': 4.36}
{'loss': 0.0197, 'grad_norm': 0.973226010799408, 'learning_rate': 2.8887050192744824e-06, 'epoch': 4.4}
{'loss': 0.0182, 'grad_norm': 1.173140525817871, 'learning_rate': 2.8765206711033063e-06, 'epoch': 4.44}
{'loss': 0.0204, 'grad_norm': 1.1858090162277222, 'learning_rate': 2.8642276213891186e-06, 'epoch': 4.48}
{'loss': 0.0192, 'grad_norm': 0.6059247255325317, 'learning_rate': 2.8518270217606246e-06, 'epoch': 4.52}
{'loss': 0.0174, 'grad_norm': 0.6902154684066772, 'learning_rate': 2.8393200339219426e-06, 'epoch': 4.56}
{'loss': 0.0181, 'grad_norm': 0.8176503777503967, 'learning_rate': 2.8267078295437743e-06, 'epoch': 4.6}
{'loss': 0.0174, 'grad_norm': 2.075039863586426, 'learning_rate': 2.8139915901536444e-06, 'epoch': 4.64}
{'loss': 0.0172, 'grad_norm': 1.1762571334838867, 'learning_rate': 2.801172507025209e-06, 'epoch': 4.68}
{'loss': 0.0177, 'grad_norm': 2.8246262073516846, 'learning_rate': 2.7882517810666593e-06, 'epoch': 4.72}
{'loss': 0.018, 'grad_norm': 2.909334421157837, 'learning_rate': 2.7752306227082166e-06, 'epoch': 4.76}
{'loss': 0.0171, 'grad_norm': 1.5657318830490112, 'learning_rate': 2.7621102517887395e-06, 'epoch': 4.8}
{'loss': 0.0161, 'grad_norm': 1.6768512725830078, 'learning_rate': 2.7488918974414462e-06, 'epoch': 4.84}
{'loss': 0.0165, 'grad_norm': 1.6848866939544678, 'learning_rate': 2.735576797978769e-06, 'epoch': 4.88}
{'loss': 0.0152, 'grad_norm': 1.462415337562561, 'learning_rate': 2.722166200776346e-06, 'epoch': 4.92}
{'loss': 0.016, 'grad_norm': 0.9266373515129089, 'learning_rate': 2.7086613621561673e-06, 'epoch': 4.96}
{'loss': 0.0149, 'grad_norm': 0.9237683415412903, 'learning_rate': 2.6950635472688794e-06, 'epoch': 5.0}
{'eval_loss': 0.003621933748945594, 'eval_score': 0.00231800582381162, 'eval_err_F': 0.0017261047987409963, 'eval_err_M': 0.0021207054821214123, 'eval_err_diff': 0.000394600683380416, 'eval_mse': 0.001394544245390283, 'eval_mae': 0.029205732235938014, 'eval_runtime': 31.6389, 'eval_samples_per_second': 632.134, 'eval_steps_per_second': 4.962, 'epoch': 5.0}
{'loss': 0.0147, 'grad_norm': 3.1892588138580322, 'learning_rate': 2.681374029975267e-06, 'epoch': 5.04}
{'loss': 0.015, 'grad_norm': 1.2365989685058594, 'learning_rate': 2.667594092726911e-06, 'epoch': 5.08}
{'loss': 0.0145, 'grad_norm': 1.0874592065811157, 'learning_rate': 2.6537250264460523e-06, 'epoch': 5.12}
{'loss': 0.0139, 'grad_norm': 0.9412386417388916, 'learning_rate': 2.639768130404653e-06, 'epoch': 5.16}
{'loss': 0.0132, 'grad_norm': 1.4154876470565796, 'learning_rate': 2.6257247121026815e-06, 'epoch': 5.2}
{'loss': 0.0143, 'grad_norm': 1.1800731420516968, 'learning_rate': 2.6115960871456206e-06, 'epoch': 5.24}
{'loss': 0.0129, 'grad_norm': 0.7185723185539246, 'learning_rate': 2.5973835791212245e-06, 'epoch': 5.28}
{'loss': 0.0128, 'grad_norm': 1.90994131565094, 'learning_rate': 2.5830885194755195e-06, 'epoch': 5.32}
{'loss': 0.0134, 'grad_norm': 0.6241589784622192, 'learning_rate': 2.5687122473880746e-06, 'epoch': 5.36}
{'loss': 0.012, 'grad_norm': 0.5326215624809265, 'learning_rate': 2.554256109646544e-06, 'epoch': 5.4}
{'loss': 0.0118, 'grad_norm': 0.5543021559715271, 'learning_rate': 2.5397214605205e-06, 'epoch': 5.44}
{'loss': 0.0124, 'grad_norm': 0.4613538384437561, 'learning_rate': 2.5251096616345615e-06, 'epoch': 5.48}
{'loss': 0.0128, 'grad_norm': 0.6562201380729675, 'learning_rate': 2.510422081840837e-06, 'epoch': 5.52}
{'loss': 0.012, 'grad_norm': 0.7387915849685669, 'learning_rate': 2.4956600970906872e-06, 'epoch': 5.56}
{'loss': 0.013, 'grad_norm': 2.203857183456421, 'learning_rate': 2.4808250903058253e-06, 'epoch': 5.6}
{'loss': 0.0115, 'grad_norm': 0.916143536567688, 'learning_rate': 2.4659184512487614e-06, 'epoch': 5.64}
{'loss': 0.0113, 'grad_norm': 1.5513938665390015, 'learning_rate': 2.450941576392611e-06, 'epoch': 5.68}
{'loss': 0.0115, 'grad_norm': 0.5510311722755432, 'learning_rate': 2.4358958687902674e-06, 'epoch': 5.72}
{'loss': 0.0117, 'grad_norm': 1.3386192321777344, 'learning_rate': 2.4207827379429668e-06, 'epoch': 5.76}
{'loss': 0.0117, 'grad_norm': 0.8828079700469971, 'learning_rate': 2.405603599668238e-06, 'epoch': 5.8}
{'loss': 0.0123, 'grad_norm': 1.1932477951049805, 'learning_rate': 2.3903598759672738e-06, 'epoch': 5.84}
{'loss': 0.0106, 'grad_norm': 1.0623749494552612, 'learning_rate': 2.3750529948917113e-06, 'epoch': 5.88}
{'loss': 0.0115, 'grad_norm': 0.8069682717323303, 'learning_rate': 2.3596843904098512e-06, 'epoch': 5.92}
{'loss': 0.0102, 'grad_norm': 0.813171923160553, 'learning_rate': 2.344255502272323e-06, 'epoch': 5.96}
{'loss': 0.01, 'grad_norm': 0.5961661338806152, 'learning_rate': 2.3287677758772074e-06, 'epoch': 6.0}
{'eval_loss': 0.0030181065667420626, 'eval_score': 0.00198851336772359, 'eval_err_F': 0.0013488813117270297, 'eval_err_M': 0.0017753026823914035, 'eval_err_diff': 0.0004264213706643737, 'eval_mse': 0.0012569797143848892, 'eval_mae': 0.026822501598179043, 'eval_runtime': 21.5981, 'eval_samples_per_second': 926.007, 'eval_steps_per_second': 7.269, 'epoch': 6.0}
{'loss': 0.0094, 'grad_norm': 0.4434094727039337, 'learning_rate': 2.313222662134627e-06, 'epoch': 6.04}
{'loss': 0.01, 'grad_norm': 1.2020307779312134, 'learning_rate': 2.2976216173308263e-06, 'epoch': 6.08}
{'loss': 0.0106, 'grad_norm': 0.7367454767227173, 'learning_rate': 2.2819661029917413e-06, 'epoch': 6.12}
{'loss': 0.0103, 'grad_norm': 1.342642068862915, 'learning_rate': 2.266257585746088e-06, 'epoch': 6.16}
{'loss': 0.0098, 'grad_norm': 1.1937592029571533, 'learning_rate': 2.250497537187959e-06, 'epoch': 6.2}
{'loss': 0.0103, 'grad_norm': 0.9219030737876892, 'learning_rate': 2.2346874337389685e-06, 'epoch': 6.24}
{'loss': 0.0102, 'grad_norm': 1.3753260374069214, 'learning_rate': 2.218828756509937e-06, 'epoch': 6.28}
{'loss': 0.0103, 'grad_norm': 1.193486213684082, 'learning_rate': 2.2029229911621397e-06, 'epoch': 6.32}
{'loss': 0.0092, 'grad_norm': 0.2672339677810669, 'learning_rate': 2.1869716277681247e-06, 'epoch': 6.36}
{'loss': 0.0104, 'grad_norm': 0.3710641860961914, 'learning_rate': 2.1709761606721274e-06, 'epoch': 6.4}
{'loss': 0.0093, 'grad_norm': 1.33188796043396, 'learning_rate': 2.1549380883500724e-06, 'epoch': 6.44}
{'loss': 0.0097, 'grad_norm': 0.6148970127105713, 'learning_rate': 2.1388589132691967e-06, 'epoch': 6.48}
{'loss': 0.0108, 'grad_norm': 0.7619927525520325, 'learning_rate': 2.122740141747297e-06, 'epoch': 6.52}
{'loss': 0.0095, 'grad_norm': 0.6898292899131775, 'learning_rate': 2.106583283811617e-06, 'epoch': 6.56}
{'loss': 0.0103, 'grad_norm': 1.5463656187057495, 'learning_rate': 2.090389853057382e-06, 'epoch': 6.6}
{'loss': 0.0102, 'grad_norm': 1.119857907295227, 'learning_rate': 2.0741613665060075e-06, 'epoch': 6.64}
{'loss': 0.0092, 'grad_norm': 0.5734195709228516, 'learning_rate': 2.057899344462981e-06, 'epoch': 6.68}
{'loss': 0.0094, 'grad_norm': 0.9300287365913391, 'learning_rate': 2.0416053103754373e-06, 'epoch': 6.72}
{'loss': 0.0091, 'grad_norm': 0.6430937051773071, 'learning_rate': 2.025280790689441e-06, 'epoch': 6.76}
{'loss': 0.0096, 'grad_norm': 1.2795710563659668, 'learning_rate': 2.0089273147069885e-06, 'epoch': 6.8}
{'loss': 0.009, 'grad_norm': 0.7861668467521667, 'learning_rate': 1.9925464144427357e-06, 'epoch': 6.84}
{'loss': 0.0097, 'grad_norm': 0.7531107664108276, 'learning_rate': 1.9761396244804843e-06, 'epoch': 6.88}
{'loss': 0.01, 'grad_norm': 1.3670308589935303, 'learning_rate': 1.9597084818294136e-06, 'epoch': 6.92}
{'loss': 0.0094, 'grad_norm': 0.6262028217315674, 'learning_rate': 1.943254525780095e-06, 'epoch': 6.96}
{'loss': 0.0099, 'grad_norm': 0.852720320224762, 'learning_rate': 1.926779297760288e-06, 'epoch': 7.0}
{'eval_loss': 0.0024979799054563046, 'eval_score': 0.0016711415890356136, 'eval_err_F': 0.001061033550824719, 'eval_err_M': 0.0014677722429653154, 'eval_err_diff': 0.0004067386921405964, 'eval_mse': 0.001199511540219299, 'eval_mae': 0.025838576533525885, 'eval_runtime': 21.6513, 'eval_samples_per_second': 923.732, 'eval_steps_per_second': 7.251, 'epoch': 7.0}
{'loss': 0.0101, 'grad_norm': 0.874893069267273, 'learning_rate': 1.910284341190539e-06, 'epoch': 7.04}
{'loss': 0.0096, 'grad_norm': 0.47756317257881165, 'learning_rate': 1.8937712013395884e-06, 'epoch': 7.08}
{'loss': 0.0089, 'grad_norm': 0.6717725396156311, 'learning_rate': 1.8772414251796104e-06, 'epoch': 7.12}
{'loss': 0.0089, 'grad_norm': 0.84627366065979, 'learning_rate': 1.860696561241291e-06, 'epoch': 7.16}
{'loss': 0.0095, 'grad_norm': 2.10319447517395, 'learning_rate': 1.8441381594687579e-06, 'epoch': 7.2}
{'loss': 0.0088, 'grad_norm': 0.7787786722183228, 'learning_rate': 1.82756777107438e-06, 'epoch': 7.24}
{'loss': 0.0088, 'grad_norm': 0.6413493156433105, 'learning_rate': 1.8109869483934495e-06, 'epoch': 7.28}
{'loss': 0.0089, 'grad_norm': 0.43848252296447754, 'learning_rate': 1.7943972447387551e-06, 'epoch': 7.32}
{'loss': 0.0088, 'grad_norm': 1.1601829528808594, 'learning_rate': 1.777800214255067e-06, 'epoch': 7.36}
{'loss': 0.0085, 'grad_norm': 1.0438039302825928, 'learning_rate': 1.761197411773542e-06, 'epoch': 7.4}
{'loss': 0.0084, 'grad_norm': 0.553760290145874, 'learning_rate': 1.7445903926660646e-06, 'epoch': 7.44}
{'loss': 0.0086, 'grad_norm': 0.33643317222595215, 'learning_rate': 1.7279807126995397e-06, 'epoch': 7.48}
{'loss': 0.0092, 'grad_norm': 0.4934858977794647, 'learning_rate': 1.711369927890143e-06, 'epoch': 7.52}
{'loss': 0.0084, 'grad_norm': 1.459887146949768, 'learning_rate': 1.6947595943575549e-06, 'epoch': 7.56}
{'loss': 0.0086, 'grad_norm': 1.1763019561767578, 'learning_rate': 1.6781512681791783e-06, 'epoch': 7.6}
{'loss': 0.0088, 'grad_norm': 0.6685830354690552, 'learning_rate': 1.6615465052443651e-06, 'epoch': 7.64}
{'loss': 0.008, 'grad_norm': 0.7587570548057556, 'learning_rate': 1.6449468611086588e-06, 'epoch': 7.68}
{'loss': 0.0085, 'grad_norm': 0.3803601562976837, 'learning_rate': 1.6283538908480665e-06, 'epoch': 7.72}
{'loss': 0.0087, 'grad_norm': 0.5668854117393494, 'learning_rate': 1.6117691489133777e-06, 'epoch': 7.76}
{'loss': 0.0086, 'grad_norm': 1.671812653541565, 'learning_rate': 1.5951941889845412e-06, 'epoch': 7.8}
{'loss': 0.0087, 'grad_norm': 1.712350606918335, 'learning_rate': 1.5786305638251177e-06, 'epoch': 7.84}
{'loss': 0.0089, 'grad_norm': 0.7922600507736206, 'learning_rate': 1.5620798251368092e-06, 'epoch': 7.88}
{'loss': 0.0087, 'grad_norm': 0.515555739402771, 'learning_rate': 1.5455435234140978e-06, 'epoch': 7.92}
{'loss': 0.008, 'grad_norm': 1.133832335472107, 'learning_rate': 1.529023207798991e-06, 'epoch': 7.96}
{'loss': 0.0086, 'grad_norm': 0.4693639874458313, 'learning_rate': 1.5125204259359e-06, 'epoch': 8.0}
{'eval_loss': 0.002474846551194787, 'eval_score': 0.0015692489850678696, 'eval_err_F': 0.001105025339562823, 'eval_err_M': 0.0014145077698995208, 'eval_err_diff': 0.00030948243033669773, 'eval_mse': 0.001242191853906904, 'eval_mae': 0.026115360332719682, 'eval_runtime': 21.6131, 'eval_samples_per_second': 925.366, 'eval_steps_per_second': 7.264, 'epoch': 8.0}
{'loss': 0.0085, 'grad_norm': 0.5859050750732422, 'learning_rate': 1.4960367238266483e-06, 'epoch': 8.04}
{'loss': 0.0102, 'grad_norm': 2.6996657848358154, 'learning_rate': 1.479573645685645e-06, 'epoch': 8.08}
{'loss': 0.0082, 'grad_norm': 1.6086539030075073, 'learning_rate': 1.4631327337952185e-06, 'epoch': 8.12}
{'loss': 0.0084, 'grad_norm': 0.47075793147087097, 'learning_rate': 1.4467155283611366e-06, 'epoch': 8.16}
{'loss': 0.0085, 'grad_norm': 1.06052565574646, 'learning_rate': 1.4303235673683138e-06, 'epoch': 8.2}
{'loss': 0.0084, 'grad_norm': 0.3454991281032562, 'learning_rate': 1.4139583864367325e-06, 'epoch': 8.24}
{'loss': 0.0075, 'grad_norm': 0.297321617603302, 'learning_rate': 1.3976215186775854e-06, 'epoch': 8.28}
{'loss': 0.0081, 'grad_norm': 0.4781201481819153, 'learning_rate': 1.3813144945496516e-06, 'epoch': 8.32}
{'loss': 0.0077, 'grad_norm': 0.7686898708343506, 'learning_rate': 1.3650388417159195e-06, 'epoch': 8.36}
{'loss': 0.0088, 'grad_norm': 1.2623242139816284, 'learning_rate': 1.3487960849004738e-06, 'epoch': 8.4}
{'loss': 0.0081, 'grad_norm': 0.6259269118309021, 'learning_rate': 1.332587745745658e-06, 'epoch': 8.44}
{'loss': 0.008, 'grad_norm': 0.8391538858413696, 'learning_rate': 1.316415342669527e-06, 'epoch': 8.48}
{'loss': 0.0085, 'grad_norm': 0.357917457818985, 'learning_rate': 1.3002803907235953e-06, 'epoch': 8.52}
{'loss': 0.008, 'grad_norm': 0.7127628922462463, 'learning_rate': 1.284184401450908e-06, 'epoch': 8.56}
{'loss': 0.0081, 'grad_norm': 0.6747298240661621, 'learning_rate': 1.2681288827444364e-06, 'epoch': 8.6}
{'loss': 0.0083, 'grad_norm': 0.9682140350341797, 'learning_rate': 1.2521153387058192e-06, 'epoch': 8.64}
{'loss': 0.0083, 'grad_norm': 0.6509289741516113, 'learning_rate': 1.2361452695044519e-06, 'epoch': 8.68}
{'loss': 0.0078, 'grad_norm': 0.3178289830684662, 'learning_rate': 1.220220171236952e-06, 'epoch': 8.72}
{'loss': 0.0075, 'grad_norm': 1.002016305923462, 'learning_rate': 1.2043415357870019e-06, 'epoch': 8.76}
{'loss': 0.0072, 'grad_norm': 0.7276836633682251, 'learning_rate': 1.1885108506855894e-06, 'epoch': 8.8}
{'loss': 0.0083, 'grad_norm': 0.570996105670929, 'learning_rate': 1.1727295989716495e-06, 'epoch': 8.84}
{'loss': 0.0076, 'grad_norm': 0.2376086413860321, 'learning_rate': 1.1569992590531353e-06, 'epoch': 8.88}
{'loss': 0.0082, 'grad_norm': 1.438543677330017, 'learning_rate': 1.1413213045685156e-06, 'epoch': 8.92}
{'loss': 0.0079, 'grad_norm': 0.7384042143821716, 'learning_rate': 1.1256972042487282e-06, 'epoch': 8.96}
{'loss': 0.0077, 'grad_norm': 0.5498441457748413, 'learning_rate': 1.1101284217795793e-06, 'epoch': 9.0}
{'eval_loss': 0.0026581119745969772, 'eval_score': 0.0017866221274276531, 'eval_err_F': 0.001064260201395975, 'eval_err_M': 0.001545834818750427, 'eval_err_diff': 0.0004815746173544521, 'eval_mse': 0.0009386411527507768, 'eval_mae': 0.021954375473756046, 'eval_runtime': 21.5198, 'eval_samples_per_second': 929.377, 'eval_steps_per_second': 7.296, 'epoch': 9.0}
{'loss': 0.0074, 'grad_norm': 1.8646496534347534, 'learning_rate': 1.0946164156646306e-06, 'epoch': 9.04}
{'loss': 0.0085, 'grad_norm': 1.1592872142791748, 'learning_rate': 1.0791626390885593e-06, 'epoch': 9.08}
{'loss': 0.0081, 'grad_norm': 0.8494589328765869, 'learning_rate': 1.0637685397810285e-06, 'epoch': 9.12}
{'loss': 0.008, 'grad_norm': 0.31808608770370483, 'learning_rate': 1.048435559881054e-06, 'epoch': 9.16}
{'loss': 0.0075, 'grad_norm': 0.5760788321495056, 'learning_rate': 1.0331651358019087e-06, 'epoch': 9.2}
{'loss': 0.0078, 'grad_norm': 0.3957979679107666, 'learning_rate': 1.0179586980965551e-06, 'epoch': 9.24}
{'loss': 0.0077, 'grad_norm': 0.8329700827598572, 'learning_rate': 1.0028176713236322e-06, 'epoch': 9.28}
{'loss': 0.0083, 'grad_norm': 0.9064108729362488, 'learning_rate': 9.87743473913996e-07, 'epoch': 9.32}
{'loss': 0.0073, 'grad_norm': 1.1886340379714966, 'learning_rate': 9.727375180378418e-07, 'epoch': 9.36}
{'loss': 0.0074, 'grad_norm': 0.43585675954818726, 'learning_rate': 9.578012094724131e-07, 'epoch': 9.4}
{'loss': 0.0078, 'grad_norm': 0.5040502548217773, 'learning_rate': 9.42935947470301e-07, 'epoch': 9.44}
{'loss': 0.0074, 'grad_norm': 0.4027992784976959, 'learning_rate': 9.281431246283645e-07, 'epoch': 9.48}
{'loss': 0.0074, 'grad_norm': 0.6844591498374939, 'learning_rate': 9.134241267572676e-07, 'epoch': 9.52}
{'loss': 0.0078, 'grad_norm': 0.46501508355140686, 'learning_rate': 8.987803327516587e-07, 'epoch': 9.56}
{'loss': 0.0071, 'grad_norm': 0.692493200302124, 'learning_rate': 8.842131144609892e-07, 'epoch': 9.6}
{'loss': 0.0072, 'grad_norm': 0.4747258722782135, 'learning_rate': 8.697238365609992e-07, 'epoch': 9.64}
{'loss': 0.0071, 'grad_norm': 0.6637072563171387, 'learning_rate': 8.553138564258729e-07, 'epoch': 9.68}
{'loss': 0.0071, 'grad_norm': 0.743169903755188, 'learning_rate': 8.409845240010795e-07, 'epoch': 9.72}
{'loss': 0.0075, 'grad_norm': 1.2077553272247314, 'learning_rate': 8.267371816769052e-07, 'epoch': 9.76}
{'loss': 0.0071, 'grad_norm': 0.4924499988555908, 'learning_rate': 8.125731641626985e-07, 'epoch': 9.8}
{'loss': 0.007, 'grad_norm': 0.8136954307556152, 'learning_rate': 7.984937983618323e-07, 'epoch': 9.84}
{'loss': 0.0077, 'grad_norm': 0.5863643884658813, 'learning_rate': 7.845004032473998e-07, 'epoch': 9.88}
{'loss': 0.0067, 'grad_norm': 1.1159400939941406, 'learning_rate': 7.705942897386479e-07, 'epoch': 9.92}
{'loss': 0.0071, 'grad_norm': 0.5538892149925232, 'learning_rate': 7.567767605781712e-07, 'epoch': 9.96}
{'loss': 0.0075, 'grad_norm': 1.0142693519592285, 'learning_rate': 7.430491102098678e-07, 'epoch': 10.0}
{'eval_loss': 0.0022745782043784857, 'eval_score': 0.0015025939446847475, 'eval_err_F': 0.0009025211384925267, 'eval_err_M': 0.0013025696759540073, 'eval_err_diff': 0.00040004853746148066, 'eval_mse': 0.0010307566265624355, 'eval_mae': 0.023011261936157643, 'eval_runtime': 21.4714, 'eval_samples_per_second': 931.47, 'eval_steps_per_second': 7.312, 'epoch': 10.0}
{'loss': 0.007, 'grad_norm': 1.366547703742981, 'learning_rate': 7.294126246576772e-07, 'epoch': 10.04}
{'loss': 0.0086, 'grad_norm': 0.6791912317276001, 'learning_rate': 7.158685814050992e-07, 'epoch': 10.08}
{'loss': 0.0068, 'grad_norm': 0.8864519596099854, 'learning_rate': 7.024182492755215e-07, 'epoch': 10.12}
{'loss': 0.0068, 'grad_norm': 0.7112371921539307, 'learning_rate': 6.890628883133524e-07, 'epoch': 10.16}
{'loss': 0.0067, 'grad_norm': 1.4851365089416504, 'learning_rate': 6.758037496659805e-07, 'epoch': 10.2}
{'loss': 0.0067, 'grad_norm': 1.2313343286514282, 'learning_rate': 6.626420754665631e-07, 'epoch': 10.24}
{'loss': 0.0064, 'grad_norm': 0.5703198313713074, 'learning_rate': 6.495790987176629e-07, 'epoch': 10.28}
{'loss': 0.0061, 'grad_norm': 0.7165777087211609, 'learning_rate': 6.366160431757379e-07, 'epoch': 10.32}
{'loss': 0.0067, 'grad_norm': 1.3237171173095703, 'learning_rate': 6.23754123236501e-07, 'epoch': 10.36}
{'loss': 0.0059, 'grad_norm': 0.5511817932128906, 'learning_rate': 6.109945438211498e-07, 'epoch': 10.4}
{'loss': 0.0059, 'grad_norm': 1.2831506729125977, 'learning_rate': 5.983385002634906e-07, 'epoch': 10.44}
{'loss': 0.0061, 'grad_norm': 0.4586854875087738, 'learning_rate': 5.85787178197957e-07, 'epoch': 10.48}
{'loss': 0.0063, 'grad_norm': 0.3452838063240051, 'learning_rate': 5.733417534485403e-07, 'epoch': 10.52}
{'loss': 0.0071, 'grad_norm': 0.38854095339775085, 'learning_rate': 5.610033919186331e-07, 'epoch': 10.56}
{'loss': 0.0056, 'grad_norm': 0.9500945806503296, 'learning_rate': 5.487732494818088e-07, 'epoch': 10.6}
{'loss': 0.0056, 'grad_norm': 1.062753677368164, 'learning_rate': 5.366524718735361e-07, 'epoch': 10.64}
{'loss': 0.0055, 'grad_norm': 0.2642799913883209, 'learning_rate': 5.246421945838478e-07, 'epoch': 10.68}
{'loss': 0.0055, 'grad_norm': 1.0905723571777344, 'learning_rate': 5.127435427509634e-07, 'epoch': 10.72}
{'loss': 0.0058, 'grad_norm': 0.8088861107826233, 'learning_rate': 5.009576310558862e-07, 'epoch': 10.76}
{'loss': 0.005, 'grad_norm': 0.6037687063217163, 'learning_rate': 4.892855636179785e-07, 'epoch': 10.8}
{'loss': 0.0057, 'grad_norm': 0.7167554497718811, 'learning_rate': 4.777284338915257e-07, 'epoch': 10.84}
{'loss': 0.005, 'grad_norm': 0.5560230016708374, 'learning_rate': 4.6628732456330233e-07, 'epoch': 10.88}
{'loss': 0.0053, 'grad_norm': 0.39352887868881226, 'learning_rate': 4.549633074511412e-07, 'epoch': 10.92}
{'loss': 0.0056, 'grad_norm': 0.5542044639587402, 'learning_rate': 4.43757443403526e-07, 'epoch': 10.96}
{'loss': 0.005, 'grad_norm': 0.4197164475917816, 'learning_rate': 4.3267078220020926e-07, 'epoch': 11.0}
{'eval_loss': 0.002748745260760188, 'eval_score': 0.001826183730536218, 'eval_err_F': 0.001179654649912215, 'eval_err_M': 0.0016106740369948836, 'eval_err_diff': 0.0004310193870826686, 'eval_mse': 0.0009303830368957406, 'eval_mae': 0.021844553366835863, 'eval_runtime': 21.4993, 'eval_samples_per_second': 930.265, 'eval_steps_per_second': 7.303, 'epoch': 11.0}
{'loss': 0.005, 'grad_norm': 0.8596830368041992, 'learning_rate': 4.2170436245386934e-07, 'epoch': 11.04}
{'loss': 0.0051, 'grad_norm': 0.5371693968772888, 'learning_rate': 4.108592115128082e-07, 'epoch': 11.08}
{'loss': 0.005, 'grad_norm': 0.7140427231788635, 'learning_rate': 4.0013634536471143e-07, 'epoch': 11.12}
{'loss': 0.0056, 'grad_norm': 1.1696608066558838, 'learning_rate': 3.895367685414676e-07, 'epoch': 11.16}
{'loss': 0.0052, 'grad_norm': 0.44058945775032043, 'learning_rate': 3.7906147402506234e-07, 'epoch': 11.2}
{'loss': 0.005, 'grad_norm': 2.0526692867279053, 'learning_rate': 3.687114431545566e-07, 'epoch': 11.24}
{'loss': 0.005, 'grad_norm': 0.49193036556243896, 'learning_rate': 3.584876455341499e-07, 'epoch': 11.28}
{'loss': 0.0048, 'grad_norm': 0.48792627453804016, 'learning_rate': 3.483910389423497e-07, 'epoch': 11.32}
{'loss': 0.0044, 'grad_norm': 1.0110852718353271, 'learning_rate': 3.3842256924224373e-07, 'epoch': 11.36}
{'loss': 0.0046, 'grad_norm': 0.7090811729431152, 'learning_rate': 3.285831702928921e-07, 'epoch': 11.4}
{'loss': 0.0046, 'grad_norm': 1.086403250694275, 'learning_rate': 3.188737638618399e-07, 'epoch': 11.44}
{'loss': 0.0048, 'grad_norm': 0.4997353255748749, 'learning_rate': 3.0929525953876627e-07, 'epoch': 11.48}
{'loss': 0.0043, 'grad_norm': 0.8643209934234619, 'learning_rate': 2.9984855465027267e-07, 'epoch': 11.52}
{'loss': 0.005, 'grad_norm': 1.258525013923645, 'learning_rate': 2.9053453417581956e-07, 'epoch': 11.56}
{'loss': 0.0048, 'grad_norm': 0.2964383661746979, 'learning_rate': 2.813540706648219e-07, 'epoch': 11.6}
{'loss': 0.0048, 'grad_norm': 0.4413980543613434, 'learning_rate': 2.72308024154906e-07, 'epoch': 11.64}
{'loss': 0.0042, 'grad_norm': 0.29410025477409363, 'learning_rate': 2.6339724209134016e-07, 'epoch': 11.68}
{'loss': 0.0043, 'grad_norm': 0.5823158621788025, 'learning_rate': 2.54622559247646e-07, 'epoch': 11.72}
{'loss': 0.0044, 'grad_norm': 0.206804558634758, 'learning_rate': 2.459847976473956e-07, 'epoch': 11.76}
{'loss': 0.0043, 'grad_norm': 0.965112030506134, 'learning_rate': 2.3748476648720216e-07, 'epoch': 11.8}
{'loss': 0.0045, 'grad_norm': 0.5780075788497925, 'learning_rate': 2.2912326206091435e-07, 'epoch': 11.84}
{'loss': 0.0043, 'grad_norm': 0.685530424118042, 'learning_rate': 2.2090106768501816e-07, 'epoch': 11.88}
{'loss': 0.0043, 'grad_norm': 1.7169675827026367, 'learning_rate': 2.1281895362525562e-07, 'epoch': 11.92}
{'loss': 0.0052, 'grad_norm': 0.5698954463005066, 'learning_rate': 2.0487767702446415e-07, 'epoch': 11.96}
{'loss': 0.0043, 'grad_norm': 0.3599105477333069, 'learning_rate': 1.9707798183164638e-07, 'epoch': 12.0}
{'eval_loss': 0.0023974692448973656, 'eval_score': 0.0015688205308198695, 'eval_err_F': 0.0009676643814619517, 'eval_err_M': 0.0013684351477005635, 'eval_err_diff': 0.0004007707662386118, 'eval_mse': 0.0009265541646994105, 'eval_mae': 0.021798548394601495, 'eval_runtime': 22.0123, 'eval_samples_per_second': 908.583, 'eval_steps_per_second': 7.132, 'epoch': 12.0}
{'loss': 0.0044, 'grad_norm': 0.7058084607124329, 'learning_rate': 1.8942059873227733e-07, 'epoch': 12.04}
{'loss': 0.0044, 'grad_norm': 0.8247677683830261, 'learning_rate': 1.8190624507985215e-07, 'epoch': 12.08}
{'loss': 0.0047, 'grad_norm': 0.7019048929214478, 'learning_rate': 1.7453562482868315e-07, 'epoch': 12.12}
{'loss': 0.0046, 'grad_norm': 0.5927233695983887, 'learning_rate': 1.6730942846795267e-07, 'epoch': 12.16}
{'loss': 0.0042, 'grad_norm': 0.4882284998893738, 'learning_rate': 1.6022833295702736e-07, 'epoch': 12.2}
{'loss': 0.0054, 'grad_norm': 1.0287162065505981, 'learning_rate': 1.5329300166204045e-07, 'epoch': 12.24}
{'loss': 0.0041, 'grad_norm': 0.6258596181869507, 'learning_rate': 1.465040842937448e-07, 'epoch': 12.28}
{'loss': 0.0043, 'grad_norm': 0.6277585029602051, 'learning_rate': 1.398622168466493e-07, 'epoch': 12.32}
{'loss': 0.0042, 'grad_norm': 0.5573249459266663, 'learning_rate': 1.333680215394363e-07, 'epoch': 12.36}
{'loss': 0.0048, 'grad_norm': 0.5235666036605835, 'learning_rate': 1.2702210675667316e-07, 'epoch': 12.4}
{'loss': 0.0045, 'grad_norm': 1.2865992784500122, 'learning_rate': 1.2082506699181647e-07, 'epoch': 12.44}
{'loss': 0.0045, 'grad_norm': 0.4528695046901703, 'learning_rate': 1.1477748279151948e-07, 'epoch': 12.48}
{'loss': 0.004, 'grad_norm': 0.26662683486938477, 'learning_rate': 1.0887992070124614e-07, 'epoch': 12.52}
{'loss': 0.0041, 'grad_norm': 0.7834251523017883, 'learning_rate': 1.0313293321219704e-07, 'epoch': 12.56}
{'loss': 0.0042, 'grad_norm': 0.5091882944107056, 'learning_rate': 9.75370587095495e-08, 'epoch': 12.6}
{'loss': 0.0039, 'grad_norm': 1.029361605644226, 'learning_rate': 9.209282142202231e-08, 'epoch': 12.64}
{'loss': 0.0046, 'grad_norm': 0.3313903212547302, 'learning_rate': 8.680073137276485e-08, 'epoch': 12.68}
{'loss': 0.004, 'grad_norm': 1.046033263206482, 'learning_rate': 8.166128433157783e-08, 'epoch': 12.72}
{'loss': 0.0044, 'grad_norm': 0.5563995242118835, 'learning_rate': 7.667496176846877e-08, 'epoch': 12.76}
{'loss': 0.0041, 'grad_norm': 1.080740213394165, 'learning_rate': 7.184223080854655e-08, 'epoch': 12.8}
{'loss': 0.0039, 'grad_norm': 0.2927156090736389, 'learning_rate': 6.716354418826171e-08, 'epoch': 12.84}
{'loss': 0.004, 'grad_norm': 0.6098725199699402, 'learning_rate': 6.263934021299318e-08, 'epoch': 12.88}
{'loss': 0.004, 'grad_norm': 0.5898692607879639, 'learning_rate': 5.8270042715986705e-08, 'epoch': 12.92}
{'loss': 0.0047, 'grad_norm': 0.6190810799598694, 'learning_rate': 5.4056061018649734e-08, 'epoch': 12.96}
{'loss': 0.0045, 'grad_norm': 0.3605000972747803, 'learning_rate': 4.9997789892206105e-08, 'epoch': 13.0}
{'eval_loss': 0.0022402771282941103, 'eval_score': 0.0014753439131963459, 'eval_err_F': 0.0008790884998641437, 'eval_err_M': 0.0012765921087522785, 'eval_err_diff': 0.0003975036088881348, 'eval_mse': 0.0009788503920032552, 'eval_mae': 0.022545489481158257, 'eval_runtime': 23.3322, 'eval_samples_per_second': 857.186, 'eval_steps_per_second': 6.729, 'epoch': 13.0}
{'loss': 0.0041, 'grad_norm': 0.6490789651870728, 'learning_rate': 4.609560952071356e-08, 'epoch': 13.04}
{'loss': 0.0047, 'grad_norm': 0.741811215877533, 'learning_rate': 4.2349885465446846e-08, 'epoch': 13.08}
{'loss': 0.0043, 'grad_norm': 0.2906687557697296, 'learning_rate': 3.8760968630651686e-08, 'epoch': 13.12}
{'loss': 0.0036, 'grad_norm': 0.9134922623634338, 'learning_rate': 3.5329195230671805e-08, 'epoch': 13.16}
{'loss': 0.0042, 'grad_norm': 0.49185627698898315, 'learning_rate': 3.205488675845231e-08, 'epoch': 13.2}
{'loss': 0.0043, 'grad_norm': 0.8797346353530884, 'learning_rate': 2.8938349955421083e-08, 'epoch': 13.24}
{'loss': 0.0041, 'grad_norm': 0.41327011585235596, 'learning_rate': 2.597987678275302e-08, 'epoch': 13.28}
{'loss': 0.0044, 'grad_norm': 0.41916367411613464, 'learning_rate': 2.3179744394019134e-08, 'epoch': 13.32}
{'loss': 0.0043, 'grad_norm': 0.9358668923377991, 'learning_rate': 2.0538215109222133e-08, 'epoch': 13.36}
{'loss': 0.0039, 'grad_norm': 0.3457000255584717, 'learning_rate': 1.8055536390221985e-08, 'epoch': 13.4}
{'loss': 0.0044, 'grad_norm': 0.40713006258010864, 'learning_rate': 1.5731940817553516e-08, 'epoch': 13.44}
{'loss': 0.004, 'grad_norm': 0.8226593732833862, 'learning_rate': 1.3567646068637393e-08, 'epoch': 13.48}
{'loss': 0.0038, 'grad_norm': 0.33149340748786926, 'learning_rate': 1.1562854897389066e-08, 'epoch': 13.52}
{'loss': 0.0038, 'grad_norm': 1.0351731777191162, 'learning_rate': 9.717755115222993e-09, 'epoch': 13.56}
{'loss': 0.004, 'grad_norm': 1.5900064706802368, 'learning_rate': 8.032519573459401e-09, 'epoch': 13.6}
{'loss': 0.0045, 'grad_norm': 1.1207726001739502, 'learning_rate': 6.5073061471307106e-09, 'epoch': 13.64}
{'loss': 0.0043, 'grad_norm': 0.9735091924667358, 'learning_rate': 5.142257720191824e-09, 'epoch': 13.68}
{'loss': 0.0042, 'grad_norm': 0.45689237117767334, 'learning_rate': 3.937502172134848e-09, 'epoch': 13.72}
{'loss': 0.0041, 'grad_norm': 0.9206157326698303, 'learning_rate': 2.893152366008445e-09, 'epoch': 13.76}
{'loss': 0.0043, 'grad_norm': 1.0018020868301392, 'learning_rate': 2.0093061378452277e-09, 'epoch': 13.8}
{'loss': 0.0044, 'grad_norm': 0.5111031532287598, 'learning_rate': 1.286046287496648e-09, 'epoch': 13.84}
{'loss': 0.0049, 'grad_norm': 0.24278171360492706, 'learning_rate': 7.234405708751696e-10, 'epoch': 13.88}
{'loss': 0.0055, 'grad_norm': 1.356286644935608, 'learning_rate': 3.2154169360792747e-10, 'epoch': 13.92}
{'loss': 0.0039, 'grad_norm': 0.9854632019996643, 'learning_rate': 8.038730609863138e-11, 'epoch': 13.96}
{'loss': 0.0045, 'grad_norm': 0.673430860042572, 'learning_rate': 0.0, 'epoch': 14.0}
{'eval_loss': 0.0022925795055925846, 'eval_score': 0.0015085070967085323, 'eval_err_F': 0.0009018010173890263, 'eval_err_M': 0.0013062717369353636, 'eval_err_diff': 0.0004044707195463372, 'eval_mse': 0.0009349969290235315, 'eval_mae': 0.02195090084026724, 'eval_runtime': 20.5742, 'eval_samples_per_second': 972.092, 'eval_steps_per_second': 7.631, 'epoch': 14.0}
{'train_runtime': 4012.1618, 'train_samples_per_second': 279.151, 'train_steps_per_second': 4.362, 'train_loss': 0.025389026866640362, 'epoch': 14.0}
[EMA] Swapped EMA weights into model (decay=0.9998)
[EMA] Swapped EMA weights into model (decay=0.9998)
score=0.00195 | err_diff=0.00059 | loss=0.00280
score=0.00195 | err_diff=0.00059 | loss=0.00280
Saved 30 worst predictions: results/optuna_dinov3-vitb16-3090-v2_trial_2/worst/worst.csv + results/optuna_dinov3-vitb16-3090-v2_trial_2/worst/images
Model saved: models:/m-dd61accd3fd64e469248198e7672de70
Trial 2: score=inf err_F=inf err_M=inf err_diff=inf
Loaded 100,000 samples from data/raw/train.csv
Loaded 100,000 samples from data/raw/train.csv
Train: 80,000 | Val: 20,000
Train: 80,000 | Val: 20,000
Sampler 'occlusion': 10 groups, 80000 samples/epoch
PMF ratios test/train (20 bins of 0.025): [0.215, 0.339, 0.566, 0.734, 0.919, 1.071, 1.326, 1.448, 1.653, 1.866, 1.995, 1.941, 1.557, 1.293, 1.292, 0.629, 0.959, 0.067, 0.067, 0.067]
eval_importance_reweight ON (eval_score reweighted to test distribution)
Sampler 'occlusion': 10 groups, 80000 samples/epoch
PMF ratios test/train (20 bins of 0.025): [0.215, 0.339, 0.566, 0.734, 0.919, 1.071, 1.326, 1.448, 1.653, 1.866, 1.995, 1.941, 1.557, 1.293, 1.292, 0.629, 0.959, 0.067, 0.067, 0.067]
eval_importance_reweight ON (eval_score reweighted to test distribution)
Gender reweight: F=1.352, M=0.648 (mean=1.0)
Gender reweight: F=1.352, M=0.648 (mean=1.0)
DINOv3 drop_path_rate=0.011513981835409637 applied (linear 0 → 0.012 across 12 blocks via sample_drop_ratio)
DINOv3 drop_path_rate=0.011513981835409637 applied (linear 0 → 0.012 across 12 blocks via sample_drop_ratio)
Loaded DINOv3 weights: dinov3_vitb16_pretrain_lvd1689m-73cec8be.pth
EMA enabled: decay=0.9998, warmup_steps=200
WeightedMSELoss: focal_gamma=0.0, fairness_lambda=1.9449792627589404, gender_reweight=on (F=1.35, M=0.65)
Training dinov3-vitb16-3090-v2_trial3 (best_metric=eval_score)
Loaded DINOv3 weights: dinov3_vitb16_pretrain_lvd1689m-73cec8be.pth
EMA enabled: decay=0.9998, warmup_steps=200
WeightedMSELoss: focal_gamma=0.0, fairness_lambda=1.9449792627589404, gender_reweight=on (F=1.35, M=0.65)
Training dinov3-vitb16-3090-v2_trial3 (best_metric=eval_score)
LLRD: 14 groups, LR ∈ [4.61e-07, 1.17e-04]
LLRD: 14 groups, LR ∈ [4.61e-07, 1.17e-04]
{'loss': 0.1228, 'grad_norm': 1.5528427362442017, 'learning_rate': 2.4461807969723994e-08, 'epoch': 0.04}
{'loss': 0.0907, 'grad_norm': 1.857924461364746, 'learning_rate': 4.892361593944799e-08, 'epoch': 0.08}
{'loss': 0.089, 'grad_norm': 1.9014809131622314, 'learning_rate': 7.338542390917198e-08, 'epoch': 0.12}
{'loss': 0.0789, 'grad_norm': 10.029485702514648, 'learning_rate': 9.784723187889598e-08, 'epoch': 0.16}
{'loss': 0.085, 'grad_norm': 1.6189159154891968, 'learning_rate': 1.2230903984861997e-07, 'epoch': 0.2}
{'loss': 0.0765, 'grad_norm': 1.8589200973510742, 'learning_rate': 1.4677084781834395e-07, 'epoch': 0.24}
{'loss': 0.0847, 'grad_norm': 6.737910747528076, 'learning_rate': 1.7123265578806794e-07, 'epoch': 0.28}
{'loss': 0.1021, 'grad_norm': 8.616791725158691, 'learning_rate': 1.9569446375779196e-07, 'epoch': 0.32}
{'loss': 0.0845, 'grad_norm': 3.4092981815338135, 'learning_rate': 2.2015627172751594e-07, 'epoch': 0.36}
{'loss': 0.0844, 'grad_norm': 3.4560706615448, 'learning_rate': 2.4461807969723993e-07, 'epoch': 0.4}
{'loss': 0.0705, 'grad_norm': 8.191145896911621, 'learning_rate': 2.690798876669639e-07, 'epoch': 0.44}
{'loss': 0.0769, 'grad_norm': 3.836287260055542, 'learning_rate': 2.935416956366879e-07, 'epoch': 0.48}
{'loss': 0.0665, 'grad_norm': 1.297925591468811, 'learning_rate': 3.1800350360641187e-07, 'epoch': 0.52}
{'loss': 0.0598, 'grad_norm': 4.943333625793457, 'learning_rate': 3.424653115761359e-07, 'epoch': 0.56}
{'loss': 0.0581, 'grad_norm': 2.1890437602996826, 'learning_rate': 3.6692711954585984e-07, 'epoch': 0.6}
{'loss': 0.0698, 'grad_norm': 1.223754644393921, 'learning_rate': 3.913889275155839e-07, 'epoch': 0.64}
{'loss': 0.0606, 'grad_norm': 4.503422260284424, 'learning_rate': 4.1585073548530787e-07, 'epoch': 0.68}
{'loss': 0.0723, 'grad_norm': 0.9790911078453064, 'learning_rate': 4.403125434550319e-07, 'epoch': 0.72}
{'loss': 0.0463, 'grad_norm': 0.8872784972190857, 'learning_rate': 4.613494948379036e-07, 'epoch': 0.76}
{'loss': 0.0501, 'grad_norm': 1.7120757102966309, 'learning_rate': 4.613362070594508e-07, 'epoch': 0.8}
{'loss': 0.0444, 'grad_norm': 3.945629358291626, 'learning_rate': 4.613021582917551e-07, 'epoch': 0.84}
{'loss': 0.0463, 'grad_norm': 8.675666809082031, 'learning_rate': 4.6124735159942235e-07, 'epoch': 0.88}
{'loss': 0.0479, 'grad_norm': 2.350377082824707, 'learning_rate': 4.6117179191540315e-07, 'epoch': 0.92}
{'loss': 0.0418, 'grad_norm': 1.9059618711471558, 'learning_rate': 4.610754860405499e-07, 'epoch': 0.96}
{'loss': 0.0329, 'grad_norm': 1.9505239725112915, 'learning_rate': 4.609584426430036e-07, 'epoch': 1.0}
{'eval_loss': 0.008630679920315742, 'eval_score': 0.007090259394876014, 'eval_err_F': 0.0028558480906984373, 'eval_err_M': 0.005678788960150154, 'eval_err_diff': 0.002822940869451717, 'eval_mse': 0.0018678203018102205, 'eval_mae': 0.030276093686888998, 'eval_runtime': 21.1044, 'eval_samples_per_second': 947.67, 'eval_steps_per_second': 7.439, 'epoch': 1.0}
{'loss': 0.0285, 'grad_norm': 3.7250423431396484, 'learning_rate': 4.608206722574146e-07, 'epoch': 1.04}
{'loss': 0.0296, 'grad_norm': 1.2885730266571045, 'learning_rate': 4.6066218728399383e-07, 'epoch': 1.08}
{'loss': 0.0339, 'grad_norm': 5.1070122718811035, 'learning_rate': 4.604830019873967e-07, 'epoch': 1.12}
{'loss': 0.022, 'grad_norm': 1.3984286785125732, 'learning_rate': 4.6028313249543986e-07, 'epoch': 1.16}
{'loss': 0.0202, 'grad_norm': 1.216705322265625, 'learning_rate': 4.6006259679764854e-07, 'epoch': 1.2}
{'loss': 0.0197, 'grad_norm': 3.2879233360290527, 'learning_rate': 4.598214147436383e-07, 'epoch': 1.24}
{'loss': 0.0195, 'grad_norm': 2.277954339981079, 'learning_rate': 4.5955960804132777e-07, 'epoch': 1.28}
{'loss': 0.0176, 'grad_norm': 2.9921772480010986, 'learning_rate': 4.592772002549854e-07, 'epoch': 1.32}
{'loss': 0.0182, 'grad_norm': 1.488599419593811, 'learning_rate': 4.5897421680310813e-07, 'epoch': 1.36}
{'loss': 0.0171, 'grad_norm': 0.6986039876937866, 'learning_rate': 4.586506849561336e-07, 'epoch': 1.4}
{'loss': 0.0208, 'grad_norm': 1.577254295349121, 'learning_rate': 4.583066338339858e-07, 'epoch': 1.44}
{'loss': 0.0141, 'grad_norm': 3.0720834732055664, 'learning_rate': 4.579420944034537e-07, 'epoch': 1.48}
{'loss': 0.0123, 'grad_norm': 0.9407967925071716, 'learning_rate': 4.5755709947540485e-07, 'epoch': 1.52}
{'loss': 0.0154, 'grad_norm': 0.559675395488739, 'learning_rate': 4.5715168370183123e-07, 'epoch': 1.56}
{'loss': 0.0133, 'grad_norm': 1.9453192949295044, 'learning_rate': 4.5672588357273094e-07, 'epoch': 1.6}
{'loss': 0.0107, 'grad_norm': 0.36257389187812805, 'learning_rate': 4.562797374128238e-07, 'epoch': 1.64}
{'loss': 0.0116, 'grad_norm': 2.2078871726989746, 'learning_rate': 4.5581328537810175e-07, 'epoch': 1.68}
{'loss': 0.0103, 'grad_norm': 1.1718332767486572, 'learning_rate': 4.553265694522145e-07, 'epoch': 1.72}
{'loss': 0.0105, 'grad_norm': 0.6190621256828308, 'learning_rate': 4.54819633442691e-07, 'epoch': 1.76}
{'loss': 0.0072, 'grad_norm': 0.9888522624969482, 'learning_rate': 4.5429252297699635e-07, 'epoch': 1.8}
{'loss': 0.0172, 'grad_norm': 0.9589491486549377, 'learning_rate': 4.537452854984248e-07, 'epoch': 1.84}
{'loss': 0.01, 'grad_norm': 0.9010694622993469, 'learning_rate': 4.5317797026183e-07, 'epoch': 1.88}
{'loss': 0.008, 'grad_norm': 1.4660927057266235, 'learning_rate': 4.525906283291914e-07, 'epoch': 1.92}
{'loss': 0.0063, 'grad_norm': 0.7292760610580444, 'learning_rate': 4.5198331256501857e-07, 'epoch': 1.96}
{'loss': 0.0092, 'grad_norm': 1.4336649179458618, 'learning_rate': 4.5135607763159276e-07, 'epoch': 2.0}
{'eval_loss': 0.005052908789366484, 'eval_score': 0.002437188020261131, 'eval_err_F': 0.0012202443500281069, 'eval_err_M': 0.0020315401301834565, 'eval_err_diff': 0.0008112957801553497, 'eval_mse': 0.0014285113352146574, 'eval_mae': 0.02808729937407661, 'eval_runtime': 21.0186, 'eval_samples_per_second': 951.54, 'eval_steps_per_second': 7.47, 'epoch': 2.0}
{'loss': 0.0065, 'grad_norm': 1.100018858909607, 'learning_rate': 4.5070897998404735e-07, 'epoch': 2.04}
{'loss': 0.0106, 'grad_norm': 0.7810677289962769, 'learning_rate': 4.500420778652862e-07, 'epoch': 2.08}
{'loss': 0.0075, 'grad_norm': 0.5942009687423706, 'learning_rate': 4.4935543130074163e-07, 'epoch': 2.12}
{'loss': 0.0081, 'grad_norm': 1.8400111198425293, 'learning_rate': 4.4864910209297146e-07, 'epoch': 2.16}
{'loss': 0.0057, 'grad_norm': 0.805423378944397, 'learning_rate': 4.479231538160968e-07, 'epoch': 2.2}
{'loss': 0.0075, 'grad_norm': 0.6552712321281433, 'learning_rate': 4.4717765181007977e-07, 'epoch': 2.24}
{'loss': 0.0066, 'grad_norm': 1.050823450088501, 'learning_rate': 4.4641266317484217e-07, 'epoch': 2.28}
{'loss': 0.006, 'grad_norm': 1.5528424978256226, 'learning_rate': 4.456282567642268e-07, 'epoch': 2.32}
{'loss': 0.0056, 'grad_norm': 0.6402989029884338, 'learning_rate': 4.448245031797994e-07, 'epoch': 2.36}
{'loss': 0.0066, 'grad_norm': 1.0543408393859863, 'learning_rate': 4.440014747644945e-07, 'epoch': 2.4}
{'loss': 0.0061, 'grad_norm': 0.8315452933311462, 'learning_rate': 4.431592455961041e-07, 'epoch': 2.44}
{'loss': 0.0069, 'grad_norm': 0.9247569441795349, 'learning_rate': 4.422978914806101e-07, 'epoch': 2.48}
{'loss': 0.0066, 'grad_norm': 0.6728633642196655, 'learning_rate': 4.4141748994536107e-07, 'epoch': 2.52}
{'loss': 0.0075, 'grad_norm': 0.2616974711418152, 'learning_rate': 4.405181202320947e-07, 'epoch': 2.56}
{'loss': 0.0167, 'grad_norm': 1.4076682329177856, 'learning_rate': 4.3959986328980515e-07, 'epoch': 2.6}
{'loss': 0.0045, 'grad_norm': 1.7452141046524048, 'learning_rate': 4.386628017674577e-07, 'epoch': 2.64}
{'loss': 0.0063, 'grad_norm': 1.0435404777526855, 'learning_rate': 4.3770702000654884e-07, 'epoch': 2.68}
{'loss': 0.0057, 'grad_norm': 0.2676248252391815, 'learning_rate': 4.3673260403351624e-07, 'epoch': 2.72}
{'loss': 0.0054, 'grad_norm': 0.6969093680381775, 'learning_rate': 4.3573964155199467e-07, 'epoch': 2.76}
{'loss': 0.0051, 'grad_norm': 0.6475679278373718, 'learning_rate': 4.3472822193492287e-07, 'epoch': 2.8}
{'loss': 0.0085, 'grad_norm': 1.1704105138778687, 'learning_rate': 4.3369843621649915e-07, 'epoch': 2.84}
{'loss': 0.005, 'grad_norm': 0.9039577841758728, 'learning_rate': 4.3265037708398765e-07, 'epoch': 2.88}
{'loss': 0.0059, 'grad_norm': 0.3204503059387207, 'learning_rate': 4.315841388693761e-07, 'epoch': 2.92}
{'loss': 0.0113, 'grad_norm': 8.125096321105957, 'learning_rate': 4.3049981754088524e-07, 'epoch': 2.96}
{'loss': 0.0082, 'grad_norm': 0.8212792873382568, 'learning_rate': 4.29397510694331e-07, 'epoch': 3.0}
{'eval_loss': 0.004782386589795351, 'eval_score': 0.002227211407282063, 'eval_err_F': 0.001302907347982996, 'eval_err_M': 0.001919110054182374, 'eval_err_diff': 0.000616202706199378, 'eval_mse': 0.0010707930295429993, 'eval_mae': 0.023237490057996548, 'eval_runtime': 21.1408, 'eval_samples_per_second': 946.039, 'eval_steps_per_second': 7.426, 'epoch': 3.0}
{'loss': 0.0049, 'grad_norm': 0.458209365606308, 'learning_rate': 4.2827731754434035e-07, 'epoch': 3.04}
{'loss': 0.0041, 'grad_norm': 1.4349464178085327, 'learning_rate': 4.2713933891542136e-07, 'epoch': 3.08}
{'loss': 0.0042, 'grad_norm': 0.2289145290851593, 'learning_rate': 4.259836772328883e-07, 'epoch': 3.12}
{'loss': 0.005, 'grad_norm': 0.9030354619026184, 'learning_rate': 4.2481043651364273e-07, 'epoch': 3.16}
{'loss': 0.0051, 'grad_norm': 0.26977840065956116, 'learning_rate': 4.2361972235681133e-07, 'epoch': 3.2}
{'loss': 0.0055, 'grad_norm': 1.1164149045944214, 'learning_rate': 4.224116419342413e-07, 'epoch': 3.24}
{'loss': 0.0061, 'grad_norm': 0.2861444056034088, 'learning_rate': 4.2118630398085416e-07, 'epoch': 3.28}
{'loss': 0.0048, 'grad_norm': 0.3293203115463257, 'learning_rate': 4.19943818784859e-07, 'epoch': 3.32}
{'loss': 0.0045, 'grad_norm': 0.664667010307312, 'learning_rate': 4.1868429817782585e-07, 'epoch': 3.36}
{'loss': 0.0048, 'grad_norm': 0.5051054954528809, 'learning_rate': 4.174078555246199e-07, 'epoch': 3.4}
{'loss': 0.0042, 'grad_norm': 0.8554608821868896, 'learning_rate': 4.161146057131984e-07, 'epoch': 3.44}
{'loss': 0.0034, 'grad_norm': 1.056413173675537, 'learning_rate': 4.148046651442696e-07, 'epoch': 3.48}
{'loss': 0.0042, 'grad_norm': 1.7820905447006226, 'learning_rate': 4.134781517208159e-07, 'epoch': 3.52}
{'loss': 0.0048, 'grad_norm': 0.8078286647796631, 'learning_rate': 4.121351848374824e-07, 'epoch': 3.56}
{'loss': 0.0045, 'grad_norm': 0.26172590255737305, 'learning_rate': 4.1077588536982976e-07, 'epoch': 3.6}
{'loss': 0.0063, 'grad_norm': 0.761563241481781, 'learning_rate': 4.094003756634556e-07, 'epoch': 3.64}
{'loss': 0.0043, 'grad_norm': 0.5913761854171753, 'learning_rate': 4.080087795229818e-07, 'epoch': 3.68}
{'loss': 0.0039, 'grad_norm': 1.056357979774475, 'learning_rate': 4.0660122220091165e-07, 'epoch': 3.72}
{'loss': 0.0095, 'grad_norm': 0.38062962889671326, 'learning_rate': 4.051778303863564e-07, 'epoch': 3.76}
{'loss': 0.0042, 'grad_norm': 0.6537596583366394, 'learning_rate': 4.0373873219363225e-07, 'epoch': 3.8}
{'loss': 0.0043, 'grad_norm': 0.5731016993522644, 'learning_rate': 4.0228405715072943e-07, 'epoch': 3.84}
{'loss': 0.004, 'grad_norm': 0.47541308403015137, 'learning_rate': 4.008139361876537e-07, 'epoch': 3.88}
{'loss': 0.0039, 'grad_norm': 1.0800970792770386, 'learning_rate': 3.993285016246417e-07, 'epoch': 3.92}
{'loss': 0.0038, 'grad_norm': 0.4633042514324188, 'learning_rate': 3.978278871602519e-07, 'epoch': 3.96}
{'loss': 0.0037, 'grad_norm': 0.36567068099975586, 'learning_rate': 3.9631222785933e-07, 'epoch': 4.0}
{'eval_loss': 0.004765963647514582, 'eval_score': 0.0022395455971811248, 'eval_err_F': 0.00124666040534333, 'eval_err_M': 0.0019085838665685263, 'eval_err_diff': 0.0006619234612251963, 'eval_mse': 0.0009371529154869956, 'eval_mae': 0.02084734348147649, 'eval_runtime': 21.2131, 'eval_samples_per_second': 942.816, 'eval_steps_per_second': 7.401, 'epoch': 4.0}
{'loss': 0.0042, 'grad_norm': 0.9752122759819031, 'learning_rate': 3.947816601408528e-07, 'epoch': 4.04}
{'loss': 0.008, 'grad_norm': 0.5549277067184448, 'learning_rate': 3.9323632176564964e-07, 'epoch': 4.08}
{'loss': 0.004, 'grad_norm': 0.7871243953704834, 'learning_rate': 3.9167635182400283e-07, 'epoch': 4.12}
{'loss': 0.0094, 'grad_norm': 0.8449150919914246, 'learning_rate': 3.901018907231286e-07, 'epoch': 4.16}
{'loss': 0.0032, 'grad_norm': 0.43230757117271423, 'learning_rate': 3.885130801745398e-07, 'epoch': 4.2}
{'loss': 0.0054, 'grad_norm': 1.1248751878738403, 'learning_rate': 3.8691006318129086e-07, 'epoch': 4.24}
{'loss': 0.0033, 'grad_norm': 0.25553175806999207, 'learning_rate': 3.8529298402510643e-07, 'epoch': 4.28}
{'loss': 0.0051, 'grad_norm': 0.2585495710372925, 'learning_rate': 3.8366198825339556e-07, 'epoch': 4.32}
{'loss': 0.0039, 'grad_norm': 0.2673788368701935, 'learning_rate': 3.820172226661508e-07, 'epoch': 4.36}
{'loss': 0.0032, 'grad_norm': 0.766064465045929, 'learning_rate': 3.8035883530273604e-07, 'epoch': 4.4}
{'loss': 0.0043, 'grad_norm': 1.5130536556243896, 'learning_rate': 3.7868697542856145e-07, 'epoch': 4.44}
{'loss': 0.0048, 'grad_norm': 0.9141265749931335, 'learning_rate': 3.7700179352164894e-07, 'epoch': 4.48}
{'loss': 0.0092, 'grad_norm': 0.5385281443595886, 'learning_rate': 3.75303441259088e-07, 'epoch': 4.52}
{'loss': 0.0035, 'grad_norm': 0.5951882600784302, 'learning_rate': 3.73592071503384e-07, 'epoch': 4.56}
{'loss': 0.0118, 'grad_norm': 0.41488832235336304, 'learning_rate': 3.718678382886996e-07, 'epoch': 4.6}
{'loss': 0.0031, 'grad_norm': 0.23980174958705902, 'learning_rate': 3.701308968069902e-07, 'epoch': 4.64}
{'loss': 0.0119, 'grad_norm': 1.2893575429916382, 'learning_rate': 3.683814033940364e-07, 'epoch': 4.68}
{'loss': 0.0029, 'grad_norm': 0.4125540256500244, 'learning_rate': 3.6661951551537235e-07, 'epoch': 4.72}
{'loss': 0.0049, 'grad_norm': 1.7899597883224487, 'learning_rate': 3.6484539175211295e-07, 'epoch': 4.76}
{'loss': 0.0036, 'grad_norm': 0.5543097853660583, 'learning_rate': 3.630591917866804e-07, 'epoch': 4.8}
{'loss': 0.0026, 'grad_norm': 1.1797518730163574, 'learning_rate': 3.612610763884322e-07, 'epoch': 4.84}
{'loss': 0.0031, 'grad_norm': 0.46273690462112427, 'learning_rate': 3.5945120739919015e-07, 'epoch': 4.88}
{'loss': 0.0043, 'grad_norm': 1.4333730936050415, 'learning_rate': 3.576297477186745e-07, 'epoch': 4.92}
{'loss': 0.0035, 'grad_norm': 1.526283860206604, 'learning_rate': 3.557968612898411e-07, 'epoch': 4.96}
{'loss': 0.0096, 'grad_norm': 10.523048400878906, 'learning_rate': 3.5395271308412584e-07, 'epoch': 5.0}
{'eval_loss': 0.004175730049610138, 'eval_score': 0.0016263190298670897, 'eval_err_F': 0.0008052942329763171, 'eval_err_M': 0.0013526440975701656, 'eval_err_diff': 0.0005473498645938485, 'eval_mse': 0.0010649855530558924, 'eval_mae': 0.02335948396823842, 'eval_runtime': 21.1114, 'eval_samples_per_second': 947.356, 'eval_steps_per_second': 7.437, 'epoch': 5.0}
{'loss': 0.0057, 'grad_norm': 0.9996351599693298, 'learning_rate': 3.5209746908659616e-07, 'epoch': 5.04}
{'loss': 0.0037, 'grad_norm': 0.6711597442626953, 'learning_rate': 3.5023129628101157e-07, 'epoch': 5.08}
{'loss': 0.0034, 'grad_norm': 0.9483413100242615, 'learning_rate': 3.483543626347935e-07, 'epoch': 5.12}
{'loss': 0.0037, 'grad_norm': 0.703722357749939, 'learning_rate': 3.464668370839077e-07, 'epoch': 5.16}
{'loss': 0.0028, 'grad_norm': 1.5278156995773315, 'learning_rate': 3.445688895176586e-07, 'epoch': 5.2}
{'loss': 0.0043, 'grad_norm': 0.3150854706764221, 'learning_rate': 3.4266069076339817e-07, 'epoch': 5.24}
{'loss': 0.0043, 'grad_norm': 1.1086633205413818, 'learning_rate': 3.407424125711509e-07, 'epoch': 5.28}
{'loss': 0.0047, 'grad_norm': 0.5978129506111145, 'learning_rate': 3.388142275981543e-07, 'epoch': 5.32}
{'loss': 0.0031, 'grad_norm': 0.36483341455459595, 'learning_rate': 3.3687630939331963e-07, 'epoch': 5.36}
{'loss': 0.0056, 'grad_norm': 1.014034390449524, 'learning_rate': 3.3492883238161057e-07, 'epoch': 5.4}
{'loss': 0.0043, 'grad_norm': 0.16762754321098328, 'learning_rate': 3.329719718483443e-07, 'epoch': 5.44}
{'loss': 0.0029, 'grad_norm': 0.32697850465774536, 'learning_rate': 3.3100590392341484e-07, 'epoch': 5.48}
{'loss': 0.0025, 'grad_norm': 1.2282212972640991, 'learning_rate': 3.2903080556543963e-07, 'epoch': 5.52}
{'loss': 0.0032, 'grad_norm': 0.23670054972171783, 'learning_rate': 3.270468545458329e-07, 'epoch': 5.56}
{'loss': 0.003, 'grad_norm': 0.3736072778701782, 'learning_rate': 3.250542294328044e-07, 'epoch': 5.6}
{'loss': 0.0029, 'grad_norm': 0.4585445821285248, 'learning_rate': 3.230531095752877e-07, 'epoch': 5.64}
{'loss': 0.0025, 'grad_norm': 0.33017316460609436, 'learning_rate': 3.210436750867974e-07, 'epoch': 5.68}
{'loss': 0.0027, 'grad_norm': 0.34711557626724243, 'learning_rate': 3.1902610682921754e-07, 'epoch': 5.72}
{'loss': 0.0035, 'grad_norm': 0.34543177485466003, 'learning_rate': 3.1700058639652333e-07, 'epoch': 5.76}
{'loss': 0.0043, 'grad_norm': 0.5934770107269287, 'learning_rate': 3.1496729609843625e-07, 'epoch': 5.8}
{'loss': 0.0027, 'grad_norm': 0.2708709239959717, 'learning_rate': 3.1292641894401495e-07, 'epoch': 5.84}
{'loss': 0.0031, 'grad_norm': 0.6915460228919983, 'learning_rate': 3.108781386251838e-07, 'epoch': 5.88}
{'loss': 0.0035, 'grad_norm': 0.43057265877723694, 'learning_rate': 3.0882263950019855e-07, 'epoch': 5.92}
{'loss': 0.0035, 'grad_norm': 0.9143106937408447, 'learning_rate': 3.067601065770537e-07, 'epoch': 5.96}
{'loss': 0.0031, 'grad_norm': 1.2273021936416626, 'learning_rate': 3.0469072549683024e-07, 'epoch': 6.0}
{'eval_loss': 0.004091654904186726, 'eval_score': 0.0017251646829056328, 'eval_err_F': 0.0007871334811748233, 'eval_err_M': 0.0014124876156620296, 'eval_err_diff': 0.0006253541344872064, 'eval_mse': 0.0009353329785534986, 'eval_mae': 0.020733651943369843, 'eval_runtime': 20.9248, 'eval_samples_per_second': 955.802, 'eval_steps_per_second': 7.503, 'epoch': 6.0}
{'loss': 0.0027, 'grad_norm': 0.993594765663147, 'learning_rate': 3.02614682516987e-07, 'epoch': 6.04}
{'loss': 0.0032, 'grad_norm': 1.3611218929290771, 'learning_rate': 3.0053216449459585e-07, 'epoch': 6.08}
{'loss': 0.003, 'grad_norm': 0.9544541239738464, 'learning_rate': 2.98443358869524e-07, 'epoch': 6.12}
{'loss': 0.0025, 'grad_norm': 0.2826577425003052, 'learning_rate': 2.963484536475627e-07, 'epoch': 6.16}
{'loss': 0.0028, 'grad_norm': 1.1637505292892456, 'learning_rate': 2.9424763738350574e-07, 'epoch': 6.2}
{'loss': 0.0026, 'grad_norm': 0.47914400696754456, 'learning_rate': 2.9214109916417826e-07, 'epoch': 6.24}
{'loss': 0.0024, 'grad_norm': 0.2631554901599884, 'learning_rate': 2.900290285914179e-07, 'epoch': 6.28}
{'loss': 0.0024, 'grad_norm': 0.4200505316257477, 'learning_rate': 2.8791161576500916e-07, 'epoch': 6.32}
{'loss': 0.0023, 'grad_norm': 0.29962003231048584, 'learning_rate': 2.857890512655734e-07, 'epoch': 6.36}
{'loss': 0.0035, 'grad_norm': 0.5561959743499756, 'learning_rate': 2.836615261374153e-07, 'epoch': 6.4}
{'loss': 0.0062, 'grad_norm': 0.46508410573005676, 'learning_rate': 2.8152923187132757e-07, 'epoch': 6.44}
{'loss': 0.0026, 'grad_norm': 0.30761849880218506, 'learning_rate': 2.79392360387356e-07, 'epoch': 6.48}
{'loss': 0.0078, 'grad_norm': 0.7804162502288818, 'learning_rate': 2.7725110401752485e-07, 'epoch': 6.52}
{'loss': 0.0025, 'grad_norm': 0.5397173166275024, 'learning_rate': 2.751056554885259e-07, 'epoch': 6.56}
{'loss': 0.0027, 'grad_norm': 0.60433030128479, 'learning_rate': 2.729562079043721e-07, 'epoch': 6.6}
{'loss': 0.0087, 'grad_norm': 0.3418574035167694, 'learning_rate': 2.7080295472901673e-07, 'epoch': 6.64}
{'loss': 0.0022, 'grad_norm': 0.593426525592804, 'learning_rate': 2.686460897689406e-07, 'epoch': 6.68}
{'loss': 0.0028, 'grad_norm': 1.1509085893630981, 'learning_rate': 2.664858071557079e-07, 'epoch': 6.72}
{'loss': 0.0029, 'grad_norm': 0.5473741292953491, 'learning_rate': 2.643223013284935e-07, 'epoch': 6.76}
{'loss': 0.0027, 'grad_norm': 0.2692989706993103, 'learning_rate': 2.62155767016582e-07, 'epoch': 6.8}
{'loss': 0.0023, 'grad_norm': 0.7378365397453308, 'learning_rate': 2.599863992218408e-07, 'epoch': 6.84}
{'loss': 0.0028, 'grad_norm': 0.9590781927108765, 'learning_rate': 2.5781439320116885e-07, 'epoch': 6.88}
{'loss': 0.0022, 'grad_norm': 0.5716136693954468, 'learning_rate': 2.5563994444892226e-07, 'epoch': 6.92}
{'loss': 0.0027, 'grad_norm': 0.4490819573402405, 'learning_rate': 2.5346324867931854e-07, 'epoch': 6.96}
{'loss': 0.0079, 'grad_norm': 0.1543521285057068, 'learning_rate': 2.512845018088208e-07, 'epoch': 7.0}
{'eval_loss': 0.003932353109121323, 'eval_score': 0.0016942052636017332, 'eval_err_F': 0.0008125213236869859, 'eval_err_M': 0.001400310616963484, 'eval_err_diff': 0.0005877892932764982, 'eval_mse': 0.0007406594772260061, 'eval_mae': 0.017353738730033, 'eval_runtime': 21.0259, 'eval_samples_per_second': 951.209, 'eval_steps_per_second': 7.467, 'epoch': 7.0}
{'loss': 0.0024, 'grad_norm': 0.15873292088508606, 'learning_rate': 2.4910389993850444e-07, 'epoch': 7.04}
{'loss': 0.003, 'grad_norm': 0.45230576395988464, 'learning_rate': 2.4692163933640687e-07, 'epoch': 7.08}
{'loss': 0.0037, 'grad_norm': 0.3999641239643097, 'learning_rate': 2.447379164198616e-07, 'epoch': 7.12}
{'loss': 0.0027, 'grad_norm': 1.2046144008636475, 'learning_rate': 2.4255292773781974e-07, 'epoch': 7.16}
{'loss': 0.0087, 'grad_norm': 0.14189833402633667, 'learning_rate': 2.403668699531595e-07, 'epoch': 7.2}
{'loss': 0.0042, 'grad_norm': 0.17001484334468842, 'learning_rate': 2.3817993982498505e-07, 'epoch': 7.24}
{'loss': 0.0025, 'grad_norm': 0.9782609939575195, 'learning_rate': 2.3599233419091705e-07, 'epoch': 7.28}
{'loss': 0.0028, 'grad_norm': 0.971674382686615, 'learning_rate': 2.3380424994937607e-07, 'epoch': 7.32}
{'loss': 0.0025, 'grad_norm': 0.5048490166664124, 'learning_rate': 2.3161588404186019e-07, 'epoch': 7.36}
{'loss': 0.0089, 'grad_norm': 0.3779780864715576, 'learning_rate': 2.2942743343521933e-07, 'epoch': 7.4}
{'loss': 0.0024, 'grad_norm': 0.6218422651290894, 'learning_rate': 2.2723909510392693e-07, 'epoch': 7.44}
{'loss': 0.0022, 'grad_norm': 0.17462998628616333, 'learning_rate': 2.2505106601235082e-07, 'epoch': 7.48}
{'loss': 0.0025, 'grad_norm': 0.3429199159145355, 'learning_rate': 2.2286354309702541e-07, 'epoch': 7.52}
{'loss': 0.0024, 'grad_norm': 0.42406055331230164, 'learning_rate': 2.2067672324892595e-07, 'epoch': 7.56}
{'loss': 0.0023, 'grad_norm': 0.4939083158969879, 'learning_rate': 2.1849080329574716e-07, 'epoch': 7.6}
{'loss': 0.0024, 'grad_norm': 0.3327831029891968, 'learning_rate': 2.1630597998418747e-07, 'epoch': 7.64}
{'loss': 0.0025, 'grad_norm': 0.24302461743354797, 'learning_rate': 2.141224499622407e-07, 'epoch': 7.68}
{'loss': 0.0052, 'grad_norm': 0.23316256701946259, 'learning_rate': 2.1194040976149634e-07, 'epoch': 7.72}
{'loss': 0.0021, 'grad_norm': 0.1965014636516571, 'learning_rate': 2.097600557794504e-07, 'epoch': 7.76}
{'loss': 0.0026, 'grad_norm': 0.26465630531311035, 'learning_rate': 2.0758158426182862e-07, 'epoch': 7.8}
{'loss': 0.0019, 'grad_norm': 0.2320677787065506, 'learning_rate': 2.0540519128492276e-07, 'epoch': 7.84}
{'loss': 0.0074, 'grad_norm': 0.25556981563568115, 'learning_rate': 2.0323107273794304e-07, 'epoch': 7.88}
{'loss': 0.0031, 'grad_norm': 0.8109727501869202, 'learning_rate': 2.010594243053862e-07, 'epoch': 7.92}
{'loss': 0.0024, 'grad_norm': 0.18471045792102814, 'learning_rate': 1.988904414494231e-07, 'epoch': 7.96}
{'loss': 0.0029, 'grad_norm': 0.4867279529571533, 'learning_rate': 1.9672431939230575e-07, 'epoch': 8.0}
{'eval_loss': 0.0041787950322031975, 'eval_score': 0.0018032407335202263, 'eval_err_F': 0.0011606240462530121, 'eval_err_M': 0.0015890351710978216, 'eval_err_diff': 0.0004284111248448095, 'eval_mse': 0.0007420646322518509, 'eval_mae': 0.01769404627145741, 'eval_runtime': 32.5169, 'eval_samples_per_second': 615.064, 'eval_steps_per_second': 4.828, 'epoch': 8.0}
[EMA] Swapped EMA weights into model (decay=0.9998)
{'train_runtime': 2209.2396, 'train_samples_per_second': 506.962, 'train_steps_per_second': 7.921, 'train_loss': 0.01419403604492545, 'epoch': 8.0}
[EMA] Swapped EMA weights into model (decay=0.9998)
score=0.00420 | err_diff=0.00128 | loss=0.00630
score=0.00420 | err_diff=0.00128 | loss=0.00630
Saved 30 worst predictions: results/optuna_dinov3-vitb16-3090-v2_trial_3/worst/worst.csv + results/optuna_dinov3-vitb16-3090-v2_trial_3/worst/images
Model saved: models:/m-79df0394d7fc4c91867f3f75c847846a
Trial 3: score=inf err_F=inf err_M=inf err_diff=inf
Loaded 100,000 samples from data/raw/train.csv
Train: 80,000 | Val: 20,000
PMF ratios test/train (20 bins of 0.025): [0.215, 0.34, 0.566, 0.734, 0.929, 1.073, 1.311, 1.473, 1.649, 1.886, 1.98, 1.897, 1.593, 1.316, 1.307, 0.627, 0.904, 0.067, 0.067, 0.067]
eval_importance_reweight ON (eval_score reweighted to test distribution)
Loaded 100,000 samples from data/raw/train.csv
Train: 80,000 | Val: 20,000
PMF ratios test/train (20 bins of 0.025): [0.215, 0.34, 0.566, 0.734, 0.929, 1.073, 1.311, 1.473, 1.649, 1.886, 1.98, 1.897, 1.593, 1.316, 1.307, 0.627, 0.904, 0.067, 0.067, 0.067]
eval_importance_reweight ON (eval_score reweighted to test distribution)
Cell reweight (2×20, 1/sqrt(count) normalized): max=5.409, min=0.087
Cell reweight (2×20, 1/sqrt(count) normalized): max=5.409, min=0.087
DINOv3 drop_path_rate=0.1171630512151102 applied (linear 0 → 0.117 across 12 blocks via sample_drop_ratio)
DINOv3 drop_path_rate=0.1171630512151102 applied (linear 0 → 0.117 across 12 blocks via sample_drop_ratio)
Loaded DINOv3 weights: dinov3_vitb16_pretrain_lvd1689m-73cec8be.pth
EMA enabled: decay=0.9998, warmup_steps=200
Loaded DINOv3 weights: dinov3_vitb16_pretrain_lvd1689m-73cec8be.pth
WeightedMSELoss: focal_gamma=0.0, fairness_lambda=1.3796523118546902, cell_reweight=on (max=5.41, min=0.09)
Training dinov3-vitb16-3090-v2_trial4 (best_metric=eval_score)
EMA enabled: decay=0.9998, warmup_steps=200
WeightedMSELoss: focal_gamma=0.0, fairness_lambda=1.3796523118546902, cell_reweight=on (max=5.41, min=0.09)
Training dinov3-vitb16-3090-v2_trial4 (best_metric=eval_score)
LLRD: 14 groups, LR ∈ [9.19e-07, 6.45e-05]
LLRD: 14 groups, LR ∈ [9.19e-07, 6.45e-05]
{'loss': 0.1573, 'grad_norm': 11.91679573059082, 'learning_rate': 4.0823686739010936e-08, 'epoch': 0.04}
{'loss': 0.0987, 'grad_norm': 6.213062286376953, 'learning_rate': 8.164737347802187e-08, 'epoch': 0.08}
{'loss': 0.0861, 'grad_norm': 9.287262916564941, 'learning_rate': 1.224710602170328e-07, 'epoch': 0.12}
{'loss': 0.0717, 'grad_norm': 2.850895643234253, 'learning_rate': 1.6329474695604374e-07, 'epoch': 0.16}
{'loss': 0.0888, 'grad_norm': 2.125729560852051, 'learning_rate': 2.0411843369505468e-07, 'epoch': 0.2}
{'loss': 0.0745, 'grad_norm': 3.9577550888061523, 'learning_rate': 2.449421204340656e-07, 'epoch': 0.24}
{'loss': 0.0641, 'grad_norm': 6.599160671234131, 'learning_rate': 2.8576580717307655e-07, 'epoch': 0.28}
{'loss': 0.0754, 'grad_norm': 3.0930721759796143, 'learning_rate': 3.265894939120875e-07, 'epoch': 0.32}
{'loss': 0.0761, 'grad_norm': 1.4703871011734009, 'learning_rate': 3.674131806510984e-07, 'epoch': 0.36}
{'loss': 0.0799, 'grad_norm': 5.314375877380371, 'learning_rate': 4.0823686739010936e-07, 'epoch': 0.4}
{'loss': 0.0664, 'grad_norm': 2.8842475414276123, 'learning_rate': 4.490605541291203e-07, 'epoch': 0.44}
{'loss': 0.0697, 'grad_norm': 4.8875627517700195, 'learning_rate': 4.898842408681312e-07, 'epoch': 0.48}
{'loss': 0.0629, 'grad_norm': 3.0670533180236816, 'learning_rate': 5.307079276071421e-07, 'epoch': 0.52}
{'loss': 0.0643, 'grad_norm': 2.779543876647949, 'learning_rate': 5.715316143461531e-07, 'epoch': 0.56}
{'loss': 0.0728, 'grad_norm': 2.3204751014709473, 'learning_rate': 6.12355301085164e-07, 'epoch': 0.6}
{'loss': 0.0615, 'grad_norm': 1.7862190008163452, 'learning_rate': 6.53178987824175e-07, 'epoch': 0.64}
{'loss': 0.0627, 'grad_norm': 4.346459865570068, 'learning_rate': 6.940026745631859e-07, 'epoch': 0.68}
{'loss': 0.0649, 'grad_norm': 3.8280487060546875, 'learning_rate': 7.348263613021968e-07, 'epoch': 0.72}
{'loss': 0.0584, 'grad_norm': 4.717823028564453, 'learning_rate': 7.756500480412077e-07, 'epoch': 0.76}
{'loss': 0.0828, 'grad_norm': 1.358871340751648, 'learning_rate': 8.164737347802187e-07, 'epoch': 0.8}
{'loss': 0.0582, 'grad_norm': 6.5367655754089355, 'learning_rate': 8.572974215192296e-07, 'epoch': 0.84}
{'loss': 0.0557, 'grad_norm': 9.276907920837402, 'learning_rate': 8.981211082582406e-07, 'epoch': 0.88}
{'loss': 0.0469, 'grad_norm': 4.580578327178955, 'learning_rate': 9.193426374162368e-07, 'epoch': 0.92}
{'loss': 0.044, 'grad_norm': 8.083222389221191, 'learning_rate': 9.192848940853592e-07, 'epoch': 0.96}
{'loss': 0.0446, 'grad_norm': 2.81257963180542, 'learning_rate': 9.19168236365846e-07, 'epoch': 1.0}
{'eval_loss': 0.00991878006607294, 'eval_score': 0.004660890160867596, 'eval_err_F': 0.003536361950978457, 'eval_err_M': 0.004286047424237883, 'eval_err_diff': 0.0007496854732594259, 'eval_mse': 0.0026132942295963766, 'eval_mae': 0.03861636086597664, 'eval_runtime': 30.7113, 'eval_samples_per_second': 651.227, 'eval_steps_per_second': 5.112, 'epoch': 1.0}
{'loss': 0.0433, 'grad_norm': 1.0940971374511719, 'learning_rate': 9.189926792112786e-07, 'epoch': 1.04}
{'loss': 0.0549, 'grad_norm': 2.5005645751953125, 'learning_rate': 9.187582451251675e-07, 'epoch': 1.08}
{'loss': 0.0407, 'grad_norm': 3.4335758686065674, 'learning_rate': 9.184649641580668e-07, 'epoch': 1.12}
{'loss': 0.0389, 'grad_norm': 4.5614824295043945, 'learning_rate': 9.181128739037238e-07, 'epoch': 1.16}
{'loss': 0.0353, 'grad_norm': 3.125140905380249, 'learning_rate': 9.177020194942587e-07, 'epoch': 1.2}
{'loss': 0.0394, 'grad_norm': 2.122281551361084, 'learning_rate': 9.172324535943809e-07, 'epoch': 1.24}
{'loss': 0.0322, 'grad_norm': 2.250765562057495, 'learning_rate': 9.167042363946359e-07, 'epoch': 1.28}
{'loss': 0.0317, 'grad_norm': 0.7130916118621826, 'learning_rate': 9.161174356036928e-07, 'epoch': 1.32}
{'loss': 0.0349, 'grad_norm': 1.8239240646362305, 'learning_rate': 9.154721264396628e-07, 'epoch': 1.36}
{'loss': 0.0324, 'grad_norm': 1.7572427988052368, 'learning_rate': 9.147683916204585e-07, 'epoch': 1.4}
{'loss': 0.0452, 'grad_norm': 1.9045466184616089, 'learning_rate': 9.140063213531913e-07, 'epoch': 1.44}
{'loss': 0.0376, 'grad_norm': 2.4227850437164307, 'learning_rate': 9.131860133226068e-07, 'epoch': 1.48}
{'loss': 0.0339, 'grad_norm': 1.5950251817703247, 'learning_rate': 9.123075726785651e-07, 'epoch': 1.52}
{'loss': 0.0305, 'grad_norm': 0.7840943336486816, 'learning_rate': 9.11371112022561e-07, 'epoch': 1.56}
{'loss': 0.0284, 'grad_norm': 2.628499984741211, 'learning_rate': 9.10376751393291e-07, 'epoch': 1.6}
{'loss': 0.0274, 'grad_norm': 1.1378651857376099, 'learning_rate': 9.093246182512658e-07, 'epoch': 1.64}
{'loss': 0.0251, 'grad_norm': 1.9834564924240112, 'learning_rate': 9.082148474624728e-07, 'epoch': 1.68}
{'loss': 0.0378, 'grad_norm': 1.1859896183013916, 'learning_rate': 9.070475812810879e-07, 'epoch': 1.72}
{'loss': 0.027, 'grad_norm': 0.4554782509803772, 'learning_rate': 9.058229693312406e-07, 'epoch': 1.76}
{'loss': 0.0252, 'grad_norm': 1.7460724115371704, 'learning_rate': 9.045411685878355e-07, 'epoch': 1.8}
{'loss': 0.0222, 'grad_norm': 3.3218653202056885, 'learning_rate': 9.032023433564303e-07, 'epoch': 1.84}
{'loss': 0.0291, 'grad_norm': 1.4923540353775024, 'learning_rate': 9.018066652521745e-07, 'epoch': 1.88}
{'loss': 0.0245, 'grad_norm': 2.029526948928833, 'learning_rate': 9.003543131778114e-07, 'epoch': 1.92}
{'loss': 0.023, 'grad_norm': 0.6788658499717712, 'learning_rate': 8.988454733007455e-07, 'epoch': 1.96}
{'loss': 0.0271, 'grad_norm': 2.764887809753418, 'learning_rate': 8.972803390291786e-07, 'epoch': 2.0}
{'eval_loss': 0.006081546191126108, 'eval_score': 0.002435528254192047, 'eval_err_F': 0.001908385371087879, 'eval_err_M': 0.002259813959823991, 'eval_err_diff': 0.00035142858873611193, 'eval_mse': 0.002068430894324839, 'eval_mae': 0.03624788691054655, 'eval_runtime': 20.6816, 'eval_samples_per_second': 967.042, 'eval_steps_per_second': 7.591, 'epoch': 2.0}
{'loss': 0.0253, 'grad_norm': 0.6416457295417786, 'learning_rate': 8.956591109873194e-07, 'epoch': 2.04}
{'loss': 0.0208, 'grad_norm': 1.2491025924682617, 'learning_rate': 8.939819969896652e-07, 'epoch': 2.08}
{'loss': 0.0224, 'grad_norm': 0.9704681634902954, 'learning_rate': 8.922492120143646e-07, 'epoch': 2.12}
{'loss': 0.025, 'grad_norm': 4.729090213775635, 'learning_rate': 8.904609781756605e-07, 'epoch': 2.16}
{'loss': 0.0185, 'grad_norm': 2.7597649097442627, 'learning_rate': 8.886175246954189e-07, 'epoch': 2.2}
{'loss': 0.0255, 'grad_norm': 1.238112449645996, 'learning_rate': 8.867190878737458e-07, 'epoch': 2.24}
{'loss': 0.0238, 'grad_norm': 2.0642428398132324, 'learning_rate': 8.847659110586988e-07, 'epoch': 2.28}
{'loss': 0.0165, 'grad_norm': 0.6919630169868469, 'learning_rate': 8.827582446150925e-07, 'epoch': 2.32}
{'loss': 0.0162, 'grad_norm': 1.2354493141174316, 'learning_rate': 8.806963458924067e-07, 'epoch': 2.36}
{'loss': 0.027, 'grad_norm': 1.873509168624878, 'learning_rate': 8.785804791917984e-07, 'epoch': 2.4}
{'loss': 0.0147, 'grad_norm': 0.42133256793022156, 'learning_rate': 8.764109157322227e-07, 'epoch': 2.44}
{'loss': 0.0174, 'grad_norm': 1.66453218460083, 'learning_rate': 8.741879336156666e-07, 'epoch': 2.48}
{'loss': 0.0172, 'grad_norm': 0.7190589308738708, 'learning_rate': 8.71911817791502e-07, 'epoch': 2.52}
{'loss': 0.0269, 'grad_norm': 1.65719473361969, 'learning_rate': 8.695828600199586e-07, 'epoch': 2.56}
{'loss': 0.016, 'grad_norm': 1.586747646331787, 'learning_rate': 8.672013588347262e-07, 'epoch': 2.6}
{'loss': 0.0189, 'grad_norm': 1.3609287738800049, 'learning_rate': 8.647676195046871e-07, 'epoch': 2.64}
{'loss': 0.026, 'grad_norm': 0.9050622582435608, 'learning_rate': 8.622819539947857e-07, 'epoch': 2.68}
{'loss': 0.0149, 'grad_norm': 0.8703160881996155, 'learning_rate': 8.597446809260402e-07, 'epoch': 2.72}
{'loss': 0.0134, 'grad_norm': 0.9950115084648132, 'learning_rate': 8.571561255346999e-07, 'epoch': 2.76}
{'loss': 0.0135, 'grad_norm': 0.7194779515266418, 'learning_rate': 8.545166196305562e-07, 'epoch': 2.8}
{'loss': 0.0124, 'grad_norm': 1.3524519205093384, 'learning_rate': 8.518265015544091e-07, 'epoch': 2.84}
{'loss': 0.0137, 'grad_norm': 2.5371296405792236, 'learning_rate': 8.490861161346989e-07, 'epoch': 2.88}
{'loss': 0.0146, 'grad_norm': 2.8257761001586914, 'learning_rate': 8.462958146433036e-07, 'epoch': 2.92}
{'loss': 0.0144, 'grad_norm': 1.3825215101242065, 'learning_rate': 8.434559547505124e-07, 'epoch': 2.96}
{'loss': 0.0121, 'grad_norm': 1.241014003753662, 'learning_rate': 8.405669004791779e-07, 'epoch': 3.0}
{'eval_loss': 0.005662315059453249, 'eval_score': 0.0022163271264597, 'eval_err_F': 0.0012967873312730613, 'eval_err_M': 0.001909813861397487, 'eval_err_diff': 0.0006130265301244257, 'eval_mse': 0.0013346124172708496, 'eval_mae': 0.026852735793661306, 'eval_runtime': 20.7558, 'eval_samples_per_second': 963.587, 'eval_steps_per_second': 7.564, 'epoch': 3.0}
{'loss': 0.0119, 'grad_norm': 0.2886982262134552, 'learning_rate': 8.37629022158055e-07, 'epoch': 3.04}
{'loss': 0.0192, 'grad_norm': 0.6133632063865662, 'learning_rate': 8.346426963743302e-07, 'epoch': 3.08}
{'loss': 0.0152, 'grad_norm': 0.43243512511253357, 'learning_rate': 8.3160830592535e-07, 'epoch': 3.12}
{'loss': 0.0119, 'grad_norm': 1.0091818571090698, 'learning_rate': 8.285262397695522e-07, 'epoch': 3.16}
{'loss': 0.0135, 'grad_norm': 0.510756254196167, 'learning_rate': 8.253968929766082e-07, 'epoch': 3.2}
{'loss': 0.0169, 'grad_norm': 2.286311149597168, 'learning_rate': 8.222206666767813e-07, 'epoch': 3.24}
{'loss': 0.0107, 'grad_norm': 0.5600486397743225, 'learning_rate': 8.189979680095086e-07, 'epoch': 3.28}
{'loss': 0.0117, 'grad_norm': 0.8949536085128784, 'learning_rate': 8.157292100712132e-07, 'epoch': 3.32}
{'loss': 0.0231, 'grad_norm': 3.017641305923462, 'learning_rate': 8.124148118623508e-07, 'epoch': 3.36}
{'loss': 0.0294, 'grad_norm': 1.8705297708511353, 'learning_rate': 8.090551982337013e-07, 'epoch': 3.4}
{'loss': 0.0134, 'grad_norm': 0.8298417925834656, 'learning_rate': 8.056507998319109e-07, 'epoch': 3.44}
{'loss': 0.0206, 'grad_norm': 0.724230945110321, 'learning_rate': 8.022020530442888e-07, 'epoch': 3.48}
{'loss': 0.0098, 'grad_norm': 0.5459579825401306, 'learning_rate': 7.987093999428711e-07, 'epoch': 3.52}
{'loss': 0.0105, 'grad_norm': 1.308907389640808, 'learning_rate': 7.951732882277533e-07, 'epoch': 3.56}
{'loss': 0.012, 'grad_norm': 0.56130450963974, 'learning_rate': 7.915941711697034e-07, 'epoch': 3.6}
{'loss': 0.0154, 'grad_norm': 0.9641970992088318, 'learning_rate': 7.879725075520594e-07, 'epoch': 3.64}
{'loss': 0.0114, 'grad_norm': 2.309448480606079, 'learning_rate': 7.843087616119217e-07, 'epoch': 3.68}
{'loss': 0.0101, 'grad_norm': 1.6437926292419434, 'learning_rate': 7.806034029806452e-07, 'epoch': 3.72}
{'loss': 0.0094, 'grad_norm': 1.4607537984848022, 'learning_rate': 7.768569066236404e-07, 'epoch': 3.76}
{'loss': 0.0113, 'grad_norm': 2.0932109355926514, 'learning_rate': 7.730697527794905e-07, 'epoch': 3.8}
{'loss': 0.0137, 'grad_norm': 0.42146536707878113, 'learning_rate': 7.692424268983929e-07, 'epoch': 3.84}
{'loss': 0.0096, 'grad_norm': 0.9371100664138794, 'learning_rate': 7.653754195799333e-07, 'epoch': 3.88}
{'loss': 0.0117, 'grad_norm': 2.4077513217926025, 'learning_rate': 7.614692265101977e-07, 'epoch': 3.92}
{'loss': 0.0094, 'grad_norm': 4.055639266967773, 'learning_rate': 7.575243483982346e-07, 'epoch': 3.96}
{'loss': 0.0098, 'grad_norm': 1.9970042705535889, 'learning_rate': 7.535412909118723e-07, 'epoch': 4.0}
{'eval_loss': 0.00511773768812418, 'eval_score': 0.0018958944238724013, 'eval_err_F': 0.001712950333191985, 'eval_err_M': 0.0018349130603122626, 'eval_err_diff': 0.0001219627271202776, 'eval_mse': 0.0018650935671849144, 'eval_mae': 0.033481097450923154, 'eval_runtime': 20.8089, 'eval_samples_per_second': 961.128, 'eval_steps_per_second': 7.545, 'epoch': 4.0}
{'loss': 0.0081, 'grad_norm': 1.0147168636322021, 'learning_rate': 7.495205646129001e-07, 'epoch': 4.04}
{'loss': 0.0296, 'grad_norm': 3.7547404766082764, 'learning_rate': 7.454626848916234e-07, 'epoch': 4.08}
{'loss': 0.01, 'grad_norm': 0.8674914836883545, 'learning_rate': 7.413681719007993e-07, 'epoch': 4.12}
{'loss': 0.0147, 'grad_norm': 0.7170897722244263, 'learning_rate': 7.372375504889607e-07, 'epoch': 4.16}
{'loss': 0.0167, 'grad_norm': 1.2748526334762573, 'learning_rate': 7.330713501331413e-07, 'epoch': 4.2}
{'loss': 0.0093, 'grad_norm': 0.24649323523044586, 'learning_rate': 7.288701048710027e-07, 'epoch': 4.24}
{'loss': 0.0103, 'grad_norm': 1.7834734916687012, 'learning_rate': 7.246343532323824e-07, 'epoch': 4.28}
{'loss': 0.0179, 'grad_norm': 0.5969758629798889, 'learning_rate': 7.203646381702618e-07, 'epoch': 4.32}
{'loss': 0.0093, 'grad_norm': 0.6189795732498169, 'learning_rate': 7.160615069911686e-07, 'epoch': 4.36}
{'loss': 0.0076, 'grad_norm': 0.3514114022254944, 'learning_rate': 7.117255112850213e-07, 'epoch': 4.4}
{'loss': 0.0082, 'grad_norm': 0.4341903030872345, 'learning_rate': 7.073572068544252e-07, 'epoch': 4.44}
{'loss': 0.0118, 'grad_norm': 0.39959773421287537, 'learning_rate': 7.029571536434272e-07, 'epoch': 4.48}
{'loss': 0.0176, 'grad_norm': 0.4079965651035309, 'learning_rate': 6.985259156657399e-07, 'epoch': 4.52}
{'loss': 0.0086, 'grad_norm': 2.6749565601348877, 'learning_rate': 6.940640609324452e-07, 'epoch': 4.56}
{'loss': 0.0088, 'grad_norm': 0.20028236508369446, 'learning_rate': 6.895721613791846e-07, 'epoch': 4.6}
{'loss': 0.0101, 'grad_norm': 0.6809720396995544, 'learning_rate': 6.850507927928454e-07, 'epoch': 4.64}
{'loss': 0.0074, 'grad_norm': 0.19253823161125183, 'learning_rate': 6.805005347377565e-07, 'epoch': 4.68}
{'loss': 0.0102, 'grad_norm': 2.7492165565490723, 'learning_rate': 6.759219704813956e-07, 'epoch': 4.72}
{'loss': 0.0076, 'grad_norm': 1.2936826944351196, 'learning_rate': 6.71315686919626e-07, 'epoch': 4.76}
{'loss': 0.0087, 'grad_norm': 1.2816174030303955, 'learning_rate': 6.666822745014643e-07, 'epoch': 4.8}
{'loss': 0.0081, 'grad_norm': 2.2660553455352783, 'learning_rate': 6.62022327153397e-07, 'epoch': 4.84}
{'loss': 0.007, 'grad_norm': 0.390516996383667, 'learning_rate': 6.573364422032467e-07, 'epoch': 4.88}
{'loss': 0.0202, 'grad_norm': 1.1322804689407349, 'learning_rate': 6.526252203036063e-07, 'epoch': 4.92}
{'loss': 0.0063, 'grad_norm': 0.4050673246383667, 'learning_rate': 6.478892653548441e-07, 'epoch': 4.96}
{'loss': 0.01, 'grad_norm': 4.342185020446777, 'learning_rate': 6.431291844276947e-07, 'epoch': 5.0}
{'eval_loss': 0.0071219648234546185, 'eval_score': 0.0029563438523783664, 'eval_err_F': 0.0026750441911524547, 'eval_err_M': 0.002112444868700631, 'eval_err_diff': 0.0005625993224518235, 'eval_mse': 0.001285282536779765, 'eval_mae': 0.025897470796924064, 'eval_runtime': 20.8417, 'eval_samples_per_second': 959.616, 'eval_steps_per_second': 7.533, 'epoch': 5.0}
{'loss': 0.0089, 'grad_norm': 0.8112894296646118, 'learning_rate': 6.383455876854423e-07, 'epoch': 5.04}
{'loss': 0.0098, 'grad_norm': 0.8573535084724426, 'learning_rate': 6.335390883057077e-07, 'epoch': 5.08}
{'loss': 0.014, 'grad_norm': 0.6763932108879089, 'learning_rate': 6.287103024018493e-07, 'epoch': 5.12}
{'loss': 0.0069, 'grad_norm': 0.6716858148574829, 'learning_rate': 6.238598489439875e-07, 'epoch': 5.16}
{'loss': 0.0077, 'grad_norm': 0.5654206275939941, 'learning_rate': 6.189883496796633e-07, 'epoch': 5.2}
{'loss': 0.0147, 'grad_norm': 1.138770341873169, 'learning_rate': 6.140964290541404e-07, 'epoch': 5.24}
{'loss': 0.0056, 'grad_norm': 1.478481650352478, 'learning_rate': 6.091847141303616e-07, 'epoch': 5.28}
{'loss': 0.0079, 'grad_norm': 0.9719958305358887, 'learning_rate': 6.042538345085699e-07, 'epoch': 5.32}
{'loss': 0.008, 'grad_norm': 1.0575377941131592, 'learning_rate': 5.993044222456042e-07, 'epoch': 5.36}
{'loss': 0.0077, 'grad_norm': 1.0218251943588257, 'learning_rate': 5.943371117738797e-07, 'epoch': 5.4}
{'loss': 0.0171, 'grad_norm': 0.40542933344841003, 'learning_rate': 5.893525398200652e-07, 'epoch': 5.44}
{'loss': 0.0096, 'grad_norm': 0.7177313566207886, 'learning_rate': 5.843513453234645e-07, 'epoch': 5.48}
{'loss': 0.0068, 'grad_norm': 0.8015329837799072, 'learning_rate': 5.793341693541146e-07, 'epoch': 5.52}
{'loss': 0.0058, 'grad_norm': 1.3713878393173218, 'learning_rate': 5.743016550306125e-07, 'epoch': 5.56}
{'loss': 0.0184, 'grad_norm': 0.41954779624938965, 'learning_rate': 5.69254447437677e-07, 'epoch': 5.6}
{'loss': 0.0075, 'grad_norm': 0.6476075053215027, 'learning_rate': 5.641931935434602e-07, 'epoch': 5.64}
{'loss': 0.0103, 'grad_norm': 1.2473804950714111, 'learning_rate': 5.591185421166161e-07, 'epoch': 5.68}
{'loss': 0.0103, 'grad_norm': 0.3719465732574463, 'learning_rate': 5.540311436431405e-07, 'epoch': 5.72}
{'loss': 0.0065, 'grad_norm': 0.5374745726585388, 'learning_rate': 5.489316502429881e-07, 'epoch': 5.76}
{'loss': 0.0077, 'grad_norm': 0.7026646137237549, 'learning_rate': 5.438207155864827e-07, 'epoch': 5.8}
{'loss': 0.0066, 'grad_norm': 0.7396499514579773, 'learning_rate': 5.386989948105267e-07, 'epoch': 5.84}
{'loss': 0.0086, 'grad_norm': 0.17744186520576477, 'learning_rate': 5.335671444346241e-07, 'epoch': 5.88}
{'loss': 0.0059, 'grad_norm': 0.8005874156951904, 'learning_rate': 5.284258222767253e-07, 'epoch': 5.92}
{'loss': 0.0054, 'grad_norm': 0.7449203729629517, 'learning_rate': 5.232756873689054e-07, 'epoch': 5.96}
{'loss': 0.0103, 'grad_norm': 0.2706058919429779, 'learning_rate': 5.181173998728882e-07, 'epoch': 6.0}
{'eval_loss': 0.005217591300606728, 'eval_score': 0.0016781934140073277, 'eval_err_F': 0.0015972802415033479, 'eval_err_M': 0.001651222356506001, 'eval_err_diff': 5.39421150026532e-05, 'eval_mse': 0.0010808478973293486, 'eval_mae': 0.023301029140898936, 'eval_runtime': 20.6932, 'eval_samples_per_second': 966.501, 'eval_steps_per_second': 7.587, 'epoch': 6.0}
{'loss': 0.007, 'grad_norm': 0.2452627718448639, 'learning_rate': 5.129516209954231e-07, 'epoch': 6.04}
{'loss': 0.0113, 'grad_norm': 2.038029193878174, 'learning_rate': 5.077790129035311e-07, 'epoch': 6.08}
{'loss': 0.014, 'grad_norm': 0.2946096658706665, 'learning_rate': 5.026002386396241e-07, 'epoch': 6.12}
{'loss': 0.0055, 'grad_norm': 0.4189969599246979, 'learning_rate': 4.974159620365153e-07, 'epoch': 6.16}
{'loss': 0.0165, 'grad_norm': 11.973674774169922, 'learning_rate': 4.922268476323262e-07, 'epoch': 6.2}
{'loss': 0.006, 'grad_norm': 1.583961844444275, 'learning_rate': 4.87033560585304e-07, 'epoch': 6.24}
{'loss': 0.0083, 'grad_norm': 0.6589692831039429, 'learning_rate': 4.818367665885596e-07, 'epoch': 6.28}
{'loss': 0.0062, 'grad_norm': 0.35270458459854126, 'learning_rate': 4.7663713178473635e-07, 'epoch': 6.32}
{'loss': 0.0091, 'grad_norm': 4.614008903503418, 'learning_rate': 4.714353226806219e-07, 'epoch': 6.36}
{'loss': 0.0132, 'grad_norm': 2.257899522781372, 'learning_rate': 4.6623200606171306e-07, 'epoch': 6.4}
{'loss': 0.0084, 'grad_norm': 1.2013673782348633, 'learning_rate': 4.610278489067452e-07, 'epoch': 6.44}
{'loss': 0.0048, 'grad_norm': 0.9268195033073425, 'learning_rate': 4.5582351830219607e-07, 'epoch': 6.48}
{'loss': 0.0059, 'grad_norm': 0.4466511309146881, 'learning_rate': 4.506196813567771e-07, 'epoch': 6.52}
{'loss': 0.0085, 'grad_norm': 0.8044816255569458, 'learning_rate': 4.4541700511592066e-07, 'epoch': 6.56}
{'loss': 0.0054, 'grad_norm': 2.1843695640563965, 'learning_rate': 4.402161564762762e-07, 'epoch': 6.6}
{'loss': 0.006, 'grad_norm': 0.45979148149490356, 'learning_rate': 4.3501780210022497e-07, 'epoch': 6.64}
{'loss': 0.0047, 'grad_norm': 0.4882951080799103, 'learning_rate': 4.2982260833042507e-07, 'epoch': 6.68}
{'loss': 0.0074, 'grad_norm': 0.8482686877250671, 'learning_rate': 4.246312411043974e-07, 'epoch': 6.72}
{'loss': 0.0052, 'grad_norm': 0.23622387647628784, 'learning_rate': 4.1944436586916354e-07, 'epoch': 6.76}
{'loss': 0.0151, 'grad_norm': 0.6443449258804321, 'learning_rate': 4.1426264749594666e-07, 'epoch': 6.8}
{'loss': 0.0058, 'grad_norm': 0.43441838026046753, 'learning_rate': 4.0908675019494546e-07, 'epoch': 6.84}
{'loss': 0.0164, 'grad_norm': 0.3475329875946045, 'learning_rate': 4.039173374301943e-07, 'epoch': 6.88}
{'loss': 0.0059, 'grad_norm': 0.9445428252220154, 'learning_rate': 3.987550718345176e-07, 'epoch': 6.92}
{'loss': 0.0094, 'grad_norm': 0.8661137223243713, 'learning_rate': 3.936006151245915e-07, 'epoch': 6.96}
{'loss': 0.0065, 'grad_norm': 0.9381821751594543, 'learning_rate': 3.884546280161226e-07, 'epoch': 7.0}
{'eval_loss': 0.0037650226149708033, 'eval_score': 0.00142632302065228, 'eval_err_F': 0.0009839451092345328, 'eval_err_M': 0.0012788637168463643, 'eval_err_diff': 0.0002949186076118314, 'eval_mse': 0.0011354358256494182, 'eval_mae': 0.023179125609878427, 'eval_runtime': 20.8333, 'eval_samples_per_second': 960.003, 'eval_steps_per_second': 7.536, 'epoch': 7.0}
{'loss': 0.0127, 'grad_norm': 1.0080801248550415, 'learning_rate': 3.8331777013915553e-07, 'epoch': 7.04}
{'loss': 0.006, 'grad_norm': 0.9591313600540161, 'learning_rate': 3.78190699953519e-07, 'epoch': 7.08}
{'loss': 0.0045, 'grad_norm': 0.4360482692718506, 'learning_rate': 3.730740746644224e-07, 'epoch': 7.12}
{'loss': 0.0064, 'grad_norm': 0.903793454170227, 'learning_rate': 3.6796855013821266e-07, 'epoch': 7.16}
{'loss': 0.0053, 'grad_norm': 0.39544644951820374, 'learning_rate': 3.628747808183037e-07, 'epoch': 7.2}
{'loss': 0.0049, 'grad_norm': 0.3567313253879547, 'learning_rate': 3.5779341964128715e-07, 'epoch': 7.24}
{'loss': 0.0089, 'grad_norm': 0.37381258606910706, 'learning_rate': 3.5272511795323693e-07, 'epoch': 7.28}
{'loss': 0.0057, 'grad_norm': 0.9058624505996704, 'learning_rate': 3.476705254262174e-07, 'epoch': 7.32}
{'loss': 0.006, 'grad_norm': 0.7612733244895935, 'learning_rate': 3.4263028997500637e-07, 'epoch': 7.36}
{'loss': 0.0054, 'grad_norm': 0.15917231142520905, 'learning_rate': 3.3760505767404286e-07, 'epoch': 7.4}
{'loss': 0.0065, 'grad_norm': 0.4625795781612396, 'learning_rate': 3.3259547267461165e-07, 'epoch': 7.44}
{'loss': 0.0168, 'grad_norm': 0.4515950679779053, 'learning_rate': 3.2760217712227323e-07, 'epoch': 7.48}
{'loss': 0.0057, 'grad_norm': 0.36426210403442383, 'learning_rate': 3.2262581107455147e-07, 'epoch': 7.52}
{'loss': 0.0066, 'grad_norm': 0.1949397474527359, 'learning_rate': 3.176670124188894e-07, 'epoch': 7.56}
{'loss': 0.0093, 'grad_norm': 0.22630390524864197, 'learning_rate': 3.1272641679088207e-07, 'epoch': 7.6}
{'loss': 0.005, 'grad_norm': 0.15575279295444489, 'learning_rate': 3.078046574927989e-07, 'epoch': 7.64}
{'loss': 0.0189, 'grad_norm': 0.5693630576133728, 'learning_rate': 3.0290236541240467e-07, 'epoch': 7.68}
{'loss': 0.0065, 'grad_norm': 0.4068338871002197, 'learning_rate': 2.9802016894209047e-07, 'epoch': 7.72}
{'loss': 0.0052, 'grad_norm': 0.20091401040554047, 'learning_rate': 2.9315869389832406e-07, 'epoch': 7.76}
{'loss': 0.0085, 'grad_norm': 6.530129432678223, 'learning_rate': 2.8831856344143043e-07, 'epoch': 7.8}
{'loss': 0.0053, 'grad_norm': 0.8290784955024719, 'learning_rate': 2.835003979957135e-07, 'epoch': 7.84}
{'loss': 0.005, 'grad_norm': 0.2625458538532257, 'learning_rate': 2.787048151699273e-07, 'epoch': 7.88}
{'loss': 0.0124, 'grad_norm': 3.1247236728668213, 'learning_rate': 2.739324296781095e-07, 'epoch': 7.92}
{'loss': 0.0063, 'grad_norm': 0.9535424113273621, 'learning_rate': 2.6918385326078496e-07, 'epoch': 7.96}
{'loss': 0.0049, 'grad_norm': 0.6551579236984253, 'learning_rate': 2.6445969460655074e-07, 'epoch': 8.0}
{'eval_loss': 0.0035804996732622385, 'eval_score': 0.0014462878648840295, 'eval_err_F': 0.0008638907816825899, 'eval_err_M': 0.001252155503816883, 'eval_err_diff': 0.00038826472213429305, 'eval_mse': 0.0009836744193149282, 'eval_mae': 0.020971283448884243, 'eval_runtime': 22.1413, 'eval_samples_per_second': 903.288, 'eval_steps_per_second': 7.091, 'epoch': 8.0}
{'loss': 0.008, 'grad_norm': 0.29368478059768677, 'learning_rate': 2.597605592740525e-07, 'epoch': 8.04}
{'loss': 0.0173, 'grad_norm': 0.6662419438362122, 'learning_rate': 2.550870496143613e-07, 'epoch': 8.08}
{'loss': 0.0051, 'grad_norm': 0.3598147928714752, 'learning_rate': 2.5043976469376366e-07, 'epoch': 8.12}
{'loss': 0.0127, 'grad_norm': 0.7269154787063599, 'learning_rate': 2.4581930021696936e-07, 'epoch': 8.16}
{'loss': 0.0064, 'grad_norm': 0.5977622866630554, 'learning_rate': 2.4122624845075376e-07, 'epoch': 8.2}
{'loss': 0.0045, 'grad_norm': 0.7711120843887329, 'learning_rate': 2.3666119814803723e-07, 'epoch': 8.24}
{'loss': 0.0048, 'grad_norm': 0.2687794864177704, 'learning_rate': 2.3212473447241885e-07, 'epoch': 8.28}
{'loss': 0.0072, 'grad_norm': 0.622794508934021, 'learning_rate': 2.2761743892316598e-07, 'epoch': 8.32}
{'loss': 0.0048, 'grad_norm': 0.7128193378448486, 'learning_rate': 2.2313988926067793e-07, 'epoch': 8.36}
{'loss': 0.0052, 'grad_norm': 0.972089946269989, 'learning_rate': 2.1869265943242482e-07, 'epoch': 8.4}
{'loss': 0.0047, 'grad_norm': 0.3212384581565857, 'learning_rate': 2.1427631949937772e-07, 'epoch': 8.44}
{'loss': 0.0058, 'grad_norm': 0.45818930864334106, 'learning_rate': 2.098914355629371e-07, 'epoch': 8.48}
{'loss': 0.0067, 'grad_norm': 0.5718163251876831, 'learning_rate': 2.0553856969236647e-07, 'epoch': 8.52}
{'loss': 0.0047, 'grad_norm': 0.5067009329795837, 'learning_rate': 2.012182798527461e-07, 'epoch': 8.56}
{'loss': 0.005, 'grad_norm': 0.610270082950592, 'learning_rate': 1.9693111983344965e-07, 'epoch': 8.6}
{'loss': 0.0217, 'grad_norm': 0.7082155346870422, 'learning_rate': 1.9267763917715883e-07, 'epoch': 8.64}
{'loss': 0.0088, 'grad_norm': 0.18474654853343964, 'learning_rate': 1.8845838310942024e-07, 'epoch': 8.68}
{'loss': 0.0086, 'grad_norm': 0.677146852016449, 'learning_rate': 1.842738924687569e-07, 'epoch': 8.72}
{'loss': 0.0047, 'grad_norm': 0.8171157836914062, 'learning_rate': 1.8012470363734212e-07, 'epoch': 8.76}
{'loss': 0.008, 'grad_norm': 0.5906696915626526, 'learning_rate': 1.760113484722432e-07, 'epoch': 8.8}
{'loss': 0.0043, 'grad_norm': 0.40521347522735596, 'learning_rate': 1.7193435423724744e-07, 'epoch': 8.84}
{'loss': 0.0045, 'grad_norm': 0.7876113057136536, 'learning_rate': 1.6789424353527452e-07, 'epoch': 8.88}
{'loss': 0.0044, 'grad_norm': 0.2664034366607666, 'learning_rate': 1.6389153424138848e-07, 'epoch': 8.92}
{'loss': 0.0061, 'grad_norm': 0.26445406675338745, 'learning_rate': 1.5992673943641388e-07, 'epoch': 8.96}
{'loss': 0.0049, 'grad_norm': 0.18165384232997894, 'learning_rate': 1.5600036734116812e-07, 'epoch': 9.0}
{'eval_loss': 0.0034765140153467655, 'eval_score': 0.0013460667848489715, 'eval_err_F': 0.0008142963592440496, 'eval_err_M': 0.0011688099763139976, 'eval_err_diff': 0.00035451361706994797, 'eval_mse': 0.0009036157963619694, 'eval_mae': 0.019905489576539002, 'eval_runtime': 20.7775, 'eval_samples_per_second': 962.578, 'eval_steps_per_second': 7.556, 'epoch': 9.0}
{'loss': 0.0049, 'grad_norm': 0.5072375535964966, 'learning_rate': 1.5211292125131535e-07, 'epoch': 9.04}
{'loss': 0.0114, 'grad_norm': 0.378338485956192, 'learning_rate': 1.482648994728526e-07, 'epoch': 9.08}
{'loss': 0.0057, 'grad_norm': 0.8365966081619263, 'learning_rate': 1.4445679525823558e-07, 'epoch': 9.12}
{'loss': 0.0046, 'grad_norm': 0.5016977190971375, 'learning_rate': 1.4068909674315103e-07, 'epoch': 9.16}
{'loss': 0.012, 'grad_norm': 0.550693929195404, 'learning_rate': 1.3696228688394697e-07, 'epoch': 9.2}
{'loss': 0.0045, 'grad_norm': 1.1332913637161255, 'learning_rate': 1.3327684339572447e-07, 'epoch': 9.24}
{'loss': 0.0056, 'grad_norm': 0.21792307496070862, 'learning_rate': 1.2963323869110387e-07, 'epoch': 9.28}
{'loss': 0.0071, 'grad_norm': 0.6303248405456543, 'learning_rate': 1.2603193981966787e-07, 'epoch': 9.32}
{'loss': 0.0055, 'grad_norm': 0.5487075448036194, 'learning_rate': 1.2247340840809495e-07, 'epoch': 9.36}
{'loss': 0.0051, 'grad_norm': 0.41676169633865356, 'learning_rate': 1.189581006009855e-07, 'epoch': 9.4}
{'loss': 0.0047, 'grad_norm': 0.6147609353065491, 'learning_rate': 1.1548646700239178e-07, 'epoch': 9.44}
{'loss': 0.0043, 'grad_norm': 0.2396525889635086, 'learning_rate': 1.1205895261805881e-07, 'epoch': 9.48}
{'loss': 0.005, 'grad_norm': 1.2271808385849, 'learning_rate': 1.0867599679838076e-07, 'epoch': 9.52}
{'loss': 0.0048, 'grad_norm': 0.5089687705039978, 'learning_rate': 1.0533803318208467e-07, 'epoch': 9.56}
{'loss': 0.0134, 'grad_norm': 0.18545329570770264, 'learning_rate': 1.0204548964064422e-07, 'epoch': 9.6}
{'loss': 0.0146, 'grad_norm': 1.1855913400650024, 'learning_rate': 9.879878822343452e-08, 'epoch': 9.64}
{'loss': 0.0045, 'grad_norm': 0.45024144649505615, 'learning_rate': 9.559834510363203e-08, 'epoch': 9.68}
{'loss': 0.0063, 'grad_norm': 0.4154405891895294, 'learning_rate': 9.244457052486777e-08, 'epoch': 9.72}
{'loss': 0.0064, 'grad_norm': 0.15762200951576233, 'learning_rate': 8.933786874864165e-08, 'epoch': 9.76}
{'loss': 0.004, 'grad_norm': 0.4576593041419983, 'learning_rate': 8.627863800250192e-08, 'epoch': 9.8}
{'loss': 0.0119, 'grad_norm': 0.40242671966552734, 'learning_rate': 8.326727042900003e-08, 'epoch': 9.84}
{'loss': 0.0057, 'grad_norm': 0.6376988887786865, 'learning_rate': 8.030415203542359e-08, 'epoch': 9.88}
{'loss': 0.0075, 'grad_norm': 0.8202060461044312, 'learning_rate': 7.738966264431731e-08, 'epoch': 9.92}
{'loss': 0.0046, 'grad_norm': 0.1510148048400879, 'learning_rate': 7.452417584479557e-08, 'epoch': 9.96}
{'loss': 0.0045, 'grad_norm': 0.3256661593914032, 'learning_rate': 7.17080589446547e-08, 'epoch': 10.0}
{'eval_loss': 0.0038080483209341764, 'eval_score': 0.0014516448015102676, 'eval_err_F': 0.0008208923324019946, 'eval_err_M': 0.0012413939784741766, 'eval_err_diff': 0.00042050164607218196, 'eval_mse': 0.0008050082869997236, 'eval_mae': 0.019002528747474753, 'eval_runtime': 20.6241, 'eval_samples_per_second': 969.738, 'eval_steps_per_second': 7.612, 'epoch': 10.0}
{'loss': 0.0048, 'grad_norm': 0.27263614535331726, 'learning_rate': 6.89416729232904e-08, 'epoch': 10.04}
{'loss': 0.0042, 'grad_norm': 1.1773790121078491, 'learning_rate': 6.622537238542586e-08, 'epoch': 10.08}
{'loss': 0.0046, 'grad_norm': 0.3130672574043274, 'learning_rate': 6.355950551565766e-08, 'epoch': 10.12}
{'loss': 0.0114, 'grad_norm': 0.330547034740448, 'learning_rate': 6.094441403382379e-08, 'epoch': 10.16}
{'loss': 0.0076, 'grad_norm': 0.21316106617450714, 'learning_rate': 5.838043315120149e-08, 'epoch': 10.2}
{'loss': 0.0041, 'grad_norm': 0.1998811513185501, 'learning_rate': 5.586789152753822e-08, 'epoch': 10.24}
{'loss': 0.0047, 'grad_norm': 0.5895375609397888, 'learning_rate': 5.340711122892324e-08, 'epoch': 10.28}
{'loss': 0.0061, 'grad_norm': 0.42785656452178955, 'learning_rate': 5.099840768650383e-08, 'epoch': 10.32}
{'loss': 0.0118, 'grad_norm': 0.4295051693916321, 'learning_rate': 4.864208965605249e-08, 'epoch': 10.36}
{'loss': 0.0039, 'grad_norm': 0.30693113803863525, 'learning_rate': 4.633845917838953e-08, 'epoch': 10.4}
{'loss': 0.0036, 'grad_norm': 0.4104526937007904, 'learning_rate': 4.408781154066635e-08, 'epoch': 10.44}
{'loss': 0.011, 'grad_norm': 1.0615381002426147, 'learning_rate': 4.1890435238514654e-08, 'epoch': 10.48}
{'loss': 0.0037, 'grad_norm': 0.6222852468490601, 'learning_rate': 3.974661193906598e-08, 'epoch': 10.52}
{'loss': 0.0042, 'grad_norm': 0.5011330246925354, 'learning_rate': 3.7656616444846875e-08, 'epoch': 10.56}
{'loss': 0.0041, 'grad_norm': 0.19801007211208344, 'learning_rate': 3.562071665855336e-08, 'epoch': 10.6}
{'loss': 0.016, 'grad_norm': 0.27645495533943176, 'learning_rate': 3.363917354871091e-08, 'epoch': 10.64}
{'loss': 0.0057, 'grad_norm': 0.7571176290512085, 'learning_rate': 3.171224111622185e-08, 'epoch': 10.68}
{'loss': 0.0104, 'grad_norm': 1.1785963773727417, 'learning_rate': 2.9840166361807206e-08, 'epoch': 10.72}
{'loss': 0.0047, 'grad_norm': 0.3185671865940094, 'learning_rate': 2.8023189254345246e-08, 'epoch': 10.76}
{'loss': 0.0062, 'grad_norm': 0.829772412776947, 'learning_rate': 2.6261542700111258e-08, 'epoch': 10.8}
{'loss': 0.0037, 'grad_norm': 0.523955225944519, 'learning_rate': 2.4555452512923037e-08, 'epoch': 10.84}
{'loss': 0.006, 'grad_norm': 0.2180890142917633, 'learning_rate': 2.290513738519504e-08, 'epoch': 10.88}
{'loss': 0.0042, 'grad_norm': 0.3175894618034363, 'learning_rate': 2.1310808859906038e-08, 'epoch': 10.92}
{'loss': 0.004, 'grad_norm': 0.521179735660553, 'learning_rate': 1.977267130348259e-08, 'epoch': 10.96}
{'loss': 0.0035, 'grad_norm': 1.1669156551361084, 'learning_rate': 1.829092187960239e-08, 'epoch': 11.0}
{'eval_loss': 0.003672177903354168, 'eval_score': 0.0013915602242843656, 'eval_err_F': 0.0008382253593117645, 'eval_err_M': 0.0012071152692934987, 'eval_err_diff': 0.00036888990998173413, 'eval_mse': 0.0008201010109315046, 'eval_mae': 0.01911597372063061, 'eval_runtime': 20.8758, 'eval_samples_per_second': 958.046, 'eval_steps_per_second': 7.521, 'epoch': 11.0}
{'loss': 0.0042, 'grad_norm': 0.805188000202179, 'learning_rate': 1.6865750523921906e-08, 'epoch': 11.04}
{'loss': 0.0162, 'grad_norm': 16.08168601989746, 'learning_rate': 1.5497339919728963e-08, 'epoch': 11.08}
{'loss': 0.0106, 'grad_norm': 0.5822434425354004, 'learning_rate': 1.418586547452639e-08, 'epoch': 11.12}
{'loss': 0.0034, 'grad_norm': 0.6587374806404114, 'learning_rate': 1.2931495297547235e-08, 'epoch': 11.16}
{'loss': 0.0037, 'grad_norm': 0.6175917983055115, 'learning_rate': 1.173439017820637e-08, 'epoch': 11.2}
{'loss': 0.0032, 'grad_norm': 0.23096561431884766, 'learning_rate': 1.0594703565489687e-08, 'epoch': 11.24}
{'loss': 0.0041, 'grad_norm': 0.6428748965263367, 'learning_rate': 9.512581548284514e-09, 'epoch': 11.28}
{'loss': 0.0111, 'grad_norm': 2.7908055782318115, 'learning_rate': 8.48816283665356e-09, 'epoch': 11.32}
{'loss': 0.0037, 'grad_norm': 0.19274845719337463, 'learning_rate': 7.52157874405441e-09, 'epoch': 11.36}
{'loss': 0.0046, 'grad_norm': 0.2589718699455261, 'learning_rate': 6.61295317050765e-09, 'epoch': 11.4}
{'loss': 0.0034, 'grad_norm': 0.17052674293518066, 'learning_rate': 5.762402586714579e-09, 'epoch': 11.44}
{'loss': 0.0046, 'grad_norm': 0.39019134640693665, 'learning_rate': 4.970036019127736e-09, 'epoch': 11.48}
{'loss': 0.0055, 'grad_norm': 0.9670122265815735, 'learning_rate': 4.235955035975552e-09, 'epoch': 11.52}
{'loss': 0.0098, 'grad_norm': 0.4217579662799835, 'learning_rate': 3.5602537342430828e-09, 'epoch': 11.56}
{'loss': 0.006, 'grad_norm': 0.587655246257782, 'learning_rate': 2.943018727610087e-09, 'epoch': 11.6}
{'loss': 0.0059, 'grad_norm': 0.24844352900981903, 'learning_rate': 2.3843291353488053e-09, 'epoch': 11.64}
{'loss': 0.0061, 'grad_norm': 0.753522515296936, 'learning_rate': 1.8842565721820963e-09, 'epoch': 11.68}
{'loss': 0.0036, 'grad_norm': 1.1701724529266357, 'learning_rate': 1.4428651391036194e-09, 'epoch': 11.72}
{'loss': 0.0043, 'grad_norm': 0.6491384506225586, 'learning_rate': 1.0602114151612343e-09, 'epoch': 11.76}
{'loss': 0.0062, 'grad_norm': 0.5246468782424927, 'learning_rate': 7.363444502043358e-10, 'epoch': 11.8}
{'loss': 0.0043, 'grad_norm': 0.5828245878219604, 'learning_rate': 4.713057585966507e-10, 'epoch': 11.84}
{'loss': 0.0042, 'grad_norm': 0.284578800201416, 'learning_rate': 2.6512931389475455e-10, 'epoch': 11.88}
{'loss': 0.0061, 'grad_norm': 0.2153652459383011, 'learning_rate': 1.1784154449312369e-10, 'epoch': 11.92}
{'loss': 0.0054, 'grad_norm': 0.5305477380752563, 'learning_rate': 2.946133023653983e-11, 'epoch': 11.96}
{'loss': 0.0034, 'grad_norm': 0.3010266423225403, 'learning_rate': 0.0, 'epoch': 12.0}
{'eval_loss': 0.0036167979706078768, 'eval_score': 0.0013648893270108947, 'eval_err_F': 0.0008177423072324679, 'eval_err_M': 0.0011825069870847525, 'eval_err_diff': 0.00036476467985228466, 'eval_mse': 0.000822775305838029, 'eval_mae': 0.019063438932808093, 'eval_runtime': 20.4476, 'eval_samples_per_second': 978.108, 'eval_steps_per_second': 7.678, 'epoch': 12.0}
{'train_runtime': 3355.5354, 'train_samples_per_second': 286.094, 'train_steps_per_second': 4.47, 'train_loss': 0.016611641038457553, 'epoch': 12.0}
[EMA] Swapped EMA weights into model (decay=0.9998)
[EMA] Swapped EMA weights into model (decay=0.9998)
score=0.00190 | err_diff=0.00055 | loss=0.00445
score=0.00190 | err_diff=0.00055 | loss=0.00445
Saved 30 worst predictions: results/optuna_dinov3-vitb16-3090-v2_trial_4/worst/worst.csv + results/optuna_dinov3-vitb16-3090-v2_trial_4/worst/images
Model saved: models:/m-b85ed0bc946643d995571165ba556dba
Trial 4: score=inf err_F=inf err_M=inf err_diff=inf
Loaded 100,000 samples from data/raw/train.csv
Train: 80,000 | Val: 20,000
Loaded 100,000 samples from data/raw/train.csv
Sampler 'occlusion': 10 groups, 80000 samples/epoch
Train: 80,000 | Val: 20,000
PMF ratios test/train (20 bins of 0.025): [0.215, 0.339, 0.566, 0.734, 0.921, 1.069, 1.321, 1.455, 1.638, 1.88, 1.97, 1.891, 1.585, 1.309, 1.364, 0.657, 0.887, 0.067, 0.067, 0.067]
eval_importance_reweight ON (eval_score reweighted to test distribution)
Gender reweight: F=1.352, M=0.648 (mean=1.0)
Sampler 'occlusion': 10 groups, 80000 samples/epoch
PMF ratios test/train (20 bins of 0.025): [0.215, 0.339, 0.566, 0.734, 0.921, 1.069, 1.321, 1.455, 1.638, 1.88, 1.97, 1.891, 1.585, 1.309, 1.364, 0.657, 0.887, 0.067, 0.067, 0.067]
eval_importance_reweight ON (eval_score reweighted to test distribution)
Gender reweight: F=1.352, M=0.648 (mean=1.0)
DINOv3 drop_path_rate=0.15127112777950655 applied (linear 0 → 0.151 across 12 blocks via sample_drop_ratio)
DINOv3 drop_path_rate=0.15127112777950655 applied (linear 0 → 0.151 across 12 blocks via sample_drop_ratio)
Loaded DINOv3 weights: dinov3_vitb16_pretrain_lvd1689m-73cec8be.pth
Loaded DINOv3 weights: dinov3_vitb16_pretrain_lvd1689m-73cec8be.pth
EMA enabled: decay=0.9998, warmup_steps=200
EMA enabled: decay=0.9998, warmup_steps=200
WeightedMSELoss: focal_gamma=0.0, fairness_lambda=0.39495293786333985, gender_reweight=on (F=1.35, M=0.65)
Training dinov3-vitb16-3090-v2_trial5 (best_metric=eval_score)
WeightedMSELoss: focal_gamma=0.0, fairness_lambda=0.39495293786333985, gender_reweight=on (F=1.35, M=0.65)
Training dinov3-vitb16-3090-v2_trial5 (best_metric=eval_score)
LLRD: 14 groups, LR ∈ [1.10e-05, 1.26e-05]
LLRD: 14 groups, LR ∈ [1.10e-05, 1.26e-05]
{'loss': 0.1679, 'grad_norm': 7.919384002685547, 'learning_rate': 3.030786094412277e-07, 'epoch': 0.04}
{'loss': 0.1001, 'grad_norm': 1.8010433912277222, 'learning_rate': 6.061572188824554e-07, 'epoch': 0.08}
{'loss': 0.0596, 'grad_norm': 1.1390773057937622, 'learning_rate': 9.09235828323683e-07, 'epoch': 0.12}
{'loss': 0.0553, 'grad_norm': 1.5792748928070068, 'learning_rate': 1.2123144377649108e-06, 'epoch': 0.16}
{'loss': 0.053, 'grad_norm': 1.9098256826400757, 'learning_rate': 1.5153930472061382e-06, 'epoch': 0.2}
{'loss': 0.0532, 'grad_norm': 0.8801231980323792, 'learning_rate': 1.818471656647366e-06, 'epoch': 0.24}
{'loss': 0.0502, 'grad_norm': 1.365997076034546, 'learning_rate': 2.1215502660885937e-06, 'epoch': 0.28}
{'loss': 0.0508, 'grad_norm': 0.6497473120689392, 'learning_rate': 2.4246288755298215e-06, 'epoch': 0.32}
{'loss': 0.0478, 'grad_norm': 1.5863109827041626, 'learning_rate': 2.727707484971049e-06, 'epoch': 0.36}
{'loss': 0.0471, 'grad_norm': 1.367147445678711, 'learning_rate': 3.0307860944122764e-06, 'epoch': 0.4}
{'loss': 0.0466, 'grad_norm': 1.6038830280303955, 'learning_rate': 3.333864703853504e-06, 'epoch': 0.44}
{'loss': 0.0481, 'grad_norm': 0.798279345035553, 'learning_rate': 3.636943313294732e-06, 'epoch': 0.48}
{'loss': 0.0464, 'grad_norm': 1.1821393966674805, 'learning_rate': 3.940021922735959e-06, 'epoch': 0.52}
{'loss': 0.0478, 'grad_norm': 1.0494056940078735, 'learning_rate': 4.243100532177187e-06, 'epoch': 0.56}
{'loss': 0.0451, 'grad_norm': 0.5474108457565308, 'learning_rate': 4.546179141618415e-06, 'epoch': 0.6}
{'loss': 0.045, 'grad_norm': 1.3744808435440063, 'learning_rate': 4.849257751059643e-06, 'epoch': 0.64}
{'loss': 0.0455, 'grad_norm': 2.28652286529541, 'learning_rate': 5.1523363605008704e-06, 'epoch': 0.68}
{'loss': 0.0438, 'grad_norm': 2.2295947074890137, 'learning_rate': 5.455414969942098e-06, 'epoch': 0.72}
{'loss': 0.0445, 'grad_norm': 0.5494944453239441, 'learning_rate': 5.758493579383326e-06, 'epoch': 0.76}
{'loss': 0.0437, 'grad_norm': 2.4411141872406006, 'learning_rate': 6.061572188824553e-06, 'epoch': 0.8}
{'loss': 0.044, 'grad_norm': 0.2603538930416107, 'learning_rate': 6.364650798265782e-06, 'epoch': 0.84}
{'loss': 0.0461, 'grad_norm': 0.6661481261253357, 'learning_rate': 6.667729407707008e-06, 'epoch': 0.88}
{'loss': 0.0433, 'grad_norm': 0.6761671304702759, 'learning_rate': 6.970808017148236e-06, 'epoch': 0.92}
{'loss': 0.0435, 'grad_norm': 1.690840721130371, 'learning_rate': 7.273886626589464e-06, 'epoch': 0.96}
{'loss': 0.0417, 'grad_norm': 1.931735873222351, 'learning_rate': 7.5769652360306915e-06, 'epoch': 1.0}
{'eval_loss': 0.00480739725753665, 'eval_score': 0.007096375555029681, 'eval_err_F': 0.0038923031051069697, 'eval_err_M': 0.006028351405055444, 'eval_err_diff': 0.0021360482999484747, 'eval_mse': 0.002179693990524702, 'eval_mae': 0.03281723033757116, 'eval_runtime': 20.6228, 'eval_samples_per_second': 969.801, 'eval_steps_per_second': 7.613, 'epoch': 1.0}
{'loss': 0.0429, 'grad_norm': 1.272944450378418, 'learning_rate': 7.880043845471918e-06, 'epoch': 1.04}
{'loss': 0.0432, 'grad_norm': 0.4673890173435211, 'learning_rate': 8.183122454913147e-06, 'epoch': 1.08}
{'loss': 0.041, 'grad_norm': 0.5744944214820862, 'learning_rate': 8.486201064354375e-06, 'epoch': 1.12}
{'loss': 0.0415, 'grad_norm': 0.5815686583518982, 'learning_rate': 8.789279673795602e-06, 'epoch': 1.16}
{'loss': 0.0411, 'grad_norm': 0.9508094191551208, 'learning_rate': 9.09235828323683e-06, 'epoch': 1.2}
{'loss': 0.0409, 'grad_norm': 0.31843122839927673, 'learning_rate': 9.395436892678057e-06, 'epoch': 1.24}
{'loss': 0.0434, 'grad_norm': 0.8982419967651367, 'learning_rate': 9.698515502119286e-06, 'epoch': 1.28}
{'loss': 0.0493, 'grad_norm': 2.110194683074951, 'learning_rate': 1.0001594111560513e-05, 'epoch': 1.32}
{'loss': 0.039, 'grad_norm': 0.8169634938240051, 'learning_rate': 1.0304672721001741e-05, 'epoch': 1.36}
{'loss': 0.0391, 'grad_norm': 0.48147347569465637, 'learning_rate': 1.0607751330442968e-05, 'epoch': 1.4}
{'loss': 0.0399, 'grad_norm': 0.8239011168479919, 'learning_rate': 1.0910829939884196e-05, 'epoch': 1.44}
{'loss': 0.0344, 'grad_norm': 0.7920082807540894, 'learning_rate': 1.0959048424904457e-05, 'epoch': 1.48}
{'loss': 0.0345, 'grad_norm': 2.1987898349761963, 'learning_rate': 1.0958007412304068e-05, 'epoch': 1.52}
{'loss': 0.0354, 'grad_norm': 0.5397510528564453, 'learning_rate': 1.0956189682709196e-05, 'epoch': 1.56}
{'loss': 0.033, 'grad_norm': 1.1089986562728882, 'learning_rate': 1.0953595493836576e-05, 'epoch': 1.6}
{'loss': 0.0316, 'grad_norm': 0.2670741379261017, 'learning_rate': 1.0950225213488919e-05, 'epoch': 1.64}
{'loss': 0.0303, 'grad_norm': 0.45822402834892273, 'learning_rate': 1.0946079319502775e-05, 'epoch': 1.68}
{'loss': 0.0301, 'grad_norm': 1.9078714847564697, 'learning_rate': 1.0941158399680783e-05, 'epoch': 1.72}
{'loss': 0.0329, 'grad_norm': 2.5792183876037598, 'learning_rate': 1.0935463151708327e-05, 'epoch': 1.76}
{'loss': 0.0305, 'grad_norm': 1.5123612880706787, 'learning_rate': 1.0928994383054628e-05, 'epoch': 1.8}
{'loss': 0.0284, 'grad_norm': 1.3650038242340088, 'learning_rate': 1.0921753010858252e-05, 'epoch': 1.84}
{'loss': 0.0271, 'grad_norm': 0.7126896381378174, 'learning_rate': 1.0913740061797086e-05, 'epoch': 1.88}
{'loss': 0.0264, 'grad_norm': 0.6192512512207031, 'learning_rate': 1.0904956671942775e-05, 'epoch': 1.92}
{'loss': 0.0279, 'grad_norm': 0.32908275723457336, 'learning_rate': 1.089540408659964e-05, 'epoch': 1.96}
{'loss': 0.0261, 'grad_norm': 1.675369143486023, 'learning_rate': 1.088508366012814e-05, 'epoch': 2.0}
{'eval_loss': 0.0036620718892663717, 'eval_score': 0.005323276867888107, 'eval_err_F': 0.0026201042024946958, 'eval_err_M': 0.004422219312756969, 'eval_err_diff': 0.0018021151102622737, 'eval_mse': 0.001579371750115633, 'eval_mae': 0.02755461417826991, 'eval_runtime': 20.6493, 'eval_samples_per_second': 968.556, 'eval_steps_per_second': 7.603, 'epoch': 2.0}
{'loss': 0.0257, 'grad_norm': 0.6800246238708496, 'learning_rate': 1.0873996855752828e-05, 'epoch': 2.04}
{'loss': 0.0261, 'grad_norm': 1.1237869262695312, 'learning_rate': 1.0862145245354915e-05, 'epoch': 2.08}
{'loss': 0.026, 'grad_norm': 1.104009747505188, 'learning_rate': 1.08495305092494e-05, 'epoch': 2.12}
{'loss': 0.0245, 'grad_norm': 0.6707054376602173, 'learning_rate': 1.0836154435946837e-05, 'epoch': 2.16}
{'loss': 0.0232, 'grad_norm': 0.950667142868042, 'learning_rate': 1.082201892189976e-05, 'epoch': 2.2}
{'loss': 0.0253, 'grad_norm': 0.2754092812538147, 'learning_rate': 1.0807125971233807e-05, 'epoch': 2.24}
{'loss': 0.0245, 'grad_norm': 0.7630658745765686, 'learning_rate': 1.0791477695463581e-05, 'epoch': 2.28}
{'loss': 0.0231, 'grad_norm': 0.5044676065444946, 'learning_rate': 1.0775076313193269e-05, 'epoch': 2.32}
{'loss': 0.0229, 'grad_norm': 1.684169054031372, 'learning_rate': 1.0757924149802096e-05, 'epoch': 2.36}
{'loss': 0.0222, 'grad_norm': 0.7457756996154785, 'learning_rate': 1.0740023637114635e-05, 'epoch': 2.4}
{'loss': 0.0228, 'grad_norm': 0.9572868943214417, 'learning_rate': 1.0721377313056028e-05, 'epoch': 2.44}
{'loss': 0.0216, 'grad_norm': 1.2717084884643555, 'learning_rate': 1.0701987821292146e-05, 'epoch': 2.48}
{'loss': 0.023, 'grad_norm': 1.8878147602081299, 'learning_rate': 1.0681857910854787e-05, 'epoch': 2.52}
{'loss': 0.0212, 'grad_norm': 1.0916579961776733, 'learning_rate': 1.0660990435751911e-05, 'epoch': 2.56}
{'loss': 0.0223, 'grad_norm': 1.1301347017288208, 'learning_rate': 1.0639388354563005e-05, 'epoch': 2.6}
{'loss': 0.0213, 'grad_norm': 0.4512569010257721, 'learning_rate': 1.0617054730019612e-05, 'epoch': 2.64}
{'loss': 0.0221, 'grad_norm': 1.906619906425476, 'learning_rate': 1.0593992728571104e-05, 'epoch': 2.68}
{'loss': 0.0214, 'grad_norm': 0.8653109669685364, 'learning_rate': 1.057020561993574e-05, 'epoch': 2.72}
{'loss': 0.021, 'grad_norm': 2.5820586681365967, 'learning_rate': 1.054569677663709e-05, 'epoch': 2.76}
{'loss': 0.0213, 'grad_norm': 0.7505602836608887, 'learning_rate': 1.0520469673525877e-05, 'epoch': 2.8}
{'loss': 0.02, 'grad_norm': 0.40550902485847473, 'learning_rate': 1.0494527887287326e-05, 'epoch': 2.84}
{'loss': 0.0196, 'grad_norm': 0.9332396388053894, 'learning_rate': 1.0467875095934039e-05, 'epoch': 2.88}
{'loss': 0.0203, 'grad_norm': 0.4314848780632019, 'learning_rate': 1.0440515078284557e-05, 'epoch': 2.92}
{'loss': 0.0227, 'grad_norm': 0.4130195677280426, 'learning_rate': 1.0412451713427584e-05, 'epoch': 2.96}
{'loss': 0.0191, 'grad_norm': 0.6116686463356018, 'learning_rate': 1.0383688980172014e-05, 'epoch': 3.0}
{'eval_loss': 0.0033861740957945585, 'eval_score': 0.00484350048573701, 'eval_err_F': 0.0026345477338936512, 'eval_err_M': 0.004107182901789224, 'eval_err_diff': 0.0014726351678955728, 'eval_mse': 0.0015050412085562668, 'eval_mae': 0.02720382486851122, 'eval_runtime': 20.7785, 'eval_samples_per_second': 962.534, 'eval_steps_per_second': 7.556, 'epoch': 3.0}
{'loss': 0.02, 'grad_norm': 1.2169287204742432, 'learning_rate': 1.035423095648282e-05, 'epoch': 3.04}
{'loss': 0.019, 'grad_norm': 0.4770711660385132, 'learning_rate': 1.0324081818902883e-05, 'epoch': 3.08}
{'loss': 0.019, 'grad_norm': 1.1089507341384888, 'learning_rate': 1.0293245841960843e-05, 'epoch': 3.12}
{'loss': 0.0188, 'grad_norm': 2.2150027751922607, 'learning_rate': 1.0261727397565054e-05, 'epoch': 3.16}
{'loss': 0.0186, 'grad_norm': 0.5103727579116821, 'learning_rate': 1.0229530954383748e-05, 'epoch': 3.2}
{'loss': 0.0194, 'grad_norm': 0.23707984387874603, 'learning_rate': 1.0196661077211456e-05, 'epoch': 3.24}
{'loss': 0.0187, 'grad_norm': 0.5350993871688843, 'learning_rate': 1.0163122426321828e-05, 'epoch': 3.28}
{'loss': 0.0186, 'grad_norm': 0.2538730800151825, 'learning_rate': 1.012891975680689e-05, 'epoch': 3.32}
{'loss': 0.0184, 'grad_norm': 0.32132652401924133, 'learning_rate': 1.0094057917902875e-05, 'epoch': 3.36}
{'loss': 0.0182, 'grad_norm': 0.5753934383392334, 'learning_rate': 1.0058541852302704e-05, 'epoch': 3.4}
{'loss': 0.0177, 'grad_norm': 0.5486648678779602, 'learning_rate': 1.0022376595455204e-05, 'epoch': 3.44}
{'loss': 0.0177, 'grad_norm': 0.3232497274875641, 'learning_rate': 9.985567274851193e-06, 'epoch': 3.48}
{'loss': 0.0182, 'grad_norm': 0.14894630014896393, 'learning_rate': 9.948119109296508e-06, 'epoch': 3.52}
{'loss': 0.0195, 'grad_norm': 1.127492904663086, 'learning_rate': 9.910037408172075e-06, 'epoch': 3.56}
{'loss': 0.0173, 'grad_norm': 0.3046320974826813, 'learning_rate': 9.871327570681164e-06, 'epoch': 3.6}
{'loss': 0.0199, 'grad_norm': 0.7002198100090027, 'learning_rate': 9.831995085083876e-06, 'epoch': 3.64}
{'loss': 0.0179, 'grad_norm': 0.4384590685367584, 'learning_rate': 9.792045527919034e-06, 'epoch': 3.68}
{'loss': 0.0194, 'grad_norm': 0.6413103342056274, 'learning_rate': 9.751484563213538e-06, 'epoch': 3.72}
{'loss': 0.0175, 'grad_norm': 0.8323667645454407, 'learning_rate': 9.710317941679315e-06, 'epoch': 3.76}
{'loss': 0.0165, 'grad_norm': 0.4891424775123596, 'learning_rate': 9.668551499898005e-06, 'epoch': 3.8}
{'loss': 0.0198, 'grad_norm': 0.23186740279197693, 'learning_rate': 9.626191159493439e-06, 'epoch': 3.84}
{'loss': 0.0199, 'grad_norm': 0.909308910369873, 'learning_rate': 9.583242926292071e-06, 'epoch': 3.88}
{'loss': 0.0161, 'grad_norm': 0.4672161042690277, 'learning_rate': 9.539712889471494e-06, 'epoch': 3.92}
{'loss': 0.0173, 'grad_norm': 0.8048163056373596, 'learning_rate': 9.495607220697098e-06, 'epoch': 3.96}
{'loss': 0.0175, 'grad_norm': 0.27558931708335876, 'learning_rate': 9.450932173247064e-06, 'epoch': 4.0}
{'eval_loss': 0.002874314785003662, 'eval_score': 0.003403463929132313, 'eval_err_F': 0.002359072405168454, 'eval_err_M': 0.00305533342114436, 'eval_err_diff': 0.000696261015975906, 'eval_mse': 0.0012738369600957995, 'eval_mae': 0.026008380345713157, 'eval_runtime': 32.4956, 'eval_samples_per_second': 615.468, 'eval_steps_per_second': 4.831, 'epoch': 4.0}
{'loss': 0.0167, 'grad_norm': 0.2984320819377899, 'learning_rate': 9.405694081125789e-06, 'epoch': 4.04}
{'loss': 0.0162, 'grad_norm': 0.34029677510261536, 'learning_rate': 9.359899358165829e-06, 'epoch': 4.08}
{'loss': 0.0163, 'grad_norm': 0.3117646276950836, 'learning_rate': 9.313554497118574e-06, 'epoch': 4.12}
{'loss': 0.0157, 'grad_norm': 0.6936154365539551, 'learning_rate': 9.266666068733692e-06, 'epoch': 4.16}
{'loss': 0.0162, 'grad_norm': 1.1623455286026, 'learning_rate': 9.219240720827541e-06, 'epoch': 4.2}
{'loss': 0.0169, 'grad_norm': 1.2768363952636719, 'learning_rate': 9.171285177340642e-06, 'epoch': 4.24}
{'loss': 0.0159, 'grad_norm': 0.4216955006122589, 'learning_rate': 9.122806237384361e-06, 'epoch': 4.28}
{'loss': 0.0172, 'grad_norm': 0.41653913259506226, 'learning_rate': 9.073810774276939e-06, 'epoch': 4.32}
{'loss': 0.0164, 'grad_norm': 0.7630017399787903, 'learning_rate': 9.024305734568991e-06, 'epoch': 4.36}
{'loss': 0.0157, 'grad_norm': 0.1002999022603035, 'learning_rate': 8.974298137058631e-06, 'epoch': 4.4}
{'loss': 0.0151, 'grad_norm': 0.31309306621551514, 'learning_rate': 8.923795071796353e-06, 'epoch': 4.44}
{'loss': 0.0165, 'grad_norm': 0.7084835767745972, 'learning_rate': 8.872803699079797e-06, 'epoch': 4.48}
{'loss': 0.0155, 'grad_norm': 0.7699849605560303, 'learning_rate': 8.821331248438583e-06, 'epoch': 4.52}
{'loss': 0.0148, 'grad_norm': 0.3906393349170685, 'learning_rate': 8.769385017609297e-06, 'epoch': 4.56}
{'loss': 0.0157, 'grad_norm': 0.7375497221946716, 'learning_rate': 8.716972371500826e-06, 'epoch': 4.6}
{'loss': 0.0151, 'grad_norm': 0.24022196233272552, 'learning_rate': 8.664100741150172e-06, 'epoch': 4.64}
{'loss': 0.0161, 'grad_norm': 0.4446980953216553, 'learning_rate': 8.61077762266887e-06, 'epoch': 4.68}
{'loss': 0.0148, 'grad_norm': 0.20648372173309326, 'learning_rate': 8.55701057618021e-06, 'epoch': 4.72}
{'loss': 0.0141, 'grad_norm': 0.21915194392204285, 'learning_rate': 8.502807224747352e-06, 'epoch': 4.76}
{'loss': 0.0139, 'grad_norm': 0.12176620960235596, 'learning_rate': 8.448175253292541e-06, 'epoch': 4.8}
{'loss': 0.0142, 'grad_norm': 0.487274169921875, 'learning_rate': 8.393122407507537e-06, 'epoch': 4.84}
{'loss': 0.014, 'grad_norm': 1.1755651235580444, 'learning_rate': 8.33765649275544e-06, 'epoch': 4.88}
{'loss': 0.0131, 'grad_norm': 0.3142833113670349, 'learning_rate': 8.28178537296405e-06, 'epoch': 4.92}
{'loss': 0.0135, 'grad_norm': 0.3863222599029541, 'learning_rate': 8.225516969510914e-06, 'epoch': 4.96}
{'loss': 0.014, 'grad_norm': 0.6542609333992004, 'learning_rate': 8.168859260100257e-06, 'epoch': 5.0}
{'eval_loss': 0.0021026646718382835, 'eval_score': 0.002337895153514953, 'eval_err_F': 0.0012415753886363568, 'eval_err_M': 0.001972455231888754, 'eval_err_diff': 0.0007308798432523972, 'eval_mse': 0.0011455356702221337, 'eval_mae': 0.025011705705236455, 'eval_runtime': 20.5363, 'eval_samples_per_second': 973.884, 'eval_steps_per_second': 7.645, 'epoch': 5.0}
{'loss': 0.0127, 'grad_norm': 0.5809010863304138, 'learning_rate': 8.111820277631881e-06, 'epoch': 5.04}
{'loss': 0.0131, 'grad_norm': 0.38161033391952515, 'learning_rate': 8.054408109062289e-06, 'epoch': 5.08}
{'loss': 0.012, 'grad_norm': 0.839637815952301, 'learning_rate': 7.996630894258103e-06, 'epoch': 5.12}
{'loss': 0.0117, 'grad_norm': 0.16983170807361603, 'learning_rate': 7.938496824842012e-06, 'epoch': 5.16}
{'loss': 0.012, 'grad_norm': 0.20692522823810577, 'learning_rate': 7.880014143031355e-06, 'epoch': 5.2}
{'loss': 0.0148, 'grad_norm': 0.18443700671195984, 'learning_rate': 7.821191140469556e-06, 'epoch': 5.24}
{'loss': 0.0118, 'grad_norm': 0.5277982354164124, 'learning_rate': 7.762036157050528e-06, 'epoch': 5.28}
{'loss': 0.0119, 'grad_norm': 0.7674576640129089, 'learning_rate': 7.702557579736261e-06, 'epoch': 5.32}
{'loss': 0.0112, 'grad_norm': 0.21787311136722565, 'learning_rate': 7.642763841367704e-06, 'epoch': 5.36}
{'loss': 0.0111, 'grad_norm': 0.516427218914032, 'learning_rate': 7.582663419469183e-06, 'epoch': 5.4}
{'loss': 0.0109, 'grad_norm': 0.18412432074546814, 'learning_rate': 7.5222648350464415e-06, 'epoch': 5.44}
{'loss': 0.011, 'grad_norm': 0.5232394337654114, 'learning_rate': 7.461576651378554e-06, 'epoch': 5.48}
{'loss': 0.0105, 'grad_norm': 0.794755220413208, 'learning_rate': 7.4006074728038156e-06, 'epoch': 5.52}
{'loss': 0.0105, 'grad_norm': 0.32759180665016174, 'learning_rate': 7.339365943499834e-06, 'epoch': 5.56}
{'loss': 0.0122, 'grad_norm': 0.25228258967399597, 'learning_rate': 7.277860746257957e-06, 'epoch': 5.6}
{'loss': 0.014, 'grad_norm': 0.4090200364589691, 'learning_rate': 7.216100601252231e-06, 'epoch': 5.64}
{'loss': 0.0101, 'grad_norm': 0.9984852075576782, 'learning_rate': 7.154094264803057e-06, 'epoch': 5.68}
{'loss': 0.0108, 'grad_norm': 0.4949498176574707, 'learning_rate': 7.091850528135736e-06, 'epoch': 5.72}
{'loss': 0.0111, 'grad_norm': 0.278216689825058, 'learning_rate': 7.029378216134037e-06, 'epoch': 5.76}
{'loss': 0.0107, 'grad_norm': 0.9115765690803528, 'learning_rate': 6.966686186089022e-06, 'epoch': 5.8}
{'loss': 0.0114, 'grad_norm': 0.27859601378440857, 'learning_rate': 6.903783326443259e-06, 'epoch': 5.84}
{'loss': 0.0104, 'grad_norm': 0.2959919273853302, 'learning_rate': 6.840678555530625e-06, 'epoch': 5.88}
{'loss': 0.0098, 'grad_norm': 0.300340473651886, 'learning_rate': 6.777380820311867e-06, 'epoch': 5.92}
{'loss': 0.0099, 'grad_norm': 0.4733417332172394, 'learning_rate': 6.713899095106111e-06, 'epoch': 5.96}
{'loss': 0.0107, 'grad_norm': 0.49093884229660034, 'learning_rate': 6.650242380318481e-06, 'epoch': 6.0}
{'eval_loss': 0.0021088295616209507, 'eval_score': 0.0022289663841538747, 'eval_err_F': 0.0014165811506983454, 'eval_err_M': 0.001958171306335365, 'eval_err_diff': 0.0005415901556370195, 'eval_mse': 0.0010952399099158593, 'eval_mae': 0.02457266878009941, 'eval_runtime': 20.5683, 'eval_samples_per_second': 972.372, 'eval_steps_per_second': 7.633, 'epoch': 6.0}
{'loss': 0.0106, 'grad_norm': 0.8108091950416565, 'learning_rate': 6.586419701164038e-06, 'epoch': 6.04}
{'loss': 0.0114, 'grad_norm': 0.39879512786865234, 'learning_rate': 6.5224401063881715e-06, 'epoch': 6.08}
{'loss': 0.0108, 'grad_norm': 0.5825504064559937, 'learning_rate': 6.4583126669836946e-06, 'epoch': 6.12}
{'loss': 0.0097, 'grad_norm': 0.15269063413143158, 'learning_rate': 6.3940464749047455e-06, 'epoch': 6.16}
{'loss': 0.0096, 'grad_norm': 0.30531975626945496, 'learning_rate': 6.32965064177775e-06, 'epoch': 6.2}
{'loss': 0.01, 'grad_norm': 0.7441869378089905, 'learning_rate': 6.265134297609562e-06, 'epoch': 6.24}
{'loss': 0.0133, 'grad_norm': 0.4754543602466583, 'learning_rate': 6.200506589493036e-06, 'epoch': 6.28}
{'loss': 0.0096, 'grad_norm': 0.9113132953643799, 'learning_rate': 6.135776680310143e-06, 'epoch': 6.32}
{'loss': 0.0096, 'grad_norm': 0.1387133002281189, 'learning_rate': 6.070953747432871e-06, 'epoch': 6.36}
{'loss': 0.0094, 'grad_norm': 0.5455246567726135, 'learning_rate': 6.006046981422051e-06, 'epoch': 6.4}
{'loss': 0.0091, 'grad_norm': 0.31042537093162537, 'learning_rate': 5.941065584724335e-06, 'epoch': 6.44}
{'loss': 0.0093, 'grad_norm': 0.22180281579494476, 'learning_rate': 5.876018770367475e-06, 'epoch': 6.48}
{'loss': 0.0093, 'grad_norm': 0.4243749678134918, 'learning_rate': 5.8109157606541035e-06, 'epoch': 6.52}
{'loss': 0.0099, 'grad_norm': 0.19610117375850677, 'learning_rate': 5.745765785854197e-06, 'epoch': 6.56}
{'loss': 0.0127, 'grad_norm': 0.2128242701292038, 'learning_rate': 5.680578082896419e-06, 'epoch': 6.6}
{'loss': 0.0093, 'grad_norm': 0.4618561565876007, 'learning_rate': 5.615361894058514e-06, 'epoch': 6.64}
{'loss': 0.0119, 'grad_norm': 0.23189042508602142, 'learning_rate': 5.5501264656569335e-06, 'epoch': 6.68}
{'loss': 0.0096, 'grad_norm': 0.11175855994224548, 'learning_rate': 5.484881046735912e-06, 'epoch': 6.72}
{'loss': 0.0094, 'grad_norm': 0.16569189727306366, 'learning_rate': 5.419634887756127e-06, 'epoch': 6.76}
{'loss': 0.0095, 'grad_norm': 0.3217707574367523, 'learning_rate': 5.354397239283186e-06, 'epoch': 6.8}
{'loss': 0.0094, 'grad_norm': 0.2426319569349289, 'learning_rate': 5.289177350676076e-06, 'epoch': 6.84}
{'loss': 0.0096, 'grad_norm': 0.3425939679145813, 'learning_rate': 5.223984468775807e-06, 'epoch': 6.88}
{'loss': 0.0093, 'grad_norm': 0.07934487611055374, 'learning_rate': 5.158827836594385e-06, 'epoch': 6.92}
{'loss': 0.0094, 'grad_norm': 0.7010371088981628, 'learning_rate': 5.093716692004357e-06, 'epoch': 6.96}
{'loss': 0.0091, 'grad_norm': 0.6239807605743408, 'learning_rate': 5.02866026642906e-06, 'epoch': 7.0}
{'eval_loss': 0.002178963739424944, 'eval_score': 0.0025021009942771044, 'eval_err_F': 0.0015052535656915956, 'eval_err_M': 0.0021698185180819346, 'eval_err_diff': 0.000664564952390339, 'eval_mse': 0.0009945722379813278, 'eval_mae': 0.022410848734985847, 'eval_runtime': 20.6941, 'eval_samples_per_second': 966.46, 'eval_steps_per_second': 7.587, 'epoch': 7.0}
{'loss': 0.0089, 'grad_norm': 0.9530354142189026, 'learning_rate': 4.9636677835337995e-06, 'epoch': 7.04}
{'loss': 0.0098, 'grad_norm': 0.6250346899032593, 'learning_rate': 4.898748457918119e-06, 'epoch': 7.08}
{'loss': 0.0089, 'grad_norm': 0.09122923016548157, 'learning_rate': 4.833911493809366e-06, 'epoch': 7.12}
{'loss': 0.0086, 'grad_norm': 0.24426482617855072, 'learning_rate': 4.769166083757714e-06, 'epoch': 7.16}
{'loss': 0.0089, 'grad_norm': 0.6418192982673645, 'learning_rate': 4.704521407332855e-06, 'epoch': 7.2}
{'loss': 0.0093, 'grad_norm': 0.479938268661499, 'learning_rate': 4.639986629822515e-06, 'epoch': 7.24}
{'loss': 0.0091, 'grad_norm': 1.3174337148666382, 'learning_rate': 4.575570900933018e-06, 'epoch': 7.28}
{'loss': 0.0087, 'grad_norm': 0.1366332471370697, 'learning_rate': 4.511283353492034e-06, 'epoch': 7.32}
{'loss': 0.0091, 'grad_norm': 0.29224321246147156, 'learning_rate': 4.4471331021537375e-06, 'epoch': 7.36}
{'loss': 0.009, 'grad_norm': 0.4192267954349518, 'learning_rate': 4.383129242106529e-06, 'epoch': 7.4}
{'loss': 0.0112, 'grad_norm': 0.2772720754146576, 'learning_rate': 4.31928084778354e-06, 'epoch': 7.44}
{'loss': 0.0087, 'grad_norm': 0.2525191009044647, 'learning_rate': 4.255596971576044e-06, 'epoch': 7.48}
{'loss': 0.0085, 'grad_norm': 0.24667859077453613, 'learning_rate': 4.192086642550032e-06, 'epoch': 7.52}
{'loss': 0.0086, 'grad_norm': 0.16280542314052582, 'learning_rate': 4.12875886516606e-06, 'epoch': 7.56}
{'loss': 0.0096, 'grad_norm': 0.45133689045906067, 'learning_rate': 4.065622618002623e-06, 'epoch': 7.6}
{'loss': 0.0089, 'grad_norm': 0.15585452318191528, 'learning_rate': 4.0026868524831476e-06, 'epoch': 7.64}
{'loss': 0.0087, 'grad_norm': 0.24696171283721924, 'learning_rate': 3.9399604916068935e-06, 'epoch': 7.68}
{'loss': 0.0089, 'grad_norm': 0.37507733702659607, 'learning_rate': 3.87745242868383e-06, 'epoch': 7.72}
{'loss': 0.0085, 'grad_norm': 0.3016352951526642, 'learning_rate': 3.815171526073769e-06, 'epoch': 7.76}
{'loss': 0.0084, 'grad_norm': 0.17650756239891052, 'learning_rate': 3.753126613929848e-06, 'epoch': 7.8}
{'loss': 0.0092, 'grad_norm': 0.3559221923351288, 'learning_rate': 3.691326488946606e-06, 'epoch': 7.84}
{'loss': 0.0084, 'grad_norm': 0.21561305224895477, 'learning_rate': 3.6297799131127827e-06, 'epoch': 7.88}
{'loss': 0.0086, 'grad_norm': 0.11476628482341766, 'learning_rate': 3.568495612469066e-06, 'epoch': 7.92}
{'loss': 0.0084, 'grad_norm': 0.2854405343532562, 'learning_rate': 3.5074822758708973e-06, 'epoch': 7.96}
{'loss': 0.0095, 'grad_norm': 0.32340800762176514, 'learning_rate': 3.446748553756585e-06, 'epoch': 8.0}
{'eval_loss': 0.0018193710129708052, 'eval_score': 0.0019433386750545684, 'eval_err_F': 0.0010216979207349017, 'eval_err_M': 0.0016361250902813462, 'eval_err_diff': 0.0006144271695464444, 'eval_mse': 0.0010043905094566648, 'eval_mae': 0.02206090599903073, 'eval_runtime': 20.6001, 'eval_samples_per_second': 970.87, 'eval_steps_per_second': 7.621, 'epoch': 8.0}
{'loss': 0.0087, 'grad_norm': 0.25468313694000244, 'learning_rate': 3.386303056920841e-06, 'epoch': 8.04}
{'loss': 0.0087, 'grad_norm': 0.1310461312532425, 'learning_rate': 3.326154355293957e-06, 'epoch': 8.08}
{'loss': 0.0081, 'grad_norm': 0.0798775777220726, 'learning_rate': 3.2663109767267517e-06, 'epoch': 8.12}
{'loss': 0.0088, 'grad_norm': 0.3236064910888672, 'learning_rate': 3.20678140578151e-06, 'epoch': 8.16}
{'loss': 0.0091, 'grad_norm': 0.15172751247882843, 'learning_rate': 3.147574082529034e-06, 'epoch': 8.2}
{'loss': 0.0085, 'grad_norm': 0.2146592140197754, 'learning_rate': 3.0886974013520205e-06, 'epoch': 8.24}
{'loss': 0.0084, 'grad_norm': 0.2516210079193115, 'learning_rate': 3.030159709754917e-06, 'epoch': 8.28}
{'loss': 0.0085, 'grad_norm': 0.2806958556175232, 'learning_rate': 2.971969307180396e-06, 'epoch': 8.32}
{'loss': 0.0102, 'grad_norm': 0.4508987069129944, 'learning_rate': 2.9141344438326913e-06, 'epoch': 8.36}
{'loss': 0.0091, 'grad_norm': 0.20230655372142792, 'learning_rate': 2.8566633195078646e-06, 'epoch': 8.4}
{'loss': 0.0082, 'grad_norm': 0.20866729319095612, 'learning_rate': 2.799564082431258e-06, 'epoch': 8.44}
{'loss': 0.0087, 'grad_norm': 0.14013317227363586, 'learning_rate': 2.7428448281022346e-06, 'epoch': 8.48}
{'loss': 0.0083, 'grad_norm': 0.25572261214256287, 'learning_rate': 2.6865135981464114e-06, 'epoch': 8.52}
{'loss': 0.0081, 'grad_norm': 0.34195488691329956, 'learning_rate': 2.630578379175512e-06, 'epoch': 8.56}
{'loss': 0.0087, 'grad_norm': 0.3709229528903961, 'learning_rate': 2.5750471016550377e-06, 'epoch': 8.6}
{'loss': 0.008, 'grad_norm': 0.43893295526504517, 'learning_rate': 2.5199276387798813e-06, 'epoch': 8.64}
{'loss': 0.0095, 'grad_norm': 2.2617673873901367, 'learning_rate': 2.4652278053580833e-06, 'epoch': 8.68}
{'loss': 0.0084, 'grad_norm': 0.42349711060523987, 'learning_rate': 2.410955356702835e-06, 'epoch': 8.72}
{'loss': 0.0085, 'grad_norm': 0.19759337604045868, 'learning_rate': 2.3571179875329468e-06, 'epoch': 8.76}
{'loss': 0.008, 'grad_norm': 0.29189780354499817, 'learning_rate': 2.303723330881897e-06, 'epoch': 8.8}
{'loss': 0.008, 'grad_norm': 0.3105009198188782, 'learning_rate': 2.250778957015613e-06, 'epoch': 8.84}
{'loss': 0.0081, 'grad_norm': 0.14025062322616577, 'learning_rate': 2.198292372359168e-06, 'epoch': 8.88}
{'loss': 0.0081, 'grad_norm': 0.15331144630908966, 'learning_rate': 2.146271018432533e-06, 'epoch': 8.92}
{'loss': 0.0084, 'grad_norm': 0.27541160583496094, 'learning_rate': 2.0947222707955055e-06, 'epoch': 8.96}
{'loss': 0.0079, 'grad_norm': 0.22903674840927124, 'learning_rate': 2.043653438002024e-06, 'epoch': 9.0}
{'eval_loss': 0.0017326788511127234, 'eval_score': 0.0019853252313841237, 'eval_err_F': 0.0009261079242391954, 'eval_err_M': 0.0016322527956691476, 'eval_err_diff': 0.0007061448714299522, 'eval_mse': 0.0008667810258098878, 'eval_mae': 0.020413032147932608, 'eval_runtime': 20.7434, 'eval_samples_per_second': 964.161, 'eval_steps_per_second': 7.569, 'epoch': 9.0}
{'loss': 0.0081, 'grad_norm': 0.21146675944328308, 'learning_rate': 1.9930717605639504e-06, 'epoch': 9.04}
{'loss': 0.0079, 'grad_norm': 0.294048935174942, 'learning_rate': 1.94298440992452e-06, 'epoch': 9.08}
{'loss': 0.0083, 'grad_norm': 0.33775538206100464, 'learning_rate': 1.8933984874415846e-06, 'epoch': 9.12}
{'loss': 0.0081, 'grad_norm': 0.5180734992027283, 'learning_rate': 1.8443210233807733e-06, 'epoch': 9.16}
{'loss': 0.0079, 'grad_norm': 0.3191625475883484, 'learning_rate': 1.7957589759187516e-06, 'epoch': 9.2}
{'loss': 0.0092, 'grad_norm': 0.558344841003418, 'learning_rate': 1.7477192301567003e-06, 'epoch': 9.24}
{'loss': 0.0081, 'grad_norm': 0.25455808639526367, 'learning_rate': 1.7002085971441366e-06, 'epoch': 9.28}
{'loss': 0.0083, 'grad_norm': 0.2487095445394516, 'learning_rate': 1.6532338129132613e-06, 'epoch': 9.32}
{'loss': 0.008, 'grad_norm': 0.34031549096107483, 'learning_rate': 1.606801537523916e-06, 'epoch': 9.36}
{'loss': 0.0079, 'grad_norm': 0.1155848577618599, 'learning_rate': 1.5609183541193277e-06, 'epoch': 9.4}
{'loss': 0.0078, 'grad_norm': 0.31467553973197937, 'learning_rate': 1.5155907679927605e-06, 'epoch': 9.44}
{'loss': 0.0084, 'grad_norm': 0.5476549863815308, 'learning_rate': 1.4708252056651875e-06, 'epoch': 9.48}
{'loss': 0.0079, 'grad_norm': 0.2851453125476837, 'learning_rate': 1.4266280139741492e-06, 'epoch': 9.52}
{'loss': 0.0079, 'grad_norm': 0.09932315349578857, 'learning_rate': 1.3830054591738981e-06, 'epoch': 9.56}
{'loss': 0.0076, 'grad_norm': 0.10000935196876526, 'learning_rate': 1.33996372604698e-06, 'epoch': 9.6}
{'loss': 0.008, 'grad_norm': 0.22980831563472748, 'learning_rate': 1.2975089170273523e-06, 'epoch': 9.64}
{'loss': 0.0078, 'grad_norm': 0.18812943994998932, 'learning_rate': 1.255647051335183e-06, 'epoch': 9.68}
{'loss': 0.0094, 'grad_norm': 0.20777714252471924, 'learning_rate': 1.2143840641234514e-06, 'epoch': 9.72}
{'loss': 0.008, 'grad_norm': 0.22318239510059357, 'learning_rate': 1.1737258056364692e-06, 'epoch': 9.76}
{'loss': 0.0079, 'grad_norm': 0.6006091833114624, 'learning_rate': 1.13367804038043e-06, 'epoch': 9.8}
{'loss': 0.0081, 'grad_norm': 0.26263031363487244, 'learning_rate': 1.0942464463061213e-06, 'epoch': 9.84}
{'loss': 0.0084, 'grad_norm': 0.17265039682388306, 'learning_rate': 1.0554366140039105e-06, 'epoch': 9.88}
{'loss': 0.0081, 'grad_norm': 0.08933259546756744, 'learning_rate': 1.0172540459111134e-06, 'epoch': 9.92}
{'loss': 0.0079, 'grad_norm': 0.4173555076122284, 'learning_rate': 9.797041555318624e-07, 'epoch': 9.96}
{'loss': 0.0081, 'grad_norm': 0.2475307285785675, 'learning_rate': 9.427922666695781e-07, 'epoch': 10.0}
{'eval_loss': 0.001773965428583324, 'eval_score': 0.0020983525880199127, 'eval_err_F': 0.0010447727150448654, 'eval_err_M': 0.0017471592970282302, 'eval_err_diff': 0.0007023865819833649, 'eval_mse': 0.0008418167133528151, 'eval_mae': 0.020079943291649034, 'eval_runtime': 31.4496, 'eval_samples_per_second': 635.938, 'eval_steps_per_second': 4.992, 'epoch': 10.0}
{'loss': 0.0092, 'grad_norm': 0.13231807947158813, 'learning_rate': 9.06523612672166e-07, 'epoch': 10.04}
{'loss': 0.0076, 'grad_norm': 0.1652015894651413, 'learning_rate': 8.709033356900405e-07, 'epoch': 10.08}
{'loss': 0.0079, 'grad_norm': 0.3088546097278595, 'learning_rate': 8.359364859470634e-07, 'epoch': 10.12}
{'loss': 0.0077, 'grad_norm': 0.3581504821777344, 'learning_rate': 8.016280210245343e-07, 'epoch': 10.16}
{'loss': 0.0075, 'grad_norm': 0.441057413816452, 'learning_rate': 7.679828051583014e-07, 'epoch': 10.2}
{'loss': 0.0077, 'grad_norm': 0.22192467749118805, 'learning_rate': 7.350056085491192e-07, 'epoch': 10.24}
{'loss': 0.0077, 'grad_norm': 0.5306335687637329, 'learning_rate': 7.027011066863278e-07, 'epoch': 10.28}
{'loss': 0.0077, 'grad_norm': 0.44201159477233887, 'learning_rate': 6.710738796849629e-07, 'epoch': 10.32}
{'loss': 0.0101, 'grad_norm': 0.4847877621650696, 'learning_rate': 6.401284116363914e-07, 'epoch': 10.36}
{'loss': 0.0078, 'grad_norm': 0.1292157769203186, 'learning_rate': 6.098690899725643e-07, 'epoch': 10.4}
{'loss': 0.0086, 'grad_norm': 0.1369425505399704, 'learning_rate': 5.803002048439587e-07, 'epoch': 10.44}
{'loss': 0.0076, 'grad_norm': 0.20201578736305237, 'learning_rate': 5.514259485113317e-07, 'epoch': 10.48}
{'loss': 0.008, 'grad_norm': 0.4626116156578064, 'learning_rate': 5.23250414751336e-07, 'epoch': 10.52}
{'loss': 0.0079, 'grad_norm': 0.46281641721725464, 'learning_rate': 4.957775982761192e-07, 'epoch': 10.56}
{'loss': 0.0077, 'grad_norm': 0.17538326978683472, 'learning_rate': 4.6901139416693936e-07, 'epoch': 10.6}
{'loss': 0.0086, 'grad_norm': 0.1151072233915329, 'learning_rate': 4.429555973219335e-07, 'epoch': 10.64}
{'loss': 0.0077, 'grad_norm': 0.6239672303199768, 'learning_rate': 4.176139019180732e-07, 'epoch': 10.68}
{'loss': 0.0076, 'grad_norm': 0.13962878286838531, 'learning_rate': 3.929899008874138e-07, 'epoch': 10.72}
{'loss': 0.0082, 'grad_norm': 0.10230840742588043, 'learning_rate': 3.69087085407681e-07, 'epoch': 10.76}
{'loss': 0.0077, 'grad_norm': 0.6165674924850464, 'learning_rate': 3.4590884440729933e-07, 'epoch': 10.8}
{'loss': 0.0079, 'grad_norm': 0.45720821619033813, 'learning_rate': 3.2345846408490923e-07, 'epoch': 10.84}
{'loss': 0.008, 'grad_norm': 0.34714242815971375, 'learning_rate': 3.0173912744345485e-07, 'epoch': 10.88}
{'loss': 0.0086, 'grad_norm': 0.2803834080696106, 'learning_rate': 2.8075391383889606e-07, 'epoch': 10.92}
{'loss': 0.0082, 'grad_norm': 0.11064444482326508, 'learning_rate': 2.6050579854362e-07, 'epoch': 10.96}
{'loss': 0.0079, 'grad_norm': 0.48789116740226746, 'learning_rate': 2.4099765232460865e-07, 'epoch': 11.0}
{'eval_loss': 0.0017374990275129676, 'eval_score': 0.002081316648106012, 'eval_err_F': 0.0009707958216628396, 'eval_err_M': 0.0017111430392916212, 'eval_err_diff': 0.0007403472176287816, 'eval_mse': 0.0008222437963237391, 'eval_mae': 0.01976464680702593, 'eval_runtime': 20.53, 'eval_samples_per_second': 974.185, 'eval_steps_per_second': 7.647, 'epoch': 11.0}
[EMA] Swapped EMA weights into model (decay=0.9998)
{'train_runtime': 2984.156, 'train_samples_per_second': 321.699, 'train_steps_per_second': 5.027, 'train_loss': 0.018314222782308404, 'epoch': 11.0}
[EMA] Swapped EMA weights into model (decay=0.9998)
score=0.00298 | err_diff=0.00089 | loss=0.00235
score=0.00298 | err_diff=0.00089 | loss=0.00235
Saved 30 worst predictions: results/optuna_dinov3-vitb16-3090-v2_trial_5/worst/worst.csv + results/optuna_dinov3-vitb16-3090-v2_trial_5/worst/images
Model saved: models:/m-c3f493bff77b462dacbe7f4322e4025d
Trial 5: score=inf err_F=inf err_M=inf err_diff=inf
Loaded 100,000 samples from data/raw/train.csv
Train: 80,000 | Val: 20,000
PMF ratios test/train (20 bins of 0.025): [0.215, 0.34, 0.565, 0.733, 0.921, 1.077, 1.32, 1.455, 1.634, 1.89, 1.981, 1.876, 1.57, 1.318, 1.35, 0.614, 0.942, 0.066, 0.066, 0.066]
eval_importance_reweight ON (eval_score reweighted to test distribution)
Cell reweight (2×20, 1/sqrt(count) normalized): max=5.930, min=0.087
DINOv3 drop_path_rate=0.008331386481225467 applied (linear 0 → 0.008 across 12 blocks via sample_drop_ratio)
Loaded DINOv3 weights: dinov3_vitb16_pretrain_lvd1689m-73cec8be.pth
EMA enabled: decay=0.9998, warmup_steps=200
WeightedMSELoss: focal_gamma=0.0, fairness_lambda=0.5270887886696456, cell_reweight=on (max=5.93, min=0.09)
Training dinov3-vitb16-3090-v2_trial6 (best_metric=eval_score)
LLRD: 14 groups, LR ∈ [1.38e-05, 1.52e-05]
Loaded 100,000 samples from data/raw/train.csv
Train: 80,000 | Val: 20,000
PMF ratios test/train (20 bins of 0.025): [0.215, 0.34, 0.565, 0.733, 0.921, 1.077, 1.32, 1.455, 1.634, 1.89, 1.981, 1.876, 1.57, 1.318, 1.35, 0.614, 0.942, 0.066, 0.066, 0.066]
eval_importance_reweight ON (eval_score reweighted to test distribution)
Cell reweight (2×20, 1/sqrt(count) normalized): max=5.930, min=0.087
DINOv3 drop_path_rate=0.008331386481225467 applied (linear 0 → 0.008 across 12 blocks via sample_drop_ratio)
Loaded DINOv3 weights: dinov3_vitb16_pretrain_lvd1689m-73cec8be.pth
EMA enabled: decay=0.9998, warmup_steps=200
WeightedMSELoss: focal_gamma=0.0, fairness_lambda=0.5270887886696456, cell_reweight=on (max=5.93, min=0.09)
Training dinov3-vitb16-3090-v2_trial6 (best_metric=eval_score)
LLRD: 14 groups, LR ∈ [1.38e-05, 1.52e-05]
{'loss': 0.3455, 'grad_norm': 13.270541191101074, 'learning_rate': 2.614018745392521e-07, 'epoch': 0.04}
{'loss': 0.2139, 'grad_norm': 4.9524688720703125, 'learning_rate': 5.228037490785042e-07, 'epoch': 0.08}
{'loss': 0.1124, 'grad_norm': 0.9190868139266968, 'learning_rate': 7.842056236177564e-07, 'epoch': 0.12}
{'loss': 0.1107, 'grad_norm': 2.7357285022735596, 'learning_rate': 1.0456074981570084e-06, 'epoch': 0.16}
{'loss': 0.0997, 'grad_norm': 2.6621439456939697, 'learning_rate': 1.3070093726962605e-06, 'epoch': 0.2}
{'loss': 0.0972, 'grad_norm': 4.076696395874023, 'learning_rate': 1.5684112472355128e-06, 'epoch': 0.24}
{'loss': 0.0888, 'grad_norm': 2.431457042694092, 'learning_rate': 1.8298131217747646e-06, 'epoch': 0.28}
{'loss': 0.0905, 'grad_norm': 2.9438440799713135, 'learning_rate': 2.091214996314017e-06, 'epoch': 0.32}
{'loss': 0.0947, 'grad_norm': 1.4769508838653564, 'learning_rate': 2.352616870853269e-06, 'epoch': 0.36}
{'loss': 0.0876, 'grad_norm': 1.1217979192733765, 'learning_rate': 2.614018745392521e-06, 'epoch': 0.4}
{'loss': 0.0855, 'grad_norm': 1.0919268131256104, 'learning_rate': 2.875420619931773e-06, 'epoch': 0.44}
{'loss': 0.0845, 'grad_norm': 3.82122802734375, 'learning_rate': 3.1368224944710255e-06, 'epoch': 0.48}
{'loss': 0.0829, 'grad_norm': 1.1407109498977661, 'learning_rate': 3.398224369010277e-06, 'epoch': 0.52}
{'loss': 0.0869, 'grad_norm': 11.292391777038574, 'learning_rate': 3.6596262435495292e-06, 'epoch': 0.56}
{'loss': 0.0915, 'grad_norm': 1.5464515686035156, 'learning_rate': 3.921028118088782e-06, 'epoch': 0.6}
{'loss': 0.0864, 'grad_norm': 1.6338865756988525, 'learning_rate': 4.182429992628034e-06, 'epoch': 0.64}
{'loss': 0.0849, 'grad_norm': 1.211832880973816, 'learning_rate': 4.443831867167286e-06, 'epoch': 0.68}
{'loss': 0.0841, 'grad_norm': 5.639275550842285, 'learning_rate': 4.705233741706538e-06, 'epoch': 0.72}
{'loss': 0.0853, 'grad_norm': 2.860316038131714, 'learning_rate': 4.96663561624579e-06, 'epoch': 0.76}
{'loss': 0.0812, 'grad_norm': 3.3496625423431396, 'learning_rate': 5.228037490785042e-06, 'epoch': 0.8}
{'loss': 0.0834, 'grad_norm': 4.970769882202148, 'learning_rate': 5.489439365324295e-06, 'epoch': 0.84}
{'loss': 0.0793, 'grad_norm': 1.5932196378707886, 'learning_rate': 5.750841239863546e-06, 'epoch': 0.88}
{'loss': 0.0878, 'grad_norm': 4.167697429656982, 'learning_rate': 6.012243114402798e-06, 'epoch': 0.92}
{'loss': 0.0766, 'grad_norm': 1.5494041442871094, 'learning_rate': 6.273644988942051e-06, 'epoch': 0.96}
{'loss': 0.0712, 'grad_norm': 4.2200398445129395, 'learning_rate': 6.535046863481303e-06, 'epoch': 1.0}
{'eval_loss': 0.011190966702997684, 'eval_score': 0.00710943452014334, 'eval_err_F': 0.0067843334599325626, 'eval_err_M': 0.006134131339511006, 'eval_err_diff': 0.0006502021204215563, 'eval_mse': 0.0025499337967900006, 'eval_mae': 0.03631175730517225, 'eval_runtime': 20.9622, 'eval_samples_per_second': 954.096, 'eval_steps_per_second': 7.49, 'epoch': 1.0}
{'loss': 0.0693, 'grad_norm': 2.091486930847168, 'learning_rate': 6.796448738020554e-06, 'epoch': 1.04}
{'loss': 0.0722, 'grad_norm': 3.2460808753967285, 'learning_rate': 7.057850612559807e-06, 'epoch': 1.08}
{'loss': 0.0721, 'grad_norm': 2.9379661083221436, 'learning_rate': 7.3192524870990585e-06, 'epoch': 1.12}
{'loss': 0.066, 'grad_norm': 3.984793186187744, 'learning_rate': 7.580654361638311e-06, 'epoch': 1.16}
{'loss': 0.0659, 'grad_norm': 4.604736328125, 'learning_rate': 7.842056236177563e-06, 'epoch': 1.2}
{'loss': 0.058, 'grad_norm': 2.7215418815612793, 'learning_rate': 8.103458110716816e-06, 'epoch': 1.24}
{'loss': 0.0588, 'grad_norm': 4.233819961547852, 'learning_rate': 8.364859985256068e-06, 'epoch': 1.28}
{'loss': 0.0579, 'grad_norm': 6.491909503936768, 'learning_rate': 8.626261859795319e-06, 'epoch': 1.32}
{'loss': 0.0612, 'grad_norm': 1.0556683540344238, 'learning_rate': 8.887663734334572e-06, 'epoch': 1.36}
{'loss': 0.0581, 'grad_norm': 1.2895324230194092, 'learning_rate': 9.149065608873825e-06, 'epoch': 1.4}
{'loss': 0.0528, 'grad_norm': 1.7358999252319336, 'learning_rate': 9.410467483413076e-06, 'epoch': 1.44}
{'loss': 0.0528, 'grad_norm': 2.006831169128418, 'learning_rate': 9.671869357952329e-06, 'epoch': 1.48}
{'loss': 0.0524, 'grad_norm': 3.655118703842163, 'learning_rate': 9.93327123249158e-06, 'epoch': 1.52}
{'loss': 0.0547, 'grad_norm': 3.9266903400421143, 'learning_rate': 1.0194673107030833e-05, 'epoch': 1.56}
{'loss': 0.0526, 'grad_norm': 1.6132296323776245, 'learning_rate': 1.0456074981570084e-05, 'epoch': 1.6}
{'loss': 0.0557, 'grad_norm': 0.9212689399719238, 'learning_rate': 1.0717476856109337e-05, 'epoch': 1.64}
{'loss': 0.0485, 'grad_norm': 2.8386545181274414, 'learning_rate': 1.097887873064859e-05, 'epoch': 1.68}
{'loss': 0.0483, 'grad_norm': 6.022532939910889, 'learning_rate': 1.1240280605187841e-05, 'epoch': 1.72}
{'loss': 0.0494, 'grad_norm': 4.58510684967041, 'learning_rate': 1.1501682479727092e-05, 'epoch': 1.76}
{'loss': 0.0465, 'grad_norm': 1.0653047561645508, 'learning_rate': 1.1763084354266345e-05, 'epoch': 1.8}
{'loss': 0.0509, 'grad_norm': 5.105774402618408, 'learning_rate': 1.2024486228805596e-05, 'epoch': 1.84}
{'loss': 0.0467, 'grad_norm': 1.336781620979309, 'learning_rate': 1.228588810334485e-05, 'epoch': 1.88}
{'loss': 0.0466, 'grad_norm': 1.321938395500183, 'learning_rate': 1.2547289977884102e-05, 'epoch': 1.92}
{'loss': 0.0433, 'grad_norm': 0.7077518701553345, 'learning_rate': 1.2808691852423353e-05, 'epoch': 1.96}
{'loss': 0.0461, 'grad_norm': 3.557920455932617, 'learning_rate': 1.3070093726962606e-05, 'epoch': 2.0}
{'eval_loss': 0.005864678416401148, 'eval_score': 0.0031151022599820175, 'eval_err_F': 0.002429422114193303, 'eval_err_M': 0.0028865422113857793, 'eval_err_diff': 0.0004571200971924764, 'eval_mse': 0.001866316182322879, 'eval_mae': 0.034007384650689525, 'eval_runtime': 21.0828, 'eval_samples_per_second': 948.639, 'eval_steps_per_second': 7.447, 'epoch': 2.0}
{'loss': 0.0451, 'grad_norm': 1.1665359735488892, 'learning_rate': 1.3331495601501857e-05, 'epoch': 2.04}
{'loss': 0.0436, 'grad_norm': 0.888975203037262, 'learning_rate': 1.3592897476041109e-05, 'epoch': 2.08}
{'loss': 0.0484, 'grad_norm': 2.696171522140503, 'learning_rate': 1.3828155874438694e-05, 'epoch': 2.12}
{'loss': 0.0443, 'grad_norm': 1.3366665840148926, 'learning_rate': 1.3827761235695085e-05, 'epoch': 2.16}
{'loss': 0.0408, 'grad_norm': 0.7495790123939514, 'learning_rate': 1.382670890241961e-05, 'epoch': 2.2}
{'loss': 0.0447, 'grad_norm': 0.9509508609771729, 'learning_rate': 1.3824998974720123e-05, 'epoch': 2.24}
{'loss': 0.049, 'grad_norm': 3.7088139057159424, 'learning_rate': 1.382263161526106e-05, 'epoch': 2.28}
{'loss': 0.0427, 'grad_norm': 1.4797961711883545, 'learning_rate': 1.3819607049247952e-05, 'epoch': 2.32}
{'loss': 0.0484, 'grad_norm': 3.004272699356079, 'learning_rate': 1.3815925564406014e-05, 'epoch': 2.36}
{'loss': 0.0432, 'grad_norm': 2.2475130558013916, 'learning_rate': 1.3811587510952765e-05, 'epoch': 2.4}
{'loss': 0.0458, 'grad_norm': 1.911360263824463, 'learning_rate': 1.380659330156472e-05, 'epoch': 2.44}
{'loss': 0.0393, 'grad_norm': 4.218872547149658, 'learning_rate': 1.3800943411338125e-05, 'epoch': 2.48}
{'loss': 0.0399, 'grad_norm': 2.494750499725342, 'learning_rate': 1.3794638377743766e-05, 'epoch': 2.52}
{'loss': 0.0402, 'grad_norm': 1.1978286504745483, 'learning_rate': 1.3787678800575834e-05, 'epoch': 2.56}
{'loss': 0.0389, 'grad_norm': 1.7059128284454346, 'learning_rate': 1.378006534189488e-05, 'epoch': 2.6}
{'loss': 0.0403, 'grad_norm': 1.2667001485824585, 'learning_rate': 1.3771798725964812e-05, 'epoch': 2.64}
{'loss': 0.0401, 'grad_norm': 0.6358515620231628, 'learning_rate': 1.3762879739184022e-05, 'epoch': 2.68}
{'loss': 0.044, 'grad_norm': 1.8095823526382446, 'learning_rate': 1.3753309230010556e-05, 'epoch': 2.72}
{'loss': 0.0373, 'grad_norm': 0.680282711982727, 'learning_rate': 1.3743088108881407e-05, 'epoch': 2.76}
{'loss': 0.0404, 'grad_norm': 0.7541555166244507, 'learning_rate': 1.3732217348125913e-05, 'epoch': 2.8}
{'loss': 0.0374, 'grad_norm': 1.6970854997634888, 'learning_rate': 1.3720697981873244e-05, 'epoch': 2.84}
{'loss': 0.0369, 'grad_norm': 0.5974239706993103, 'learning_rate': 1.3708531105954044e-05, 'epoch': 2.88}
{'loss': 0.0357, 'grad_norm': 2.6355512142181396, 'learning_rate': 1.369571787779617e-05, 'epoch': 2.92}
{'loss': 0.0361, 'grad_norm': 0.7924760580062866, 'learning_rate': 1.36822595163146e-05, 'epoch': 2.96}
{'loss': 0.0358, 'grad_norm': 1.2452523708343506, 'learning_rate': 1.3668157301795465e-05, 'epoch': 3.0}
{'eval_loss': 0.005022174678742886, 'eval_score': 0.0029872494229722236, 'eval_err_F': 0.0018586331346253098, 'eval_err_M': 0.0026110439935232523, 'eval_err_diff': 0.0007524108588979426, 'eval_mse': 0.0014430105300107267, 'eval_mae': 0.029625237303321228, 'eval_runtime': 20.907, 'eval_samples_per_second': 956.619, 'eval_steps_per_second': 7.509, 'epoch': 3.0}
{'loss': 0.0456, 'grad_norm': 1.3111544847488403, 'learning_rate': 1.3653412575774264e-05, 'epoch': 3.04}
{'loss': 0.035, 'grad_norm': 1.4169526100158691, 'learning_rate': 1.363802674090825e-05, 'epoch': 3.08}
{'loss': 0.0355, 'grad_norm': 2.155034065246582, 'learning_rate': 1.3622001260842977e-05, 'epoch': 3.12}
{'loss': 0.0369, 'grad_norm': 1.1196750402450562, 'learning_rate': 1.3605337660073087e-05, 'epoch': 3.16}
{'loss': 0.036, 'grad_norm': 0.6518913507461548, 'learning_rate': 1.3588037523797267e-05, 'epoch': 3.2}
{'loss': 0.0428, 'grad_norm': 1.1561508178710938, 'learning_rate': 1.3570102497767468e-05, 'epoch': 3.24}
{'loss': 0.0334, 'grad_norm': 0.32278791069984436, 'learning_rate': 1.3551534288132323e-05, 'epoch': 3.28}
{'loss': 0.0332, 'grad_norm': 0.9770004749298096, 'learning_rate': 1.3532334661274867e-05, 'epoch': 3.32}
{'loss': 0.0364, 'grad_norm': 2.6846351623535156, 'learning_rate': 1.3512505443644479e-05, 'epoch': 3.36}
{'loss': 0.0326, 'grad_norm': 0.3001047968864441, 'learning_rate': 1.349204852158315e-05, 'epoch': 3.4}
{'loss': 0.0381, 'grad_norm': 3.4071273803710938, 'learning_rate': 1.3470965841146032e-05, 'epoch': 3.44}
{'loss': 0.0338, 'grad_norm': 0.3438286781311035, 'learning_rate': 1.3449259407916303e-05, 'epoch': 3.48}
{'loss': 0.0313, 'grad_norm': 0.9458852410316467, 'learning_rate': 1.3426931286814382e-05, 'epoch': 3.52}
{'loss': 0.0319, 'grad_norm': 1.8803081512451172, 'learning_rate': 1.3403983601901503e-05, 'epoch': 3.56}
{'loss': 0.0315, 'grad_norm': 0.8513754606246948, 'learning_rate': 1.3380418536177642e-05, 'epoch': 3.6}
{'loss': 0.0308, 'grad_norm': 0.740452229976654, 'learning_rate': 1.3356238331373853e-05, 'epoch': 3.64}
{'loss': 0.0291, 'grad_norm': 1.2056992053985596, 'learning_rate': 1.3331445287739016e-05, 'epoch': 3.68}
{'loss': 0.0293, 'grad_norm': 0.955967903137207, 'learning_rate': 1.3306041763821013e-05, 'epoch': 3.72}
{'loss': 0.0311, 'grad_norm': 2.4661142826080322, 'learning_rate': 1.3280030176242364e-05, 'epoch': 3.76}
{'loss': 0.0357, 'grad_norm': 0.6644770503044128, 'learning_rate': 1.3253412999470328e-05, 'epoch': 3.8}
{'loss': 0.0292, 'grad_norm': 0.7304810881614685, 'learning_rate': 1.3226192765581519e-05, 'epoch': 3.84}
{'loss': 0.0285, 'grad_norm': 1.8221299648284912, 'learning_rate': 1.3198372064021024e-05, 'epoch': 3.88}
{'loss': 0.0263, 'grad_norm': 0.9306893348693848, 'learning_rate': 1.316995354135607e-05, 'epoch': 3.92}
{'loss': 0.0233, 'grad_norm': 0.5022881627082825, 'learning_rate': 1.314093990102426e-05, 'epoch': 3.96}
{'loss': 0.0247, 'grad_norm': 3.350743293762207, 'learning_rate': 1.3111333903076396e-05, 'epoch': 4.0}
{'eval_loss': 0.004150556866079569, 'eval_score': 0.0023253950068410087, 'eval_err_F': 0.001424003092735507, 'eval_err_M': 0.0020249310354725084, 'eval_err_diff': 0.0006009279427370013, 'eval_mse': 0.0016881994421613748, 'eval_mae': 0.03221657585846351, 'eval_runtime': 21.0902, 'eval_samples_per_second': 948.306, 'eval_steps_per_second': 7.444, 'epoch': 4.0}
{'loss': 0.0251, 'grad_norm': 0.9812929630279541, 'learning_rate': 1.3081138363913914e-05, 'epoch': 4.04}
{'loss': 0.0219, 'grad_norm': 0.7007336616516113, 'learning_rate': 1.3050356156020974e-05, 'epoch': 4.08}
{'loss': 0.0274, 'grad_norm': 2.5740928649902344, 'learning_rate': 1.3018990207691182e-05, 'epoch': 4.12}
{'loss': 0.0195, 'grad_norm': 0.7871654033660889, 'learning_rate': 1.2987043502749039e-05, 'epoch': 4.16}
{'loss': 0.0234, 'grad_norm': 1.0828795433044434, 'learning_rate': 1.2954519080266082e-05, 'epoch': 4.2}
{'loss': 0.019, 'grad_norm': 2.0366573333740234, 'learning_rate': 1.2921420034271791e-05, 'epoch': 4.24}
{'loss': 0.018, 'grad_norm': 0.9968023300170898, 'learning_rate': 1.2887749513459239e-05, 'epoch': 4.28}
{'loss': 0.0185, 'grad_norm': 0.4753689765930176, 'learning_rate': 1.2853510720885576e-05, 'epoch': 4.32}
{'loss': 0.0163, 'grad_norm': 0.2859503924846649, 'learning_rate': 1.2818706913667306e-05, 'epoch': 4.36}
{'loss': 0.0171, 'grad_norm': 0.508081316947937, 'learning_rate': 1.2783341402670455e-05, 'epoch': 4.4}
{'loss': 0.0156, 'grad_norm': 0.8660245537757874, 'learning_rate': 1.2747417552195606e-05, 'epoch': 4.44}
{'loss': 0.0152, 'grad_norm': 0.25118935108184814, 'learning_rate': 1.2710938779657845e-05, 'epoch': 4.48}
{'loss': 0.0172, 'grad_norm': 1.9659243822097778, 'learning_rate': 1.2673908555261682e-05, 'epoch': 4.52}
{'loss': 0.0182, 'grad_norm': 1.124452829360962, 'learning_rate': 1.263633040167092e-05, 'epoch': 4.56}
{'loss': 0.0157, 'grad_norm': 0.871718168258667, 'learning_rate': 1.2598207893673542e-05, 'epoch': 4.6}
{'loss': 0.0184, 'grad_norm': 2.6932482719421387, 'learning_rate': 1.255954465784166e-05, 'epoch': 4.64}
{'loss': 0.0183, 'grad_norm': 1.113291621208191, 'learning_rate': 1.2520344372186505e-05, 'epoch': 4.68}
{'loss': 0.0186, 'grad_norm': 1.2938055992126465, 'learning_rate': 1.2480610765808553e-05, 'epoch': 4.72}
{'loss': 0.0158, 'grad_norm': 1.701250672340393, 'learning_rate': 1.2440347618542768e-05, 'epoch': 4.76}
{'loss': 0.0165, 'grad_norm': 0.5985620021820068, 'learning_rate': 1.2399558760599028e-05, 'epoch': 4.8}
{'loss': 0.0147, 'grad_norm': 1.3710911273956299, 'learning_rate': 1.235824807219777e-05, 'epoch': 4.84}
{'loss': 0.0145, 'grad_norm': 0.39178338646888733, 'learning_rate': 1.2316419483200858e-05, 'epoch': 4.88}
{'loss': 0.0137, 'grad_norm': 0.8878037333488464, 'learning_rate': 1.2274076972737738e-05, 'epoch': 4.92}
{'loss': 0.0147, 'grad_norm': 1.009712815284729, 'learning_rate': 1.223122456882691e-05, 'epoch': 4.96}
{'loss': 0.014, 'grad_norm': 0.39791715145111084, 'learning_rate': 1.2187866347992739e-05, 'epoch': 5.0}
{'eval_loss': 0.005011338274925947, 'eval_score': 0.002387420717913336, 'eval_err_F': 0.0017866779162050118, 'eval_err_M': 0.0021871731173438943, 'eval_err_diff': 0.0004004952011388825, 'eval_mse': 0.001133462363698561, 'eval_mae': 0.024918891293277012, 'eval_runtime': 20.9422, 'eval_samples_per_second': 955.008, 'eval_steps_per_second': 7.497, 'epoch': 5.0}
{'loss': 0.0158, 'grad_norm': 0.8280699253082275, 'learning_rate': 1.2144006434877663e-05, 'epoch': 5.04}
{'loss': 0.0177, 'grad_norm': 0.3933574855327606, 'learning_rate': 1.209964900184982e-05, 'epoch': 5.08}
{'loss': 0.0151, 'grad_norm': 0.7477724552154541, 'learning_rate': 1.2054798268606123e-05, 'epoch': 5.12}
{'loss': 0.0236, 'grad_norm': 1.0092562437057495, 'learning_rate': 1.2009458501770848e-05, 'epoch': 5.16}
{'loss': 0.0137, 'grad_norm': 0.5490504503250122, 'learning_rate': 1.1963634014489762e-05, 'epoch': 5.2}
{'loss': 0.0147, 'grad_norm': 0.4908759593963623, 'learning_rate': 1.1917329166019799e-05, 'epoch': 5.24}
{'loss': 0.0138, 'grad_norm': 0.5723362565040588, 'learning_rate': 1.187054836131438e-05, 'epoch': 5.28}
{'loss': 0.0137, 'grad_norm': 0.4032886326313019, 'learning_rate': 1.1823296050604362e-05, 'epoch': 5.32}
{'loss': 0.0132, 'grad_norm': 1.0041735172271729, 'learning_rate': 1.1775576728974698e-05, 'epoch': 5.36}
{'loss': 0.0121, 'grad_norm': 0.7136138677597046, 'learning_rate': 1.172739493593682e-05, 'epoch': 5.4}
{'loss': 0.0132, 'grad_norm': 0.559596836566925, 'learning_rate': 1.1678755254996796e-05, 'epoch': 5.44}
{'loss': 0.0131, 'grad_norm': 1.480462670326233, 'learning_rate': 1.1629662313219305e-05, 'epoch': 5.48}
{'loss': 0.0127, 'grad_norm': 1.1596168279647827, 'learning_rate': 1.158012078078747e-05, 'epoch': 5.52}
{'loss': 0.0128, 'grad_norm': 0.43825867772102356, 'learning_rate': 1.1530135370558575e-05, 'epoch': 5.56}
{'loss': 0.0118, 'grad_norm': 0.775688111782074, 'learning_rate': 1.1479710837615754e-05, 'epoch': 5.6}
{'loss': 0.0158, 'grad_norm': 0.4514327049255371, 'learning_rate': 1.142885197881562e-05, 'epoch': 5.64}
{'loss': 0.0118, 'grad_norm': 1.3453913927078247, 'learning_rate': 1.1377563632331955e-05, 'epoch': 5.68}
{'loss': 0.012, 'grad_norm': 0.5050287842750549, 'learning_rate': 1.132585067719546e-05, 'epoch': 5.72}
{'loss': 0.0148, 'grad_norm': 1.623990535736084, 'learning_rate': 1.1273718032829609e-05, 'epoch': 5.76}
{'loss': 0.0128, 'grad_norm': 0.2654134929180145, 'learning_rate': 1.122117065858267e-05, 'epoch': 5.8}
{'loss': 0.0171, 'grad_norm': 0.6645287871360779, 'learning_rate': 1.116821355325592e-05, 'epoch': 5.84}
{'loss': 0.0136, 'grad_norm': 0.3485054075717926, 'learning_rate': 1.1114851754628126e-05, 'epoch': 5.88}
{'loss': 0.0141, 'grad_norm': 1.283055067062378, 'learning_rate': 1.1061090338976283e-05, 'epoch': 5.92}
{'loss': 0.012, 'grad_norm': 2.6582837104797363, 'learning_rate': 1.1006934420592725e-05, 'epoch': 5.96}
{'loss': 0.0123, 'grad_norm': 2.3609085083007812, 'learning_rate': 1.0952389151298613e-05, 'epoch': 6.0}
{'eval_loss': 0.0036386384163051844, 'eval_score': 0.0017276077764599542, 'eval_err_F': 0.0011288742763971922, 'eval_err_M': 0.0015280299431057003, 'eval_err_diff': 0.00039915566670850806, 'eval_mse': 0.0012112078513614342, 'eval_mae': 0.026030649026763605, 'eval_runtime': 21.0663, 'eval_samples_per_second': 949.384, 'eval_steps_per_second': 7.453, 'epoch': 6.0}
{'loss': 0.0114, 'grad_norm': 0.23249654471874237, 'learning_rate': 1.089745971995382e-05, 'epoch': 6.04}
{'loss': 0.0117, 'grad_norm': 0.32536908984184265, 'learning_rate': 1.084215135196334e-05, 'epoch': 6.08}
{'loss': 0.0136, 'grad_norm': 1.2779887914657593, 'learning_rate': 1.078646930878019e-05, 'epoch': 6.12}
{'loss': 0.0117, 'grad_norm': 0.33639511466026306, 'learning_rate': 1.0730418887404893e-05, 'epoch': 6.16}
{'loss': 0.0127, 'grad_norm': 0.5508835315704346, 'learning_rate': 1.0674005419881572e-05, 'epoch': 6.2}
{'loss': 0.0112, 'grad_norm': 0.5844610929489136, 'learning_rate': 1.0617234272790722e-05, 'epoch': 6.24}
{'loss': 0.012, 'grad_norm': 0.920807421207428, 'learning_rate': 1.056011084673869e-05, 'epoch': 6.28}
{'loss': 0.0104, 'grad_norm': 0.46257129311561584, 'learning_rate': 1.0502640575843909e-05, 'epoch': 6.32}
{'loss': 0.014, 'grad_norm': 1.4658547639846802, 'learning_rate': 1.0444828927219973e-05, 'epoch': 6.36}
{'loss': 0.0106, 'grad_norm': 0.36033037304878235, 'learning_rate': 1.0386681400455534e-05, 'epoch': 6.4}
{'loss': 0.0101, 'grad_norm': 0.730518639087677, 'learning_rate': 1.0328203527091138e-05, 'epoch': 6.44}
{'loss': 0.0091, 'grad_norm': 0.3713282346725464, 'learning_rate': 1.0269400870093011e-05, 'epoch': 6.48}
{'loss': 0.0094, 'grad_norm': 0.2203717976808548, 'learning_rate': 1.0210279023323859e-05, 'epoch': 6.52}
{'loss': 0.0097, 'grad_norm': 0.7945031523704529, 'learning_rate': 1.0150843611010727e-05, 'epoch': 6.56}
{'loss': 0.0111, 'grad_norm': 0.5906102061271667, 'learning_rate': 1.0091100287209967e-05, 'epoch': 6.6}
{'loss': 0.0092, 'grad_norm': 0.18370816111564636, 'learning_rate': 1.0031054735269376e-05, 'epoch': 6.64}
{'loss': 0.0087, 'grad_norm': 0.9894350171089172, 'learning_rate': 9.970712667287532e-06, 'epoch': 6.68}
{'loss': 0.0148, 'grad_norm': 1.696953296661377, 'learning_rate': 9.91007982357042e-06, 'epoch': 6.72}
{'loss': 0.01, 'grad_norm': 0.4036785662174225, 'learning_rate': 9.849161972085348e-06, 'epoch': 6.76}
{'loss': 0.0081, 'grad_norm': 0.660690188407898, 'learning_rate': 9.787964907912246e-06, 'epoch': 6.8}
{'loss': 0.0133, 'grad_norm': 0.8597898483276367, 'learning_rate': 9.726494452692392e-06, 'epoch': 6.84}
{'loss': 0.0085, 'grad_norm': 1.9418901205062866, 'learning_rate': 9.664756454074587e-06, 'epoch': 6.88}
{'loss': 0.0075, 'grad_norm': 0.6952592730522156, 'learning_rate': 9.602756785158892e-06, 'epoch': 6.92}
{'loss': 0.008, 'grad_norm': 0.5244855284690857, 'learning_rate': 9.540501343937898e-06, 'epoch': 6.96}
{'loss': 0.0076, 'grad_norm': 0.5818823575973511, 'learning_rate': 9.47799605273568e-06, 'epoch': 7.0}
{'eval_loss': 0.003925967961549759, 'eval_score': 0.0018754836562535643, 'eval_err_F': 0.0011801759795731913, 'eval_err_M': 0.00164371443069344, 'eval_err_diff': 0.0004635384511202487, 'eval_mse': 0.0009102508458606227, 'eval_mae': 0.021603570276220306, 'eval_runtime': 20.9976, 'eval_samples_per_second': 952.491, 'eval_steps_per_second': 7.477, 'epoch': 7.0}
{'loss': 0.0077, 'grad_norm': 0.13126704096794128, 'learning_rate': 9.415246857644391e-06, 'epoch': 7.04}
{'loss': 0.0077, 'grad_norm': 0.8743438720703125, 'learning_rate': 9.352259727958619e-06, 'epoch': 7.08}
{'loss': 0.0076, 'grad_norm': 0.8248646259307861, 'learning_rate': 9.289040655607533e-06, 'epoch': 7.12}
{'loss': 0.0076, 'grad_norm': 0.35264527797698975, 'learning_rate': 9.225595654584874e-06, 'epoch': 7.16}
{'loss': 0.0073, 'grad_norm': 0.3325447738170624, 'learning_rate': 9.161930760376847e-06, 'epoch': 7.2}
{'loss': 0.0071, 'grad_norm': 0.468830406665802, 'learning_rate': 9.098052029387971e-06, 'epoch': 7.24}
{'loss': 0.0073, 'grad_norm': 0.3341621458530426, 'learning_rate': 9.033965538364927e-06, 'epoch': 7.28}
{'loss': 0.0085, 'grad_norm': 0.6327267289161682, 'learning_rate': 8.969677383818491e-06, 'epoch': 7.32}
{'loss': 0.0076, 'grad_norm': 0.12293526530265808, 'learning_rate': 8.905193681443581e-06, 'epoch': 7.36}
{'loss': 0.013, 'grad_norm': 0.4467135965824127, 'learning_rate': 8.840520565537454e-06, 'epoch': 7.4}
{'loss': 0.0104, 'grad_norm': 0.4485219717025757, 'learning_rate': 8.77566418841617e-06, 'epoch': 7.44}
{'loss': 0.0072, 'grad_norm': 0.6713719367980957, 'learning_rate': 8.71063071982933e-06, 'epoch': 7.48}
{'loss': 0.0073, 'grad_norm': 1.7704137563705444, 'learning_rate': 8.645426346373139e-06, 'epoch': 7.52}
{'loss': 0.0071, 'grad_norm': 1.4465694427490234, 'learning_rate': 8.580057270901875e-06, 'epoch': 7.56}
{'loss': 0.0079, 'grad_norm': 0.6379897594451904, 'learning_rate': 8.514529711937839e-06, 'epoch': 7.6}
{'loss': 0.007, 'grad_norm': 0.4360242486000061, 'learning_rate': 8.44884990307976e-06, 'epoch': 7.64}
{'loss': 0.0072, 'grad_norm': 0.47472766041755676, 'learning_rate': 8.38302409240982e-06, 'epoch': 7.68}
{'loss': 0.0065, 'grad_norm': 0.13242565095424652, 'learning_rate': 8.31705854189927e-06, 'epoch': 7.72}
{'loss': 0.0094, 'grad_norm': 0.3805648386478424, 'learning_rate': 8.250959526812723e-06, 'epoch': 7.76}
{'loss': 0.0067, 'grad_norm': 0.17031686007976532, 'learning_rate': 8.184733335111206e-06, 'epoch': 7.8}
{'loss': 0.0098, 'grad_norm': 0.43525198101997375, 'learning_rate': 8.118386266853983e-06, 'epoch': 7.84}
{'loss': 0.0081, 'grad_norm': 1.509061336517334, 'learning_rate': 8.051924633599232e-06, 'epoch': 7.88}
{'loss': 0.0068, 'grad_norm': 0.7271119952201843, 'learning_rate': 7.98535475780364e-06, 'epoch': 7.92}
{'loss': 0.009, 'grad_norm': 0.14589911699295044, 'learning_rate': 7.91868297222093e-06, 'epoch': 7.96}
{'loss': 0.0062, 'grad_norm': 0.5143258571624756, 'learning_rate': 7.851915619299464e-06, 'epoch': 8.0}
{'eval_loss': 0.004299521446228027, 'eval_score': 0.002370162644420605, 'eval_err_F': 0.0017084924458887652, 'eval_err_M': 0.002149605911576658, 'eval_err_diff': 0.0004411134656878929, 'eval_mse': 0.0009795138720206011, 'eval_mae': 0.022447201937810496, 'eval_runtime': 31.6541, 'eval_samples_per_second': 631.83, 'eval_steps_per_second': 4.96, 'epoch': 8.0}
{'loss': 0.007, 'grad_norm': 0.22378934919834137, 'learning_rate': 7.785059050578852e-06, 'epoch': 8.04}
{'loss': 0.0064, 'grad_norm': 0.5614147186279297, 'learning_rate': 7.718119626085757e-06, 'epoch': 8.08}
{'loss': 0.0069, 'grad_norm': 0.44674086570739746, 'learning_rate': 7.651103713728869e-06, 'epoch': 8.12}
{'loss': 0.0063, 'grad_norm': 0.24996690452098846, 'learning_rate': 7.584017688693119e-06, 'epoch': 8.16}
{'loss': 0.0061, 'grad_norm': 0.12389551103115082, 'learning_rate': 7.516867932833213e-06, 'epoch': 8.2}
{'loss': 0.0064, 'grad_norm': 0.45146095752716064, 'learning_rate': 7.449660834066542e-06, 'epoch': 8.24}
{'loss': 0.0062, 'grad_norm': 0.9700901508331299, 'learning_rate': 7.382402785765491e-06, 'epoch': 8.28}
{'loss': 0.008, 'grad_norm': 0.40646982192993164, 'learning_rate': 7.3151001861492405e-06, 'epoch': 8.32}
{'loss': 0.0079, 'grad_norm': 0.630071759223938, 'learning_rate': 7.24775943767512e-06, 'epoch': 8.36}
{'loss': 0.0063, 'grad_norm': 0.24282222986221313, 'learning_rate': 7.180386946429527e-06, 'epoch': 8.4}
{'loss': 0.0075, 'grad_norm': 0.3078930675983429, 'learning_rate': 7.112989121518539e-06, 'epoch': 8.44}
{'loss': 0.0063, 'grad_norm': 0.7509679794311523, 'learning_rate': 7.045572374458214e-06, 'epoch': 8.48}
{'loss': 0.006, 'grad_norm': 0.21144577860832214, 'learning_rate': 6.978143118564648e-06, 'epoch': 8.52}
{'loss': 0.0077, 'grad_norm': 1.1847782135009766, 'learning_rate': 6.910707768343907e-06, 'epoch': 8.56}
{'loss': 0.0083, 'grad_norm': 0.27151408791542053, 'learning_rate': 6.843272738881808e-06, 'epoch': 8.6}
{'loss': 0.0061, 'grad_norm': 0.4028831124305725, 'learning_rate': 6.775844445233646e-06, 'epoch': 8.64}
{'loss': 0.0061, 'grad_norm': 0.4570921063423157, 'learning_rate': 6.7084293018139465e-06, 'epoch': 8.68}
{'loss': 0.0067, 'grad_norm': 0.4308684766292572, 'learning_rate': 6.641033721786264e-06, 'epoch': 8.72}
{'loss': 0.0064, 'grad_norm': 0.5438421964645386, 'learning_rate': 6.573664116453092e-06, 'epoch': 8.76}
{'loss': 0.0069, 'grad_norm': 0.8067306280136108, 'learning_rate': 6.506326894645972e-06, 'epoch': 8.8}
{'loss': 0.0061, 'grad_norm': 0.436119019985199, 'learning_rate': 6.439028462115822e-06, 'epoch': 8.84}
{'loss': 0.0061, 'grad_norm': 0.10477817803621292, 'learning_rate': 6.371775220923546e-06, 'epoch': 8.88}
{'loss': 0.0065, 'grad_norm': 0.8548238277435303, 'learning_rate': 6.304573568831038e-06, 'epoch': 8.92}
{'loss': 0.0062, 'grad_norm': 0.2460378110408783, 'learning_rate': 6.237429898692541e-06, 'epoch': 8.96}
{'loss': 0.0074, 'grad_norm': 0.6899855732917786, 'learning_rate': 6.1703505978465074e-06, 'epoch': 9.0}
{'eval_loss': 0.002895378042012453, 'eval_score': 0.001490815023303628, 'eval_err_F': 0.000758824554242456, 'eval_err_M': 0.0012468182002832373, 'eval_err_diff': 0.00048799364604078124, 'eval_mse': 0.0008161406722171286, 'eval_mae': 0.019889523491078035, 'eval_runtime': 21.0152, 'eval_samples_per_second': 951.693, 'eval_steps_per_second': 7.471, 'epoch': 9.0}
{'loss': 0.0059, 'grad_norm': 0.22729581594467163, 'learning_rate': 6.103342047507983e-06, 'epoch': 9.04}
{'loss': 0.0064, 'grad_norm': 1.7180850505828857, 'learning_rate': 6.036410622161556e-06, 'epoch': 9.08}
{'loss': 0.0072, 'grad_norm': 0.16358311474323273, 'learning_rate': 5.969562688954955e-06, 'epoch': 9.12}
{'loss': 0.0075, 'grad_norm': 0.9908069968223572, 'learning_rate': 5.9028046070933514e-06, 'epoch': 9.16}
{'loss': 0.0062, 'grad_norm': 0.7473746538162231, 'learning_rate': 5.836142727234418e-06, 'epoch': 9.2}
{'loss': 0.0069, 'grad_norm': 0.24759052693843842, 'learning_rate': 5.769583390884171e-06, 'epoch': 9.24}
{'loss': 0.0059, 'grad_norm': 0.15583257377147675, 'learning_rate': 5.7031329297937385e-06, 'epoch': 9.28}
{'loss': 0.0059, 'grad_norm': 0.44477081298828125, 'learning_rate': 5.636797665356998e-06, 'epoch': 9.32}
{'loss': 0.0065, 'grad_norm': 0.23444761335849762, 'learning_rate': 5.570583908009239e-06, 'epoch': 9.36}
{'loss': 0.0062, 'grad_norm': 0.2628391683101654, 'learning_rate': 5.504497956626852e-06, 'epoch': 9.4}
{'loss': 0.0069, 'grad_norm': 0.8070664405822754, 'learning_rate': 5.438546097928121e-06, 'epoch': 9.44}
{'loss': 0.0059, 'grad_norm': 0.8963416218757629, 'learning_rate': 5.372734605875166e-06, 'epoch': 9.48}
{'loss': 0.0057, 'grad_norm': 0.3277396857738495, 'learning_rate': 5.307069741077115e-06, 'epoch': 9.52}
{'loss': 0.0058, 'grad_norm': 0.608869194984436, 'learning_rate': 5.2415577501945315e-06, 'epoch': 9.56}
{'loss': 0.0065, 'grad_norm': 0.7321600914001465, 'learning_rate': 5.176204865345164e-06, 'epoch': 9.6}
{'loss': 0.0068, 'grad_norm': 0.478230357170105, 'learning_rate': 5.111017303511101e-06, 'epoch': 9.64}
{'loss': 0.0061, 'grad_norm': 0.1260920912027359, 'learning_rate': 5.046001265947351e-06, 'epoch': 9.68}
{'loss': 0.0069, 'grad_norm': 0.3200128376483917, 'learning_rate': 4.981162937591911e-06, 'epoch': 9.72}
{'loss': 0.009, 'grad_norm': 0.2540007531642914, 'learning_rate': 4.91650848647741e-06, 'epoch': 9.76}
{'loss': 0.0058, 'grad_norm': 0.5253908038139343, 'learning_rate': 4.852044063144342e-06, 'epoch': 9.8}
{'loss': 0.0056, 'grad_norm': 0.23157164454460144, 'learning_rate': 4.787775800055958e-06, 'epoch': 9.84}
{'loss': 0.0065, 'grad_norm': 0.2301529198884964, 'learning_rate': 4.723709811014914e-06, 'epoch': 9.88}
{'loss': 0.0057, 'grad_norm': 0.30784866213798523, 'learning_rate': 4.659852190581644e-06, 'epoch': 9.92}
{'loss': 0.0058, 'grad_norm': 0.3396562933921814, 'learning_rate': 4.596209013494592e-06, 'epoch': 9.96}
{'loss': 0.0061, 'grad_norm': 0.48719507455825806, 'learning_rate': 4.532786334092344e-06, 'epoch': 10.0}
{'eval_loss': 0.0026869953144341707, 'eval_score': 0.0014303026794602902, 'eval_err_F': 0.0007475004536683789, 'eval_err_M': 0.0012027019375296531, 'eval_err_diff': 0.0004552014838612742, 'eval_mse': 0.0007628670277757978, 'eval_mae': 0.01920367414066659, 'eval_runtime': 20.9067, 'eval_samples_per_second': 956.63, 'eval_steps_per_second': 7.51, 'epoch': 10.0}
{'loss': 0.006, 'grad_norm': 0.24122612178325653, 'learning_rate': 4.4695901857376605e-06, 'epoch': 10.04}
{'loss': 0.0059, 'grad_norm': 0.20719195902347565, 'learning_rate': 4.4066265802435336e-06, 'epoch': 10.08}
{'loss': 0.006, 'grad_norm': 0.6080682277679443, 'learning_rate': 4.34390150730129e-06, 'epoch': 10.12}
{'loss': 0.0058, 'grad_norm': 0.6221961379051208, 'learning_rate': 4.2814209339107965e-06, 'epoch': 10.16}
{'loss': 0.0055, 'grad_norm': 0.2461230754852295, 'learning_rate': 4.219190803812812e-06, 'epoch': 10.2}
{'loss': 0.0059, 'grad_norm': 0.18705223500728607, 'learning_rate': 4.157217036923576e-06, 'epoch': 10.24}
{'loss': 0.006, 'grad_norm': 0.23292988538742065, 'learning_rate': 4.095505528771638e-06, 'epoch': 10.28}
{'loss': 0.0057, 'grad_norm': 0.7480247616767883, 'learning_rate': 4.034062149937035e-06, 'epoch': 10.32}
{'loss': 0.0059, 'grad_norm': 0.25148114562034607, 'learning_rate': 3.97289274549281e-06, 'epoch': 10.36}
{'loss': 0.0076, 'grad_norm': 0.8878664374351501, 'learning_rate': 3.912003134448982e-06, 'epoch': 10.4}
{'loss': 0.0056, 'grad_norm': 0.4223571717739105, 'learning_rate': 3.851399109198988e-06, 'epoch': 10.44}
{'loss': 0.0054, 'grad_norm': 0.1361449807882309, 'learning_rate': 3.7910864349686518e-06, 'epoch': 10.48}
{'loss': 0.0059, 'grad_norm': 0.2394515722990036, 'learning_rate': 3.731070849267745e-06, 'epoch': 10.52}
{'loss': 0.0055, 'grad_norm': 0.16214855015277863, 'learning_rate': 3.6713580613441752e-06, 'epoch': 10.56}
{'loss': 0.0057, 'grad_norm': 0.5016083717346191, 'learning_rate': 3.6119537516408867e-06, 'epoch': 10.6}
{'loss': 0.0057, 'grad_norm': 0.558152437210083, 'learning_rate': 3.552863571255448e-06, 'epoch': 10.64}
{'loss': 0.0054, 'grad_norm': 0.24722087383270264, 'learning_rate': 3.4940931414025005e-06, 'epoch': 10.68}
{'loss': 0.0058, 'grad_norm': 0.12702716886997223, 'learning_rate': 3.435648052879008e-06, 'epoch': 10.72}
{'loss': 0.0066, 'grad_norm': 0.22364777326583862, 'learning_rate': 3.377533865532386e-06, 'epoch': 10.76}
{'loss': 0.006, 'grad_norm': 0.17926818132400513, 'learning_rate': 3.3197561077316227e-06, 'epoch': 10.8}
{'loss': 0.0063, 'grad_norm': 0.37738052010536194, 'learning_rate': 3.2623202758413642e-06, 'epoch': 10.84}
{'loss': 0.0056, 'grad_norm': 0.6971399784088135, 'learning_rate': 3.205231833699025e-06, 'epoch': 10.88}
{'loss': 0.0059, 'grad_norm': 0.5547964572906494, 'learning_rate': 3.1484962120950526e-06, 'epoch': 10.92}
{'loss': 0.0054, 'grad_norm': 0.15884463489055634, 'learning_rate': 3.0921188082562737e-06, 'epoch': 10.96}
{'loss': 0.0064, 'grad_norm': 0.16248969733715057, 'learning_rate': 3.0361049853324573e-06, 'epoch': 11.0}
{'eval_loss': 0.0030467240139842033, 'eval_score': 0.001543417110274069, 'eval_err_F': 0.0008191728278674374, 'eval_err_M': 0.0013020023494718584, 'eval_err_diff': 0.00048282952160442095, 'eval_mse': 0.0007007171562271202, 'eval_mae': 0.018337236915436553, 'eval_runtime': 21.0507, 'eval_samples_per_second': 950.088, 'eval_steps_per_second': 7.458, 'epoch': 11.0}
{'loss': 0.0056, 'grad_norm': 0.9211816191673279, 'learning_rate': 2.9804600718861474e-06, 'epoch': 11.04}
{'loss': 0.0055, 'grad_norm': 0.5654290318489075, 'learning_rate': 2.925189361385732e-06, 'epoch': 11.08}
{'loss': 0.0054, 'grad_norm': 0.2205525040626526, 'learning_rate': 2.8702981117018925e-06, 'epoch': 11.12}
{'loss': 0.0056, 'grad_norm': 0.40090349316596985, 'learning_rate': 2.8157915446074218e-06, 'epoch': 11.16}
{'loss': 0.0054, 'grad_norm': 0.6998882293701172, 'learning_rate': 2.7616748452804826e-06, 'epoch': 11.2}
{'loss': 0.0054, 'grad_norm': 0.39982736110687256, 'learning_rate': 2.7079531618113394e-06, 'epoch': 11.24}
{'loss': 0.0056, 'grad_norm': 0.32666176557540894, 'learning_rate': 2.6546316047126307e-06, 'epoch': 11.28}
{'loss': 0.0055, 'grad_norm': 0.1654888093471527, 'learning_rate': 2.601715246433204e-06, 'epoch': 11.32}
{'loss': 0.0055, 'grad_norm': 0.14109563827514648, 'learning_rate': 2.549209120875575e-06, 'epoch': 11.36}
{'loss': 0.0055, 'grad_norm': 0.15401680767536163, 'learning_rate': 2.497118222917062e-06, 'epoch': 11.4}
{'loss': 0.0058, 'grad_norm': 0.28211700916290283, 'learning_rate': 2.4454475079346204e-06, 'epoch': 11.44}
{'loss': 0.0053, 'grad_norm': 0.4708911180496216, 'learning_rate': 2.3942018913334414e-06, 'epoch': 11.48}
{'loss': 0.006, 'grad_norm': 0.9733442068099976, 'learning_rate': 2.3433862480793568e-06, 'epoch': 11.52}
{'loss': 0.0054, 'grad_norm': 0.7924762964248657, 'learning_rate': 2.293005412235078e-06, 'epoch': 11.56}
{'loss': 0.0061, 'grad_norm': 0.23938646912574768, 'learning_rate': 2.2430641765003447e-06, 'epoch': 11.6}
{'loss': 0.0054, 'grad_norm': 1.0001550912857056, 'learning_rate': 2.193567291755986e-06, 'epoch': 11.64}
{'loss': 0.007, 'grad_norm': 0.08951951563358307, 'learning_rate': 2.1445194666119903e-06, 'epoch': 11.68}
{'loss': 0.0056, 'grad_norm': 0.46101272106170654, 'learning_rate': 2.0959253669595516e-06, 'epoch': 11.72}
{'loss': 0.0054, 'grad_norm': 0.48392370343208313, 'learning_rate': 2.0477896155272274e-06, 'epoch': 11.76}
{'loss': 0.0084, 'grad_norm': 0.3779577612876892, 'learning_rate': 2.0001167914411824e-06, 'epoch': 11.8}
{'loss': 0.0054, 'grad_norm': 0.15499556064605713, 'learning_rate': 1.952911429789556e-06, 'epoch': 11.84}
{'loss': 0.0053, 'grad_norm': 0.41718941926956177, 'learning_rate': 1.9061780211910649e-06, 'epoch': 11.88}
{'loss': 0.0054, 'grad_norm': 0.5893897414207458, 'learning_rate': 1.85992101136781e-06, 'epoch': 11.92}
{'loss': 0.0057, 'grad_norm': 0.28028830885887146, 'learning_rate': 1.8141448007223398e-06, 'epoch': 11.96}
{'loss': 0.0076, 'grad_norm': 0.228151336312294, 'learning_rate': 1.7688537439190684e-06, 'epoch': 12.0}
{'eval_loss': 0.0024604059290140867, 'eval_score': 0.0013605822926797046, 'eval_err_F': 0.0007121684569818628, 'eval_err_M': 0.0011444443474470907, 'eval_err_diff': 0.0004322758904652279, 'eval_mse': 0.0007204621516825252, 'eval_mae': 0.018091409829166696, 'eval_runtime': 21.3153, 'eval_samples_per_second': 938.292, 'eval_steps_per_second': 7.366, 'epoch': 12.0}
{'loss': 0.0057, 'grad_norm': 0.3584291636943817, 'learning_rate': 1.7240521494699998e-06, 'epoch': 12.04}
{'loss': 0.0054, 'grad_norm': 0.23305171728134155, 'learning_rate': 1.6797442793248636e-06, 'epoch': 12.08}
{'loss': 0.0054, 'grad_norm': 0.3950359523296356, 'learning_rate': 1.6359343484656936e-06, 'epoch': 12.12}
{'loss': 0.0053, 'grad_norm': 0.22919294238090515, 'learning_rate': 1.5926265245058331e-06, 'epoch': 12.16}
{'loss': 0.0052, 'grad_norm': 0.26959267258644104, 'learning_rate': 1.549824927293501e-06, 'epoch': 12.2}
{'loss': 0.0054, 'grad_norm': 0.6860565543174744, 'learning_rate': 1.5075336285198523e-06, 'epoch': 12.24}
{'loss': 0.0054, 'grad_norm': 0.6134093403816223, 'learning_rate': 1.4657566513316426e-06, 'epoch': 12.28}
{'loss': 0.0052, 'grad_norm': 0.7526573538780212, 'learning_rate': 1.424497969948522e-06, 'epoch': 12.32}
{'loss': 0.0058, 'grad_norm': 0.40086814761161804, 'learning_rate': 1.3837615092849567e-06, 'epoch': 12.36}
{'loss': 0.0067, 'grad_norm': 0.36278006434440613, 'learning_rate': 1.343551144576854e-06, 'epoch': 12.4}
{'loss': 0.0053, 'grad_norm': 0.0965925082564354, 'learning_rate': 1.3038707010129251e-06, 'epoch': 12.44}
{'loss': 0.006, 'grad_norm': 0.24225924909114838, 'learning_rate': 1.2647239533707858e-06, 'epoch': 12.48}
{'loss': 0.0052, 'grad_norm': 0.13186867535114288, 'learning_rate': 1.2261146256578685e-06, 'epoch': 12.52}
{'loss': 0.0077, 'grad_norm': 0.33126774430274963, 'learning_rate': 1.1880463907571577e-06, 'epoch': 12.56}
{'loss': 0.0057, 'grad_norm': 0.14694741368293762, 'learning_rate': 1.1505228700777945e-06, 'epoch': 12.6}
{'loss': 0.0056, 'grad_norm': 0.08976572006940842, 'learning_rate': 1.1135476332105693e-06, 'epoch': 12.64}
{'loss': 0.0054, 'grad_norm': 0.17176330089569092, 'learning_rate': 1.0771241975883531e-06, 'epoch': 12.68}
{'loss': 0.0051, 'grad_norm': 0.3668504059314728, 'learning_rate': 1.0412560281514809e-06, 'epoch': 12.72}
{'loss': 0.0052, 'grad_norm': 0.1968095302581787, 'learning_rate': 1.0059465370181412e-06, 'epoch': 12.76}
{'loss': 0.0057, 'grad_norm': 0.2846210300922394, 'learning_rate': 9.711990831597763e-07, 'epoch': 12.8}
{'loss': 0.0054, 'grad_norm': 0.3855818510055542, 'learning_rate': 9.370169720815475e-07, 'epoch': 12.84}
{'loss': 0.0053, 'grad_norm': 0.8549242615699768, 'learning_rate': 9.034034555078869e-07, 'epoch': 12.88}
{'loss': 0.0062, 'grad_norm': 0.21371889114379883, 'learning_rate': 8.703617310731582e-07, 'epoch': 12.92}
{'loss': 0.0054, 'grad_norm': 0.36342594027519226, 'learning_rate': 8.378949420174757e-07, 'epoch': 12.96}
{'loss': 0.0056, 'grad_norm': 0.13782528042793274, 'learning_rate': 8.060061768876753e-07, 'epoch': 13.0}
{'eval_loss': 0.002580848755314946, 'eval_score': 0.0013239975484957932, 'eval_err_F': 0.0006723246195569441, 'eval_err_M': 0.0011067732388495102, 'eval_err_diff': 0.00043444861929256605, 'eval_mse': 0.0006887802935839224, 'eval_mae': 0.017734640323464737, 'eval_runtime': 20.9693, 'eval_samples_per_second': 953.774, 'eval_steps_per_second': 7.487, 'epoch': 13.0}
{'loss': 0.0051, 'grad_norm': 0.5692638754844666, 'learning_rate': 7.746984692435166e-07, 'epoch': 13.04}
{'loss': 0.0053, 'grad_norm': 0.3160691261291504, 'learning_rate': 7.439747973691014e-07, 'epoch': 13.08}
{'loss': 0.0054, 'grad_norm': 0.09421706944704056, 'learning_rate': 7.138380839895368e-07, 'epoch': 13.12}
{'loss': 0.0052, 'grad_norm': 0.5801809430122375, 'learning_rate': 6.842911959929151e-07, 'epoch': 13.16}
{'loss': 0.0051, 'grad_norm': 0.5025668740272522, 'learning_rate': 6.553369441575826e-07, 'epoch': 13.2}
{'loss': 0.0053, 'grad_norm': 0.4693554639816284, 'learning_rate': 6.269780828847436e-07, 'epoch': 13.24}
{'loss': 0.0063, 'grad_norm': 0.1463635414838791, 'learning_rate': 5.992173099364524e-07, 'epoch': 13.28}
{'loss': 0.005, 'grad_norm': 0.092134989798069, 'learning_rate': 5.720572661789607e-07, 'epoch': 13.32}
{'loss': 0.0051, 'grad_norm': 0.662299633026123, 'learning_rate': 5.455005353315005e-07, 'epoch': 13.36}
{'loss': 0.0054, 'grad_norm': 0.2507171928882599, 'learning_rate': 5.195496437204993e-07, 'epoch': 13.4}
{'loss': 0.0058, 'grad_norm': 0.2776319980621338, 'learning_rate': 4.942070600392474e-07, 'epoch': 13.44}
{'loss': 0.0052, 'grad_norm': 0.187731072306633, 'learning_rate': 4.694751951130535e-07, 'epoch': 13.48}
{'loss': 0.0057, 'grad_norm': 0.22681766748428345, 'learning_rate': 4.4535640166990516e-07, 'epoch': 13.52}
{'loss': 0.0057, 'grad_norm': 0.2919425666332245, 'learning_rate': 4.218529741166543e-07, 'epoch': 13.56}
{'loss': 0.0056, 'grad_norm': 0.2772243618965149, 'learning_rate': 3.9896714832075275e-07, 'epoch': 13.6}
{'loss': 0.0059, 'grad_norm': 0.41273364424705505, 'learning_rate': 3.767011013975556e-07, 'epoch': 13.64}
{'loss': 0.0054, 'grad_norm': 0.2176479697227478, 'learning_rate': 3.5505695150321053e-07, 'epoch': 13.68}
{'loss': 0.0053, 'grad_norm': 0.9191693663597107, 'learning_rate': 3.340367576331635e-07, 'epoch': 13.72}
{'loss': 0.0052, 'grad_norm': 0.26958295702934265, 'learning_rate': 3.1364251942628307e-07, 'epoch': 13.76}
{'loss': 0.0051, 'grad_norm': 0.31985050439834595, 'learning_rate': 2.9387617697463945e-07, 'epoch': 13.8}
{'loss': 0.0052, 'grad_norm': 0.5181359648704529, 'learning_rate': 2.7473961063894316e-07, 'epoch': 13.84}
{'loss': 0.0058, 'grad_norm': 0.4175807535648346, 'learning_rate': 2.562346408696666e-07, 'epoch': 13.88}
{'loss': 0.0055, 'grad_norm': 0.34778597950935364, 'learning_rate': 2.383630280338673e-07, 'epoch': 13.92}
{'loss': 0.0062, 'grad_norm': 0.1429407298564911, 'learning_rate': 2.2112647224772461e-07, 'epoch': 13.96}
{'loss': 0.0054, 'grad_norm': 2.320392608642578, 'learning_rate': 2.045266132148081e-07, 'epoch': 14.0}
{'eval_loss': 0.0026228511705994606, 'eval_score': 0.0013477670224289048, 'eval_err_F': 0.0006544223443285058, 'eval_err_M': 0.0011166521297287719, 'eval_err_diff': 0.00046222978540026607, 'eval_mse': 0.0006671926810476302, 'eval_mae': 0.01746910101752819, 'eval_runtime': 21.4156, 'eval_samples_per_second': 933.899, 'eval_steps_per_second': 7.331, 'epoch': 14.0}
{'loss': 0.0054, 'grad_norm': 0.37537071108818054, 'learning_rate': 1.885650300700955e-07, 'epoch': 14.04}
{'loss': 0.0055, 'grad_norm': 0.1374838650226593, 'learning_rate': 1.7324324122974624e-07, 'epoch': 14.08}
{'loss': 0.0052, 'grad_norm': 0.22284740209579468, 'learning_rate': 1.5856270424665893e-07, 'epoch': 14.12}
{'loss': 0.0054, 'grad_norm': 0.31223803758621216, 'learning_rate': 1.4452481567181674e-07, 'epoch': 14.16}
{'loss': 0.0053, 'grad_norm': 0.12610790133476257, 'learning_rate': 1.3113091092142814e-07, 'epoch': 14.2}
{'loss': 0.0054, 'grad_norm': 0.10220256447792053, 'learning_rate': 1.1838226414989638e-07, 'epoch': 14.24}
{'loss': 0.0056, 'grad_norm': 0.16827233135700226, 'learning_rate': 1.0628008812860574e-07, 'epoch': 14.28}
{'loss': 0.0068, 'grad_norm': 0.25236162543296814, 'learning_rate': 9.482553413055186e-08, 'epoch': 14.32}
{'loss': 0.0051, 'grad_norm': 0.05438842624425888, 'learning_rate': 8.40196918208242e-08, 'epoch': 14.36}
{'loss': 0.0053, 'grad_norm': 0.268665075302124, 'learning_rate': 7.38635891529425e-08, 'epoch': 14.4}
{'loss': 0.0051, 'grad_norm': 0.08583404123783112, 'learning_rate': 6.435819227107154e-08, 'epoch': 14.44}
{'loss': 0.0053, 'grad_norm': 0.21063292026519775, 'learning_rate': 5.5504405418113573e-08, 'epoch': 14.48}
{'loss': 0.0052, 'grad_norm': 0.31304794549942017, 'learning_rate': 4.730307084968307e-08, 'epoch': 14.52}
{'loss': 0.0057, 'grad_norm': 0.1277054399251938, 'learning_rate': 3.975496875398816e-08, 'epoch': 14.56}
{'loss': 0.0051, 'grad_norm': 0.281999409198761, 'learning_rate': 3.286081717761059e-08, 'epoch': 14.6}
{'loss': 0.0055, 'grad_norm': 0.6195883750915527, 'learning_rate': 2.6621271957196167e-08, 'epoch': 14.64}
{'loss': 0.0053, 'grad_norm': 0.22166627645492554, 'learning_rate': 2.103692665706904e-08, 'epoch': 14.68}
{'loss': 0.0053, 'grad_norm': 0.15651217103004456, 'learning_rate': 1.6108312512763473e-08, 'epoch': 14.72}
{'loss': 0.0052, 'grad_norm': 0.5759274363517761, 'learning_rate': 1.1835898380488543e-08, 'epoch': 14.76}
{'loss': 0.0052, 'grad_norm': 0.3296957015991211, 'learning_rate': 8.220090692526527e-09, 'epoch': 14.8}
{'loss': 0.0053, 'grad_norm': 0.2061777263879776, 'learning_rate': 5.26123341856879e-09, 'epoch': 14.84}
{'loss': 0.0053, 'grad_norm': 0.3691813051700592, 'learning_rate': 2.9596080329938148e-09, 'epoch': 14.88}
{'loss': 0.0051, 'grad_norm': 0.06471597403287888, 'learning_rate': 1.3154334880919463e-09, 'epoch': 14.92}
{'loss': 0.0065, 'grad_norm': 0.3006492853164673, 'learning_rate': 3.288661932353384e-10, 'epoch': 14.96}
{'loss': 0.0053, 'grad_norm': 0.21177738904953003, 'learning_rate': 0.0, 'epoch': 15.0}
{'eval_loss': 0.002603343687951565, 'eval_score': 0.001334010531710477, 'eval_err_F': 0.0006556115467655782, 'eval_err_M': 0.001107877536728844, 'eval_err_diff': 0.00045226598996326586, 'eval_mse': 0.000669994548053165, 'eval_mae': 0.01751050301566811, 'eval_runtime': 22.7359, 'eval_samples_per_second': 879.666, 'eval_steps_per_second': 6.905, 'epoch': 15.0}
[EMA] Swapped EMA weights into model (decay=0.9998)
{'train_runtime': 4186.2476, 'train_samples_per_second': 286.653, 'train_steps_per_second': 4.479, 'train_loss': 0.021692584999402364, 'epoch': 15.0}
[EMA] Swapped EMA weights into model (decay=0.9998)
score=0.00162 | err_diff=0.00053 | loss=0.00302
score=0.00162 | err_diff=0.00053 | loss=0.00302
Saved 30 worst predictions: results/optuna_dinov3-vitb16-3090-v2_trial_6/worst/worst.csv + results/optuna_dinov3-vitb16-3090-v2_trial_6/worst/images
Model saved: models:/m-f9a13c94cb6c4edd9933d89c8d27025c
Trial 6: score=inf err_F=inf err_M=inf err_diff=inf
Loaded 100,000 samples from data/raw/train.csv
Loaded 100,000 samples from data/raw/train.csv
Train: 80,000 | Val: 20,000
Train: 80,000 | Val: 20,000
Sampler 'occlusion': 10 groups, 80000 samples/epoch
Sampler 'occlusion': 10 groups, 80000 samples/epoch
PMF ratios test/train (20 bins of 0.025): [0.215, 0.34, 0.566, 0.732, 0.923, 1.072, 1.328, 1.447, 1.636, 1.874, 1.968, 1.959, 1.554, 1.312, 1.298, 0.644, 0.934, 0.067, 0.067, 0.067]
eval_importance_reweight ON (eval_score reweighted to test distribution)
PMF ratios test/train (20 bins of 0.025): [0.215, 0.34, 0.566, 0.732, 0.923, 1.072, 1.328, 1.447, 1.636, 1.874, 1.968, 1.959, 1.554, 1.312, 1.298, 0.644, 0.934, 0.067, 0.067, 0.067]
eval_importance_reweight ON (eval_score reweighted to test distribution)
Gender reweight: F=1.352, M=0.648 (mean=1.0)
Gender reweight: F=1.352, M=0.648 (mean=1.0)
DINOv3 drop_path_rate=0.16716665578743675 applied (linear 0 → 0.167 across 12 blocks via sample_drop_ratio)
DINOv3 drop_path_rate=0.16716665578743675 applied (linear 0 → 0.167 across 12 blocks via sample_drop_ratio)
Loaded DINOv3 weights: dinov3_vitb16_pretrain_lvd1689m-73cec8be.pth
Loaded DINOv3 weights: dinov3_vitb16_pretrain_lvd1689m-73cec8be.pth
EMA enabled: decay=0.9998, warmup_steps=200
EMA enabled: decay=0.9998, warmup_steps=200
WeightedMSELoss: focal_gamma=0.0, fairness_lambda=0.23815635149857028, gender_reweight=on (F=1.35, M=0.65)
Training dinov3-vitb16-3090-v2_trial7 (best_metric=eval_score)
WeightedMSELoss: focal_gamma=0.0, fairness_lambda=0.23815635149857028, gender_reweight=on (F=1.35, M=0.65)
Training dinov3-vitb16-3090-v2_trial7 (best_metric=eval_score)
LLRD: 14 groups, LR ∈ [1.28e-06, 4.11e-05]
LLRD: 14 groups, LR ∈ [1.28e-06, 4.11e-05]
{'loss': 0.1764, 'grad_norm': 5.909091949462891, 'learning_rate': 4.771190294402709e-08, 'epoch': 0.04}
{'loss': 0.1042, 'grad_norm': 1.6476428508758545, 'learning_rate': 9.542380588805419e-08, 'epoch': 0.08}
{'loss': 0.0798, 'grad_norm': 0.7293313145637512, 'learning_rate': 1.4313570883208127e-07, 'epoch': 0.12}
{'loss': 0.0804, 'grad_norm': 0.39248913526535034, 'learning_rate': 1.9084761177610837e-07, 'epoch': 0.16}
{'loss': 0.073, 'grad_norm': 1.4458931684494019, 'learning_rate': 2.3855951472013547e-07, 'epoch': 0.2}
{'loss': 0.0711, 'grad_norm': 1.1971588134765625, 'learning_rate': 2.8627141766416254e-07, 'epoch': 0.24}
{'loss': 0.0715, 'grad_norm': 0.9524204134941101, 'learning_rate': 3.3398332060818967e-07, 'epoch': 0.28}
{'loss': 0.0714, 'grad_norm': 0.8193873763084412, 'learning_rate': 3.8169522355221674e-07, 'epoch': 0.32}
{'loss': 0.0681, 'grad_norm': 0.7375168800354004, 'learning_rate': 4.2940712649624376e-07, 'epoch': 0.36}
{'loss': 0.0677, 'grad_norm': 1.522505760192871, 'learning_rate': 4.771190294402709e-07, 'epoch': 0.4}
{'loss': 0.0662, 'grad_norm': 1.8494229316711426, 'learning_rate': 5.24830932384298e-07, 'epoch': 0.44}
{'loss': 0.062, 'grad_norm': 1.2304576635360718, 'learning_rate': 5.725428353283251e-07, 'epoch': 0.48}
{'loss': 0.0563, 'grad_norm': 0.37175923585891724, 'learning_rate': 6.202547382723522e-07, 'epoch': 0.52}
{'loss': 0.055, 'grad_norm': 0.6418929696083069, 'learning_rate': 6.679666412163793e-07, 'epoch': 0.56}
{'loss': 0.0482, 'grad_norm': 0.43929433822631836, 'learning_rate': 7.156785441604064e-07, 'epoch': 0.6}
{'loss': 0.052, 'grad_norm': 0.8036155104637146, 'learning_rate': 7.633904471044335e-07, 'epoch': 0.64}
{'loss': 0.0479, 'grad_norm': 0.986441969871521, 'learning_rate': 8.111023500484606e-07, 'epoch': 0.68}
{'loss': 0.0489, 'grad_norm': 0.7256665229797363, 'learning_rate': 8.588142529924875e-07, 'epoch': 0.72}
{'loss': 0.0462, 'grad_norm': 1.1631724834442139, 'learning_rate': 9.065261559365148e-07, 'epoch': 0.76}
{'loss': 0.0459, 'grad_norm': 0.29848551750183105, 'learning_rate': 9.542380588805419e-07, 'epoch': 0.8}
{'loss': 0.0423, 'grad_norm': 0.8991081714630127, 'learning_rate': 1.001949961824569e-06, 'epoch': 0.84}
{'loss': 0.0424, 'grad_norm': 0.3777438700199127, 'learning_rate': 1.049661864768596e-06, 'epoch': 0.88}
{'loss': 0.0418, 'grad_norm': 0.8035260438919067, 'learning_rate': 1.097373767712623e-06, 'epoch': 0.92}
{'loss': 0.0405, 'grad_norm': 1.0758990049362183, 'learning_rate': 1.1450856706566502e-06, 'epoch': 0.96}
{'loss': 0.0432, 'grad_norm': 0.7249587774276733, 'learning_rate': 1.1927975736006773e-06, 'epoch': 1.0}
{'eval_loss': 0.004776721820235252, 'eval_score': 0.008118896348190376, 'eval_err_F': 0.004279937507941347, 'eval_err_M': 0.006839243401440699, 'eval_err_diff': 0.002559305893499352, 'eval_mse': 0.002248083496433933, 'eval_mae': 0.03217623203673866, 'eval_runtime': 32.805, 'eval_samples_per_second': 609.663, 'eval_steps_per_second': 4.786, 'epoch': 1.0}
{'loss': 0.0407, 'grad_norm': 1.2896244525909424, 'learning_rate': 1.2405094765447043e-06, 'epoch': 1.04}
{'loss': 0.0378, 'grad_norm': 0.9032048583030701, 'learning_rate': 1.2844041989795393e-06, 'epoch': 1.08}
{'loss': 0.0379, 'grad_norm': 0.5089942812919617, 'learning_rate': 1.2843628248235705e-06, 'epoch': 1.12}
{'loss': 0.0366, 'grad_norm': 2.3788864612579346, 'learning_rate': 1.2842501204229645e-06, 'epoch': 1.16}
{'loss': 0.0355, 'grad_norm': 0.4971279203891754, 'learning_rate': 1.2840660982967575e-06, 'epoch': 1.2}
{'loss': 0.0377, 'grad_norm': 1.052948236465454, 'learning_rate': 1.2838107788858542e-06, 'epoch': 1.24}
{'loss': 0.037, 'grad_norm': 0.2325776070356369, 'learning_rate': 1.2834841905507536e-06, 'epoch': 1.28}
{'loss': 0.033, 'grad_norm': 0.7665873169898987, 'learning_rate': 1.2830863695684028e-06, 'epoch': 1.32}
{'loss': 0.0338, 'grad_norm': 1.0303148031234741, 'learning_rate': 1.2826173601281636e-06, 'epoch': 1.36}
{'loss': 0.0355, 'grad_norm': 0.7962483167648315, 'learning_rate': 1.2820772143269066e-06, 'epoch': 1.4}
{'loss': 0.0318, 'grad_norm': 1.9465910196304321, 'learning_rate': 1.2814659921632228e-06, 'epoch': 1.44}
{'loss': 0.03, 'grad_norm': 0.32043126225471497, 'learning_rate': 1.2807837615307605e-06, 'epoch': 1.48}
{'loss': 0.0276, 'grad_norm': 0.9683355689048767, 'learning_rate': 1.280030598210683e-06, 'epoch': 1.52}
{'loss': 0.0257, 'grad_norm': 0.9753709435462952, 'learning_rate': 1.27920658586325e-06, 'epoch': 1.56}
{'loss': 0.0261, 'grad_norm': 2.7333686351776123, 'learning_rate': 1.2783118160185265e-06, 'epoch': 1.6}
{'loss': 0.0276, 'grad_norm': 0.7948480844497681, 'learning_rate': 1.2773463880662146e-06, 'epoch': 1.64}
{'loss': 0.022, 'grad_norm': 0.43896356225013733, 'learning_rate': 1.2763104092446141e-06, 'epoch': 1.68}
{'loss': 0.0205, 'grad_norm': 0.8556451201438904, 'learning_rate': 1.27520399462871e-06, 'epoch': 1.72}
{'loss': 0.0209, 'grad_norm': 0.4478449523448944, 'learning_rate': 1.2740272671173904e-06, 'epoch': 1.76}
{'loss': 0.0189, 'grad_norm': 0.5027341842651367, 'learning_rate': 1.2727803574197956e-06, 'epoch': 1.8}
{'loss': 0.0186, 'grad_norm': 0.45286956429481506, 'learning_rate': 1.2714634040407984e-06, 'epoch': 1.84}
{'loss': 0.0182, 'grad_norm': 0.8134071230888367, 'learning_rate': 1.2700765532656195e-06, 'epoch': 1.88}
{'loss': 0.0172, 'grad_norm': 0.41587135195732117, 'learning_rate': 1.2686199591435781e-06, 'epoch': 1.92}
{'loss': 0.0169, 'grad_norm': 0.299029141664505, 'learning_rate': 1.2670937834709805e-06, 'epoch': 1.96}
{'loss': 0.0148, 'grad_norm': 0.7675495743751526, 'learning_rate': 1.2654981957731487e-06, 'epoch': 2.0}
{'eval_loss': 0.00263741216622293, 'eval_score': 0.004033133540410545, 'eval_err_F': 0.0018010472394053227, 'eval_err_M': 0.003289104773408804, 'eval_err_diff': 0.0014880575340034815, 'eval_mse': 0.0015153110755963834, 'eval_mae': 0.028729166956269182, 'eval_runtime': 21.296, 'eval_samples_per_second': 939.143, 'eval_steps_per_second': 7.372, 'epoch': 2.0}
{'loss': 0.0139, 'grad_norm': 0.5348116755485535, 'learning_rate': 1.2638333732855883e-06, 'epoch': 2.04}
{'loss': 0.0148, 'grad_norm': 0.4562617540359497, 'learning_rate': 1.2620995009343026e-06, 'epoch': 2.08}
{'loss': 0.0139, 'grad_norm': 1.6063092947006226, 'learning_rate': 1.2602967713152511e-06, 'epoch': 2.12}
{'loss': 0.0142, 'grad_norm': 0.33347445726394653, 'learning_rate': 1.2584253846729563e-06, 'epoch': 2.16}
{'loss': 0.0108, 'grad_norm': 0.8692095279693604, 'learning_rate': 1.2564855488782597e-06, 'epoch': 2.2}
{'loss': 0.0108, 'grad_norm': 0.40200623869895935, 'learning_rate': 1.2544774794052336e-06, 'epoch': 2.24}
{'loss': 0.011, 'grad_norm': 0.5258188247680664, 'learning_rate': 1.2524013993072455e-06, 'epoch': 2.28}
{'loss': 0.01, 'grad_norm': 0.315847247838974, 'learning_rate': 1.2502575391921813e-06, 'epoch': 2.32}
{'loss': 0.0088, 'grad_norm': 0.40068212151527405, 'learning_rate': 1.2480461371968317e-06, 'epoch': 2.36}
{'loss': 0.0088, 'grad_norm': 0.2692071795463562, 'learning_rate': 1.2457674389604374e-06, 'epoch': 2.4}
{'loss': 0.0084, 'grad_norm': 0.5741733312606812, 'learning_rate': 1.243421697597406e-06, 'epoch': 2.44}
{'loss': 0.0081, 'grad_norm': 0.6818653345108032, 'learning_rate': 1.2410091736691956e-06, 'epoch': 2.48}
{'loss': 0.0076, 'grad_norm': 0.15379302203655243, 'learning_rate': 1.2385301351553728e-06, 'epoch': 2.52}
{'loss': 0.0075, 'grad_norm': 0.8690605163574219, 'learning_rate': 1.2359848574238444e-06, 'epoch': 2.56}
{'loss': 0.013, 'grad_norm': 0.9356544613838196, 'learning_rate': 1.2333736232002719e-06, 'epoch': 2.6}
{'loss': 0.0063, 'grad_norm': 0.2829883396625519, 'learning_rate': 1.2306967225366647e-06, 'epoch': 2.64}
{'loss': 0.0074, 'grad_norm': 1.0030333995819092, 'learning_rate': 1.2279544527791635e-06, 'epoch': 2.68}
{'loss': 0.0065, 'grad_norm': 0.43138831853866577, 'learning_rate': 1.2251471185350101e-06, 'epoch': 2.72}
{'loss': 0.0076, 'grad_norm': 1.596092939376831, 'learning_rate': 1.222275031638713e-06, 'epoch': 2.76}
{'loss': 0.0061, 'grad_norm': 0.8448464870452881, 'learning_rate': 1.2193385111174083e-06, 'epoch': 2.8}
{'loss': 0.006, 'grad_norm': 0.513206422328949, 'learning_rate': 1.2163378831554236e-06, 'epoch': 2.84}
{'loss': 0.0055, 'grad_norm': 1.0424253940582275, 'learning_rate': 1.2132734810580456e-06, 'epoch': 2.88}
{'loss': 0.0056, 'grad_norm': 0.5859500765800476, 'learning_rate': 1.2101456452144973e-06, 'epoch': 2.92}
{'loss': 0.0054, 'grad_norm': 0.18334081768989563, 'learning_rate': 1.2069547230601273e-06, 'epoch': 2.96}
{'loss': 0.0067, 'grad_norm': 0.5391337871551514, 'learning_rate': 1.2037010690378177e-06, 'epoch': 3.0}
{'eval_loss': 0.0030377572402358055, 'eval_score': 0.0046000396790977505, 'eval_err_F': 0.0025524503620091487, 'eval_err_M': 0.003917509906734883, 'eval_err_diff': 0.0013650595447257342, 'eval_mse': 0.001446286304482338, 'eval_mae': 0.027331082755350507, 'eval_runtime': 20.6994, 'eval_samples_per_second': 966.21, 'eval_steps_per_second': 7.585, 'epoch': 3.0}
{'loss': 0.0048, 'grad_norm': 0.43088385462760925, 'learning_rate': 1.200385044558613e-06, 'epoch': 3.04}
{'loss': 0.0044, 'grad_norm': 0.5680280923843384, 'learning_rate': 1.1970070179615758e-06, 'epoch': 3.08}
{'loss': 0.005, 'grad_norm': 0.4225394129753113, 'learning_rate': 1.1935673644728715e-06, 'epoch': 3.12}
{'loss': 0.0045, 'grad_norm': 0.44949865341186523, 'learning_rate': 1.190066466164088e-06, 'epoch': 3.16}
{'loss': 0.0052, 'grad_norm': 0.6611688137054443, 'learning_rate': 1.1865047119097977e-06, 'epoch': 3.2}
{'loss': 0.0055, 'grad_norm': 0.10347004979848862, 'learning_rate': 1.1828824973443598e-06, 'epoch': 3.24}
{'loss': 0.0041, 'grad_norm': 0.6217144131660461, 'learning_rate': 1.1792002248179766e-06, 'epoch': 3.28}
{'loss': 0.0043, 'grad_norm': 0.6435356736183167, 'learning_rate': 1.1754583033519973e-06, 'epoch': 3.32}
{'loss': 0.004, 'grad_norm': 0.2378791868686676, 'learning_rate': 1.1716571485934873e-06, 'epoch': 3.36}
{'loss': 0.0042, 'grad_norm': 0.38955992460250854, 'learning_rate': 1.167797182769058e-06, 'epoch': 3.4}
{'loss': 0.0055, 'grad_norm': 0.57791668176651, 'learning_rate': 1.1638788346379669e-06, 'epoch': 3.44}
{'loss': 0.0039, 'grad_norm': 0.4506396949291229, 'learning_rate': 1.1599025394444904e-06, 'epoch': 3.48}
{'loss': 0.006, 'grad_norm': 0.6947699785232544, 'learning_rate': 1.1558687388695785e-06, 'epoch': 3.52}
{'loss': 0.0067, 'grad_norm': 0.13273702561855316, 'learning_rate': 1.151777880981794e-06, 'epoch': 3.56}
{'loss': 0.0037, 'grad_norm': 1.30246102809906, 'learning_rate': 1.1476304201875401e-06, 'epoch': 3.6}
{'loss': 0.0035, 'grad_norm': 0.3023739159107208, 'learning_rate': 1.1434268171805871e-06, 'epoch': 3.64}
{'loss': 0.004, 'grad_norm': 0.2314997762441635, 'learning_rate': 1.139167538890899e-06, 'epoch': 3.68}
{'loss': 0.0039, 'grad_norm': 0.4141259491443634, 'learning_rate': 1.1348530584327666e-06, 'epoch': 3.72}
{'loss': 0.0033, 'grad_norm': 0.5343286991119385, 'learning_rate': 1.1304838550522558e-06, 'epoch': 3.76}
{'loss': 0.0032, 'grad_norm': 0.534349799156189, 'learning_rate': 1.1260604140739734e-06, 'epoch': 3.8}
{'loss': 0.004, 'grad_norm': 0.5763828158378601, 'learning_rate': 1.1215832268471576e-06, 'epoch': 3.84}
{'loss': 0.0031, 'grad_norm': 0.5565934181213379, 'learning_rate': 1.1170527906910994e-06, 'epoch': 3.88}
{'loss': 0.0031, 'grad_norm': 0.37731966376304626, 'learning_rate': 1.1124696088399026e-06, 'epoch': 3.92}
{'loss': 0.003, 'grad_norm': 0.1521962434053421, 'learning_rate': 1.1078341903865839e-06, 'epoch': 3.96}
{'loss': 0.0031, 'grad_norm': 0.199101060628891, 'learning_rate': 1.1031470502265232e-06, 'epoch': 4.0}
{'eval_loss': 0.001922067254781723, 'eval_score': 0.0030059160336422704, 'eval_err_F': 0.0011953383397631924, 'eval_err_M': 0.002402390135682578, 'eval_err_diff': 0.0012070517959193855, 'eval_mse': 0.0010377461476024803, 'eval_mae': 0.022729367458657362, 'eval_runtime': 20.6294, 'eval_samples_per_second': 969.488, 'eval_steps_per_second': 7.61, 'epoch': 4.0}
{'loss': 0.0034, 'grad_norm': 0.47544172406196594, 'learning_rate': 1.0984087090002716e-06, 'epoch': 4.04}
{'loss': 0.0032, 'grad_norm': 0.3885110020637512, 'learning_rate': 1.093619693035718e-06, 'epoch': 4.08}
{'loss': 0.0031, 'grad_norm': 0.1740361899137497, 'learning_rate': 1.088780534289626e-06, 'epoch': 4.12}
{'loss': 0.0063, 'grad_norm': 0.3832470774650574, 'learning_rate': 1.083891770288544e-06, 'epoch': 4.16}
{'loss': 0.0028, 'grad_norm': 0.4726100564002991, 'learning_rate': 1.0789539440690994e-06, 'epoch': 4.2}
{'loss': 0.003, 'grad_norm': 0.20371980965137482, 'learning_rate': 1.073967604117677e-06, 'epoch': 4.24}
{'loss': 0.0027, 'grad_norm': 0.15949684381484985, 'learning_rate': 1.0689333043094946e-06, 'epoch': 4.28}
{'loss': 0.0039, 'grad_norm': 0.4102579951286316, 'learning_rate': 1.06385160384708e-06, 'epoch': 4.32}
{'loss': 0.0034, 'grad_norm': 0.47300729155540466, 'learning_rate': 1.0587230671981552e-06, 'epoch': 4.36}
{'loss': 0.0026, 'grad_norm': 0.5492304563522339, 'learning_rate': 1.053548264032935e-06, 'epoch': 4.4}
{'loss': 0.0034, 'grad_norm': 0.11262001842260361, 'learning_rate': 1.0483277691608516e-06, 'epoch': 4.44}
{'loss': 0.003, 'grad_norm': 0.1364382654428482, 'learning_rate': 1.0430621624667024e-06, 'epoch': 4.48}
{'loss': 0.0025, 'grad_norm': 0.6438091397285461, 'learning_rate': 1.0377520288462396e-06, 'epoch': 4.52}
{'loss': 0.0025, 'grad_norm': 0.15376177430152893, 'learning_rate': 1.0323979581412002e-06, 'epoch': 4.56}
{'loss': 0.0024, 'grad_norm': 0.09452561289072037, 'learning_rate': 1.027000545073787e-06, 'epoch': 4.6}
{'loss': 0.0022, 'grad_norm': 0.18259978294372559, 'learning_rate': 1.0215603891806074e-06, 'epoch': 4.64}
{'loss': 0.0029, 'grad_norm': 0.8712981939315796, 'learning_rate': 1.0160780947460792e-06, 'epoch': 4.68}
{'loss': 0.0027, 'grad_norm': 0.5832372307777405, 'learning_rate': 1.0105542707353057e-06, 'epoch': 4.72}
{'loss': 0.004, 'grad_norm': 0.30413052439689636, 'learning_rate': 1.0049895307264343e-06, 'epoch': 4.76}
{'loss': 0.0033, 'grad_norm': 1.1243873834609985, 'learning_rate': 9.993844928425002e-07, 'epoch': 4.8}
{'loss': 0.0023, 'grad_norm': 0.12711511552333832, 'learning_rate': 9.937397796827669e-07, 'epoch': 4.84}
{'loss': 0.0041, 'grad_norm': 0.2095591425895691, 'learning_rate': 9.880560182535682e-07, 'epoch': 4.88}
{'loss': 0.0041, 'grad_norm': 0.27003681659698486, 'learning_rate': 9.823338398986614e-07, 'epoch': 4.92}
{'loss': 0.0023, 'grad_norm': 0.4109038710594177, 'learning_rate': 9.765738802290993e-07, 'epoch': 4.96}
{'loss': 0.0022, 'grad_norm': 0.2251666784286499, 'learning_rate': 9.707767790526262e-07, 'epoch': 5.0}
{'eval_loss': 0.0018529652152210474, 'eval_score': 0.002759152273599317, 'eval_err_F': 0.0011726145852927685, 'eval_err_M': 0.0022303063774971343, 'eval_err_diff': 0.0010576917922043658, 'eval_mse': 0.0009494019932573528, 'eval_mae': 0.021262979531404564, 'eval_runtime': 26.1244, 'eval_samples_per_second': 765.569, 'eval_steps_per_second': 6.01, 'epoch': 5.0}
{'loss': 0.0029, 'grad_norm': 0.3479079008102417, 'learning_rate': 9.649431803026106e-07, 'epoch': 5.04}
{'loss': 0.0024, 'grad_norm': 0.11028274893760681, 'learning_rate': 9.590737319665158e-07, 'epoch': 5.08}
{'loss': 0.0029, 'grad_norm': 0.48492011427879333, 'learning_rate': 9.531690860139248e-07, 'epoch': 5.12}
{'loss': 0.0034, 'grad_norm': 0.21845115721225739, 'learning_rate': 9.472298983241193e-07, 'epoch': 5.16}
{'loss': 0.0022, 'grad_norm': 0.5872834920883179, 'learning_rate': 9.412568286132253e-07, 'epoch': 5.2}
{'loss': 0.0025, 'grad_norm': 0.4394434690475464, 'learning_rate': 9.352505403609335e-07, 'epoch': 5.24}
{'loss': 0.0025, 'grad_norm': 0.3816056549549103, 'learning_rate': 9.292117007368009e-07, 'epoch': 5.28}
{'loss': 0.0058, 'grad_norm': 0.46174156665802, 'learning_rate': 9.231409805261424e-07, 'epoch': 5.32}
{'loss': 0.0021, 'grad_norm': 0.39739423990249634, 'learning_rate': 9.170390540555208e-07, 'epoch': 5.36}
{'loss': 0.0023, 'grad_norm': 0.42401331663131714, 'learning_rate': 9.109065991178435e-07, 'epoch': 5.4}
{'loss': 0.0026, 'grad_norm': 0.11959051340818405, 'learning_rate': 9.047442968970754e-07, 'epoch': 5.44}
{'loss': 0.002, 'grad_norm': 0.17691871523857117, 'learning_rate': 8.985528318925724e-07, 'epoch': 5.48}
{'loss': 0.0019, 'grad_norm': 0.1836809664964676, 'learning_rate': 8.923328918430495e-07, 'epoch': 5.52}
{'loss': 0.0028, 'grad_norm': 0.228970468044281, 'learning_rate': 8.860851676501869e-07, 'epoch': 5.56}
{'loss': 0.0024, 'grad_norm': 0.6410370469093323, 'learning_rate': 8.798103533018862e-07, 'epoch': 5.6}
{'loss': 0.002, 'grad_norm': 0.30515292286872864, 'learning_rate': 8.735091457951837e-07, 'epoch': 5.64}
{'loss': 0.0034, 'grad_norm': 0.17313498258590698, 'learning_rate': 8.671822450588276e-07, 'epoch': 5.68}
{'loss': 0.002, 'grad_norm': 0.1040172204375267, 'learning_rate': 8.60830353875532e-07, 'epoch': 5.72}
{'loss': 0.0018, 'grad_norm': 0.3635539412498474, 'learning_rate': 8.544541778039131e-07, 'epoch': 5.76}
{'loss': 0.0022, 'grad_norm': 0.46518099308013916, 'learning_rate': 8.480544251001159e-07, 'epoch': 5.8}
{'loss': 0.0037, 'grad_norm': 0.34854450821876526, 'learning_rate': 8.416318066391427e-07, 'epoch': 5.84}
{'loss': 0.002, 'grad_norm': 0.38345614075660706, 'learning_rate': 8.351870358358902e-07, 'epoch': 5.88}
{'loss': 0.0017, 'grad_norm': 0.1451137512922287, 'learning_rate': 8.287208285659038e-07, 'epoch': 5.92}
{'loss': 0.0024, 'grad_norm': 0.11899421364068985, 'learning_rate': 8.222339030858609e-07, 'epoch': 5.96}
{'loss': 0.0019, 'grad_norm': 0.1553606390953064, 'learning_rate': 8.157269799537853e-07, 'epoch': 6.0}
{'eval_loss': 0.0014701273757964373, 'eval_score': 0.002054727278361347, 'eval_err_F': 0.0007546732027223334, 'eval_err_M': 0.0016213759198150093, 'eval_err_diff': 0.0008667027170926759, 'eval_mse': 0.000844183263714527, 'eval_mae': 0.019650164743256756, 'eval_runtime': 20.6384, 'eval_samples_per_second': 969.068, 'eval_steps_per_second': 7.607, 'epoch': 6.0}
{'loss': 0.0023, 'grad_norm': 0.8032248616218567, 'learning_rate': 8.092007819490114e-07, 'epoch': 6.04}
{'loss': 0.0039, 'grad_norm': 0.1577247530221939, 'learning_rate': 8.026560339918971e-07, 'epoch': 6.08}
{'loss': 0.0021, 'grad_norm': 0.2782198488712311, 'learning_rate': 7.960934630633015e-07, 'epoch': 6.12}
{'loss': 0.0017, 'grad_norm': 0.13769420981407166, 'learning_rate': 7.89513798123833e-07, 'epoch': 6.16}
{'loss': 0.0017, 'grad_norm': 0.46638816595077515, 'learning_rate': 7.829177700328774e-07, 'epoch': 6.2}
{'loss': 0.0019, 'grad_norm': 0.18218295276165009, 'learning_rate': 7.763061114674148e-07, 'epoch': 6.24}
{'loss': 0.0018, 'grad_norm': 0.26413217186927795, 'learning_rate': 7.69679556840635e-07, 'epoch': 6.28}
{'loss': 0.0019, 'grad_norm': 0.26844272017478943, 'learning_rate': 7.630388422203603e-07, 'epoch': 6.32}
{'loss': 0.0018, 'grad_norm': 0.1768019199371338, 'learning_rate': 7.56384705247284e-07, 'epoch': 6.36}
{'loss': 0.0019, 'grad_norm': 0.11937573552131653, 'learning_rate': 7.497178850530345e-07, 'epoch': 6.4}
{'loss': 0.0021, 'grad_norm': 0.2999444007873535, 'learning_rate': 7.43039122178073e-07, 'epoch': 6.44}
{'loss': 0.0038, 'grad_norm': 0.20232471823692322, 'learning_rate': 7.363491584894365e-07, 'epoch': 6.48}
{'loss': 0.0019, 'grad_norm': 0.16554342210292816, 'learning_rate': 7.296487370983314e-07, 'epoch': 6.52}
{'loss': 0.0026, 'grad_norm': 0.27614572644233704, 'learning_rate': 7.229386022775901e-07, 'epoch': 6.56}
{'loss': 0.0018, 'grad_norm': 0.34145456552505493, 'learning_rate': 7.162194993789987e-07, 'epoch': 6.6}
{'loss': 0.0022, 'grad_norm': 0.062319327145814896, 'learning_rate': 7.094921747505031e-07, 'epoch': 6.64}
{'loss': 0.0015, 'grad_norm': 0.3913460373878479, 'learning_rate': 7.027573756533081e-07, 'epoch': 6.68}
{'loss': 0.0027, 'grad_norm': 0.390295147895813, 'learning_rate': 6.960158501788701e-07, 'epoch': 6.72}
{'loss': 0.0017, 'grad_norm': 0.45683208107948303, 'learning_rate': 6.89268347165802e-07, 'epoch': 6.76}
{'loss': 0.0024, 'grad_norm': 0.20988568663597107, 'learning_rate': 6.825156161166929e-07, 'epoch': 6.8}
{'loss': 0.002, 'grad_norm': 0.1558018922805786, 'learning_rate': 6.757584071148542e-07, 'epoch': 6.84}
{'loss': 0.0017, 'grad_norm': 0.1499769687652588, 'learning_rate': 6.689974707410015e-07, 'epoch': 6.88}
{'loss': 0.0019, 'grad_norm': 0.18437235057353973, 'learning_rate': 6.622335579898814e-07, 'epoch': 6.92}
{'loss': 0.0022, 'grad_norm': 0.12075919657945633, 'learning_rate': 6.554674201868524e-07, 'epoch': 6.96}
{'loss': 0.0016, 'grad_norm': 0.11127683520317078, 'learning_rate': 6.48699808904428e-07, 'epoch': 7.0}
{'eval_loss': 0.0014873583568260074, 'eval_score': 0.00210903666250703, 'eval_err_F': 0.000849420958534162, 'eval_err_M': 0.0016891647611827407, 'eval_err_diff': 0.0008397438026485787, 'eval_mse': 0.000772499977205524, 'eval_mae': 0.01876393917466048, 'eval_runtime': 22.6116, 'eval_samples_per_second': 884.5, 'eval_steps_per_second': 6.943, 'epoch': 7.0}
{'loss': 0.002, 'grad_norm': 0.09984757751226425, 'learning_rate': 6.419314758787938e-07, 'epoch': 7.04}
{'loss': 0.0017, 'grad_norm': 0.15318317711353302, 'learning_rate': 6.351631729263056e-07, 'epoch': 7.08}
{'loss': 0.0019, 'grad_norm': 0.14358633756637573, 'learning_rate': 6.283956518599785e-07, 'epoch': 7.12}
{'loss': 0.0018, 'grad_norm': 0.2038819044828415, 'learning_rate': 6.216296644059772e-07, 'epoch': 7.16}
{'loss': 0.0016, 'grad_norm': 0.10742077231407166, 'learning_rate': 6.14865962120115e-07, 'epoch': 7.2}
{'loss': 0.0019, 'grad_norm': 0.17851075530052185, 'learning_rate': 6.081052963043714e-07, 'epoch': 7.24}
{'loss': 0.0016, 'grad_norm': 0.1165151596069336, 'learning_rate': 6.013484179234402e-07, 'epoch': 7.28}
{'loss': 0.0016, 'grad_norm': 0.20507082343101501, 'learning_rate': 5.945960775213122e-07, 'epoch': 7.32}
{'loss': 0.0018, 'grad_norm': 0.10207352787256241, 'learning_rate': 5.878490251379063e-07, 'epoch': 7.36}
{'loss': 0.0015, 'grad_norm': 0.1463344395160675, 'learning_rate': 5.811080102257563e-07, 'epoch': 7.4}
{'loss': 0.0013, 'grad_norm': 0.15291938185691833, 'learning_rate': 5.743737815667625e-07, 'epoch': 7.44}
{'loss': 0.0027, 'grad_norm': 0.15827809274196625, 'learning_rate': 5.676470871890184e-07, 'epoch': 7.48}
{'loss': 0.0013, 'grad_norm': 0.15895210206508636, 'learning_rate': 5.609286742837209e-07, 'epoch': 7.52}
{'loss': 0.0019, 'grad_norm': 0.17512091994285583, 'learning_rate': 5.542192891221727e-07, 'epoch': 7.56}
{'loss': 0.0043, 'grad_norm': 0.2728075683116913, 'learning_rate': 5.475196769728886e-07, 'epoch': 7.6}
{'loss': 0.0016, 'grad_norm': 0.29429033398628235, 'learning_rate': 5.408305820188119e-07, 'epoch': 7.64}
{'loss': 0.0017, 'grad_norm': 0.1457587331533432, 'learning_rate': 5.341527472746512e-07, 'epoch': 7.68}
{'loss': 0.0015, 'grad_norm': 0.11864561587572098, 'learning_rate': 5.274869145043481e-07, 'epoch': 7.72}
{'loss': 0.0024, 'grad_norm': 0.23643845319747925, 'learning_rate': 5.208338241386821e-07, 'epoch': 7.76}
{'loss': 0.0017, 'grad_norm': 0.21348075568675995, 'learning_rate': 5.141942151930265e-07, 'epoch': 7.8}
{'loss': 0.0016, 'grad_norm': 0.26472705602645874, 'learning_rate': 5.075688251852572e-07, 'epoch': 7.84}
{'loss': 0.0014, 'grad_norm': 0.16876928508281708, 'learning_rate': 5.009583900538327e-07, 'epoch': 7.88}
{'loss': 0.0015, 'grad_norm': 0.17904670536518097, 'learning_rate': 4.943636440760458e-07, 'epoch': 7.92}
{'loss': 0.0016, 'grad_norm': 0.44952911138534546, 'learning_rate': 4.877853197864611e-07, 'epoch': 7.96}
{'loss': 0.0018, 'grad_norm': 0.3064268231391907, 'learning_rate': 4.81224147895547e-07, 'epoch': 8.0}
{'eval_loss': 0.0014070837059989572, 'eval_score': 0.001997367007315889, 'eval_err_F': 0.0007693972745084625, 'eval_err_M': 0.001588043763046747, 'eval_err_diff': 0.0008186464885382845, 'eval_mse': 0.0007387519877494448, 'eval_mae': 0.017911391908605582, 'eval_runtime': 20.6366, 'eval_samples_per_second': 969.152, 'eval_steps_per_second': 7.608, 'epoch': 8.0}
{'loss': 0.0013, 'grad_norm': 0.1707281917333603, 'learning_rate': 4.7468085720850886e-07, 'epoch': 8.04}
{'loss': 0.0019, 'grad_norm': 0.24042625725269318, 'learning_rate': 4.681561745443344e-07, 'epoch': 8.08}
{'loss': 0.0025, 'grad_norm': 0.36855119466781616, 'learning_rate': 4.6165082465506006e-07, 'epoch': 8.12}
{'loss': 0.0014, 'grad_norm': 0.16711954772472382, 'learning_rate': 4.551655301452662e-07, 'epoch': 8.16}
{'loss': 0.0022, 'grad_norm': 0.5420856475830078, 'learning_rate': 4.487010113918116e-07, 'epoch': 8.2}
{'loss': 0.0023, 'grad_norm': 0.11064240336418152, 'learning_rate': 4.4225798646381506e-07, 'epoch': 8.24}
{'loss': 0.0014, 'grad_norm': 0.5614259243011475, 'learning_rate': 4.358371710428931e-07, 'epoch': 8.28}
{'loss': 0.0015, 'grad_norm': 0.8451865911483765, 'learning_rate': 4.294392783436633e-07, 'epoch': 8.32}
{'loss': 0.0021, 'grad_norm': 0.13962872326374054, 'learning_rate': 4.2306501903452133e-07, 'epoch': 8.36}
{'loss': 0.0013, 'grad_norm': 0.10690148919820786, 'learning_rate': 4.1671510115870163e-07, 'epoch': 8.4}
{'loss': 0.0015, 'grad_norm': 0.13631027936935425, 'learning_rate': 4.1039023005562756e-07, 'epoch': 8.44}
{'loss': 0.0013, 'grad_norm': 0.10562905669212341, 'learning_rate': 4.0409110828256496e-07, 'epoch': 8.48}
{'loss': 0.0014, 'grad_norm': 0.30160167813301086, 'learning_rate': 3.9781843553658207e-07, 'epoch': 8.52}
{'loss': 0.0014, 'grad_norm': 0.20112505555152893, 'learning_rate': 3.9157290857682877e-07, 'epoch': 8.56}
{'loss': 0.0014, 'grad_norm': 0.5574867129325867, 'learning_rate': 3.853552211471414e-07, 'epoch': 8.6}
{'loss': 0.0015, 'grad_norm': 0.5044028759002686, 'learning_rate': 3.7916606389898273e-07, 'epoch': 8.64}
{'loss': 0.0013, 'grad_norm': 0.17406441271305084, 'learning_rate': 3.730061243147255e-07, 'epoch': 8.68}
{'loss': 0.0014, 'grad_norm': 0.18455560505390167, 'learning_rate': 3.668760866312874e-07, 'epoch': 8.72}
{'loss': 0.002, 'grad_norm': 0.3701280653476715, 'learning_rate': 3.607766317641281e-07, 'epoch': 8.76}
{'loss': 0.0013, 'grad_norm': 0.2564915716648102, 'learning_rate': 3.5470843723161324e-07, 'epoch': 8.8}
{'loss': 0.0014, 'grad_norm': 0.251033216714859, 'learning_rate': 3.486721770797572e-07, 'epoch': 8.84}
{'loss': 0.0014, 'grad_norm': 0.3722798824310303, 'learning_rate': 3.426685218073508e-07, 'epoch': 8.88}
{'loss': 0.0021, 'grad_norm': 0.3357603847980499, 'learning_rate': 3.3669813829148337e-07, 'epoch': 8.92}
{'loss': 0.0017, 'grad_norm': 0.1155090406537056, 'learning_rate': 3.307616897134671e-07, 'epoch': 8.96}
{'loss': 0.0042, 'grad_norm': 0.18906433880329132, 'learning_rate': 3.248598354851718e-07, 'epoch': 9.0}
{'eval_loss': 0.001307029277086258, 'eval_score': 0.0017680095686948092, 'eval_err_F': 0.0006468734790154987, 'eval_err_M': 0.0013942975388017056, 'eval_err_diff': 0.0007474240597862069, 'eval_mse': 0.0007599346089307316, 'eval_mae': 0.018341038617421875, 'eval_runtime': 20.9246, 'eval_samples_per_second': 955.814, 'eval_steps_per_second': 7.503, 'epoch': 9.0}
{'loss': 0.0015, 'grad_norm': 0.24336184561252594, 'learning_rate': 3.1899323117577844e-07, 'epoch': 9.04}
{'loss': 0.0015, 'grad_norm': 0.25132906436920166, 'learning_rate': 3.1316252843895946e-07, 'epoch': 9.08}
{'loss': 0.0013, 'grad_norm': 0.4078823924064636, 'learning_rate': 3.07368374940494e-07, 'epoch': 9.12}
{'loss': 0.0013, 'grad_norm': 0.44275611639022827, 'learning_rate': 3.016114142863264e-07, 'epoch': 9.16}
{'loss': 0.0014, 'grad_norm': 0.42279601097106934, 'learning_rate': 2.95892285951075e-07, 'epoch': 9.2}
{'loss': 0.0037, 'grad_norm': 0.11892571300268173, 'learning_rate': 2.902116252070007e-07, 'epoch': 9.24}
{'loss': 0.0013, 'grad_norm': 0.17118655145168304, 'learning_rate': 2.845700630534417e-07, 'epoch': 9.28}
{'loss': 0.0014, 'grad_norm': 0.1962219476699829, 'learning_rate': 2.789682261467223e-07, 'epoch': 9.32}
{'loss': 0.0013, 'grad_norm': 0.3290618360042572, 'learning_rate': 2.7340673673054636e-07, 'epoch': 9.36}
{'loss': 0.002, 'grad_norm': 0.25994810461997986, 'learning_rate': 2.6788621256687825e-07, 'epoch': 9.4}
{'loss': 0.0019, 'grad_norm': 0.09751366823911667, 'learning_rate': 2.62407266867323e-07, 'epoch': 9.44}
{'loss': 0.0013, 'grad_norm': 0.10343237221240997, 'learning_rate': 2.5697050822501176e-07, 'epoch': 9.48}
{'loss': 0.0015, 'grad_norm': 0.33740314841270447, 'learning_rate': 2.515765405470004e-07, 'epoch': 9.52}
{'loss': 0.0016, 'grad_norm': 0.10551273822784424, 'learning_rate': 2.462259629871878e-07, 'epoch': 9.56}
{'loss': 0.0015, 'grad_norm': 0.10295525938272476, 'learning_rate': 2.4091936987976373e-07, 'epoch': 9.6}
{'loss': 0.0018, 'grad_norm': 0.18876425921916962, 'learning_rate': 2.3565735067318958e-07, 'epoch': 9.64}
{'loss': 0.0013, 'grad_norm': 0.10128504782915115, 'learning_rate': 2.3044048986472476e-07, 'epoch': 9.68}
{'loss': 0.0014, 'grad_norm': 0.18795621395111084, 'learning_rate': 2.2526936693550091e-07, 'epoch': 9.72}
{'loss': 0.0013, 'grad_norm': 0.1356339454650879, 'learning_rate': 2.2014455628615454e-07, 'epoch': 9.76}
{'loss': 0.0014, 'grad_norm': 0.06461761146783829, 'learning_rate': 2.1506662717302252e-07, 'epoch': 9.8}
{'loss': 0.0015, 'grad_norm': 0.17202839255332947, 'learning_rate': 2.1003614364491075e-07, 'epoch': 9.84}
{'loss': 0.0013, 'grad_norm': 0.1468874216079712, 'learning_rate': 2.050536644804402e-07, 'epoch': 9.88}
{'loss': 0.0014, 'grad_norm': 0.057943932712078094, 'learning_rate': 2.0011974312597814e-07, 'epoch': 9.92}
{'loss': 0.0028, 'grad_norm': 0.11588802188634872, 'learning_rate': 1.9523492763416318e-07, 'epoch': 9.96}
{'loss': 0.0018, 'grad_norm': 0.37133875489234924, 'learning_rate': 1.9039976060302752e-07, 'epoch': 10.0}
{'eval_loss': 0.0013123652897775173, 'eval_score': 0.0018459171224778498, 'eval_err_F': 0.0006797380630614386, 'eval_err_M': 0.0014571907693390462, 'eval_err_diff': 0.0007774527062776076, 'eval_mse': 0.0006992589478642783, 'eval_mae': 0.017129586905636825, 'eval_runtime': 20.6828, 'eval_samples_per_second': 966.988, 'eval_steps_per_second': 7.591, 'epoch': 10.0}
{'loss': 0.0017, 'grad_norm': 0.41857272386550903, 'learning_rate': 1.8561477911572646e-07, 'epoch': 10.04}
{'loss': 0.0015, 'grad_norm': 0.09838414937257767, 'learning_rate': 1.808805146808796e-07, 'epoch': 10.08}
{'loss': 0.0012, 'grad_norm': 0.07654861360788345, 'learning_rate': 1.7619749317353197e-07, 'epoch': 10.12}
{'loss': 0.0012, 'grad_norm': 0.10955396294593811, 'learning_rate': 1.715662347767405e-07, 'epoch': 10.16}
{'loss': 0.0014, 'grad_norm': 0.1358584314584732, 'learning_rate': 1.6698725392379306e-07, 'epoch': 10.2}
{'loss': 0.0012, 'grad_norm': 0.10893052071332932, 'learning_rate': 1.624610592410651e-07, 'epoch': 10.24}
{'loss': 0.0032, 'grad_norm': 0.27162057161331177, 'learning_rate': 1.5798815349152366e-07, 'epoch': 10.28}
{'loss': 0.0013, 'grad_norm': 0.08352386951446533, 'learning_rate': 1.5356903351887997e-07, 'epoch': 10.32}
{'loss': 0.0016, 'grad_norm': 0.18135376274585724, 'learning_rate': 1.4920419019240146e-07, 'epoch': 10.36}
{'loss': 0.0014, 'grad_norm': 0.16915841400623322, 'learning_rate': 1.4489410835238635e-07, 'epoch': 10.4}
{'loss': 0.002, 'grad_norm': 0.18991975486278534, 'learning_rate': 1.4063926675630863e-07, 'epoch': 10.44}
{'loss': 0.0016, 'grad_norm': 0.1499539315700531, 'learning_rate': 1.3644013802563804e-07, 'epoch': 10.48}
{'loss': 0.0018, 'grad_norm': 0.10770181566476822, 'learning_rate': 1.3229718859334237e-07, 'epoch': 10.52}
{'loss': 0.0012, 'grad_norm': 0.20320501923561096, 'learning_rate': 1.2821087865207647e-07, 'epoch': 10.56}
{'loss': 0.0016, 'grad_norm': 0.24483636021614075, 'learning_rate': 1.241816621030649e-07, 'epoch': 10.6}
{'loss': 0.0012, 'grad_norm': 0.20873074233531952, 'learning_rate': 1.202099865056832e-07, 'epoch': 10.64}
{'loss': 0.0012, 'grad_norm': 0.15045960247516632, 'learning_rate': 1.1629629302774359e-07, 'epoch': 10.68}
{'loss': 0.002, 'grad_norm': 0.17262496054172516, 'learning_rate': 1.1244101639649096e-07, 'epoch': 10.72}
{'loss': 0.0018, 'grad_norm': 0.15797440707683563, 'learning_rate': 1.0864458485031366e-07, 'epoch': 10.76}
{'loss': 0.0011, 'grad_norm': 0.23762930929660797, 'learning_rate': 1.0490742009117587e-07, 'epoch': 10.8}
{'loss': 0.0013, 'grad_norm': 0.17349472641944885, 'learning_rate': 1.0122993723777481e-07, 'epoch': 10.84}
{'loss': 0.0022, 'grad_norm': 0.2919618487358093, 'learning_rate': 9.761254477943085e-08, 'epoch': 10.88}
{'loss': 0.0012, 'grad_norm': 0.23712673783302307, 'learning_rate': 9.405564453071277e-08, 'epoch': 10.92}
{'loss': 0.0013, 'grad_norm': 0.2551301419734955, 'learning_rate': 9.055963158680466e-08, 'epoch': 10.96}
{'loss': 0.0028, 'grad_norm': 0.07948638498783112, 'learning_rate': 8.71248942796193e-08, 'epoch': 11.0}
{'eval_loss': 0.0013070671120658517, 'eval_score': 0.0018612735660040191, 'eval_err_F': 0.0006797546887062226, 'eval_err_M': 0.001467433940238087, 'eval_err_diff': 0.0007876792515318645, 'eval_mse': 0.0006824110002583255, 'eval_mae': 0.016972405346133746, 'eval_runtime': 21.1145, 'eval_samples_per_second': 947.217, 'eval_steps_per_second': 7.436, 'epoch': 11.0}
{'loss': 0.0014, 'grad_norm': 0.09878358244895935, 'learning_rate': 8.37518141346632e-08, 'epoch': 11.04}
{'loss': 0.0013, 'grad_norm': 0.15256674587726593, 'learning_rate': 8.04407658286571e-08, 'epoch': 11.08}
{'loss': 0.0014, 'grad_norm': 0.06565602868795395, 'learning_rate': 7.71921171479171e-08, 'epoch': 11.12}
{'loss': 0.0013, 'grad_norm': 0.1829746663570404, 'learning_rate': 7.400622894750199e-08, 'epoch': 11.16}
{'loss': 0.0014, 'grad_norm': 0.1634702831506729, 'learning_rate': 7.088345511113019e-08, 'epoch': 11.2}
{'loss': 0.0013, 'grad_norm': 0.2971409857273102, 'learning_rate': 6.782414251187008e-08, 'epoch': 11.24}
{'loss': 0.0011, 'grad_norm': 0.13560567796230316, 'learning_rate': 6.482863097361041e-08, 'epoch': 11.28}
{'loss': 0.0017, 'grad_norm': 0.16943609714508057, 'learning_rate': 6.189725323331315e-08, 'epoch': 11.32}
{'loss': 0.0012, 'grad_norm': 0.19824497401714325, 'learning_rate': 5.903033490405346e-08, 'epoch': 11.36}
{'loss': 0.0014, 'grad_norm': 0.27341946959495544, 'learning_rate': 5.622819443885117e-08, 'epoch': 11.4}
{'loss': 0.0014, 'grad_norm': 0.3346407115459442, 'learning_rate': 5.349114309529706e-08, 'epoch': 11.44}
{'loss': 0.0014, 'grad_norm': 0.1276920586824417, 'learning_rate': 5.081948490097947e-08, 'epoch': 11.48}
{'loss': 0.0013, 'grad_norm': 0.17183135449886322, 'learning_rate': 4.8213516619713175e-08, 'epoch': 11.52}
{'loss': 0.0014, 'grad_norm': 0.09747648984193802, 'learning_rate': 4.567352771857497e-08, 'epoch': 11.56}
{'loss': 0.0016, 'grad_norm': 0.22543396055698395, 'learning_rate': 4.3199800335750465e-08, 'epoch': 11.6}
{'loss': 0.0012, 'grad_norm': 0.262693852186203, 'learning_rate': 4.079260924919446e-08, 'epoch': 11.64}
{'loss': 0.0011, 'grad_norm': 0.14502131938934326, 'learning_rate': 3.8452221846109046e-08, 'epoch': 11.68}
{'loss': 0.0012, 'grad_norm': 0.31302958726882935, 'learning_rate': 3.6178898093242436e-08, 'epoch': 11.72}
{'loss': 0.0012, 'grad_norm': 0.10612454265356064, 'learning_rate': 3.397289050801258e-08, 'epoch': 11.76}
{'loss': 0.0012, 'grad_norm': 0.08388376981019974, 'learning_rate': 3.183444413045785e-08, 'epoch': 11.8}
{'loss': 0.002, 'grad_norm': 0.22174394130706787, 'learning_rate': 2.9763796496017947e-08, 'epoch': 11.84}
{'loss': 0.0014, 'grad_norm': 0.7686025500297546, 'learning_rate': 2.7761177609149508e-08, 'epoch': 11.88}
{'loss': 0.0019, 'grad_norm': 0.1745641976594925, 'learning_rate': 2.58268099177768e-08, 'epoch': 11.92}
{'loss': 0.0031, 'grad_norm': 0.2567078769207001, 'learning_rate': 2.3960908288583125e-08, 'epoch': 11.96}
{'loss': 0.0015, 'grad_norm': 0.2529659867286682, 'learning_rate': 2.216367998314356e-08, 'epoch': 12.0}
{'eval_loss': 0.001300386036746204, 'eval_score': 0.001854963656432116, 'eval_err_F': 0.0006649520280211178, 'eval_err_M': 0.0014582931136284498, 'eval_err_diff': 0.000793341085607332, 'eval_mse': 0.0006777069683467927, 'eval_mae': 0.0168595325315604, 'eval_runtime': 20.7551, 'eval_samples_per_second': 963.617, 'eval_steps_per_second': 7.564, 'epoch': 12.0}
[EMA] Swapped EMA weights into model (decay=0.9998)
{'train_runtime': 3264.8368, 'train_samples_per_second': 318.546, 'train_steps_per_second': 4.977, 'train_loss': 0.01012417432392637, 'epoch': 12.0}
[EMA] Swapped EMA weights into model (decay=0.9998)
score=0.00264 | err_diff=0.00108 | loss=0.00168
score=0.00264 | err_diff=0.00108 | loss=0.00168
Saved 30 worst predictions: results/optuna_dinov3-vitb16-3090-v2_trial_7/worst/worst.csv + results/optuna_dinov3-vitb16-3090-v2_trial_7/worst/images
Model saved: models:/m-8b8956a2f1034c95a50a27f548c323c9
Trial 7: score=inf err_F=inf err_M=inf err_diff=inf
Loaded 100,000 samples from data/raw/train.csv
Loaded 100,000 samples from data/raw/train.csv
Train: 80,000 | Val: 20,000
Train: 80,000 | Val: 20,000
Sampler 'occlusion': 10 groups, 80000 samples/epoch
PMF ratios test/train (20 bins of 0.025): [0.215, 0.34, 0.565, 0.734, 0.928, 1.075, 1.313, 1.455, 1.643, 1.87, 2.007, 1.926, 1.564, 1.311, 1.309, 0.617, 0.927, 0.067, 0.067, 0.067]
eval_importance_reweight ON (eval_score reweighted to test distribution)
Sampler 'occlusion': 10 groups, 80000 samples/epoch
PMF ratios test/train (20 bins of 0.025): [0.215, 0.34, 0.565, 0.734, 0.928, 1.075, 1.313, 1.455, 1.643, 1.87, 2.007, 1.926, 1.564, 1.311, 1.309, 0.617, 0.927, 0.067, 0.067, 0.067]
Gender reweight: F=1.352, M=0.648 (mean=1.0)
eval_importance_reweight ON (eval_score reweighted to test distribution)
Gender reweight: F=1.352, M=0.648 (mean=1.0)
DINOv3 drop_path_rate=0.08268904633041654 applied (linear 0 → 0.083 across 12 blocks via sample_drop_ratio)
DINOv3 drop_path_rate=0.08268904633041654 applied (linear 0 → 0.083 across 12 blocks via sample_drop_ratio)
Loaded DINOv3 weights: dinov3_vitb16_pretrain_lvd1689m-73cec8be.pth
EMA enabled: decay=0.9998, warmup_steps=200
Loaded DINOv3 weights: dinov3_vitb16_pretrain_lvd1689m-73cec8be.pth
WeightedMSELoss: focal_gamma=0.0, fairness_lambda=1.7657227056711207, gender_reweight=on (F=1.35, M=0.65)
Training dinov3-vitb16-3090-v2_trial8 (best_metric=eval_score)
EMA enabled: decay=0.9998, warmup_steps=200
WeightedMSELoss: focal_gamma=0.0, fairness_lambda=1.7657227056711207, gender_reweight=on (F=1.35, M=0.65)
Training dinov3-vitb16-3090-v2_trial8 (best_metric=eval_score)
LLRD: 14 groups, LR ∈ [3.69e-06, 1.13e-05]
LLRD: 14 groups, LR ∈ [3.69e-06, 1.13e-05]
{'loss': 0.5381, 'grad_norm': 23.369277954101562, 'learning_rate': 9.455115557687791e-08, 'epoch': 0.04}
{'loss': 0.4364, 'grad_norm': 17.58924102783203, 'learning_rate': 1.8910231115375581e-07, 'epoch': 0.08}
{'loss': 0.2934, 'grad_norm': 15.90883731842041, 'learning_rate': 2.8365346673063373e-07, 'epoch': 0.12}
{'loss': 0.2124, 'grad_norm': 3.289996862411499, 'learning_rate': 3.7820462230751163e-07, 'epoch': 0.16}
{'loss': 0.1933, 'grad_norm': 5.632852077484131, 'learning_rate': 4.727557778843895e-07, 'epoch': 0.2}
{'loss': 0.176, 'grad_norm': 6.758616924285889, 'learning_rate': 5.673069334612675e-07, 'epoch': 0.24}
{'loss': 0.1656, 'grad_norm': 2.5767388343811035, 'learning_rate': 6.618580890381454e-07, 'epoch': 0.28}
{'loss': 0.1624, 'grad_norm': 2.21104097366333, 'learning_rate': 7.564092446150233e-07, 'epoch': 0.32}
{'loss': 0.1616, 'grad_norm': 2.561896562576294, 'learning_rate': 8.509604001919013e-07, 'epoch': 0.36}
{'loss': 0.1606, 'grad_norm': 6.613576412200928, 'learning_rate': 9.45511555768779e-07, 'epoch': 0.4}
{'loss': 0.1541, 'grad_norm': 3.8941478729248047, 'learning_rate': 1.040062711345657e-06, 'epoch': 0.44}
{'loss': 0.1566, 'grad_norm': 4.836001396179199, 'learning_rate': 1.134613866922535e-06, 'epoch': 0.48}
{'loss': 0.1532, 'grad_norm': 3.05824613571167, 'learning_rate': 1.2291650224994127e-06, 'epoch': 0.52}
{'loss': 0.151, 'grad_norm': 1.8309636116027832, 'learning_rate': 1.3237161780762907e-06, 'epoch': 0.56}
{'loss': 0.1535, 'grad_norm': 1.959146499633789, 'learning_rate': 1.4182673336531687e-06, 'epoch': 0.6}
{'loss': 0.159, 'grad_norm': 3.9859657287597656, 'learning_rate': 1.5128184892300465e-06, 'epoch': 0.64}
{'loss': 0.1465, 'grad_norm': 2.997068405151367, 'learning_rate': 1.6073696448069245e-06, 'epoch': 0.68}
{'loss': 0.1487, 'grad_norm': 5.095025539398193, 'learning_rate': 1.7019208003838025e-06, 'epoch': 0.72}
{'loss': 0.1467, 'grad_norm': 5.958714485168457, 'learning_rate': 1.7964719559606803e-06, 'epoch': 0.76}
{'loss': 0.1543, 'grad_norm': 17.88274574279785, 'learning_rate': 1.891023111537558e-06, 'epoch': 0.8}
{'loss': 0.1476, 'grad_norm': 4.9556169509887695, 'learning_rate': 1.985574267114436e-06, 'epoch': 0.84}
{'loss': 0.1567, 'grad_norm': 1.6927090883255005, 'learning_rate': 2.080125422691314e-06, 'epoch': 0.88}
{'loss': 0.1586, 'grad_norm': 4.265246868133545, 'learning_rate': 2.174676578268192e-06, 'epoch': 0.92}
{'loss': 0.1501, 'grad_norm': 3.434471607208252, 'learning_rate': 2.26922773384507e-06, 'epoch': 0.96}
{'loss': 0.1507, 'grad_norm': 12.602483749389648, 'learning_rate': 2.363778889421948e-06, 'epoch': 1.0}
{'eval_loss': 0.025257805362343788, 'eval_score': 0.021477229882821015, 'eval_err_F': 0.018435900530316573, 'eval_err_M': 0.0204634534319862, 'eval_err_diff': 0.0020275529016696263, 'eval_mse': 0.006509504981248089, 'eval_mae': 0.05648544840883478, 'eval_runtime': 20.7626, 'eval_samples_per_second': 963.272, 'eval_steps_per_second': 7.562, 'epoch': 1.0}
{'loss': 0.1518, 'grad_norm': 2.5156514644622803, 'learning_rate': 2.4583300449988255e-06, 'epoch': 1.04}
{'loss': 0.151, 'grad_norm': 2.6091670989990234, 'learning_rate': 2.5528812005757035e-06, 'epoch': 1.08}
{'loss': 0.1548, 'grad_norm': 2.8910515308380127, 'learning_rate': 2.6474323561525815e-06, 'epoch': 1.12}
{'loss': 0.1439, 'grad_norm': 3.720315456390381, 'learning_rate': 2.7419835117294595e-06, 'epoch': 1.16}
{'loss': 0.1498, 'grad_norm': 2.789069652557373, 'learning_rate': 2.8365346673063375e-06, 'epoch': 1.2}
{'loss': 0.1445, 'grad_norm': 2.87518572807312, 'learning_rate': 2.931085822883215e-06, 'epoch': 1.24}
{'loss': 0.1458, 'grad_norm': 4.805474758148193, 'learning_rate': 3.025636978460093e-06, 'epoch': 1.28}
{'loss': 0.1448, 'grad_norm': 3.5843985080718994, 'learning_rate': 3.120188134036971e-06, 'epoch': 1.32}
{'loss': 0.1458, 'grad_norm': 2.613102674484253, 'learning_rate': 3.214739289613849e-06, 'epoch': 1.36}
{'loss': 0.1536, 'grad_norm': 3.283503532409668, 'learning_rate': 3.309290445190727e-06, 'epoch': 1.4}
{'loss': 0.148, 'grad_norm': 2.4625089168548584, 'learning_rate': 3.403841600767605e-06, 'epoch': 1.44}
{'loss': 0.1417, 'grad_norm': 6.288646221160889, 'learning_rate': 3.4983927563444826e-06, 'epoch': 1.48}
{'loss': 0.1345, 'grad_norm': 1.48502516746521, 'learning_rate': 3.5929439119213606e-06, 'epoch': 1.52}
{'loss': 0.135, 'grad_norm': 8.411783218383789, 'learning_rate': 3.6874950674982386e-06, 'epoch': 1.56}
{'loss': 0.123, 'grad_norm': 3.010774612426758, 'learning_rate': 3.687361504873862e-06, 'epoch': 1.6}
{'loss': 0.1199, 'grad_norm': 2.1230897903442383, 'learning_rate': 3.6869608363515113e-06, 'epoch': 1.64}
{'loss': 0.113, 'grad_norm': 2.6266472339630127, 'learning_rate': 3.686293119980716e-06, 'epoch': 1.68}
{'loss': 0.116, 'grad_norm': 8.629338264465332, 'learning_rate': 3.685358452501349e-06, 'epoch': 1.72}
{'loss': 0.1051, 'grad_norm': 1.6850651502609253, 'learning_rate': 3.68415696932961e-06, 'epoch': 1.76}
{'loss': 0.1029, 'grad_norm': 2.6241371631622314, 'learning_rate': 3.682688844538404e-06, 'epoch': 1.8}
{'loss': 0.1028, 'grad_norm': 3.7959299087524414, 'learning_rate': 3.6809542908321243e-06, 'epoch': 1.84}
{'loss': 0.0984, 'grad_norm': 2.6103668212890625, 'learning_rate': 3.6789535595158342e-06, 'epoch': 1.88}
{'loss': 0.0952, 'grad_norm': 0.8617660999298096, 'learning_rate': 3.6766869404588576e-06, 'epoch': 1.92}
{'loss': 0.0899, 'grad_norm': 2.588103771209717, 'learning_rate': 3.6741547620527815e-06, 'epoch': 1.96}
{'loss': 0.0899, 'grad_norm': 3.1391875743865967, 'learning_rate': 3.6713573911638787e-06, 'epoch': 2.0}
{'eval_loss': 0.00872840452939272, 'eval_score': 0.007798655470554025, 'eval_err_F': 0.004202840779721103, 'eval_err_M': 0.0066000505736097176, 'eval_err_diff': 0.0023972097938886145, 'eval_mse': 0.002168425872763806, 'eval_mae': 0.03170077156336993, 'eval_runtime': 21.8695, 'eval_samples_per_second': 914.517, 'eval_steps_per_second': 7.179, 'epoch': 2.0}
{'loss': 0.0943, 'grad_norm': 1.0052363872528076, 'learning_rate': 3.668295233079958e-06, 'epoch': 2.04}
{'loss': 0.0875, 'grad_norm': 2.8275818824768066, 'learning_rate': 3.664968731451639e-06, 'epoch': 2.08}
{'loss': 0.0893, 'grad_norm': 0.9625590443611145, 'learning_rate': 3.661378368228083e-06, 'epoch': 2.12}
{'loss': 0.0834, 'grad_norm': 2.10027813911438, 'learning_rate': 3.6575246635871615e-06, 'epoch': 2.16}
{'loss': 0.0846, 'grad_norm': 5.670165538787842, 'learning_rate': 3.653408175860096e-06, 'epoch': 2.2}
{'loss': 0.0867, 'grad_norm': 2.556778907775879, 'learning_rate': 3.6490295014505625e-06, 'epoch': 2.24}
{'loss': 0.0866, 'grad_norm': 0.7829494476318359, 'learning_rate': 3.644389274748286e-06, 'epoch': 2.28}
{'loss': 0.0839, 'grad_norm': 1.814405918121338, 'learning_rate': 3.6394881680371283e-06, 'epoch': 2.32}
{'loss': 0.0837, 'grad_norm': 6.263527870178223, 'learning_rate': 3.6343268913976865e-06, 'epoch': 2.36}
{'loss': 0.0824, 'grad_norm': 1.7648869752883911, 'learning_rate': 3.6289061926044153e-06, 'epoch': 2.4}
{'loss': 0.0871, 'grad_norm': 2.3355090618133545, 'learning_rate': 3.6232268570172873e-06, 'epoch': 2.44}
{'loss': 0.0843, 'grad_norm': 2.0162885189056396, 'learning_rate': 3.6172897074680104e-06, 'epoch': 2.48}
{'loss': 0.0794, 'grad_norm': 1.2156962156295776, 'learning_rate': 3.611095604140813e-06, 'epoch': 2.52}
{'loss': 0.0789, 'grad_norm': 1.4854915142059326, 'learning_rate': 3.6046454444478207e-06, 'epoch': 2.56}
{'loss': 0.0832, 'grad_norm': 1.0394771099090576, 'learning_rate': 3.597940162899035e-06, 'epoch': 2.6}
{'loss': 0.0788, 'grad_norm': 2.197086811065674, 'learning_rate': 3.5909807309669434e-06, 'epoch': 2.64}
{'loss': 0.0754, 'grad_norm': 4.506250858306885, 'learning_rate': 3.5837681569457678e-06, 'epoch': 2.68}
{'loss': 0.0765, 'grad_norm': 2.3715670108795166, 'learning_rate': 3.5763034858053846e-06, 'epoch': 2.72}
{'loss': 0.0752, 'grad_norm': 3.279841423034668, 'learning_rate': 3.568587799039922e-06, 'epoch': 2.76}
{'loss': 0.073, 'grad_norm': 1.4618315696716309, 'learning_rate': 3.560622214511078e-06, 'epoch': 2.8}
{'loss': 0.0732, 'grad_norm': 2.3910436630249023, 'learning_rate': 3.5524078862861575e-06, 'epoch': 2.84}
{'loss': 0.0725, 'grad_norm': 1.6120867729187012, 'learning_rate': 3.543946004470873e-06, 'epoch': 2.88}
{'loss': 0.0704, 'grad_norm': 1.7333768606185913, 'learning_rate': 3.5352377950369163e-06, 'epoch': 2.92}
{'loss': 0.0734, 'grad_norm': 1.9127485752105713, 'learning_rate': 3.5262845196443404e-06, 'epoch': 2.96}
{'loss': 0.0755, 'grad_norm': 1.4030100107192993, 'learning_rate': 3.5170874754587685e-06, 'epoch': 3.0}
{'eval_loss': 0.012590769678354263, 'eval_score': 0.010095886169960747, 'eval_err_F': 0.008767758544796354, 'eval_err_M': 0.009653176961572616, 'eval_err_diff': 0.0008854184167762617, 'eval_mse': 0.003255477423995478, 'eval_mae': 0.040298766177063954, 'eval_runtime': 20.7139, 'eval_samples_per_second': 965.534, 'eval_steps_per_second': 7.579, 'epoch': 3.0}
{'loss': 0.0696, 'grad_norm': 0.7635716795921326, 'learning_rate': 3.5076479949634546e-06, 'epoch': 3.04}
{'loss': 0.0726, 'grad_norm': 2.5626919269561768, 'learning_rate': 3.4979674457662355e-06, 'epoch': 3.08}
{'loss': 0.0716, 'grad_norm': 2.1952385902404785, 'learning_rate': 3.4880472304013872e-06, 'epoch': 3.12}
{'loss': 0.0699, 'grad_norm': 1.8121867179870605, 'learning_rate': 3.4778887861264247e-06, 'epoch': 3.16}
{'loss': 0.0673, 'grad_norm': 1.8855262994766235, 'learning_rate': 3.467493584713866e-06, 'epoch': 3.2}
{'loss': 0.069, 'grad_norm': 3.0370962619781494, 'learning_rate': 3.456863132238006e-06, 'epoch': 3.24}
{'loss': 0.0669, 'grad_norm': 1.8930541276931763, 'learning_rate': 3.4459989688567067e-06, 'epoch': 3.28}
{'loss': 0.0665, 'grad_norm': 1.168981671333313, 'learning_rate': 3.4349026685882613e-06, 'epoch': 3.32}
{'loss': 0.0645, 'grad_norm': 2.4747064113616943, 'learning_rate': 3.4235758390833466e-06, 'epoch': 3.36}
{'loss': 0.0642, 'grad_norm': 0.9248378276824951, 'learning_rate': 3.4120201213921023e-06, 'epoch': 3.4}
{'loss': 0.0682, 'grad_norm': 1.4962817430496216, 'learning_rate': 3.400237189726375e-06, 'epoch': 3.44}
{'loss': 0.0607, 'grad_norm': 1.5576975345611572, 'learning_rate': 3.388228751217155e-06, 'epoch': 3.48}
{'loss': 0.0589, 'grad_norm': 1.645033359527588, 'learning_rate': 3.375996545667242e-06, 'epoch': 3.52}
{'loss': 0.0579, 'grad_norm': 1.3577486276626587, 'learning_rate': 3.363542345299186e-06, 'epoch': 3.56}
{'loss': 0.0616, 'grad_norm': 1.6945661306381226, 'learning_rate': 3.3508679544985136e-06, 'epoch': 3.6}
{'loss': 0.0576, 'grad_norm': 3.6659159660339355, 'learning_rate': 3.3379752095523187e-06, 'epoch': 3.64}
{'loss': 0.0568, 'grad_norm': 1.505977749824524, 'learning_rate': 3.324865978383207e-06, 'epoch': 3.68}
{'loss': 0.0548, 'grad_norm': 0.9200149774551392, 'learning_rate': 3.3115421602786756e-06, 'epoch': 3.72}
{'loss': 0.053, 'grad_norm': 1.5366594791412354, 'learning_rate': 3.298005685615937e-06, 'epoch': 3.76}
{'loss': 0.0547, 'grad_norm': 1.3330899477005005, 'learning_rate': 3.2842585155822454e-06, 'epoch': 3.8}
{'loss': 0.0516, 'grad_norm': 3.5062355995178223, 'learning_rate': 3.2703026418907534e-06, 'epoch': 3.84}
{'loss': 0.0566, 'grad_norm': 1.8784114122390747, 'learning_rate': 3.2561400864919525e-06, 'epoch': 3.88}
{'loss': 0.0492, 'grad_norm': 3.2145774364471436, 'learning_rate': 3.2417729012807278e-06, 'epoch': 3.92}
{'loss': 0.0515, 'grad_norm': 2.788892984390259, 'learning_rate': 3.2272031677990764e-06, 'epoch': 3.96}
{'loss': 0.0513, 'grad_norm': 3.0165317058563232, 'learning_rate': 3.21243299693453e-06, 'epoch': 4.0}
{'eval_loss': 0.005249862093478441, 'eval_score': 0.003494289181345277, 'eval_err_F': 0.002116214389099211, 'eval_err_M': 0.0030349309172632553, 'eval_err_diff': 0.0009187165281640442, 'eval_mse': 0.0015287455822338362, 'eval_mae': 0.029856000999277602, 'eval_runtime': 20.7374, 'eval_samples_per_second': 964.441, 'eval_steps_per_second': 7.571, 'epoch': 4.0}
{'loss': 0.0492, 'grad_norm': 1.7925124168395996, 'learning_rate': 3.1974645286143254e-06, 'epoch': 4.04}
{'loss': 0.0493, 'grad_norm': 2.58790922164917, 'learning_rate': 3.1822999314953706e-06, 'epoch': 4.08}
{'loss': 0.0466, 'grad_norm': 3.9746780395507812, 'learning_rate': 3.166941402650042e-06, 'epoch': 4.12}
{'loss': 0.0477, 'grad_norm': 1.4357829093933105, 'learning_rate': 3.151391167247873e-06, 'epoch': 4.16}
{'loss': 0.0439, 'grad_norm': 1.3691246509552002, 'learning_rate': 3.135651478233165e-06, 'epoch': 4.2}
{'loss': 0.0446, 'grad_norm': 2.2223379611968994, 'learning_rate': 3.1197246159985786e-06, 'epoch': 4.24}
{'loss': 0.0425, 'grad_norm': 2.0470290184020996, 'learning_rate': 3.1036128880547454e-06, 'epoch': 4.28}
{'loss': 0.0428, 'grad_norm': 4.953376293182373, 'learning_rate': 3.0873186286959522e-06, 'epoch': 4.32}
{'loss': 0.0408, 'grad_norm': 2.476170539855957, 'learning_rate': 3.0708441986619456e-06, 'epoch': 4.36}
{'loss': 0.0422, 'grad_norm': 0.8621924519538879, 'learning_rate': 3.0541919847959014e-06, 'epoch': 4.4}
{'loss': 0.039, 'grad_norm': 3.053683280944824, 'learning_rate': 3.0373643996986193e-06, 'epoch': 4.44}
{'loss': 0.0405, 'grad_norm': 2.784763813018799, 'learning_rate': 3.0203638813789753e-06, 'epoch': 4.48}
{'loss': 0.0387, 'grad_norm': 2.2004380226135254, 'learning_rate': 3.0031928929007034e-06, 'epoch': 4.52}
{'loss': 0.0382, 'grad_norm': 2.186561346054077, 'learning_rate': 2.9858539220255423e-06, 'epoch': 4.56}
{'loss': 0.0424, 'grad_norm': 0.7927036285400391, 'learning_rate': 2.968349480852801e-06, 'epoch': 4.6}
{'loss': 0.0341, 'grad_norm': 3.312870740890503, 'learning_rate': 2.950682105455408e-06, 'epoch': 4.64}
{'loss': 0.0368, 'grad_norm': 0.8819993734359741, 'learning_rate': 2.9328543555124715e-06, 'epoch': 4.68}
{'loss': 0.0349, 'grad_norm': 2.6289498805999756, 'learning_rate': 2.914868813938438e-06, 'epoch': 4.72}
{'loss': 0.0449, 'grad_norm': 1.5760700702667236, 'learning_rate': 2.89672808650887e-06, 'epoch': 4.76}
{'loss': 0.0322, 'grad_norm': 1.0864551067352295, 'learning_rate': 2.878434801482918e-06, 'epoch': 4.8}
{'loss': 0.0352, 'grad_norm': 4.808445930480957, 'learning_rate': 2.8599916092225334e-06, 'epoch': 4.84}
{'loss': 0.0322, 'grad_norm': 2.043591260910034, 'learning_rate': 2.8414011818084823e-06, 'epoch': 4.88}
{'loss': 0.0313, 'grad_norm': 1.2426459789276123, 'learning_rate': 2.822666212653207e-06, 'epoch': 4.92}
{'loss': 0.0315, 'grad_norm': 1.6513218879699707, 'learning_rate': 2.8037894161106e-06, 'epoch': 4.96}
{'loss': 0.0312, 'grad_norm': 2.2084267139434814, 'learning_rate': 2.7847735270827447e-06, 'epoch': 5.0}
{'eval_loss': 0.004839438945055008, 'eval_score': 0.0028771794738252803, 'eval_err_F': 0.00199200723938054, 'eval_err_M': 0.0025821220623437, 'eval_err_diff': 0.00059011482296316, 'eval_mse': 0.0014489870342201017, 'eval_mae': 0.02899951517759837, 'eval_runtime': 31.2503, 'eval_samples_per_second': 639.995, 'eval_steps_per_second': 5.024, 'epoch': 5.0}
{'loss': 0.03, 'grad_norm': 1.8275138139724731, 'learning_rate': 2.765621300623679e-06, 'epoch': 5.04}
{'loss': 0.0303, 'grad_norm': 2.770153522491455, 'learning_rate': 2.746335511540237e-06, 'epoch': 5.08}
{'loss': 0.0295, 'grad_norm': 3.9576914310455322, 'learning_rate': 2.7269189539900305e-06, 'epoch': 5.12}
{'loss': 0.0274, 'grad_norm': 2.5666730403900146, 'learning_rate': 2.707374441076628e-06, 'epoch': 5.16}
{'loss': 0.0283, 'grad_norm': 1.8153916597366333, 'learning_rate': 2.6877048044419854e-06, 'epoch': 5.2}
{'loss': 0.0266, 'grad_norm': 0.7023895382881165, 'learning_rate': 2.6679128938561957e-06, 'epoch': 5.24}
{'loss': 0.0278, 'grad_norm': 0.871690034866333, 'learning_rate': 2.648001576804605e-06, 'epoch': 5.28}
{'loss': 0.0284, 'grad_norm': 1.4603333473205566, 'learning_rate': 2.6279737380723734e-06, 'epoch': 5.32}
{'loss': 0.0269, 'grad_norm': 2.0830776691436768, 'learning_rate': 2.6078322793265157e-06, 'epoch': 5.36}
{'loss': 0.0268, 'grad_norm': 1.8361437320709229, 'learning_rate': 2.5875801186955056e-06, 'epoch': 5.4}
{'loss': 0.0284, 'grad_norm': 1.047476887702942, 'learning_rate': 2.5672201903464927e-06, 'epoch': 5.44}
{'loss': 0.0273, 'grad_norm': 1.8793078660964966, 'learning_rate': 2.546755444060197e-06, 'epoch': 5.48}
{'loss': 0.0262, 'grad_norm': 0.7129287123680115, 'learning_rate': 2.526188844803535e-06, 'epoch': 5.52}
{'loss': 0.0251, 'grad_norm': 3.141265869140625, 'learning_rate': 2.505523372300055e-06, 'epoch': 5.56}
{'loss': 0.0261, 'grad_norm': 3.0545358657836914, 'learning_rate': 2.4847620205982274e-06, 'epoch': 5.6}
{'loss': 0.0232, 'grad_norm': 0.8343108296394348, 'learning_rate': 2.4639077976376617e-06, 'epoch': 5.64}
{'loss': 0.0261, 'grad_norm': 1.180201530456543, 'learning_rate': 2.4429637248133137e-06, 'epoch': 5.68}
{'loss': 0.0272, 'grad_norm': 1.4076882600784302, 'learning_rate': 2.4219328365377365e-06, 'epoch': 5.72}
{'loss': 0.0226, 'grad_norm': 1.170640468597412, 'learning_rate': 2.4008181798014528e-06, 'epoch': 5.76}
{'loss': 0.025, 'grad_norm': 1.8452436923980713, 'learning_rate': 2.3796228137315024e-06, 'epoch': 5.8}
{'loss': 0.025, 'grad_norm': 1.2903972864151, 'learning_rate': 2.3583498091482275e-06, 'epoch': 5.84}
{'loss': 0.024, 'grad_norm': 1.342146396636963, 'learning_rate': 2.33700224812037e-06, 'epoch': 5.88}
{'loss': 0.022, 'grad_norm': 0.9751275777816772, 'learning_rate': 2.315583223518534e-06, 'epoch': 5.92}
{'loss': 0.0245, 'grad_norm': 1.1748684644699097, 'learning_rate': 2.2940958385670883e-06, 'epoch': 5.96}
{'loss': 0.0247, 'grad_norm': 1.4076941013336182, 'learning_rate': 2.272543206394562e-06, 'epoch': 6.0}
{'eval_loss': 0.004788446705788374, 'eval_score': 0.0033742865651111074, 'eval_err_F': 0.0019501689782684697, 'eval_err_M': 0.002899580702830228, 'eval_err_diff': 0.0009494117245617585, 'eval_mse': 0.001415513114459892, 'eval_mae': 0.02874386940739132, 'eval_runtime': 20.7535, 'eval_samples_per_second': 963.694, 'eval_steps_per_second': 7.565, 'epoch': 6.0}
{'loss': 0.022, 'grad_norm': 0.9474798440933228, 'learning_rate': 2.2509284495826143e-06, 'epoch': 6.04}
{'loss': 0.0229, 'grad_norm': 0.5534989833831787, 'learning_rate': 2.2292546997136245e-06, 'epoch': 6.08}
{'loss': 0.0218, 'grad_norm': 1.0261857509613037, 'learning_rate': 2.207525096916986e-06, 'epoch': 6.12}
{'loss': 0.0222, 'grad_norm': 0.889183521270752, 'learning_rate': 2.1857427894141595e-06, 'epoch': 6.16}
{'loss': 0.0232, 'grad_norm': 1.1738054752349854, 'learning_rate': 2.163910933062551e-06, 'epoch': 6.2}
{'loss': 0.0228, 'grad_norm': 1.3987479209899902, 'learning_rate': 2.142032690898288e-06, 'epoch': 6.24}
{'loss': 0.0219, 'grad_norm': 1.8750559091567993, 'learning_rate': 2.120111232677952e-06, 'epoch': 6.28}
{'loss': 0.022, 'grad_norm': 1.2513490915298462, 'learning_rate': 2.0981497344193394e-06, 'epoch': 6.32}
{'loss': 0.0231, 'grad_norm': 1.1067525148391724, 'learning_rate': 2.0761513779413164e-06, 'epoch': 6.36}
{'loss': 0.0207, 'grad_norm': 1.3138638734817505, 'learning_rate': 2.0541193504028286e-06, 'epoch': 6.4}
{'loss': 0.0203, 'grad_norm': 2.96181058883667, 'learning_rate': 2.032056843841142e-06, 'epoch': 6.44}
{'loss': 0.0213, 'grad_norm': 2.3980066776275635, 'learning_rate': 2.0099670547093744e-06, 'epoch': 6.48}
{'loss': 0.0226, 'grad_norm': 1.7114884853363037, 'learning_rate': 1.9878531834133882e-06, 'epoch': 6.52}
{'loss': 0.0214, 'grad_norm': 1.1287264823913574, 'learning_rate': 1.965718433848112e-06, 'epoch': 6.56}
{'loss': 0.0199, 'grad_norm': 0.5597349405288696, 'learning_rate': 1.943566012933352e-06, 'epoch': 6.6}
{'loss': 0.0216, 'grad_norm': 2.6486964225769043, 'learning_rate': 1.9213991301491684e-06, 'epoch': 6.64}
{'loss': 0.0229, 'grad_norm': 1.7376700639724731, 'learning_rate': 1.8992209970708835e-06, 'epoch': 6.68}
{'loss': 0.0207, 'grad_norm': 2.2948009967803955, 'learning_rate': 1.8770348269037785e-06, 'epoch': 6.72}
{'loss': 0.0202, 'grad_norm': 0.7493141293525696, 'learning_rate': 1.8548438340175647e-06, 'epoch': 6.76}
{'loss': 0.019, 'grad_norm': 1.5509181022644043, 'learning_rate': 1.8326512334806741e-06, 'epoch': 6.8}
{'loss': 0.0191, 'grad_norm': 3.2742137908935547, 'learning_rate': 1.8104602405944596e-06, 'epoch': 6.84}
{'loss': 0.0194, 'grad_norm': 1.5518741607666016, 'learning_rate': 1.7882740704273557e-06, 'epoch': 6.88}
{'loss': 0.0185, 'grad_norm': 1.0145634412765503, 'learning_rate': 1.76609593734907e-06, 'epoch': 6.92}
{'loss': 0.0196, 'grad_norm': 1.1555416584014893, 'learning_rate': 1.7439290545648868e-06, 'epoch': 6.96}
{'loss': 0.027, 'grad_norm': 1.7722222805023193, 'learning_rate': 1.721776633650127e-06, 'epoch': 7.0}
{'eval_loss': 0.004466488491743803, 'eval_score': 0.0026385637077674107, 'eval_err_F': 0.001867831055894461, 'eval_err_M': 0.002381652823809761, 'eval_err_diff': 0.0005138217679153, 'eval_mse': 0.0013174616388438108, 'eval_mae': 0.02788816809049822, 'eval_runtime': 20.8291, 'eval_samples_per_second': 960.196, 'eval_steps_per_second': 7.538, 'epoch': 7.0}
{'loss': 0.0182, 'grad_norm': 1.7003446817398071, 'learning_rate': 1.6996418840848506e-06, 'epoch': 7.04}
{'loss': 0.019, 'grad_norm': 0.7130193114280701, 'learning_rate': 1.6775280127888647e-06, 'epoch': 7.08}
{'loss': 0.0193, 'grad_norm': 0.9110763669013977, 'learning_rate': 1.655438223657097e-06, 'epoch': 7.12}
{'loss': 0.0187, 'grad_norm': 1.821124792098999, 'learning_rate': 1.6333757170954102e-06, 'epoch': 7.16}
{'loss': 0.0187, 'grad_norm': 1.0823570489883423, 'learning_rate': 1.6113436895569222e-06, 'epoch': 7.2}
{'loss': 0.0206, 'grad_norm': 3.2320973873138428, 'learning_rate': 1.589345333078899e-06, 'epoch': 7.24}
{'loss': 0.018, 'grad_norm': 3.2520248889923096, 'learning_rate': 1.5673838348202873e-06, 'epoch': 7.28}
{'loss': 0.018, 'grad_norm': 1.139669418334961, 'learning_rate': 1.5454623765999509e-06, 'epoch': 7.32}
{'loss': 0.0182, 'grad_norm': 2.04349422454834, 'learning_rate': 1.5235841344356877e-06, 'epoch': 7.36}
{'loss': 0.0189, 'grad_norm': 0.8674011826515198, 'learning_rate': 1.5017522780840795e-06, 'epoch': 7.4}
{'loss': 0.0237, 'grad_norm': 1.0123916864395142, 'learning_rate': 1.4799699705812528e-06, 'epoch': 7.44}
{'loss': 0.0179, 'grad_norm': 0.9225276708602905, 'learning_rate': 1.4582403677846143e-06, 'epoch': 7.48}
{'loss': 0.017, 'grad_norm': 1.4987794160842896, 'learning_rate': 1.4365666179156245e-06, 'epoch': 7.52}
{'loss': 0.0186, 'grad_norm': 1.7749392986297607, 'learning_rate': 1.414951861103677e-06, 'epoch': 7.56}
{'loss': 0.0174, 'grad_norm': 0.3328019082546234, 'learning_rate': 1.393399228931151e-06, 'epoch': 7.6}
{'loss': 0.0172, 'grad_norm': 1.457858681678772, 'learning_rate': 1.3719118439797046e-06, 'epoch': 7.64}
{'loss': 0.0176, 'grad_norm': 2.2721283435821533, 'learning_rate': 1.3504928193778692e-06, 'epoch': 7.68}
{'loss': 0.0177, 'grad_norm': 0.5784865617752075, 'learning_rate': 1.3291452583500116e-06, 'epoch': 7.72}
{'loss': 0.0177, 'grad_norm': 1.8834494352340698, 'learning_rate': 1.3078722537667362e-06, 'epoch': 7.76}
{'loss': 0.0168, 'grad_norm': 1.0237751007080078, 'learning_rate': 1.2866768876967854e-06, 'epoch': 7.8}
{'loss': 0.0175, 'grad_norm': 3.326686382293701, 'learning_rate': 1.2655622309605025e-06, 'epoch': 7.84}
{'loss': 0.0163, 'grad_norm': 0.6257325410842896, 'learning_rate': 1.2445313426849253e-06, 'epoch': 7.88}
{'loss': 0.0165, 'grad_norm': 2.0313923358917236, 'learning_rate': 1.2235872698605765e-06, 'epoch': 7.92}
{'loss': 0.0166, 'grad_norm': 0.7481032609939575, 'learning_rate': 1.2027330469000118e-06, 'epoch': 7.96}
{'loss': 0.0166, 'grad_norm': 1.3265044689178467, 'learning_rate': 1.181971695198184e-06, 'epoch': 8.0}
{'eval_loss': 0.004588230978697538, 'eval_score': 0.002623888879007412, 'eval_err_F': 0.0020977961598173892, 'eval_err_M': 0.0024485246392774045, 'eval_err_diff': 0.00035072847946001533, 'eval_mse': 0.0012482703947248337, 'eval_mae': 0.0263415984020663, 'eval_runtime': 20.6579, 'eval_samples_per_second': 968.152, 'eval_steps_per_second': 7.6, 'epoch': 8.0}
{'loss': 0.0172, 'grad_norm': 0.7147042155265808, 'learning_rate': 1.1613062226947035e-06, 'epoch': 8.04}
{'loss': 0.0174, 'grad_norm': 1.0336228609085083, 'learning_rate': 1.1407396234380418e-06, 'epoch': 8.08}
{'loss': 0.0194, 'grad_norm': 1.5175718069076538, 'learning_rate': 1.1202748771517463e-06, 'epoch': 8.12}
{'loss': 0.0204, 'grad_norm': 0.9176244139671326, 'learning_rate': 1.0999149488027336e-06, 'epoch': 8.16}
{'loss': 0.0153, 'grad_norm': 0.736722469329834, 'learning_rate': 1.0796627881717231e-06, 'epoch': 8.2}
{'loss': 0.0194, 'grad_norm': 0.5942740440368652, 'learning_rate': 1.0595213294258655e-06, 'epoch': 8.24}
{'loss': 0.0171, 'grad_norm': 1.1009557247161865, 'learning_rate': 1.0394934906936332e-06, 'epoch': 8.28}
{'loss': 0.0185, 'grad_norm': 2.2218916416168213, 'learning_rate': 1.0195821736420433e-06, 'epoch': 8.32}
{'loss': 0.0182, 'grad_norm': 1.5632511377334595, 'learning_rate': 9.99790263056253e-07, 'epoch': 8.36}
{'loss': 0.0188, 'grad_norm': 1.3507696390151978, 'learning_rate': 9.801206264216109e-07, 'epoch': 8.4}
{'loss': 0.0166, 'grad_norm': 0.7592600584030151, 'learning_rate': 9.605761135082084e-07, 'epoch': 8.44}
{'loss': 0.0169, 'grad_norm': 0.3606836795806885, 'learning_rate': 9.411595559580013e-07, 'epoch': 8.48}
{'loss': 0.0162, 'grad_norm': 1.6159335374832153, 'learning_rate': 9.218737668745601e-07, 'epoch': 8.52}
{'loss': 0.0177, 'grad_norm': 0.7048755288124084, 'learning_rate': 9.027215404154943e-07, 'epoch': 8.56}
{'loss': 0.0167, 'grad_norm': 0.37927547097206116, 'learning_rate': 8.837056513876387e-07, 'epoch': 8.6}
{'loss': 0.0173, 'grad_norm': 0.8032945394515991, 'learning_rate': 8.648288548450319e-07, 'epoch': 8.64}
{'loss': 0.0185, 'grad_norm': 1.4565339088439941, 'learning_rate': 8.460938856897557e-07, 'epoch': 8.68}
{'loss': 0.0154, 'grad_norm': 0.8632684350013733, 'learning_rate': 8.275034582757051e-07, 'epoch': 8.72}
{'loss': 0.017, 'grad_norm': 1.0875892639160156, 'learning_rate': 8.090602660153212e-07, 'epoch': 8.76}
{'loss': 0.0167, 'grad_norm': 1.0061357021331787, 'learning_rate': 7.907669809893689e-07, 'epoch': 8.8}
{'loss': 0.0148, 'grad_norm': 1.186858057975769, 'learning_rate': 7.726262535598005e-07, 'epoch': 8.84}
{'loss': 0.0167, 'grad_norm': 0.9219244122505188, 'learning_rate': 7.546407119857673e-07, 'epoch': 8.88}
{'loss': 0.0183, 'grad_norm': 0.7301912307739258, 'learning_rate': 7.368129620428311e-07, 'epoch': 8.92}
{'loss': 0.0216, 'grad_norm': 2.2069308757781982, 'learning_rate': 7.191455866454373e-07, 'epoch': 8.96}
{'loss': 0.0155, 'grad_norm': 0.5146644115447998, 'learning_rate': 7.016411454726964e-07, 'epoch': 9.0}
{'eval_loss': 0.004483066499233246, 'eval_score': 0.0030071901171198176, 'eval_err_F': 0.00202817041753552, 'eval_err_M': 0.002680850217258385, 'eval_err_diff': 0.000652679799722865, 'eval_mse': 0.0012558663478824887, 'eval_mae': 0.026519065286880503, 'eval_runtime': 20.8315, 'eval_samples_per_second': 960.082, 'eval_steps_per_second': 7.537, 'epoch': 9.0}
{'loss': 0.0161, 'grad_norm': 0.7941540479660034, 'learning_rate': 6.843021745975353e-07, 'epoch': 9.04}
{'loss': 0.0176, 'grad_norm': 1.464734673500061, 'learning_rate': 6.671311861192637e-07, 'epoch': 9.08}
{'loss': 0.0153, 'grad_norm': 1.1891160011291504, 'learning_rate': 6.501306677996197e-07, 'epoch': 9.12}
{'loss': 0.0198, 'grad_norm': 0.8864107131958008, 'learning_rate': 6.33303082702337e-07, 'epoch': 9.16}
{'loss': 0.0163, 'grad_norm': 1.4678367376327515, 'learning_rate': 6.166508688362933e-07, 'epoch': 9.2}
{'loss': 0.016, 'grad_norm': 1.4951395988464355, 'learning_rate': 6.001764388022866e-07, 'epoch': 9.24}
{'loss': 0.0159, 'grad_norm': 2.3159313201904297, 'learning_rate': 5.838821794434935e-07, 'epoch': 9.28}
{'loss': 0.016, 'grad_norm': 0.982372522354126, 'learning_rate': 5.677704514996597e-07, 'epoch': 9.32}
{'loss': 0.0165, 'grad_norm': 0.3827764689922333, 'learning_rate': 5.518435892650739e-07, 'epoch': 9.36}
{'loss': 0.0161, 'grad_norm': 2.311169147491455, 'learning_rate': 5.361039002503656e-07, 'epoch': 9.4}
{'loss': 0.0238, 'grad_norm': 0.8066426515579224, 'learning_rate': 5.205536648481965e-07, 'epoch': 9.44}
{'loss': 0.0152, 'grad_norm': 1.0880128145217896, 'learning_rate': 5.051951360028686e-07, 'epoch': 9.48}
{'loss': 0.0161, 'grad_norm': 0.8734623789787292, 'learning_rate': 4.900305388839131e-07, 'epoch': 9.52}
{'loss': 0.0181, 'grad_norm': 1.3813495635986328, 'learning_rate': 4.750620705637087e-07, 'epoch': 9.56}
{'loss': 0.0145, 'grad_norm': 0.3435189723968506, 'learning_rate': 4.6029189969916223e-07, 'epoch': 9.6}
{'loss': 0.0152, 'grad_norm': 0.689999520778656, 'learning_rate': 4.4572216621751083e-07, 'epoch': 9.64}
{'loss': 0.0226, 'grad_norm': 1.3196470737457275, 'learning_rate': 4.313549810062863e-07, 'epoch': 9.68}
{'loss': 0.0162, 'grad_norm': 0.7769860625267029, 'learning_rate': 4.1719242560748504e-07, 'epoch': 9.72}
{'loss': 0.0158, 'grad_norm': 0.5373842120170593, 'learning_rate': 4.0323655191599364e-07, 'epoch': 9.76}
{'loss': 0.0151, 'grad_norm': 0.47560781240463257, 'learning_rate': 3.8948938188230113e-07, 'epoch': 9.8}
{'loss': 0.0158, 'grad_norm': 1.3352948427200317, 'learning_rate': 3.7595290721956305e-07, 'epoch': 9.84}
{'loss': 0.0147, 'grad_norm': 0.3854146897792816, 'learning_rate': 3.6262908911503225e-07, 'epoch': 9.88}
{'loss': 0.0145, 'grad_norm': 0.4847267270088196, 'learning_rate': 3.495198579459203e-07, 'epoch': 9.92}
{'loss': 0.0143, 'grad_norm': 0.5355473756790161, 'learning_rate': 3.3662711299972495e-07, 'epoch': 9.96}
{'loss': 0.0227, 'grad_norm': 2.4855663776397705, 'learning_rate': 3.239527221990532e-07, 'epoch': 10.0}
{'eval_loss': 0.0040307603776454926, 'eval_score': 0.0024829467660228994, 'eval_err_F': 0.0016374193727749025, 'eval_err_M': 0.0022011043016069, 'eval_err_diff': 0.0005636849288319977, 'eval_mse': 0.0011261010819112126, 'eval_mae': 0.024958738922244084, 'eval_runtime': 20.8222, 'eval_samples_per_second': 960.514, 'eval_steps_per_second': 7.54, 'epoch': 10.0}
{'loss': 0.0161, 'grad_norm': 0.9889006018638611, 'learning_rate': 3.11498521830996e-07, 'epoch': 10.04}
{'loss': 0.0147, 'grad_norm': 0.7473488450050354, 'learning_rate': 2.992663162810839e-07, 'epoch': 10.08}
{'loss': 0.0152, 'grad_norm': 1.2281752824783325, 'learning_rate': 2.872578777718633e-07, 'epoch': 10.12}
{'loss': 0.0159, 'grad_norm': 0.7864872217178345, 'learning_rate': 2.754749461061364e-07, 'epoch': 10.16}
{'loss': 0.0147, 'grad_norm': 2.675220012664795, 'learning_rate': 2.6391922841489236e-07, 'epoch': 10.2}
{'loss': 0.0174, 'grad_norm': 1.3467562198638916, 'learning_rate': 2.5259239890997705e-07, 'epoch': 10.24}
{'loss': 0.0157, 'grad_norm': 1.5204949378967285, 'learning_rate': 2.414960986415319e-07, 'epoch': 10.28}
{'loss': 0.0155, 'grad_norm': 0.965503454208374, 'learning_rate': 2.3063193526023274e-07, 'epoch': 10.32}
{'loss': 0.0142, 'grad_norm': 1.1403743028640747, 'learning_rate': 2.200014827843725e-07, 'epoch': 10.36}
{'loss': 0.0149, 'grad_norm': 0.8609322309494019, 'learning_rate': 2.096062813718142e-07, 'epoch': 10.4}
{'loss': 0.0145, 'grad_norm': 2.9015731811523438, 'learning_rate': 1.9944783709685122e-07, 'epoch': 10.44}
{'loss': 0.0145, 'grad_norm': 0.7201571464538574, 'learning_rate': 1.8952762173200326e-07, 'epoch': 10.48}
{'loss': 0.0143, 'grad_norm': 0.7456981539726257, 'learning_rate': 1.7984707253478424e-07, 'epoch': 10.52}
{'loss': 0.0219, 'grad_norm': 4.247068405151367, 'learning_rate': 1.704075920394706e-07, 'epoch': 10.56}
{'loss': 0.0146, 'grad_norm': 0.40754303336143494, 'learning_rate': 1.612105478538982e-07, 'epoch': 10.6}
{'loss': 0.0159, 'grad_norm': 2.566284656524658, 'learning_rate': 1.5225727246132246e-07, 'epoch': 10.64}
{'loss': 0.0139, 'grad_norm': 1.4090006351470947, 'learning_rate': 1.4354906302736576e-07, 'epoch': 10.68}
{'loss': 0.0161, 'grad_norm': 0.6343442797660828, 'learning_rate': 1.350871812120811e-07, 'epoch': 10.72}
{'loss': 0.0146, 'grad_norm': 0.3929740786552429, 'learning_rate': 1.26872852987161e-07, 'epoch': 10.76}
{'loss': 0.0148, 'grad_norm': 1.0171351432800293, 'learning_rate': 1.1890726845831682e-07, 'epoch': 10.8}
{'loss': 0.0143, 'grad_norm': 1.444251537322998, 'learning_rate': 1.1119158169285444e-07, 'epoch': 10.84}
{'loss': 0.0162, 'grad_norm': 1.8705352544784546, 'learning_rate': 1.037269105524705e-07, 'epoch': 10.88}
{'loss': 0.0154, 'grad_norm': 1.9117026329040527, 'learning_rate': 9.65143365312955e-08, 'epoch': 10.92}
{'loss': 0.015, 'grad_norm': 0.9944719672203064, 'learning_rate': 8.955490459920358e-08, 'epoch': 10.96}
{'loss': 0.016, 'grad_norm': 1.2590303421020508, 'learning_rate': 8.284962305041823e-08, 'epoch': 11.0}
{'eval_loss': 0.00362769840285182, 'eval_score': 0.0020150635783152933, 'eval_err_F': 0.0012963727612325478, 'eval_err_M': 0.0017754999726210447, 'eval_err_diff': 0.00047912721138849697, 'eval_mse': 0.0010844292712941929, 'eval_mae': 0.02459824597063489, 'eval_runtime': 20.82, 'eval_samples_per_second': 960.617, 'eval_steps_per_second': 7.541, 'epoch': 11.0}
{'loss': 0.0145, 'grad_norm': 0.39838460087776184, 'learning_rate': 7.639946335742536e-08, 'epoch': 11.04}
{'loss': 0.0145, 'grad_norm': 1.7200002670288086, 'learning_rate': 7.020536003022805e-08, 'epoch': 11.08}
{'loss': 0.0153, 'grad_norm': 1.265356421470642, 'learning_rate': 6.42682104809513e-08, 'epoch': 11.12}
{'loss': 0.0161, 'grad_norm': 0.9972814917564392, 'learning_rate': 5.8588874893823175e-08, 'epoch': 11.16}
{'loss': 0.0146, 'grad_norm': 0.9734526872634888, 'learning_rate': 5.316817610055188e-08, 'epoch': 11.2}
{'loss': 0.0156, 'grad_norm': 1.3495463132858276, 'learning_rate': 4.800689946111023e-08, 'epoch': 11.24}
{'loss': 0.0151, 'grad_norm': 1.195895791053772, 'learning_rate': 4.310579274995266e-08, 'epoch': 11.28}
{'loss': 0.0144, 'grad_norm': 0.8659799098968506, 'learning_rate': 3.8465566047676264e-08, 'epoch': 11.32}
{'loss': 0.0145, 'grad_norm': 0.6045204997062683, 'learning_rate': 3.408689163814248e-08, 'epoch': 11.36}
{'loss': 0.0151, 'grad_norm': 2.7918336391448975, 'learning_rate': 2.99704039110771e-08, 'epoch': 11.4}
{'loss': 0.0151, 'grad_norm': 0.8995106220245361, 'learning_rate': 2.61166992701557e-08, 'epoch': 11.44}
{'loss': 0.0148, 'grad_norm': 2.3986988067626953, 'learning_rate': 2.252633604659964e-08, 'epoch': 11.48}
{'loss': 0.0151, 'grad_norm': 0.4767623543739319, 'learning_rate': 1.919983441828114e-08, 'epoch': 11.52}
{'loss': 0.0188, 'grad_norm': 0.44790977239608765, 'learning_rate': 1.6137676334359577e-08, 'epoch': 11.56}
{'loss': 0.0152, 'grad_norm': 0.5026697516441345, 'learning_rate': 1.3340305445457235e-08, 'epoch': 11.6}
{'loss': 0.0164, 'grad_norm': 0.9031916856765747, 'learning_rate': 1.0808127039381161e-08, 'epoch': 11.64}
{'loss': 0.0178, 'grad_norm': 0.7601085305213928, 'learning_rate': 8.541507982404361e-09, 'epoch': 11.68}
{'loss': 0.0142, 'grad_norm': 0.9852672219276428, 'learning_rate': 6.540776666114557e-09, 'epoch': 11.72}
{'loss': 0.0147, 'grad_norm': 1.2888782024383545, 'learning_rate': 4.806222959835019e-09, 'epoch': 11.76}
{'loss': 0.0173, 'grad_norm': 0.7404883503913879, 'learning_rate': 3.3380981686291026e-09, 'epoch': 11.8}
{'loss': 0.0159, 'grad_norm': 1.044975757598877, 'learning_rate': 2.1366149968895578e-09, 'epoch': 11.84}
{'loss': 0.0217, 'grad_norm': 0.28786778450012207, 'learning_rate': 1.2019475175228055e-09, 'epoch': 11.88}
{'loss': 0.0154, 'grad_norm': 1.197891116142273, 'learning_rate': 5.34231146727396e-10, 'epoch': 11.92}
{'loss': 0.0144, 'grad_norm': 0.7833154201507568, 'learning_rate': 1.335626243764493e-10, 'epoch': 11.96}
{'loss': 0.0152, 'grad_norm': 0.7791413068771362, 'learning_rate': 0.0, 'epoch': 12.0}
{'eval_loss': 0.003843786893412471, 'eval_score': 0.002225012026573294, 'eval_err_F': 0.0015076583513760648, 'eval_err_M': 0.0019858941348408843, 'eval_err_diff': 0.00047823578346481953, 'eval_mse': 0.001096642222470958, 'eval_mae': 0.024638006428359224, 'eval_runtime': 20.5792, 'eval_samples_per_second': 971.855, 'eval_steps_per_second': 7.629, 'epoch': 12.0}
[EMA] Swapped EMA weights into model (decay=0.9998)
{'train_runtime': 3319.8872, 'train_samples_per_second': 289.166, 'train_steps_per_second': 4.518, 'train_loss': 0.052699248150984444, 'epoch': 12.0}
[EMA] Swapped EMA weights into model (decay=0.9998)
score=0.00355 | err_diff=0.00090 | loss=0.00490
score=0.00355 | err_diff=0.00090 | loss=0.00490
Saved 30 worst predictions: results/optuna_dinov3-vitb16-3090-v2_trial_8/worst/worst.csv + results/optuna_dinov3-vitb16-3090-v2_trial_8/worst/images
Model saved: models:/m-2f99184d538745fbb1e6ee80a062314a
Trial 8: score=inf err_F=inf err_M=inf err_diff=inf
Loaded 100,000 samples from data/raw/train.csv
Loaded 100,000 samples from data/raw/train.csv
Train: 80,000 | Val: 20,000
Train: 80,000 | Val: 20,000
PMF ratios test/train (20 bins of 0.025): [0.215, 0.339, 0.565, 0.732, 0.922, 1.07, 1.316, 1.452, 1.638, 1.861, 1.952, 1.922, 1.592, 1.337, 1.297, 0.633, 0.958, 0.066, 0.066, 0.066]
PMF ratios test/train (20 bins of 0.025): [0.215, 0.339, 0.565, 0.732, 0.922, 1.07, 1.316, 1.452, 1.638, 1.861, 1.952, 1.922, 1.592, 1.337, 1.297, 0.633, 0.958, 0.066, 0.066, 0.066]
loss_importance_reweight ON (applied in training loss)
loss_importance_reweight ON (applied in training loss)
eval_importance_reweight ON (eval_score reweighted to test distribution)
eval_importance_reweight ON (eval_score reweighted to test distribution)
Gender reweight: F=1.352, M=0.648 (mean=1.0)
Gender reweight: F=1.352, M=0.648 (mean=1.0)
DINOv3 drop_path_rate=0.10894371677741846 applied (linear 0 → 0.109 across 12 blocks via sample_drop_ratio)
DINOv3 drop_path_rate=0.10894371677741846 applied (linear 0 → 0.109 across 12 blocks via sample_drop_ratio)
Loaded DINOv3 weights: dinov3_vitb16_pretrain_lvd1689m-73cec8be.pth
Loaded DINOv3 weights: dinov3_vitb16_pretrain_lvd1689m-73cec8be.pth
EMA enabled: decay=0.9998, warmup_steps=200
WeightedMSELoss: focal_gamma=0.0, fairness_lambda=0.4462276709750945, importance_reweight=on (mean=1.00), gender_reweight=on (F=1.35, M=0.65)
Training dinov3-vitb16-3090-v2_trial9 (best_metric=eval_score)
EMA enabled: decay=0.9998, warmup_steps=200
WeightedMSELoss: focal_gamma=0.0, fairness_lambda=0.4462276709750945, importance_reweight=on (mean=1.00), gender_reweight=on (F=1.35, M=0.65)
Training dinov3-vitb16-3090-v2_trial9 (best_metric=eval_score)
LLRD: 14 groups, LR ∈ [4.15e-05, 4.85e-05]
LLRD: 14 groups, LR ∈ [4.15e-05, 4.85e-05]
{'loss': 0.1936, 'grad_norm': 8.267536163330078, 'learning_rate': 1.4046377391589392e-06, 'epoch': 0.04}
{'loss': 0.0572, 'grad_norm': 1.9840753078460693, 'learning_rate': 2.8092754783178785e-06, 'epoch': 0.08}
{'loss': 0.0386, 'grad_norm': 1.3628900051116943, 'learning_rate': 4.213913217476818e-06, 'epoch': 0.12}
{'loss': 0.0329, 'grad_norm': 1.285439133644104, 'learning_rate': 5.618550956635757e-06, 'epoch': 0.16}
{'loss': 0.0328, 'grad_norm': 8.327194213867188, 'learning_rate': 7.023188695794696e-06, 'epoch': 0.2}
{'loss': 0.0331, 'grad_norm': 3.8078420162200928, 'learning_rate': 8.427826434953636e-06, 'epoch': 0.24}
{'loss': 0.0315, 'grad_norm': 1.465673804283142, 'learning_rate': 9.832464174112575e-06, 'epoch': 0.28}
{'loss': 0.0301, 'grad_norm': 0.7584556937217712, 'learning_rate': 1.1237101913271514e-05, 'epoch': 0.32}
{'loss': 0.0305, 'grad_norm': 1.125096082687378, 'learning_rate': 1.2641739652430453e-05, 'epoch': 0.36}
{'loss': 0.0257, 'grad_norm': 1.1843863725662231, 'learning_rate': 1.4046377391589392e-05, 'epoch': 0.4}
{'loss': 0.0326, 'grad_norm': 2.498584508895874, 'learning_rate': 1.545101513074833e-05, 'epoch': 0.44}
{'loss': 0.0313, 'grad_norm': 5.448122024536133, 'learning_rate': 1.6855652869907273e-05, 'epoch': 0.48}
{'loss': 0.0339, 'grad_norm': 0.523804247379303, 'learning_rate': 1.826029060906621e-05, 'epoch': 0.52}
{'loss': 0.0267, 'grad_norm': 1.8447285890579224, 'learning_rate': 1.966492834822515e-05, 'epoch': 0.56}
{'loss': 0.0283, 'grad_norm': 0.5723960399627686, 'learning_rate': 2.1069566087384092e-05, 'epoch': 0.6}
{'loss': 0.028, 'grad_norm': 2.5318806171417236, 'learning_rate': 2.2474203826543028e-05, 'epoch': 0.64}
{'loss': 0.0257, 'grad_norm': 1.6128917932510376, 'learning_rate': 2.387884156570197e-05, 'epoch': 0.68}
{'loss': 0.0266, 'grad_norm': 1.6726725101470947, 'learning_rate': 2.5283479304860905e-05, 'epoch': 0.72}
{'loss': 0.0269, 'grad_norm': 3.4103481769561768, 'learning_rate': 2.6688117044019848e-05, 'epoch': 0.76}
{'loss': 0.0267, 'grad_norm': 0.5394424200057983, 'learning_rate': 2.8092754783178783e-05, 'epoch': 0.8}
{'loss': 0.0227, 'grad_norm': 1.6409932374954224, 'learning_rate': 2.9497392522337725e-05, 'epoch': 0.84}
{'loss': 0.0233, 'grad_norm': 1.5141487121582031, 'learning_rate': 3.090203026149666e-05, 'epoch': 0.88}
{'loss': 0.0205, 'grad_norm': 1.1574516296386719, 'learning_rate': 3.23066680006556e-05, 'epoch': 0.92}
{'loss': 0.022, 'grad_norm': 0.8843217492103577, 'learning_rate': 3.3711305739814545e-05, 'epoch': 0.96}
{'loss': 0.0202, 'grad_norm': 0.4713420867919922, 'learning_rate': 3.511594347897348e-05, 'epoch': 1.0}
{'eval_loss': 0.005428395699709654, 'eval_score': 0.005279797373585094, 'eval_err_F': 0.003975651514304064, 'eval_err_M': 0.004845082087158084, 'eval_err_diff': 0.0008694305728540203, 'eval_mse': 0.0039377553707093714, 'eval_mae': 0.05157096749595421, 'eval_runtime': 20.8442, 'eval_samples_per_second': 959.502, 'eval_steps_per_second': 7.532, 'epoch': 1.0}
{'loss': 0.0203, 'grad_norm': 1.8457716703414917, 'learning_rate': 3.652058121813242e-05, 'epoch': 1.04}
{'loss': 0.0188, 'grad_norm': 0.25995540618896484, 'learning_rate': 3.792521895729136e-05, 'epoch': 1.08}
{'loss': 0.0168, 'grad_norm': 2.3879246711730957, 'learning_rate': 3.93298566964503e-05, 'epoch': 1.12}
{'loss': 0.0173, 'grad_norm': 1.395585298538208, 'learning_rate': 4.0734494435609236e-05, 'epoch': 1.16}
{'loss': 0.0155, 'grad_norm': 1.3417073488235474, 'learning_rate': 4.1520572309201016e-05, 'epoch': 1.2}
{'loss': 0.0144, 'grad_norm': 1.0040863752365112, 'learning_rate': 4.1515530130237165e-05, 'epoch': 1.24}
{'loss': 0.013, 'grad_norm': 0.747061550617218, 'learning_rate': 4.1505125221713854e-05, 'epoch': 1.28}
{'loss': 0.0142, 'grad_norm': 0.4680909514427185, 'learning_rate': 4.148936027207976e-05, 'epoch': 1.32}
{'loss': 0.012, 'grad_norm': 0.7162250280380249, 'learning_rate': 4.146823935472567e-05, 'epoch': 1.36}
{'loss': 0.0133, 'grad_norm': 0.8334643244743347, 'learning_rate': 4.14417679269319e-05, 'epoch': 1.4}
{'loss': 0.0102, 'grad_norm': 0.48573192954063416, 'learning_rate': 4.1409952828458274e-05, 'epoch': 1.44}
{'loss': 0.0111, 'grad_norm': 0.454916387796402, 'learning_rate': 4.1372802279776877e-05, 'epoch': 1.48}
{'loss': 0.011, 'grad_norm': 0.8110004663467407, 'learning_rate': 4.1330325879947965e-05, 'epoch': 1.52}
{'loss': 0.0089, 'grad_norm': 0.710752010345459, 'learning_rate': 4.128253460413977e-05, 'epoch': 1.56}
{'loss': 0.0096, 'grad_norm': 0.5677139759063721, 'learning_rate': 4.122944080079271e-05, 'epoch': 1.6}
{'loss': 0.01, 'grad_norm': 1.011053204536438, 'learning_rate': 4.1171058188428755e-05, 'epoch': 1.64}
{'loss': 0.0093, 'grad_norm': 0.9449435472488403, 'learning_rate': 4.1107401852106785e-05, 'epoch': 1.68}
{'loss': 0.0075, 'grad_norm': 0.704014241695404, 'learning_rate': 4.10384882395249e-05, 'epoch': 1.72}
{'loss': 0.0085, 'grad_norm': 0.48289576172828674, 'learning_rate': 4.09643351567706e-05, 'epoch': 1.76}
{'loss': 0.008, 'grad_norm': 0.455253005027771, 'learning_rate': 4.0884961763719985e-05, 'epoch': 1.8}
{'loss': 0.0091, 'grad_norm': 1.39027738571167, 'learning_rate': 4.080038856908721e-05, 'epoch': 1.84}
{'loss': 0.0073, 'grad_norm': 0.29819196462631226, 'learning_rate': 4.071063742512538e-05, 'epoch': 1.88}
{'loss': 0.0075, 'grad_norm': 0.5684808492660522, 'learning_rate': 4.061573152198026e-05, 'epoch': 1.92}
{'loss': 0.0069, 'grad_norm': 1.0025601387023926, 'learning_rate': 4.0515695381698405e-05, 'epoch': 1.96}
{'loss': 0.0066, 'grad_norm': 0.1001763865351677, 'learning_rate': 4.0410554851891044e-05, 'epoch': 2.0}
{'eval_loss': 0.0024484125897288322, 'eval_score': 0.0029396104099897813, 'eval_err_F': 0.0013218635798332805, 'eval_err_M': 0.002400361466604281, 'eval_err_diff': 0.0010784978867710005, 'eval_mse': 0.0014149097988423282, 'eval_mae': 0.028956070983177595, 'eval_runtime': 22.6682, 'eval_samples_per_second': 882.295, 'eval_steps_per_second': 6.926, 'epoch': 2.0}
{'loss': 0.0075, 'grad_norm': 0.9891120791435242, 'learning_rate': 4.030033709905552e-05, 'epoch': 2.04}
{'loss': 0.0068, 'grad_norm': 0.33389243483543396, 'learning_rate': 4.018507060155595e-05, 'epoch': 2.08}
{'loss': 0.0067, 'grad_norm': 0.5973696708679199, 'learning_rate': 4.006478514226485e-05, 'epoch': 2.12}
{'loss': 0.0067, 'grad_norm': 0.1710989773273468, 'learning_rate': 3.993951180086784e-05, 'epoch': 2.16}
{'loss': 0.0065, 'grad_norm': 0.45235154032707214, 'learning_rate': 3.9809282945833116e-05, 'epoch': 2.2}
{'loss': 0.007, 'grad_norm': 0.3715200424194336, 'learning_rate': 3.967413222604805e-05, 'epoch': 2.24}
{'loss': 0.0062, 'grad_norm': 0.19637137651443481, 'learning_rate': 3.9534094562124845e-05, 'epoch': 2.28}
{'loss': 0.0066, 'grad_norm': 0.29851704835891724, 'learning_rate': 3.9389206137377714e-05, 'epoch': 2.32}
{'loss': 0.0061, 'grad_norm': 0.7111945748329163, 'learning_rate': 3.9239504388473684e-05, 'epoch': 2.36}
{'loss': 0.0056, 'grad_norm': 0.5097827315330505, 'learning_rate': 3.908502799575964e-05, 'epoch': 2.4}
{'loss': 0.0058, 'grad_norm': 0.3060103952884674, 'learning_rate': 3.892581687326796e-05, 'epoch': 2.44}
{'loss': 0.0059, 'grad_norm': 0.37475988268852234, 'learning_rate': 3.876191215840347e-05, 'epoch': 2.48}
{'loss': 0.006, 'grad_norm': 1.7163926362991333, 'learning_rate': 3.859335620131417e-05, 'epoch': 2.52}
{'loss': 0.0059, 'grad_norm': 0.39927783608436584, 'learning_rate': 3.84201925539488e-05, 'epoch': 2.56}
{'loss': 0.0058, 'grad_norm': 0.2645840048789978, 'learning_rate': 3.824246595880362e-05, 'epoch': 2.6}
{'loss': 0.0057, 'grad_norm': 0.8737605810165405, 'learning_rate': 3.8060222337361885e-05, 'epoch': 2.64}
{'loss': 0.0051, 'grad_norm': 0.23905207216739655, 'learning_rate': 3.787350877822838e-05, 'epoch': 2.68}
{'loss': 0.0053, 'grad_norm': 0.7824095487594604, 'learning_rate': 3.7682373524962645e-05, 'epoch': 2.72}
{'loss': 0.0051, 'grad_norm': 0.34940895438194275, 'learning_rate': 3.7486865963613615e-05, 'epoch': 2.76}
{'loss': 0.0053, 'grad_norm': 0.4772023856639862, 'learning_rate': 3.728703660995912e-05, 'epoch': 2.8}
{'loss': 0.0057, 'grad_norm': 1.3455617427825928, 'learning_rate': 3.708293709645353e-05, 'epoch': 2.84}
{'loss': 0.0053, 'grad_norm': 0.17087404429912567, 'learning_rate': 3.687462015888674e-05, 'epoch': 2.88}
{'loss': 0.005, 'grad_norm': 0.5814454555511475, 'learning_rate': 3.666213962275822e-05, 'epoch': 2.92}
{'loss': 0.005, 'grad_norm': 0.7643535733222961, 'learning_rate': 3.644555038936942e-05, 'epoch': 2.96}
{'loss': 0.0047, 'grad_norm': 1.170674443244934, 'learning_rate': 3.6224908421638196e-05, 'epoch': 3.0}
{'eval_loss': 0.0017809632699936628, 'eval_score': 0.002048797525149128, 'eval_err_F': 0.0009574753653764537, 'eval_err_M': 0.0016850234718915698, 'eval_err_diff': 0.0007275481065151161, 'eval_mse': 0.001274436009005879, 'eval_mae': 0.025005106034270103, 'eval_runtime': 20.7654, 'eval_samples_per_second': 963.139, 'eval_steps_per_second': 7.561, 'epoch': 3.0}
{'loss': 0.0048, 'grad_norm': 0.30760693550109863, 'learning_rate': 3.600027072963898e-05, 'epoch': 3.04}
{'loss': 0.0045, 'grad_norm': 0.17013299465179443, 'learning_rate': 3.5771695355872356e-05, 'epoch': 3.08}
{'loss': 0.0045, 'grad_norm': 0.42677855491638184, 'learning_rate': 3.55392413602679e-05, 'epoch': 3.12}
{'loss': 0.0048, 'grad_norm': 0.8226606845855713, 'learning_rate': 3.5302968804924056e-05, 'epoch': 3.16}
{'loss': 0.0048, 'grad_norm': 0.8557173013687134, 'learning_rate': 3.5062938738589206e-05, 'epoch': 3.2}
{'loss': 0.0045, 'grad_norm': 0.5896116495132446, 'learning_rate': 3.481921318088767e-05, 'epoch': 3.24}
{'loss': 0.0043, 'grad_norm': 0.7141309976577759, 'learning_rate': 3.4571855106294914e-05, 'epoch': 3.28}
{'loss': 0.004, 'grad_norm': 0.5469180345535278, 'learning_rate': 3.4320928427866064e-05, 'epoch': 3.32}
{'loss': 0.004, 'grad_norm': 0.29048222303390503, 'learning_rate': 3.406649798072183e-05, 'epoch': 3.36}
{'loss': 0.0038, 'grad_norm': 0.651183545589447, 'learning_rate': 3.380862950529629e-05, 'epoch': 3.4}
{'loss': 0.0044, 'grad_norm': 0.7617514729499817, 'learning_rate': 3.354738963035064e-05, 'epoch': 3.44}
{'loss': 0.0041, 'grad_norm': 0.20813694596290588, 'learning_rate': 3.328284585575747e-05, 'epoch': 3.48}
{'loss': 0.0036, 'grad_norm': 0.2545536160469055, 'learning_rate': 3.301506653506004e-05, 'epoch': 3.52}
{'loss': 0.0036, 'grad_norm': 0.5282649993896484, 'learning_rate': 3.274412085781082e-05, 'epoch': 3.56}
{'loss': 0.0039, 'grad_norm': 0.6790899634361267, 'learning_rate': 3.247007883169414e-05, 'epoch': 3.6}
{'loss': 0.0039, 'grad_norm': 1.161810040473938, 'learning_rate': 3.2193011264437416e-05, 'epoch': 3.64}
{'loss': 0.0037, 'grad_norm': 0.7947713136672974, 'learning_rate': 3.1912989745515636e-05, 'epoch': 3.68}
{'loss': 0.0038, 'grad_norm': 0.7448987364768982, 'learning_rate': 3.163008662765392e-05, 'epoch': 3.72}
{'loss': 0.0037, 'grad_norm': 0.9979028701782227, 'learning_rate': 3.134437500813275e-05, 'epoch': 3.76}
{'loss': 0.0039, 'grad_norm': 0.26216670870780945, 'learning_rate': 3.1055928709900995e-05, 'epoch': 3.8}
{'loss': 0.0032, 'grad_norm': 0.4956408739089966, 'learning_rate': 3.076482226250123e-05, 'epoch': 3.84}
{'loss': 0.0031, 'grad_norm': 0.2622257173061371, 'learning_rate': 3.047113088281266e-05, 'epoch': 3.88}
{'loss': 0.0032, 'grad_norm': 0.563379168510437, 'learning_rate': 3.0174930455616363e-05, 'epoch': 3.92}
{'loss': 0.0031, 'grad_norm': 0.8468594551086426, 'learning_rate': 2.9876297513987967e-05, 'epoch': 3.96}
{'loss': 0.0034, 'grad_norm': 0.17972680926322937, 'learning_rate': 2.9575309219522807e-05, 'epoch': 4.0}
{'eval_loss': 0.0015753384213894606, 'eval_score': 0.001911503253233331, 'eval_err_F': 0.0007744850591612994, 'eval_err_M': 0.0015324971885426538, 'eval_err_diff': 0.0007580121293813543, 'eval_mse': 0.001085174566021641, 'eval_mae': 0.02286956517784911, 'eval_runtime': 20.8951, 'eval_samples_per_second': 957.163, 'eval_steps_per_second': 7.514, 'epoch': 4.0}
{'loss': 0.0031, 'grad_norm': 0.2988603711128235, 'learning_rate': 2.9272043342398735e-05, 'epoch': 4.04}
{'loss': 0.0033, 'grad_norm': 0.18515460193157196, 'learning_rate': 2.8966578241281632e-05, 'epoch': 4.08}
{'loss': 0.0031, 'grad_norm': 0.4524524509906769, 'learning_rate': 2.8658992843078875e-05, 'epoch': 4.12}
{'loss': 0.0032, 'grad_norm': 0.36415907740592957, 'learning_rate': 2.8349366622546e-05, 'epoch': 4.16}
{'loss': 0.0033, 'grad_norm': 0.41788384318351746, 'learning_rate': 2.8037779581751807e-05, 'epoch': 4.2}
{'loss': 0.0035, 'grad_norm': 0.2927045226097107, 'learning_rate': 2.7724312229407152e-05, 'epoch': 4.24}
{'loss': 0.0038, 'grad_norm': 0.15720242261886597, 'learning_rate': 2.7409045560062973e-05, 'epoch': 4.28}
{'loss': 0.0034, 'grad_norm': 0.25638657808303833, 'learning_rate': 2.709206103318262e-05, 'epoch': 4.32}
{'loss': 0.0029, 'grad_norm': 0.12145323306322098, 'learning_rate': 2.6773440552094167e-05, 'epoch': 4.36}
{'loss': 0.0029, 'grad_norm': 1.0512325763702393, 'learning_rate': 2.645326644282803e-05, 'epoch': 4.4}
{'loss': 0.0031, 'grad_norm': 0.18574272096157074, 'learning_rate': 2.613162143284529e-05, 'epoch': 4.44}
{'loss': 0.0029, 'grad_norm': 0.5739115476608276, 'learning_rate': 2.5808588629662398e-05, 'epoch': 4.48}
{'loss': 0.0024, 'grad_norm': 0.11947233229875565, 'learning_rate': 2.5484251499377583e-05, 'epoch': 4.52}
{'loss': 0.003, 'grad_norm': 0.21151144802570343, 'learning_rate': 2.515869384510468e-05, 'epoch': 4.56}
{'loss': 0.0027, 'grad_norm': 0.22456707060337067, 'learning_rate': 2.483199978531986e-05, 'epoch': 4.6}
{'loss': 0.0026, 'grad_norm': 0.16918624937534332, 'learning_rate': 2.450425373212684e-05, 'epoch': 4.64}
{'loss': 0.0028, 'grad_norm': 0.23101761937141418, 'learning_rate': 2.4175540369446273e-05, 'epoch': 4.68}
{'loss': 0.0029, 'grad_norm': 0.7050496935844421, 'learning_rate': 2.384594463113488e-05, 'epoch': 4.72}
{'loss': 0.0024, 'grad_norm': 0.3170619606971741, 'learning_rate': 2.3515551679040003e-05, 'epoch': 4.76}
{'loss': 0.0025, 'grad_norm': 0.5693531632423401, 'learning_rate': 2.3184446880995266e-05, 'epoch': 4.8}
{'loss': 0.0034, 'grad_norm': 0.403692364692688, 'learning_rate': 2.2852715788762996e-05, 'epoch': 4.84}
{'loss': 0.0025, 'grad_norm': 0.3151991665363312, 'learning_rate': 2.252044411592912e-05, 'epoch': 4.88}
{'loss': 0.0028, 'grad_norm': 0.19995522499084473, 'learning_rate': 2.2187717715756258e-05, 'epoch': 4.92}
{'loss': 0.0025, 'grad_norm': 0.294317364692688, 'learning_rate': 2.185462255900071e-05, 'epoch': 4.96}
{'loss': 0.0026, 'grad_norm': 0.23328913748264313, 'learning_rate': 2.1521244711699136e-05, 'epoch': 5.0}
{'eval_loss': 0.0014511257177218795, 'eval_score': 0.001747644196089257, 'eval_err_F': 0.0006920782844769334, 'eval_err_M': 0.0013957888922184825, 'eval_err_diff': 0.0007037106077415491, 'eval_mse': 0.000801296281739015, 'eval_mae': 0.018684749035304957, 'eval_runtime': 20.7772, 'eval_samples_per_second': 962.594, 'eval_steps_per_second': 7.556, 'epoch': 5.0}
{'loss': 0.0024, 'grad_norm': 0.3061615228652954, 'learning_rate': 2.1187670312930537e-05, 'epoch': 5.04}
{'loss': 0.0029, 'grad_norm': 0.18297544121742249, 'learning_rate': 2.085398555255941e-05, 'epoch': 5.08}
{'loss': 0.0028, 'grad_norm': 0.5034568905830383, 'learning_rate': 2.0520276648965794e-05, 'epoch': 5.12}
{'loss': 0.0025, 'grad_norm': 0.15920297801494598, 'learning_rate': 2.018662982676792e-05, 'epoch': 5.16}
{'loss': 0.0026, 'grad_norm': 0.1131846159696579, 'learning_rate': 1.9853131294543262e-05, 'epoch': 5.2}
{'loss': 0.0026, 'grad_norm': 0.49507248401641846, 'learning_rate': 1.951986722255372e-05, 'epoch': 5.24}
{'loss': 0.0025, 'grad_norm': 0.5615957975387573, 'learning_rate': 1.9186923720480713e-05, 'epoch': 5.28}
{'loss': 0.0025, 'grad_norm': 0.4135473668575287, 'learning_rate': 1.885438681517593e-05, 'epoch': 5.32}
{'loss': 0.0023, 'grad_norm': 0.3764374852180481, 'learning_rate': 1.85223424284335e-05, 'epoch': 5.36}
{'loss': 0.0025, 'grad_norm': 0.22409825026988983, 'learning_rate': 1.819087635478923e-05, 'epoch': 5.4}
{'loss': 0.0022, 'grad_norm': 0.19355644285678864, 'learning_rate': 1.786007423935282e-05, 'epoch': 5.44}
{'loss': 0.0027, 'grad_norm': 0.6623933911323547, 'learning_rate': 1.7530021555678635e-05, 'epoch': 5.48}
{'loss': 0.0025, 'grad_norm': 0.31460803747177124, 'learning_rate': 1.720080358368081e-05, 'epoch': 5.52}
{'loss': 0.0027, 'grad_norm': 0.37539246678352356, 'learning_rate': 1.6872505387598406e-05, 'epoch': 5.56}
{'loss': 0.0026, 'grad_norm': 0.21711665391921997, 'learning_rate': 1.6545211794016263e-05, 'epoch': 5.6}
{'loss': 0.0023, 'grad_norm': 0.1448889672756195, 'learning_rate': 1.6219007369947275e-05, 'epoch': 5.64}
{'loss': 0.0026, 'grad_norm': 0.22187423706054688, 'learning_rate': 1.5893976400981757e-05, 'epoch': 5.68}
{'loss': 0.0023, 'grad_norm': 0.4865724444389343, 'learning_rate': 1.557020286950948e-05, 'epoch': 5.72}
{'loss': 0.0023, 'grad_norm': 0.15471632778644562, 'learning_rate': 1.5247770433020071e-05, 'epoch': 5.76}
{'loss': 0.0024, 'grad_norm': 0.10329126566648483, 'learning_rate': 1.4926762402487402e-05, 'epoch': 5.8}
{'loss': 0.0024, 'grad_norm': 0.1651005744934082, 'learning_rate': 1.4607261720843407e-05, 'epoch': 5.84}
{'loss': 0.0023, 'grad_norm': 0.22432036697864532, 'learning_rate': 1.428935094154711e-05, 'epoch': 5.88}
{'loss': 0.0024, 'grad_norm': 0.6941763162612915, 'learning_rate': 1.397311220725423e-05, 'epoch': 5.92}
{'loss': 0.0022, 'grad_norm': 0.3956166207790375, 'learning_rate': 1.3658627228592922e-05, 'epoch': 5.96}
{'loss': 0.0025, 'grad_norm': 0.16998198628425598, 'learning_rate': 1.3345977263051168e-05, 'epoch': 6.0}
{'eval_loss': 0.0016975526232272387, 'eval_score': 0.0017749941432961835, 'eval_err_F': 0.0011383783837749914, 'eval_err_M': 0.0015627888901224528, 'eval_err_diff': 0.0004244105063474614, 'eval_mse': 0.0009042185693202676, 'eval_mae': 0.02094375165398287, 'eval_runtime': 20.8384, 'eval_samples_per_second': 959.767, 'eval_steps_per_second': 7.534, 'epoch': 6.0}
{'loss': 0.0021, 'grad_norm': 0.12772688269615173, 'learning_rate': 1.3035243093981248e-05, 'epoch': 6.04}
{'loss': 0.0024, 'grad_norm': 0.21344482898712158, 'learning_rate': 1.2726505009726718e-05, 'epoch': 6.08}
{'loss': 0.0021, 'grad_norm': 0.12205005437135696, 'learning_rate': 1.2419842782877289e-05, 'epoch': 6.12}
{'loss': 0.0021, 'grad_norm': 0.0726151093840599, 'learning_rate': 1.2115335649656955e-05, 'epoch': 6.16}
{'loss': 0.0021, 'grad_norm': 0.6900041699409485, 'learning_rate': 1.181306228945073e-05, 'epoch': 6.2}
{'loss': 0.0022, 'grad_norm': 0.14007844030857086, 'learning_rate': 1.1513100804475276e-05, 'epoch': 6.24}
{'loss': 0.0022, 'grad_norm': 0.16575300693511963, 'learning_rate': 1.1215528699598588e-05, 'epoch': 6.28}
{'loss': 0.0022, 'grad_norm': 0.4012301564216614, 'learning_rate': 1.0920422862314111e-05, 'epoch': 6.32}
{'loss': 0.0023, 'grad_norm': 0.1286473125219345, 'learning_rate': 1.062785954287435e-05, 'epoch': 6.36}
{'loss': 0.0021, 'grad_norm': 0.07951706647872925, 'learning_rate': 1.0337914334589074e-05, 'epoch': 6.4}
{'loss': 0.002, 'grad_norm': 0.10756905376911163, 'learning_rate': 1.0050662154293363e-05, 'epoch': 6.44}
{'loss': 0.0022, 'grad_norm': 0.25370150804519653, 'learning_rate': 9.766177222990351e-06, 'epoch': 6.48}
{'loss': 0.0021, 'grad_norm': 0.3197517395019531, 'learning_rate': 9.484533046673828e-06, 'epoch': 6.52}
{'loss': 0.0021, 'grad_norm': 0.49970778822898865, 'learning_rate': 9.205802397335542e-06, 'epoch': 6.56}
{'loss': 0.002, 'grad_norm': 0.2997589111328125, 'learning_rate': 8.930057294162185e-06, 'epoch': 6.6}
{'loss': 0.0022, 'grad_norm': 0.19424474239349365, 'learning_rate': 8.657368984926865e-06, 'epoch': 6.64}
{'loss': 0.002, 'grad_norm': 0.2691887319087982, 'learning_rate': 8.387807927579943e-06, 'epoch': 6.68}
{'loss': 0.0021, 'grad_norm': 0.27007606625556946, 'learning_rate': 8.121443772043864e-06, 'epoch': 6.72}
{'loss': 0.0019, 'grad_norm': 0.20242725312709808, 'learning_rate': 7.85834534221688e-06, 'epoch': 6.76}
{'loss': 0.0025, 'grad_norm': 0.11914663761854172, 'learning_rate': 7.5985806181900845e-06, 'epoch': 6.8}
{'loss': 0.0022, 'grad_norm': 0.2034948319196701, 'learning_rate': 7.342216718682571e-06, 'epoch': 6.84}
{'loss': 0.0021, 'grad_norm': 0.2185397446155548, 'learning_rate': 7.089319883699103e-06, 'epoch': 6.88}
{'loss': 0.0021, 'grad_norm': 0.34733232855796814, 'learning_rate': 6.839955457414838e-06, 'epoch': 6.92}
{'loss': 0.0021, 'grad_norm': 0.4461710453033447, 'learning_rate': 6.59418787129152e-06, 'epoch': 6.96}
{'loss': 0.002, 'grad_norm': 0.20047271251678467, 'learning_rate': 6.352080627429503e-06, 'epoch': 7.0}
{'eval_loss': 0.0014095267979428172, 'eval_score': 0.00173741199373538, 'eval_err_F': 0.0006933934883475748, 'eval_err_M': 0.0013894058252727783, 'eval_err_diff': 0.0006960123369252035, 'eval_mse': 0.0006831426469941358, 'eval_mae': 0.017281677015545394, 'eval_runtime': 20.8573, 'eval_samples_per_second': 958.895, 'eval_steps_per_second': 7.527, 'epoch': 7.0}
{'loss': 0.0019, 'grad_norm': 0.23123708367347717, 'learning_rate': 6.113696282159927e-06, 'epoch': 7.04}
{'loss': 0.0023, 'grad_norm': 0.1335884928703308, 'learning_rate': 5.879096429881192e-06, 'epoch': 7.08}
{'loss': 0.0021, 'grad_norm': 0.09938321262598038, 'learning_rate': 5.648341687144091e-06, 'epoch': 7.12}
{'loss': 0.002, 'grad_norm': 0.09470026940107346, 'learning_rate': 5.421491676989484e-06, 'epoch': 7.16}
{'loss': 0.0024, 'grad_norm': 0.18537504971027374, 'learning_rate': 5.19860501354277e-06, 'epoch': 7.2}
{'loss': 0.002, 'grad_norm': 0.08630162477493286, 'learning_rate': 4.979739286868993e-06, 'epoch': 7.24}
{'loss': 0.0018, 'grad_norm': 0.39452484250068665, 'learning_rate': 4.7649510480925676e-06, 'epoch': 7.28}
{'loss': 0.0018, 'grad_norm': 0.2608470022678375, 'learning_rate': 4.554295794785451e-06, 'epoch': 7.32}
{'loss': 0.0019, 'grad_norm': 0.5455935597419739, 'learning_rate': 4.347827956627516e-06, 'epoch': 7.36}
{'loss': 0.0019, 'grad_norm': 0.2088565230369568, 'learning_rate': 4.145600881342872e-06, 'epoch': 7.4}
{'loss': 0.0019, 'grad_norm': 0.17085744440555573, 'learning_rate': 3.94766682091574e-06, 'epoch': 7.44}
{'loss': 0.0018, 'grad_norm': 0.2721402049064636, 'learning_rate': 3.754076918089411e-06, 'epoch': 7.48}
{'loss': 0.002, 'grad_norm': 0.17974944412708282, 'learning_rate': 3.564881193151896e-06, 'epoch': 7.52}
{'loss': 0.002, 'grad_norm': 0.15853410959243774, 'learning_rate': 3.380128531011494e-06, 'epoch': 7.56}
{'loss': 0.0018, 'grad_norm': 0.1781879961490631, 'learning_rate': 3.199866668565808e-06, 'epoch': 7.6}
{'loss': 0.0019, 'grad_norm': 0.10019462555646896, 'learning_rate': 3.0241421823673483e-06, 'epoch': 7.64}
{'loss': 0.0019, 'grad_norm': 0.1009475439786911, 'learning_rate': 2.85300047658895e-06, 'epoch': 7.68}
{'loss': 0.0018, 'grad_norm': 0.11422385275363922, 'learning_rate': 2.686485771292127e-06, 'epoch': 7.72}
{'loss': 0.0018, 'grad_norm': 0.35668376088142395, 'learning_rate': 2.5246410910013582e-06, 'epoch': 7.76}
{'loss': 0.0019, 'grad_norm': 0.46299293637275696, 'learning_rate': 2.367508253587322e-06, 'epoch': 7.8}
{'loss': 0.0018, 'grad_norm': 0.40717288851737976, 'learning_rate': 2.2151278594618423e-06, 'epoch': 7.84}
{'loss': 0.0019, 'grad_norm': 0.3668704330921173, 'learning_rate': 2.0675392810874703e-06, 'epoch': 7.88}
{'loss': 0.0019, 'grad_norm': 0.1771087944507599, 'learning_rate': 1.924780652804305e-06, 'epoch': 7.92}
{'loss': 0.0019, 'grad_norm': 0.14286808669567108, 'learning_rate': 1.7868888609767582e-06, 'epoch': 7.96}
{'loss': 0.0018, 'grad_norm': 0.18688836693763733, 'learning_rate': 1.653899534462729e-06, 'epoch': 8.0}
{'eval_loss': 0.0012919199652969837, 'eval_score': 0.0015536456228521147, 'eval_err_F': 0.00064732919506659, 'eval_err_M': 0.0012515401469236065, 'eval_err_diff': 0.0006042109518570165, 'eval_mse': 0.0006654874528280308, 'eval_mae': 0.016938672601152758, 'eval_runtime': 26.3568, 'eval_samples_per_second': 758.816, 'eval_steps_per_second': 5.957, 'epoch': 8.0}
{'loss': 0.0019, 'grad_norm': 0.2668536603450775, 'learning_rate': 1.5258470354077412e-06, 'epoch': 8.04}
{'loss': 0.0019, 'grad_norm': 0.10640313476324081, 'learning_rate': 1.4027644503663478e-06, 'epoch': 8.08}
{'loss': 0.0017, 'grad_norm': 0.38013917207717896, 'learning_rate': 1.2846835817531442e-06, 'epoch': 8.12}
{'loss': 0.0017, 'grad_norm': 0.1600000262260437, 'learning_rate': 1.1716349396255732e-06, 'epoch': 8.16}
{'loss': 0.0019, 'grad_norm': 0.2767966091632843, 'learning_rate': 1.063647733800641e-06, 'epoch': 8.2}
{'loss': 0.0018, 'grad_norm': 0.09789366275072098, 'learning_rate': 9.607498663076193e-07, 'epoch': 8.24}
{'loss': 0.0019, 'grad_norm': 0.10905754566192627, 'learning_rate': 8.629679241786375e-07, 'epoch': 8.28}
{'loss': 0.0019, 'grad_norm': 0.34051114320755005, 'learning_rate': 7.703271725790489e-07, 'epoch': 8.32}
{'loss': 0.0018, 'grad_norm': 0.12240443378686905, 'learning_rate': 6.828515482793533e-07, 'epoch': 8.36}
{'loss': 0.0018, 'grad_norm': 0.1566515415906906, 'learning_rate': 6.0056365347035e-07, 'epoch': 8.4}
{'loss': 0.0018, 'grad_norm': 0.14323662221431732, 'learning_rate': 5.234847499231188e-07, 'epoch': 8.44}
{'loss': 0.0018, 'grad_norm': 0.09531054645776749, 'learning_rate': 4.516347534953367e-07, 'epoch': 8.48}
{'loss': 0.0018, 'grad_norm': 0.20248612761497498, 'learning_rate': 3.850322289853899e-07, 'epoch': 8.52}
{'loss': 0.0019, 'grad_norm': 0.15136447548866272, 'learning_rate': 3.2369438533551725e-07, 'epoch': 8.56}
{'loss': 0.0018, 'grad_norm': 0.08340839296579361, 'learning_rate': 2.67637071185344e-07, 'epoch': 8.6}
{'loss': 0.0017, 'grad_norm': 0.07634784281253815, 'learning_rate': 2.1687477077685494e-07, 'epoch': 8.64}
{'loss': 0.0019, 'grad_norm': 0.6133310198783875, 'learning_rate': 1.7142060021191352e-07, 'epoch': 8.68}
{'loss': 0.002, 'grad_norm': 0.141200989484787, 'learning_rate': 1.3128630406329464e-07, 'epoch': 8.72}
{'loss': 0.0019, 'grad_norm': 0.2677208185195923, 'learning_rate': 9.648225234008872e-08, 'epoch': 8.76}
{'loss': 0.0018, 'grad_norm': 0.30871057510375977, 'learning_rate': 6.701743780826543e-08, 'epoch': 8.8}
{'loss': 0.0018, 'grad_norm': 0.41681820154190063, 'learning_rate': 4.289947366710658e-08, 'epoch': 8.84}
{'loss': 0.0017, 'grad_norm': 0.19998611509799957, 'learning_rate': 2.413459158207789e-08, 'epoch': 8.88}
{'loss': 0.0018, 'grad_norm': 0.36032918095588684, 'learning_rate': 1.072764007467883e-08, 'epoch': 8.92}
{'loss': 0.0017, 'grad_norm': 0.12288596481084824, 'learning_rate': 2.6820832696715342e-09, 'epoch': 8.96}
{'loss': 0.0017, 'grad_norm': 0.43021535873413086, 'learning_rate': 0.0, 'epoch': 9.0}
{'eval_loss': 0.0012882897863164544, 'eval_score': 0.001567122565606315, 'eval_err_F': 0.0006368341212860564, 'eval_err_M': 0.0012570264174995621, 'eval_err_diff': 0.0006201922962135058, 'eval_mse': 0.0006617372854362952, 'eval_mae': 0.01683902991265113, 'eval_runtime': 20.4909, 'eval_samples_per_second': 976.043, 'eval_steps_per_second': 7.662, 'epoch': 9.0}
[EMA] Swapped EMA weights into model (decay=0.9998)
{'train_runtime': 2478.0855, 'train_samples_per_second': 290.547, 'train_steps_per_second': 4.54, 'train_loss': 0.007628009367651409, 'epoch': 9.0}
[EMA] Swapped EMA weights into model (decay=0.9998)
score=0.00262 | err_diff=0.00091 | loss=0.00222
score=0.00262 | err_diff=0.00091 | loss=0.00222
Saved 30 worst predictions: results/optuna_dinov3-vitb16-3090-v2_trial_9/worst/worst.csv + results/optuna_dinov3-vitb16-3090-v2_trial_9/worst/images
Model saved: models:/m-8322f1890ed14068879d458b089efdb2
Trial 9: score=inf err_F=inf err_M=inf err_diff=inf
Loaded 100,000 samples from data/raw/train.csv
Train: 80,000 | Val: 20,000
Loaded 100,000 samples from data/raw/train.csv
Sampler 'gender': 2 groups, 51840 samples/epoch
PMF ratios test/train (20 bins of 0.025): [0.215, 0.339, 0.566, 0.73, 0.924, 1.081, 1.329, 1.445, 1.641, 1.87, 1.992, 1.871, 1.553, 1.349, 1.38, 0.605, 0.91, 0.067, 0.067, 0.067]
Train: 80,000 | Val: 20,000
loss_importance_reweight ON (applied in training loss)
eval_importance_reweight ON (eval_score reweighted to test distribution)
Sampler 'gender': 2 groups, 51840 samples/epoch
PMF ratios test/train (20 bins of 0.025): [0.215, 0.339, 0.566, 0.73, 0.924, 1.081, 1.329, 1.445, 1.641, 1.87, 1.992, 1.871, 1.553, 1.349, 1.38, 0.605, 0.91, 0.067, 0.067, 0.067]
loss_importance_reweight ON (applied in training loss)
eval_importance_reweight ON (eval_score reweighted to test distribution)
DINOv3 drop_path_rate=0.055224578931091846 applied (linear 0 → 0.055 across 12 blocks via sample_drop_ratio)
DINOv3 drop_path_rate=0.055224578931091846 applied (linear 0 → 0.055 across 12 blocks via sample_drop_ratio)
Loaded DINOv3 weights: dinov3_vitb16_pretrain_lvd1689m-73cec8be.pth
Loaded DINOv3 weights: dinov3_vitb16_pretrain_lvd1689m-73cec8be.pth
EMA enabled: decay=0.9998, warmup_steps=200
WeightedMSELoss: focal_gamma=0.0, fairness_lambda=0.7845893572934611, importance_reweight=on (mean=1.00)
Training dinov3-vitb16-3090-v2_trial10 (best_metric=eval_score)
EMA enabled: decay=0.9998, warmup_steps=200
WeightedMSELoss: focal_gamma=0.0, fairness_lambda=0.7845893572934611, importance_reweight=on (mean=1.00)
Training dinov3-vitb16-3090-v2_trial10 (best_metric=eval_score)
LLRD: 14 groups, LR ∈ [2.07e-05, 1.93e-04]
LLRD: 14 groups, LR ∈ [2.07e-05, 1.93e-04]
{'loss': 0.243, 'grad_norm': 6.311186790466309, 'learning_rate': 8.036516578178458e-07, 'epoch': 0.06}
{'loss': 0.2204, 'grad_norm': 4.36462926864624, 'learning_rate': 1.6073033156356916e-06, 'epoch': 0.12}
{'loss': 0.2177, 'grad_norm': 1.199241280555725, 'learning_rate': 2.4109549734535373e-06, 'epoch': 0.19}
{'loss': 0.2155, 'grad_norm': 1.795939564704895, 'learning_rate': 3.214606631271383e-06, 'epoch': 0.25}
{'loss': 0.2201, 'grad_norm': 1.352367877960205, 'learning_rate': 4.018258289089229e-06, 'epoch': 0.31}
{'loss': 0.2169, 'grad_norm': 1.674226999282837, 'learning_rate': 4.821909946907075e-06, 'epoch': 0.37}
{'loss': 0.2089, 'grad_norm': 1.1759147644042969, 'learning_rate': 5.62556160472492e-06, 'epoch': 0.43}
{'loss': 0.1734, 'grad_norm': 0.46127453446388245, 'learning_rate': 6.429213262542766e-06, 'epoch': 0.49}
{'loss': 0.1414, 'grad_norm': 4.444828033447266, 'learning_rate': 7.232864920360612e-06, 'epoch': 0.56}
{'loss': 0.118, 'grad_norm': 1.0004982948303223, 'learning_rate': 8.036516578178458e-06, 'epoch': 0.62}
{'loss': 0.1053, 'grad_norm': 4.125602722167969, 'learning_rate': 8.840168235996303e-06, 'epoch': 0.68}
{'loss': 0.0844, 'grad_norm': 0.8690776228904724, 'learning_rate': 9.64381989381415e-06, 'epoch': 0.74}
{'loss': 0.086, 'grad_norm': 5.170164585113525, 'learning_rate': 1.0447471551631994e-05, 'epoch': 0.8}
{'loss': 0.0702, 'grad_norm': 1.3519891500473022, 'learning_rate': 1.125112320944984e-05, 'epoch': 0.86}
{'loss': 0.0581, 'grad_norm': 1.064941644668579, 'learning_rate': 1.2054774867267688e-05, 'epoch': 0.93}
{'loss': 0.0435, 'grad_norm': 0.46049922704696655, 'learning_rate': 1.2858426525085533e-05, 'epoch': 0.99}
{'eval_loss': 0.011740935035049915, 'eval_score': 0.009473403142078911, 'eval_err_F': 0.009197520156953841, 'eval_err_M': 0.008645754186703703, 'eval_err_diff': 0.0005517659702501381, 'eval_mse': 0.0033578468384237894, 'eval_mae': 0.0414817029736676, 'eval_runtime': 20.9059, 'eval_samples_per_second': 956.67, 'eval_steps_per_second': 7.51, 'epoch': 1.0}
{'loss': 0.0402, 'grad_norm': 0.8461866974830627, 'learning_rate': 1.3662078182903377e-05, 'epoch': 1.05}
{'loss': 0.0305, 'grad_norm': 0.8018995523452759, 'learning_rate': 1.4465729840721224e-05, 'epoch': 1.11}
{'loss': 0.0201, 'grad_norm': 1.8439991474151611, 'learning_rate': 1.5269381498539067e-05, 'epoch': 1.17}
{'loss': 0.0207, 'grad_norm': 0.8858810067176819, 'learning_rate': 1.6073033156356916e-05, 'epoch': 1.23}
{'loss': 0.0177, 'grad_norm': 1.2180777788162231, 'learning_rate': 1.687668481417476e-05, 'epoch': 1.3}
{'loss': 0.0159, 'grad_norm': 0.6578396558761597, 'learning_rate': 1.7680336471992606e-05, 'epoch': 1.36}
{'loss': 0.015, 'grad_norm': 1.2784208059310913, 'learning_rate': 1.8483988129810454e-05, 'epoch': 1.42}
{'loss': 0.0136, 'grad_norm': 1.7113652229309082, 'learning_rate': 1.92876397876283e-05, 'epoch': 1.48}
{'loss': 0.0127, 'grad_norm': 1.3269505500793457, 'learning_rate': 2.0091291445446144e-05, 'epoch': 1.54}
{'loss': 0.0119, 'grad_norm': 2.776724338531494, 'learning_rate': 2.073402284270849e-05, 'epoch': 1.6}
{'loss': 0.0132, 'grad_norm': 2.109361410140991, 'learning_rate': 2.0727376058671023e-05, 'epoch': 1.67}
{'loss': 0.0076, 'grad_norm': 0.9889627695083618, 'learning_rate': 2.07112397830212e-05, 'epoch': 1.73}
{'loss': 0.0091, 'grad_norm': 1.0213913917541504, 'learning_rate': 2.0685628795784754e-05, 'epoch': 1.79}
{'loss': 0.0077, 'grad_norm': 0.3976214826107025, 'learning_rate': 2.0650566555351892e-05, 'epoch': 1.85}
{'loss': 0.0068, 'grad_norm': 2.434943437576294, 'learning_rate': 2.0606085176990558e-05, 'epoch': 1.91}
{'loss': 0.0064, 'grad_norm': 1.0481454133987427, 'learning_rate': 2.0552225403430444e-05, 'epoch': 1.98}
{'eval_loss': 0.004869678057730198, 'eval_score': 0.004968060904058356, 'eval_err_F': 0.0022722530460677543, 'eval_err_M': 0.004069458284728156, 'eval_err_diff': 0.0017972052386604014, 'eval_mse': 0.0016645228115317046, 'eval_mae': 0.030203312886852837, 'eval_runtime': 20.966, 'eval_samples_per_second': 953.927, 'eval_steps_per_second': 7.488, 'epoch': 2.0}
{'loss': 0.0064, 'grad_norm': 0.7844764590263367, 'learning_rate': 2.0489036567544687e-05, 'epoch': 2.04}
{'loss': 0.0053, 'grad_norm': 0.49554136395454407, 'learning_rate': 2.0416576547163414e-05, 'epoch': 2.1}
{'loss': 0.0054, 'grad_norm': 1.0747370719909668, 'learning_rate': 2.033491171206051e-05, 'epoch': 2.16}
{'loss': 0.0055, 'grad_norm': 1.2104064226150513, 'learning_rate': 2.024411686316223e-05, 'epoch': 2.22}
{'loss': 0.0055, 'grad_norm': 0.6183558106422424, 'learning_rate': 2.0144275164033254e-05, 'epoch': 2.28}
{'loss': 0.0055, 'grad_norm': 0.8842386603355408, 'learning_rate': 2.0035478064703012e-05, 'epoch': 2.35}
{'loss': 0.0057, 'grad_norm': 1.0250818729400635, 'learning_rate': 1.9917825217901993e-05, 'epoch': 2.41}
{'loss': 0.0046, 'grad_norm': 0.5910835862159729, 'learning_rate': 1.979142438778482e-05, 'epoch': 2.47}
{'loss': 0.0056, 'grad_norm': 0.888778030872345, 'learning_rate': 1.965639135122362e-05, 'epoch': 2.53}
{'loss': 0.0046, 'grad_norm': 0.7964539527893066, 'learning_rate': 1.9512849791762192e-05, 'epoch': 2.59}
{'loss': 0.0069, 'grad_norm': 1.0448046922683716, 'learning_rate': 1.936093118632803e-05, 'epoch': 2.65}
{'loss': 0.0042, 'grad_norm': 0.6799637079238892, 'learning_rate': 1.920077468480598e-05, 'epoch': 2.72}
{'loss': 0.0036, 'grad_norm': 0.4202560782432556, 'learning_rate': 1.9032526982583896e-05, 'epoch': 2.78}
{'loss': 0.0042, 'grad_norm': 0.8597331047058105, 'learning_rate': 1.885634218618694e-05, 'epoch': 2.84}
{'loss': 0.0039, 'grad_norm': 1.6666412353515625, 'learning_rate': 1.8672381672123682e-05, 'epoch': 2.9}
{'loss': 0.006, 'grad_norm': 2.438333034515381, 'learning_rate': 1.848081393907324e-05, 'epoch': 2.96}
{'eval_loss': 0.0022718573454767466, 'eval_score': 0.0020618731236495044, 'eval_err_F': 0.0011145322099797284, 'eval_err_M': 0.0017460928190929123, 'eval_err_diff': 0.0006315606091131839, 'eval_mse': 0.001303264931039704, 'eval_mae': 0.025954651993300833, 'eval_runtime': 20.7752, 'eval_samples_per_second': 962.688, 'eval_steps_per_second': 7.557, 'epoch': 3.0}
{'loss': 0.0043, 'grad_norm': 0.4009881317615509, 'learning_rate': 1.8281814453548884e-05, 'epoch': 3.02}
{'loss': 0.0039, 'grad_norm': 1.0064998865127563, 'learning_rate': 1.807556548917942e-05, 'epoch': 3.09}
{'loss': 0.0037, 'grad_norm': 0.5286449193954468, 'learning_rate': 1.786225595975564e-05, 'epoch': 3.15}
{'loss': 0.0035, 'grad_norm': 0.5514400601387024, 'learning_rate': 1.7642081246194663e-05, 'epoch': 3.21}
{'loss': 0.0042, 'grad_norm': 0.23205825686454773, 'learning_rate': 1.741524301758074e-05, 'epoch': 3.27}
{'loss': 0.0033, 'grad_norm': 0.4567835330963135, 'learning_rate': 1.718194904644643e-05, 'epoch': 3.33}
{'loss': 0.0037, 'grad_norm': 0.5807791948318481, 'learning_rate': 1.6942413018463263e-05, 'epoch': 3.4}
{'loss': 0.0039, 'grad_norm': 0.5952153205871582, 'learning_rate': 1.6696854336716305e-05, 'epoch': 3.46}
{'loss': 0.0043, 'grad_norm': 1.0046855211257935, 'learning_rate': 1.6445497920741868e-05, 'epoch': 3.52}
{'loss': 0.0037, 'grad_norm': 0.3657987713813782, 'learning_rate': 1.618857400051237e-05, 'epoch': 3.58}
{'loss': 0.0049, 'grad_norm': 0.6789266467094421, 'learning_rate': 1.5926317905557157e-05, 'epoch': 3.64}
{'loss': 0.0031, 'grad_norm': 1.064692735671997, 'learning_rate': 1.565896984941237e-05, 'epoch': 3.7}
{'loss': 0.0032, 'grad_norm': 0.4566393792629242, 'learning_rate': 1.5386774709597266e-05, 'epoch': 3.77}
{'loss': 0.0032, 'grad_norm': 0.6781745553016663, 'learning_rate': 1.5109981803318613e-05, 'epoch': 3.83}
{'loss': 0.0029, 'grad_norm': 1.0126903057098389, 'learning_rate': 1.4828844659108528e-05, 'epoch': 3.89}
{'loss': 0.0039, 'grad_norm': 0.25516071915626526, 'learning_rate': 1.4543620784604956e-05, 'epoch': 3.95}
{'eval_loss': 0.0022940312046557665, 'eval_score': 0.0020076907259085628, 'eval_err_F': 0.001201624583272809, 'eval_err_M': 0.0017390020116966446, 'eval_err_diff': 0.0005373774284238356, 'eval_mse': 0.0016673467903838624, 'eval_mae': 0.030020739855218744, 'eval_runtime': 20.9985, 'eval_samples_per_second': 952.451, 'eval_steps_per_second': 7.477, 'epoch': 4.0}
{'loss': 0.0034, 'grad_norm': 0.1704072207212448, 'learning_rate': 1.4254571430687478e-05, 'epoch': 4.01}
{'loss': 0.0032, 'grad_norm': 0.8105189800262451, 'learning_rate': 1.3961961352184512e-05, 'epoch': 4.07}
{'loss': 0.0028, 'grad_norm': 0.3055705726146698, 'learning_rate': 1.3666058565371051e-05, 'epoch': 4.14}
{'loss': 0.0029, 'grad_norm': 0.2644551396369934, 'learning_rate': 1.3367134102479093e-05, 'epoch': 4.2}
{'loss': 0.0026, 'grad_norm': 1.1498013734817505, 'learning_rate': 1.30654617634456e-05, 'epoch': 4.26}
{'loss': 0.0033, 'grad_norm': 0.25071609020233154, 'learning_rate': 1.2761317865125384e-05, 'epoch': 4.32}
{'loss': 0.0031, 'grad_norm': 0.4467405676841736, 'learning_rate': 1.2454980988198596e-05, 'epoch': 4.38}
{'loss': 0.003, 'grad_norm': 0.26375797390937805, 'learning_rate': 1.2146731722004702e-05, 'epoch': 4.44}
{'loss': 0.0025, 'grad_norm': 0.23397141695022583, 'learning_rate': 1.1836852407536593e-05, 'epoch': 4.51}
{'loss': 0.0027, 'grad_norm': 0.913526177406311, 'learning_rate': 1.152562687883029e-05, 'epoch': 4.57}
{'loss': 0.0022, 'grad_norm': 0.2060578465461731, 'learning_rate': 1.1213340202987081e-05, 'epoch': 4.63}
{'loss': 0.0029, 'grad_norm': 0.5193795561790466, 'learning_rate': 1.0900278419066243e-05, 'epoch': 4.69}
{'loss': 0.0029, 'grad_norm': 0.46004799008369446, 'learning_rate': 1.0586728276087492e-05, 'epoch': 4.75}
{'loss': 0.0028, 'grad_norm': 0.45453086495399475, 'learning_rate': 1.0272976970383142e-05, 'epoch': 4.81}
{'loss': 0.003, 'grad_norm': 0.9702250361442566, 'learning_rate': 9.959311882540566e-06, 'epoch': 4.88}
{'loss': 0.0034, 'grad_norm': 0.4352150857448578, 'learning_rate': 9.646020314175857e-06, 'epoch': 4.94}
{'loss': 0.0029, 'grad_norm': 0.6760478019714355, 'learning_rate': 9.333389224779841e-06, 'epoch': 5.0}
{'eval_loss': 0.0019030561670660973, 'eval_score': 0.0017686252506816918, 'eval_err_F': 0.000882169373565063, 'eval_err_M': 0.0014731399583094822, 'eval_err_diff': 0.0005909705847444191, 'eval_mse': 0.0011468747652362452, 'eval_mae': 0.023176090604692764, 'eval_runtime': 20.8044, 'eval_samples_per_second': 961.335, 'eval_steps_per_second': 7.546, 'epoch': 5.0}
{'loss': 0.0024, 'grad_norm': 0.3511561453342438, 'learning_rate': 9.02170496887748e-06, 'epoch': 5.06}
{'loss': 0.0023, 'grad_norm': 0.16870862245559692, 'learning_rate': 8.711253033741355e-06, 'epoch': 5.12}
{'loss': 0.0023, 'grad_norm': 0.5424820184707642, 'learning_rate': 8.402317777899535e-06, 'epoch': 5.19}
{'loss': 0.0024, 'grad_norm': 0.13970167934894562, 'learning_rate': 8.095182170677294e-06, 'epoch': 5.25}
{'loss': 0.0023, 'grad_norm': 0.7351238131523132, 'learning_rate': 7.790127533011314e-06, 'epoch': 5.31}
{'loss': 0.0021, 'grad_norm': 0.8154694437980652, 'learning_rate': 7.4874332797736805e-06, 'epoch': 5.37}
{'loss': 0.0029, 'grad_norm': 1.0630971193313599, 'learning_rate': 7.187376663841782e-06, 'epoch': 5.43}
{'loss': 0.0024, 'grad_norm': 0.4893781840801239, 'learning_rate': 6.890232522148438e-06, 'epoch': 5.49}
{'loss': 0.0021, 'grad_norm': 0.3526439964771271, 'learning_rate': 6.596273023944959e-06, 'epoch': 5.56}
{'loss': 0.0022, 'grad_norm': 0.4373137652873993, 'learning_rate': 6.305767421507658e-06, 'epoch': 5.62}
{'loss': 0.002, 'grad_norm': 0.7847893238067627, 'learning_rate': 6.01898180351614e-06, 'epoch': 5.68}
{'loss': 0.0021, 'grad_norm': 0.2166675478219986, 'learning_rate': 5.736178851329342e-06, 'epoch': 5.74}
{'loss': 0.0022, 'grad_norm': 0.5347150564193726, 'learning_rate': 5.457617598382432e-06, 'epoch': 5.8}
{'loss': 0.0022, 'grad_norm': 0.22970037162303925, 'learning_rate': 5.183553192925108e-06, 'epoch': 5.86}
{'loss': 0.0021, 'grad_norm': 0.32973653078079224, 'learning_rate': 4.914236664318469e-06, 'epoch': 5.93}
{'loss': 0.0022, 'grad_norm': 0.29935434460639954, 'learning_rate': 4.6499146931046255e-06, 'epoch': 5.99}
{'eval_loss': 0.0021011873614042997, 'eval_score': 0.0017580890625909257, 'eval_err_F': 0.0011049862212125438, 'eval_err_M': 0.0015403881154647985, 'eval_err_diff': 0.0004354018942522547, 'eval_mse': 0.0013184713386002094, 'eval_mae': 0.024363657955985583, 'eval_runtime': 20.9913, 'eval_samples_per_second': 952.776, 'eval_steps_per_second': 7.479, 'epoch': 6.0}
{'loss': 0.002, 'grad_norm': 0.6921578049659729, 'learning_rate': 4.390829385059592e-06, 'epoch': 6.05}
{'loss': 0.0019, 'grad_norm': 0.3968019187450409, 'learning_rate': 4.1372180494364216e-06, 'epoch': 6.11}
{'loss': 0.0018, 'grad_norm': 0.4838070273399353, 'learning_rate': 3.889312981601767e-06, 'epoch': 6.17}
{'loss': 0.0018, 'grad_norm': 0.261003702878952, 'learning_rate': 3.6473412502648512e-06, 'epoch': 6.23}
{'loss': 0.002, 'grad_norm': 0.8400127291679382, 'learning_rate': 3.4115244894938508e-06, 'epoch': 6.3}
{'loss': 0.0019, 'grad_norm': 0.40765056014060974, 'learning_rate': 3.1820786957101028e-06, 'epoch': 6.36}
{'loss': 0.0018, 'grad_norm': 0.16205599904060364, 'learning_rate': 2.9592140298461206e-06, 'epoch': 6.42}
{'loss': 0.0021, 'grad_norm': 0.6666454076766968, 'learning_rate': 2.743134624848659e-06, 'epoch': 6.48}
{'loss': 0.0019, 'grad_norm': 0.24904567003250122, 'learning_rate': 2.5340383987030598e-06, 'epoch': 6.54}
{'loss': 0.0022, 'grad_norm': 0.7665426135063171, 'learning_rate': 2.3321168731502507e-06, 'epoch': 6.6}
{'loss': 0.0025, 'grad_norm': 0.23994413018226624, 'learning_rate': 2.1375549982623487e-06, 'epoch': 6.67}
{'loss': 0.0022, 'grad_norm': 0.624025285243988, 'learning_rate': 1.9505309830375833e-06, 'epoch': 6.73}
{'loss': 0.0014, 'grad_norm': 0.24707292020320892, 'learning_rate': 1.7712161321697324e-06, 'epoch': 6.79}
{'loss': 0.002, 'grad_norm': 0.472246378660202, 'learning_rate': 1.5997746891415478e-06, 'epoch': 6.85}
{'loss': 0.0016, 'grad_norm': 0.3553990423679352, 'learning_rate': 1.4363636857858878e-06, 'epoch': 6.91}
{'loss': 0.0016, 'grad_norm': 0.29563236236572266, 'learning_rate': 1.281132798452376e-06, 'epoch': 6.98}
{'eval_loss': 0.0016836636932566762, 'eval_score': 0.0015245346196007046, 'eval_err_F': 0.0007664726309826766, 'eval_err_M': 0.0012718472900613619, 'eval_err_diff': 0.0005053746590786852, 'eval_mse': 0.0009182186569124589, 'eval_mae': 0.019544360688116467, 'eval_runtime': 20.952, 'eval_samples_per_second': 954.565, 'eval_steps_per_second': 7.493, 'epoch': 7.0}
{'loss': 0.0017, 'grad_norm': 0.26912716031074524, 'learning_rate': 1.1342242109113016e-06, 'epoch': 7.04}
{'loss': 0.0016, 'grad_norm': 0.19116578996181488, 'learning_rate': 9.957724841203649e-07, 'epoch': 7.1}
{'loss': 0.0018, 'grad_norm': 1.0048738718032837, 'learning_rate': 8.659044329735483e-07, 'epoch': 7.16}
{'loss': 0.0017, 'grad_norm': 0.3086988031864166, 'learning_rate': 7.44739010144954e-07, 'epoch': 7.22}
{'loss': 0.0018, 'grad_norm': 0.2938253581523895, 'learning_rate': 6.323871971340997e-07, 'epoch': 7.28}
{'loss': 0.0016, 'grad_norm': 0.198695108294487, 'learning_rate': 5.289519026123656e-07, 'epoch': 7.35}
{'loss': 0.0017, 'grad_norm': 0.7060906291007996, 'learning_rate': 4.345278681637784e-07, 'epoch': 7.41}
{'loss': 0.0018, 'grad_norm': 0.47135087847709656, 'learning_rate': 3.4920158150644565e-07, 'epoch': 7.47}
{'loss': 0.002, 'grad_norm': 0.39575809240341187, 'learning_rate': 2.7305119727408496e-07, 'epoch': 7.53}
{'loss': 0.0016, 'grad_norm': 0.585376501083374, 'learning_rate': 2.0614646543028725e-07, 'epoch': 7.59}
{'loss': 0.0016, 'grad_norm': 0.16503344476222992, 'learning_rate': 1.4854866738101037e-07, 'epoch': 7.65}
{'loss': 0.002, 'grad_norm': 0.8679198026657104, 'learning_rate': 1.0031055984386157e-07, 'epoch': 7.72}
{'loss': 0.0016, 'grad_norm': 1.2311004400253296, 'learning_rate': 6.147632652557433e-08, 'epoch': 7.78}
{'loss': 0.002, 'grad_norm': 0.22489085793495178, 'learning_rate': 3.208153765192006e-08, 'epoch': 7.84}
{'loss': 0.0018, 'grad_norm': 0.5622879266738892, 'learning_rate': 1.2153117387162847e-08, 'epoch': 7.9}
{'loss': 0.0017, 'grad_norm': 0.47768256068229675, 'learning_rate': 1.709319172853116e-09, 'epoch': 7.96}
{'eval_loss': 0.0016355415573343635, 'eval_score': 0.001462095132426594, 'eval_err_F': 0.0007291949587326262, 'eval_err_M': 0.0012177950745286047, 'eval_err_diff': 0.0004886001157959784, 'eval_mse': 0.0009000474529019901, 'eval_mae': 0.019249627296879953, 'eval_runtime': 20.4218, 'eval_samples_per_second': 979.343, 'eval_steps_per_second': 7.688, 'epoch': 8.0}
[EMA] Swapped EMA weights into model (decay=0.9998)
{'train_runtime': 1578.5738, 'train_samples_per_second': 405.429, 'train_steps_per_second': 4.105, 'train_loss': 0.0228396681620291, 'epoch': 8.0}
[EMA] Swapped EMA weights into model (decay=0.9998)
score=0.00621 | err_diff=0.00167 | loss=0.00614
score=0.00621 | err_diff=0.00167 | loss=0.00614
Saved 30 worst predictions: results/optuna_dinov3-vitb16-3090-v2_trial_10/worst/worst.csv + results/optuna_dinov3-vitb16-3090-v2_trial_10/worst/images
Model saved: models:/m-c0a32f7426b44a30b4582f9bc0c134cf
Trial 10: score=inf err_F=inf err_M=inf err_diff=inf
Loaded 100,000 samples from data/raw/train.csv
Loaded 100,000 samples from data/raw/train.csv
Train: 80,000 | Val: 20,000
Train: 80,000 | Val: 20,000
PMF ratios test/train (20 bins of 0.025): [0.215, 0.34, 0.566, 0.734, 0.922, 1.08, 1.297, 1.471, 1.65, 1.888, 1.988, 1.93, 1.574, 1.285, 1.342, 0.629, 0.888, 0.067, 0.067, 0.067]
PMF ratios test/train (20 bins of 0.025): [0.215, 0.34, 0.566, 0.734, 0.922, 1.08, 1.297, 1.471, 1.65, 1.888, 1.988, 1.93, 1.574, 1.285, 1.342, 0.629, 0.888, 0.067, 0.067, 0.067]
loss_importance_reweight ON (applied in training loss)
loss_importance_reweight ON (applied in training loss)
eval_importance_reweight ON (eval_score reweighted to test distribution)
eval_importance_reweight ON (eval_score reweighted to test distribution)
Gender reweight: F=1.352, M=0.648 (mean=1.0)
Gender reweight: F=1.352, M=0.648 (mean=1.0)
DINOv3 drop_path_rate=0.05213020428308032 applied (linear 0 → 0.052 across 12 blocks via sample_drop_ratio)
DINOv3 drop_path_rate=0.05213020428308032 applied (linear 0 → 0.052 across 12 blocks via sample_drop_ratio)
Loaded DINOv3 weights: dinov3_vitb16_pretrain_lvd1689m-73cec8be.pth
Loaded DINOv3 weights: dinov3_vitb16_pretrain_lvd1689m-73cec8be.pth
EMA enabled: decay=0.9998, warmup_steps=200
EMA enabled: decay=0.9998, warmup_steps=200
WeightedMSELoss: focal_gamma=0.0, fairness_lambda=0.0940928080344614, importance_reweight=on (mean=1.00), gender_reweight=on (F=1.35, M=0.65)
Training dinov3-vitb16-3090-v2_trial11 (best_metric=eval_score)
WeightedMSELoss: focal_gamma=0.0, fairness_lambda=0.0940928080344614, importance_reweight=on (mean=1.00), gender_reweight=on (F=1.35, M=0.65)
Training dinov3-vitb16-3090-v2_trial11 (best_metric=eval_score)
LLRD: 14 groups, LR ∈ [8.00e-06, 2.60e-05]
LLRD: 14 groups, LR ∈ [8.00e-06, 2.60e-05]
{'loss': 0.1768, 'grad_norm': 1.476664423942566, 'learning_rate': 1.7857927692108715e-07, 'epoch': 0.04}
{'loss': 0.1447, 'grad_norm': 0.6666238903999329, 'learning_rate': 3.571585538421743e-07, 'epoch': 0.08}
{'loss': 0.1393, 'grad_norm': 1.0137419700622559, 'learning_rate': 5.357378307632615e-07, 'epoch': 0.12}
{'loss': 0.1345, 'grad_norm': 0.6312412619590759, 'learning_rate': 7.143171076843486e-07, 'epoch': 0.16}
{'loss': 0.1342, 'grad_norm': 1.2442134618759155, 'learning_rate': 8.928963846054358e-07, 'epoch': 0.2}
{'loss': 0.1325, 'grad_norm': 0.9790341258049011, 'learning_rate': 1.071475661526523e-06, 'epoch': 0.24}
{'loss': 0.1303, 'grad_norm': 0.7745252251625061, 'learning_rate': 1.2500549384476102e-06, 'epoch': 0.28}
{'loss': 0.1278, 'grad_norm': 0.5740816593170166, 'learning_rate': 1.4286342153686972e-06, 'epoch': 0.32}
{'loss': 0.1269, 'grad_norm': 0.8207905888557434, 'learning_rate': 1.6072134922897844e-06, 'epoch': 0.36}
{'loss': 0.1259, 'grad_norm': 1.9893351793289185, 'learning_rate': 1.7857927692108716e-06, 'epoch': 0.4}
{'loss': 0.122, 'grad_norm': 0.795964777469635, 'learning_rate': 1.9643720461319586e-06, 'epoch': 0.44}
{'loss': 0.1138, 'grad_norm': 0.4355860948562622, 'learning_rate': 2.142951323053046e-06, 'epoch': 0.48}
{'loss': 0.1029, 'grad_norm': 1.0120030641555786, 'learning_rate': 2.321530599974133e-06, 'epoch': 0.52}
{'loss': 0.0933, 'grad_norm': 0.6199644207954407, 'learning_rate': 2.5001098768952205e-06, 'epoch': 0.56}
{'loss': 0.0868, 'grad_norm': 0.611442506313324, 'learning_rate': 2.6786891538163075e-06, 'epoch': 0.6}
{'loss': 0.0827, 'grad_norm': 0.34997114539146423, 'learning_rate': 2.8572684307373945e-06, 'epoch': 0.64}
{'loss': 0.0783, 'grad_norm': 0.39946675300598145, 'learning_rate': 3.035847707658482e-06, 'epoch': 0.68}
{'loss': 0.0752, 'grad_norm': 1.1435463428497314, 'learning_rate': 3.214426984579569e-06, 'epoch': 0.72}
{'loss': 0.0721, 'grad_norm': 0.8177605867385864, 'learning_rate': 3.3930062615006563e-06, 'epoch': 0.76}
{'loss': 0.0693, 'grad_norm': 0.49753913283348083, 'learning_rate': 3.5715855384217433e-06, 'epoch': 0.8}
{'loss': 0.0671, 'grad_norm': 1.2922437191009521, 'learning_rate': 3.7501648153428307e-06, 'epoch': 0.84}
{'loss': 0.0656, 'grad_norm': 0.3263801634311676, 'learning_rate': 3.928744092263917e-06, 'epoch': 0.88}
{'loss': 0.0633, 'grad_norm': 1.1178771257400513, 'learning_rate': 4.107323369185005e-06, 'epoch': 0.92}
{'loss': 0.0614, 'grad_norm': 0.5639954209327698, 'learning_rate': 4.285902646106092e-06, 'epoch': 0.96}
{'loss': 0.0609, 'grad_norm': 1.5956411361694336, 'learning_rate': 4.4644819230271795e-06, 'epoch': 1.0}
{'eval_loss': 0.004259818233549595, 'eval_score': 0.0042392160109782084, 'eval_err_F': 0.004147626925656335, 'eval_err_M': 0.003964448755012589, 'eval_err_diff': 0.00018317817064374652, 'eval_mse': 0.005013594701617135, 'eval_mae': 0.06224093700274862, 'eval_runtime': 22.4688, 'eval_samples_per_second': 890.123, 'eval_steps_per_second': 6.987, 'epoch': 1.0}
{'loss': 0.0596, 'grad_norm': 0.29097428917884827, 'learning_rate': 4.643061199948266e-06, 'epoch': 1.04}
{'loss': 0.0586, 'grad_norm': 0.6413781642913818, 'learning_rate': 4.8216404768693535e-06, 'epoch': 1.08}
{'loss': 0.0578, 'grad_norm': 0.4357199966907501, 'learning_rate': 5.000219753790441e-06, 'epoch': 1.12}
{'loss': 0.0581, 'grad_norm': 0.815119206905365, 'learning_rate': 5.1787990307115275e-06, 'epoch': 1.16}
{'loss': 0.0569, 'grad_norm': 2.716432571411133, 'learning_rate': 5.357378307632615e-06, 'epoch': 1.2}
{'loss': 0.0568, 'grad_norm': 0.6042326092720032, 'learning_rate': 5.535957584553702e-06, 'epoch': 1.24}
{'loss': 0.0571, 'grad_norm': 0.3175388276576996, 'learning_rate': 5.714536861474789e-06, 'epoch': 1.28}
{'loss': 0.0553, 'grad_norm': 0.8974387049674988, 'learning_rate': 5.893116138395876e-06, 'epoch': 1.32}
{'loss': 0.055, 'grad_norm': 0.9834349155426025, 'learning_rate': 6.071695415316964e-06, 'epoch': 1.36}
{'loss': 0.0546, 'grad_norm': 0.865770697593689, 'learning_rate': 6.250274692238051e-06, 'epoch': 1.4}
{'loss': 0.0535, 'grad_norm': 0.2954438328742981, 'learning_rate': 6.428853969159138e-06, 'epoch': 1.44}
{'loss': 0.0528, 'grad_norm': 0.8747999668121338, 'learning_rate': 6.607433246080225e-06, 'epoch': 1.48}
{'loss': 0.0529, 'grad_norm': 0.7654200196266174, 'learning_rate': 6.786012523001313e-06, 'epoch': 1.52}
{'loss': 0.0522, 'grad_norm': 0.7446238398551941, 'learning_rate': 6.964591799922399e-06, 'epoch': 1.56}
{'loss': 0.0517, 'grad_norm': 0.20927166938781738, 'learning_rate': 7.143171076843487e-06, 'epoch': 1.6}
{'loss': 0.0499, 'grad_norm': 0.3045250475406647, 'learning_rate': 7.321750353764574e-06, 'epoch': 1.64}
{'loss': 0.0472, 'grad_norm': 2.4104881286621094, 'learning_rate': 7.5003296306856614e-06, 'epoch': 1.68}
{'loss': 0.0413, 'grad_norm': 0.4870450794696808, 'learning_rate': 7.678908907606747e-06, 'epoch': 1.72}
{'loss': 0.0334, 'grad_norm': 1.2356317043304443, 'learning_rate': 7.857488184527835e-06, 'epoch': 1.76}
{'loss': 0.0299, 'grad_norm': 0.29674845933914185, 'learning_rate': 7.996757344837487e-06, 'epoch': 1.8}
{'loss': 0.0277, 'grad_norm': 1.2151389122009277, 'learning_rate': 7.996082715854935e-06, 'epoch': 1.84}
{'loss': 0.0267, 'grad_norm': 1.4547439813613892, 'learning_rate': 7.994471255760174e-06, 'epoch': 1.88}
{'loss': 0.0259, 'grad_norm': 0.3286440670490265, 'learning_rate': 7.99192334218752e-06, 'epoch': 1.92}
{'loss': 0.0248, 'grad_norm': 0.09947246313095093, 'learning_rate': 7.988439572222562e-06, 'epoch': 1.96}
{'loss': 0.0239, 'grad_norm': 0.9668590426445007, 'learning_rate': 7.984020762262237e-06, 'epoch': 2.0}
{'eval_loss': 0.0019158611539751291, 'eval_score': 0.0026157251206380596, 'eval_err_F': 0.001426567026822294, 'eval_err_M': 0.0022193390893661376, 'eval_err_diff': 0.0007927720625438435, 'eval_mse': 0.0018223433890871192, 'eval_mae': 0.034065213271603355, 'eval_runtime': 20.9831, 'eval_samples_per_second': 953.148, 'eval_steps_per_second': 7.482, 'epoch': 2.0}
{'loss': 0.0232, 'grad_norm': 0.2483067661523819, 'learning_rate': 7.978667947823524e-06, 'epoch': 2.04}
{'loss': 0.023, 'grad_norm': 0.650589108467102, 'learning_rate': 7.972382383300758e-06, 'epoch': 2.08}
{'loss': 0.0224, 'grad_norm': 0.4978750944137573, 'learning_rate': 7.965165541671692e-06, 'epoch': 2.12}
{'loss': 0.0228, 'grad_norm': 0.5516246557235718, 'learning_rate': 7.9570191141523e-06, 'epoch': 2.16}
{'loss': 0.0231, 'grad_norm': 0.5159183740615845, 'learning_rate': 7.94794500980046e-06, 'epoch': 2.2}
{'loss': 0.0222, 'grad_norm': 0.23287531733512878, 'learning_rate': 7.937945355068577e-06, 'epoch': 2.24}
{'loss': 0.0219, 'grad_norm': 0.6750803589820862, 'learning_rate': 7.927022493305267e-06, 'epoch': 2.28}
{'loss': 0.0217, 'grad_norm': 0.8420807719230652, 'learning_rate': 7.915178984206206e-06, 'epoch': 2.32}
{'loss': 0.0213, 'grad_norm': 0.6419891119003296, 'learning_rate': 7.902417603214287e-06, 'epoch': 2.36}
{'loss': 0.0208, 'grad_norm': 0.11984388530254364, 'learning_rate': 7.888741340869209e-06, 'epoch': 2.4}
{'loss': 0.021, 'grad_norm': 0.7016157507896423, 'learning_rate': 7.87415340210667e-06, 'epoch': 2.44}
{'loss': 0.0207, 'grad_norm': 0.4483610987663269, 'learning_rate': 7.858657205507314e-06, 'epoch': 2.48}
{'loss': 0.0205, 'grad_norm': 0.3354301452636719, 'learning_rate': 7.842256382495606e-06, 'epoch': 2.52}
{'loss': 0.0199, 'grad_norm': 0.9594891667366028, 'learning_rate': 7.824954776488833e-06, 'epoch': 2.56}
{'loss': 0.0205, 'grad_norm': 0.23087850213050842, 'learning_rate': 7.806756441996433e-06, 'epoch': 2.6}
{'loss': 0.0197, 'grad_norm': 0.7286295294761658, 'learning_rate': 7.787665643669843e-06, 'epoch': 2.64}
{'loss': 0.0199, 'grad_norm': 0.4568954110145569, 'learning_rate': 7.767686855303113e-06, 'epoch': 2.68}
{'loss': 0.0196, 'grad_norm': 0.15744329988956451, 'learning_rate': 7.746824758784493e-06, 'epoch': 2.72}
{'loss': 0.0191, 'grad_norm': 0.4740881621837616, 'learning_rate': 7.725084242999283e-06, 'epoch': 2.76}
{'loss': 0.0195, 'grad_norm': 0.4000855088233948, 'learning_rate': 7.702470402684143e-06, 'epoch': 2.8}
{'loss': 0.0193, 'grad_norm': 0.14551608264446259, 'learning_rate': 7.678988537233179e-06, 'epoch': 2.84}
{'loss': 0.0195, 'grad_norm': 0.21237245202064514, 'learning_rate': 7.654644149456075e-06, 'epoch': 2.88}
{'loss': 0.0193, 'grad_norm': 0.5635011196136475, 'learning_rate': 7.629442944288544e-06, 'epoch': 2.92}
{'loss': 0.0189, 'grad_norm': 0.5265845656394958, 'learning_rate': 7.603390827455408e-06, 'epoch': 2.96}
{'loss': 0.0188, 'grad_norm': 0.16618305444717407, 'learning_rate': 7.5764939040866524e-06, 'epoch': 3.0}
{'eval_loss': 0.002345743589103222, 'eval_score': 0.0029167534152627263, 'eval_err_F': 0.0019396881913302532, 'eval_err_M': 0.0025910650072852354, 'eval_err_diff': 0.0006513768159549821, 'eval_mse': 0.0014393425668909475, 'eval_mae': 0.029942895169183976, 'eval_runtime': 20.7403, 'eval_samples_per_second': 964.308, 'eval_steps_per_second': 7.57, 'epoch': 3.0}
{'loss': 0.0188, 'grad_norm': 0.27475181221961975, 'learning_rate': 7.548758477286715e-06, 'epoch': 3.04}
{'loss': 0.0184, 'grad_norm': 0.2951270341873169, 'learning_rate': 7.5201910466574e-06, 'epoch': 3.08}
{'loss': 0.0182, 'grad_norm': 1.0429567098617554, 'learning_rate': 7.490798306774754e-06, 'epoch': 3.12}
{'loss': 0.0189, 'grad_norm': 0.5394712686538696, 'learning_rate': 7.4605871456202226e-06, 'epoch': 3.16}
{'loss': 0.0184, 'grad_norm': 1.2291706800460815, 'learning_rate': 7.429564642966514e-06, 'epoch': 3.2}
{'loss': 0.0184, 'grad_norm': 0.11888287216424942, 'learning_rate': 7.3977380687184965e-06, 'epoch': 3.24}
{'loss': 0.0188, 'grad_norm': 1.1010433435440063, 'learning_rate': 7.36511488120955e-06, 'epoch': 3.28}
{'loss': 0.0181, 'grad_norm': 0.43087971210479736, 'learning_rate': 7.331702725453758e-06, 'epoch': 3.32}
{'loss': 0.0185, 'grad_norm': 0.7877346277236938, 'learning_rate': 7.297509431354355e-06, 'epoch': 3.36}
{'loss': 0.0189, 'grad_norm': 0.5137548446655273, 'learning_rate': 7.262543011868839e-06, 'epoch': 3.4}
{'loss': 0.0179, 'grad_norm': 0.4709770679473877, 'learning_rate': 7.226811661131192e-06, 'epoch': 3.44}
{'loss': 0.018, 'grad_norm': 0.47652921080589294, 'learning_rate': 7.190323752531647e-06, 'epoch': 3.48}
{'loss': 0.0178, 'grad_norm': 0.714866578578949, 'learning_rate': 7.15308783675444e-06, 'epoch': 3.52}
{'loss': 0.0186, 'grad_norm': 1.3275352716445923, 'learning_rate': 7.115112639774018e-06, 'epoch': 3.56}
{'loss': 0.0182, 'grad_norm': 0.4145435690879822, 'learning_rate': 7.076407060810165e-06, 'epoch': 3.6}
{'loss': 0.0181, 'grad_norm': 0.4081200659275055, 'learning_rate': 7.036980170242538e-06, 'epoch': 3.64}
{'loss': 0.0175, 'grad_norm': 0.8180109262466431, 'learning_rate': 6.996841207485085e-06, 'epoch': 3.68}
{'loss': 0.0179, 'grad_norm': 0.36254599690437317, 'learning_rate': 6.955999578820852e-06, 'epoch': 3.72}
{'loss': 0.018, 'grad_norm': 0.17901520431041718, 'learning_rate': 6.914464855197689e-06, 'epoch': 3.76}
{'loss': 0.0179, 'grad_norm': 0.3282237648963928, 'learning_rate': 6.872246769985366e-06, 'epoch': 3.8}
{'loss': 0.0175, 'grad_norm': 0.1622503250837326, 'learning_rate': 6.829355216694624e-06, 'epoch': 3.84}
{'loss': 0.017, 'grad_norm': 0.20620909333229065, 'learning_rate': 6.785800246658703e-06, 'epoch': 3.88}
{'loss': 0.0155, 'grad_norm': 0.5760630965232849, 'learning_rate': 6.741592066677883e-06, 'epoch': 3.92}
{'loss': 0.0121, 'grad_norm': 0.23298519849777222, 'learning_rate': 6.696741036627587e-06, 'epoch': 3.96}
{'loss': 0.0114, 'grad_norm': 0.7018744349479675, 'learning_rate': 6.651257667030625e-06, 'epoch': 4.0}
{'eval_loss': 0.0020642189774662256, 'eval_score': 0.0022009766232011715, 'eval_err_F': 0.0018382845998266366, 'eval_err_M': 0.0020800792820763266, 'eval_err_diff': 0.00024179468224968994, 'eval_mse': 0.0018914596223676408, 'eval_mae': 0.034160478290915855, 'eval_runtime': 20.6293, 'eval_samples_per_second': 969.494, 'eval_steps_per_second': 7.611, 'epoch': 4.0}
{'loss': 0.0111, 'grad_norm': 0.42943570017814636, 'learning_rate': 6.605152616594123e-06, 'epoch': 4.04}
{'loss': 0.011, 'grad_norm': 0.11410439014434814, 'learning_rate': 6.5584366897117315e-06, 'epoch': 4.08}
{'loss': 0.0108, 'grad_norm': 0.48797017335891724, 'learning_rate': 6.511120833931687e-06, 'epoch': 4.12}
{'loss': 0.0112, 'grad_norm': 0.5844710469245911, 'learning_rate': 6.463216137391338e-06, 'epoch': 4.16}
{'loss': 0.0102, 'grad_norm': 0.08649665862321854, 'learning_rate': 6.414733826218715e-06, 'epoch': 4.2}
{'loss': 0.0104, 'grad_norm': 0.5037388801574707, 'learning_rate': 6.36568526190177e-06, 'epoch': 4.24}
{'loss': 0.0107, 'grad_norm': 0.4598578214645386, 'learning_rate': 6.316081938625881e-06, 'epoch': 4.28}
{'loss': 0.0102, 'grad_norm': 0.20524056255817413, 'learning_rate': 6.265935480580287e-06, 'epoch': 4.32}
{'loss': 0.0104, 'grad_norm': 0.2402385175228119, 'learning_rate': 6.215257639234027e-06, 'epoch': 4.36}
{'loss': 0.0105, 'grad_norm': 0.15880697965621948, 'learning_rate': 6.164060290582074e-06, 'epoch': 4.4}
{'loss': 0.0102, 'grad_norm': 0.34141188859939575, 'learning_rate': 6.112355432362277e-06, 'epoch': 4.44}
{'loss': 0.0104, 'grad_norm': 2.725327730178833, 'learning_rate': 6.060155181243773e-06, 'epoch': 4.48}
{'loss': 0.0106, 'grad_norm': 0.46543270349502563, 'learning_rate': 6.007471769987536e-06, 'epoch': 4.52}
{'loss': 0.0103, 'grad_norm': 0.43871867656707764, 'learning_rate': 5.9543175445797144e-06, 'epoch': 4.56}
{'loss': 0.0103, 'grad_norm': 0.11331869661808014, 'learning_rate': 5.900704961338431e-06, 'epoch': 4.6}
{'loss': 0.0104, 'grad_norm': 0.5717883706092834, 'learning_rate': 5.846646583994742e-06, 'epoch': 4.64}
{'loss': 0.01, 'grad_norm': 0.17773962020874023, 'learning_rate': 5.792155080748404e-06, 'epoch': 4.68}
{'loss': 0.01, 'grad_norm': 0.41996294260025024, 'learning_rate': 5.7372432212991795e-06, 'epoch': 4.72}
{'loss': 0.0101, 'grad_norm': 0.0971476286649704, 'learning_rate': 5.6819238738543465e-06, 'epoch': 4.76}
{'loss': 0.0102, 'grad_norm': 0.0753837525844574, 'learning_rate': 5.62621000211312e-06, 'epoch': 4.8}
{'loss': 0.0101, 'grad_norm': 0.4828018844127655, 'learning_rate': 5.5701146622287026e-06, 'epoch': 4.84}
{'loss': 0.01, 'grad_norm': 0.24942900240421295, 'learning_rate': 5.513650999748673e-06, 'epoch': 4.88}
{'loss': 0.0098, 'grad_norm': 0.09734148532152176, 'learning_rate': 5.45683224653441e-06, 'epoch': 4.92}
{'loss': 0.0099, 'grad_norm': 0.1671038419008255, 'learning_rate': 5.399671717660305e-06, 'epoch': 4.96}
{'loss': 0.01, 'grad_norm': 0.18393826484680176, 'learning_rate': 5.342182808293465e-06, 'epoch': 5.0}
{'eval_loss': 0.0011585250031203032, 'eval_score': 0.0016160530999606486, 'eval_err_F': 0.0007933993585830378, 'eval_err_M': 0.0013418351861681117, 'eval_err_diff': 0.0005484358275850739, 'eval_mse': 0.0009773512058558137, 'eval_mae': 0.022297202277556424, 'eval_runtime': 20.7339, 'eval_samples_per_second': 964.602, 'eval_steps_per_second': 7.572, 'epoch': 5.0}
{'loss': 0.0099, 'grad_norm': 0.3818444311618805, 'learning_rate': 5.284378990554656e-06, 'epoch': 5.04}
{'loss': 0.0098, 'grad_norm': 0.5387749075889587, 'learning_rate': 5.226273810361194e-06, 'epoch': 5.08}
{'loss': 0.01, 'grad_norm': 0.13909506797790527, 'learning_rate': 5.167880884252571e-06, 'epoch': 5.12}
{'loss': 0.0096, 'grad_norm': 0.36578258872032166, 'learning_rate': 5.109213896199499e-06, 'epoch': 5.16}
{'loss': 0.0099, 'grad_norm': 0.5749863386154175, 'learning_rate': 5.050286594397179e-06, 'epoch': 5.2}
{'loss': 0.0098, 'grad_norm': 0.24848857522010803, 'learning_rate': 4.991112788043507e-06, 'epoch': 5.24}
{'loss': 0.01, 'grad_norm': 0.2883829176425934, 'learning_rate': 4.931706344102976e-06, 'epoch': 5.28}
{'loss': 0.0098, 'grad_norm': 0.1545177847146988, 'learning_rate': 4.872081184057065e-06, 'epoch': 5.32}
{'loss': 0.0098, 'grad_norm': 0.42470383644104004, 'learning_rate': 4.812251280641828e-06, 'epoch': 5.36}
{'loss': 0.0098, 'grad_norm': 0.10590067505836487, 'learning_rate': 4.752230654573486e-06, 'epoch': 5.4}
{'loss': 0.0097, 'grad_norm': 0.419308602809906, 'learning_rate': 4.692033371262766e-06, 'epoch': 5.44}
{'loss': 0.0102, 'grad_norm': 0.4082862436771393, 'learning_rate': 4.631673537518779e-06, 'epoch': 5.48}
{'loss': 0.0094, 'grad_norm': 0.24428795278072357, 'learning_rate': 4.571165298243184e-06, 'epoch': 5.52}
{'loss': 0.0099, 'grad_norm': 0.20577400922775269, 'learning_rate': 4.5105228331154264e-06, 'epoch': 5.56}
{'loss': 0.0099, 'grad_norm': 0.33953213691711426, 'learning_rate': 4.449760353269841e-06, 'epoch': 5.6}
{'loss': 0.0099, 'grad_norm': 0.2647315561771393, 'learning_rate': 4.3888920979653576e-06, 'epoch': 5.64}
{'loss': 0.0096, 'grad_norm': 0.1306104212999344, 'learning_rate': 4.3279323312486475e-06, 'epoch': 5.68}
{'loss': 0.0097, 'grad_norm': 0.18572114408016205, 'learning_rate': 4.266895338611433e-06, 'epoch': 5.72}
{'loss': 0.0099, 'grad_norm': 0.6781432032585144, 'learning_rate': 4.2057954236427824e-06, 'epoch': 5.76}
{'loss': 0.0096, 'grad_norm': 0.08468034863471985, 'learning_rate': 4.1446469046771766e-06, 'epoch': 5.8}
{'loss': 0.01, 'grad_norm': 0.6764002442359924, 'learning_rate': 4.083464111439097e-06, 'epoch': 5.84}
{'loss': 0.0095, 'grad_norm': 0.30511048436164856, 'learning_rate': 4.022261381684956e-06, 'epoch': 5.88}
{'loss': 0.0097, 'grad_norm': 0.6437222361564636, 'learning_rate': 3.961053057843156e-06, 'epoch': 5.92}
{'loss': 0.0095, 'grad_norm': 0.38247308135032654, 'learning_rate': 3.899853483653024e-06, 'epoch': 5.96}
{'loss': 0.0096, 'grad_norm': 0.3748905062675476, 'learning_rate': 3.838677000803478e-06, 'epoch': 6.0}
{'eval_loss': 0.001212434028275311, 'eval_score': 0.0015678127467861076, 'eval_err_F': 0.0008804700653983122, 'eval_err_M': 0.0013386985196568424, 'eval_err_diff': 0.0004582284542585303, 'eval_mse': 0.0011589378817340912, 'eval_mae': 0.024435027004592484, 'eval_runtime': 20.7551, 'eval_samples_per_second': 963.618, 'eval_steps_per_second': 7.564, 'epoch': 6.0}
{'loss': 0.0094, 'grad_norm': 0.07210943847894669, 'learning_rate': 3.7775379455721383e-06, 'epoch': 6.04}
{'loss': 0.0095, 'grad_norm': 0.09379409998655319, 'learning_rate': 3.7164506454657253e-06, 'epoch': 6.08}
{'loss': 0.0094, 'grad_norm': 0.14851169288158417, 'learning_rate': 3.6554294158625123e-06, 'epoch': 6.12}
{'loss': 0.0096, 'grad_norm': 0.13543546199798584, 'learning_rate': 3.5944885566576165e-06, 'epoch': 6.16}
{'loss': 0.0094, 'grad_norm': 0.14954859018325806, 'learning_rate': 3.5336423489119163e-06, 'epoch': 6.2}
{'loss': 0.0094, 'grad_norm': 0.3483375310897827, 'learning_rate': 3.4729050515053907e-06, 'epoch': 6.24}
{'loss': 0.0099, 'grad_norm': 1.3895347118377686, 'learning_rate': 3.4122908977956475e-06, 'epoch': 6.28}
{'loss': 0.0095, 'grad_norm': 0.23477406799793243, 'learning_rate': 3.3518140922824348e-06, 'epoch': 6.32}
{'loss': 0.0095, 'grad_norm': 0.1112048327922821, 'learning_rate': 3.291488807278921e-06, 'epoch': 6.36}
{'loss': 0.0096, 'grad_norm': 0.11377591639757156, 'learning_rate': 3.23132917959051e-06, 'epoch': 6.4}
{'loss': 0.0093, 'grad_norm': 0.04714201018214226, 'learning_rate': 3.1713493072019816e-06, 'epoch': 6.44}
{'loss': 0.0095, 'grad_norm': 0.17967651784420013, 'learning_rate': 3.111563245973728e-06, 'epoch': 6.48}
{'loss': 0.0093, 'grad_norm': 0.21244554221630096, 'learning_rate': 3.051985006347861e-06, 'epoch': 6.52}
{'loss': 0.0092, 'grad_norm': 0.09467978030443192, 'learning_rate': 2.9926285500649653e-06, 'epoch': 6.56}
{'loss': 0.0096, 'grad_norm': 0.18626253306865692, 'learning_rate': 2.9335077868922624e-06, 'epoch': 6.6}
{'loss': 0.0091, 'grad_norm': 0.4158934950828552, 'learning_rate': 2.8746365713639533e-06, 'epoch': 6.64}
{'loss': 0.0094, 'grad_norm': 0.23021362721920013, 'learning_rate': 2.81602869953451e-06, 'epoch': 6.68}
{'loss': 0.0091, 'grad_norm': 0.06936517357826233, 'learning_rate': 2.7576979057456607e-06, 'epoch': 6.72}
{'loss': 0.0086, 'grad_norm': 0.1447513997554779, 'learning_rate': 2.6996578594078496e-06, 'epoch': 6.76}
{'loss': 0.0076, 'grad_norm': 0.40598350763320923, 'learning_rate': 2.641922161796905e-06, 'epoch': 6.8}
{'loss': 0.0063, 'grad_norm': 0.24451786279678345, 'learning_rate': 2.5845043428666742e-06, 'epoch': 6.84}
{'loss': 0.0052, 'grad_norm': 0.670276939868927, 'learning_rate': 2.5274178580783776e-06, 'epoch': 6.88}
{'loss': 0.0043, 'grad_norm': 0.10750415921211243, 'learning_rate': 2.4706760852474152e-06, 'epoch': 6.92}
{'loss': 0.0039, 'grad_norm': 0.23377545177936554, 'learning_rate': 2.4142923214083668e-06, 'epoch': 6.96}
{'loss': 0.0034, 'grad_norm': 0.3896781802177429, 'learning_rate': 2.3582797796989296e-06, 'epoch': 7.0}
{'eval_loss': 0.0011746177915483713, 'eval_score': 0.0016393697877690211, 'eval_err_F': 0.0008177615813523842, 'eval_err_M': 0.0013655003856301421, 'eval_err_diff': 0.000547738804277758, 'eval_mse': 0.0009738646521016746, 'eval_mae': 0.023125614185817902, 'eval_runtime': 31.0641, 'eval_samples_per_second': 643.83, 'eval_steps_per_second': 5.054, 'epoch': 7.0}
{'loss': 0.0032, 'grad_norm': 0.0658707544207573, 'learning_rate': 2.302651586263509e-06, 'epoch': 7.04}
{'loss': 0.0032, 'grad_norm': 0.12014786154031754, 'learning_rate': 2.247420777177204e-06, 'epoch': 7.08}
{'loss': 0.0028, 'grad_norm': 0.36504966020584106, 'learning_rate': 2.1926002953908874e-06, 'epoch': 7.12}
{'loss': 0.0027, 'grad_norm': 0.15315116941928864, 'learning_rate': 2.1382029876981293e-06, 'epoch': 7.16}
{'loss': 0.0026, 'grad_norm': 0.07307682186365128, 'learning_rate': 2.0842416017246226e-06, 'epoch': 7.2}
{'loss': 0.0024, 'grad_norm': 0.19751033186912537, 'learning_rate': 2.0307287829408866e-06, 'epoch': 7.24}
{'loss': 0.0026, 'grad_norm': 0.08780420571565628, 'learning_rate': 1.977677071698873e-06, 'epoch': 7.28}
{'loss': 0.0025, 'grad_norm': 0.39054515957832336, 'learning_rate': 1.9250989002932384e-06, 'epoch': 7.32}
{'loss': 0.0022, 'grad_norm': 0.5130705833435059, 'learning_rate': 1.8730065900479091e-06, 'epoch': 7.36}
{'loss': 0.0024, 'grad_norm': 0.7114638090133667, 'learning_rate': 1.8214123484286768e-06, 'epoch': 7.4}
{'loss': 0.0023, 'grad_norm': 0.28906241059303284, 'learning_rate': 1.77032826618246e-06, 'epoch': 7.44}
{'loss': 0.0022, 'grad_norm': 0.11671726405620575, 'learning_rate': 1.719766314503925e-06, 'epoch': 7.48}
{'loss': 0.002, 'grad_norm': 0.34457579255104065, 'learning_rate': 1.669738342230113e-06, 'epoch': 7.52}
{'loss': 0.0021, 'grad_norm': 0.6775643825531006, 'learning_rate': 1.6202560730637619e-06, 'epoch': 7.56}
{'loss': 0.0021, 'grad_norm': 0.08008361607789993, 'learning_rate': 1.5713311028259302e-06, 'epoch': 7.6}
{'loss': 0.002, 'grad_norm': 0.5399642586708069, 'learning_rate': 1.5229748967385965e-06, 'epoch': 7.64}
{'loss': 0.002, 'grad_norm': 0.19704313576221466, 'learning_rate': 1.4751987867378747e-06, 'epoch': 7.68}
{'loss': 0.0025, 'grad_norm': 0.28806376457214355, 'learning_rate': 1.4280139688184432e-06, 'epoch': 7.72}
{'loss': 0.002, 'grad_norm': 0.26355352997779846, 'learning_rate': 1.3814315004098525e-06, 'epoch': 7.76}
{'loss': 0.0024, 'grad_norm': 0.44347304105758667, 'learning_rate': 1.335462297785289e-06, 'epoch': 7.8}
{'loss': 0.0019, 'grad_norm': 0.6731278300285339, 'learning_rate': 1.290117133503425e-06, 'epoch': 7.84}
{'loss': 0.0017, 'grad_norm': 0.447997123003006, 'learning_rate': 1.2454066338839426e-06, 'epoch': 7.88}
{'loss': 0.0016, 'grad_norm': 0.32664433121681213, 'learning_rate': 1.2013412765173364e-06, 'epoch': 7.92}
{'loss': 0.0018, 'grad_norm': 0.1448938101530075, 'learning_rate': 1.1579313878095572e-06, 'epoch': 7.96}
{'loss': 0.0018, 'grad_norm': 0.114985890686512, 'learning_rate': 1.1151871405620981e-06, 'epoch': 8.0}
{'eval_loss': 0.0012167489621788263, 'eval_score': 0.0016408633759270339, 'eval_err_F': 0.0008889502393153413, 'eval_err_M': 0.0013902256637231363, 'eval_err_diff': 0.000501275424407795, 'eval_mse': 0.0008441882174440443, 'eval_mae': 0.020916036669724053, 'eval_runtime': 20.7781, 'eval_samples_per_second': 962.551, 'eval_steps_per_second': 7.556, 'epoch': 8.0}
{'loss': 0.0018, 'grad_norm': 0.08759792894124985, 'learning_rate': 1.0731185515880653e-06, 'epoch': 8.04}
{'loss': 0.0017, 'grad_norm': 0.26695895195007324, 'learning_rate': 1.031735479364812e-06, 'epoch': 8.08}
{'loss': 0.0016, 'grad_norm': 0.33855322003364563, 'learning_rate': 9.910476217236679e-07, 'epoch': 8.12}
{'loss': 0.0017, 'grad_norm': 0.16227465867996216, 'learning_rate': 9.510645135773301e-07, 'epoch': 8.16}
{'loss': 0.0018, 'grad_norm': 0.15914951264858246, 'learning_rate': 9.117955246854136e-07, 'epoch': 8.2}
{'loss': 0.0016, 'grad_norm': 0.5017474293708801, 'learning_rate': 8.732498574587229e-07, 'epoch': 8.24}
{'loss': 0.0017, 'grad_norm': 0.20599551498889923, 'learning_rate': 8.354365448027225e-07, 'epoch': 8.28}
{'loss': 0.0017, 'grad_norm': 0.2635898292064667, 'learning_rate': 7.983644480007521e-07, 'epoch': 8.32}
{'loss': 0.0016, 'grad_norm': 0.11686960607767105, 'learning_rate': 7.620422546374319e-07, 'epoch': 8.36}
{'loss': 0.0016, 'grad_norm': 0.509737491607666, 'learning_rate': 7.264784765628022e-07, 'epoch': 8.4}
{'loss': 0.0016, 'grad_norm': 0.1490180939435959, 'learning_rate': 6.916814478976198e-07, 'epoch': 8.44}
{'loss': 0.0016, 'grad_norm': 0.18699659407138824, 'learning_rate': 6.57659323080326e-07, 'epoch': 8.48}
{'loss': 0.0017, 'grad_norm': 0.19361381232738495, 'learning_rate': 6.244200749561013e-07, 'epoch': 8.52}
{'loss': 0.0017, 'grad_norm': 0.12460536509752274, 'learning_rate': 5.919714929084972e-07, 'epoch': 8.56}
{'loss': 0.0016, 'grad_norm': 0.1458546668291092, 'learning_rate': 5.603211810340359e-07, 'epoch': 8.6}
{'loss': 0.0017, 'grad_norm': 0.35317596793174744, 'learning_rate': 5.294765563602539e-07, 'epoch': 8.64}
{'loss': 0.0016, 'grad_norm': 0.2748250663280487, 'learning_rate': 4.994448471075672e-07, 'epoch': 8.68}
{'loss': 0.0021, 'grad_norm': 0.21793195605278015, 'learning_rate': 4.702330909953958e-07, 'epoch': 8.72}
{'loss': 0.0015, 'grad_norm': 0.33484676480293274, 'learning_rate': 4.4184813359291534e-07, 'epoch': 8.76}
{'loss': 0.0016, 'grad_norm': 0.2162754237651825, 'learning_rate': 4.142966267148553e-07, 'epoch': 8.8}
{'loss': 0.0015, 'grad_norm': 0.2648085355758667, 'learning_rate': 3.8758502686268453e-07, 'epoch': 8.84}
{'loss': 0.0015, 'grad_norm': 0.06064145639538765, 'learning_rate': 3.6171959371158205e-07, 'epoch': 8.88}
{'loss': 0.0016, 'grad_norm': 0.11174004524946213, 'learning_rate': 3.367063886435214e-07, 'epoch': 8.92}
{'loss': 0.0016, 'grad_norm': 0.6746910810470581, 'learning_rate': 3.1255127332683284e-07, 'epoch': 8.96}
{'loss': 0.0015, 'grad_norm': 0.14118118584156036, 'learning_rate': 2.8925990834256053e-07, 'epoch': 9.0}
{'eval_loss': 0.000986121129244566, 'eval_score': 0.0014254754216727096, 'eval_err_F': 0.000642705022201895, 'eval_err_M': 0.0011645519551824381, 'eval_err_diff': 0.0005218469329805432, 'eval_mse': 0.000846672300238572, 'eval_mae': 0.020527965795807904, 'eval_runtime': 20.8905, 'eval_samples_per_second': 957.374, 'eval_steps_per_second': 7.515, 'epoch': 9.0}
{'loss': 0.0015, 'grad_norm': 0.24307623505592346, 'learning_rate': 2.6683775185794476e-07, 'epoch': 9.04}
{'loss': 0.0016, 'grad_norm': 0.17179003357887268, 'learning_rate': 2.452900583473385e-07, 'epoch': 9.08}
{'loss': 0.0016, 'grad_norm': 0.1993795782327652, 'learning_rate': 2.2462187736086316e-07, 'epoch': 9.12}
{'loss': 0.0015, 'grad_norm': 0.14039289951324463, 'learning_rate': 2.0483805234107322e-07, 'epoch': 9.16}
{'loss': 0.0016, 'grad_norm': 0.04716016724705696, 'learning_rate': 1.859432194879392e-07, 'epoch': 9.2}
{'loss': 0.0015, 'grad_norm': 0.12323929369449615, 'learning_rate': 1.6794180667238001e-07, 'epoch': 9.24}
{'loss': 0.0016, 'grad_norm': 0.3900339901447296, 'learning_rate': 1.5083803239862697e-07, 'epoch': 9.28}
{'loss': 0.0015, 'grad_norm': 0.1503196656703949, 'learning_rate': 1.3463590481564247e-07, 'epoch': 9.32}
{'loss': 0.0015, 'grad_norm': 0.1402861326932907, 'learning_rate': 1.1933922077784387e-07, 'epoch': 9.36}
{'loss': 0.0016, 'grad_norm': 0.07315482944250107, 'learning_rate': 1.049515649553327e-07, 'epoch': 9.4}
{'loss': 0.0016, 'grad_norm': 0.10483526438474655, 'learning_rate': 9.147630899385591e-08, 'epoch': 9.44}
{'loss': 0.0015, 'grad_norm': 0.2819856107234955, 'learning_rate': 7.891661072468211e-08, 'epoch': 9.48}
{'loss': 0.0015, 'grad_norm': 0.42389312386512756, 'learning_rate': 6.727541342458764e-08, 'epoch': 9.52}
{'loss': 0.0016, 'grad_norm': 0.2435559779405594, 'learning_rate': 5.655544512611969e-08, 'epoch': 9.56}
{'loss': 0.0014, 'grad_norm': 0.08473648130893707, 'learning_rate': 4.6759217978301675e-08, 'epoch': 9.6}
{'loss': 0.0016, 'grad_norm': 0.11862890422344208, 'learning_rate': 3.78890276579263e-08, 'epoch': 9.64}
{'loss': 0.0016, 'grad_norm': 0.23152565956115723, 'learning_rate': 2.994695283158449e-08, 'epoch': 9.68}
{'loss': 0.0015, 'grad_norm': 0.4596271514892578, 'learning_rate': 2.2934854668540205e-08, 'epoch': 9.72}
{'loss': 0.0015, 'grad_norm': 0.10536856949329376, 'learning_rate': 1.685437640458133e-08, 'epoch': 9.76}
{'loss': 0.0014, 'grad_norm': 0.09202219545841217, 'learning_rate': 1.1706942956937092e-08, 'epoch': 9.8}
{'loss': 0.0015, 'grad_norm': 0.09942407160997391, 'learning_rate': 7.493760590360188e-09, 'epoch': 9.84}
{'loss': 0.0017, 'grad_norm': 0.331476092338562, 'learning_rate': 4.215816634446377e-09, 'epoch': 9.88}
{'loss': 0.0016, 'grad_norm': 0.102091483771801, 'learning_rate': 1.8738792522599037e-09, 'epoch': 9.92}
{'loss': 0.0017, 'grad_norm': 0.2555776834487915, 'learning_rate': 4.684972603229248e-10, 'epoch': 9.96}
{'loss': 0.0016, 'grad_norm': 0.30960196256637573, 'learning_rate': 0.0, 'epoch': 10.0}
{'eval_loss': 0.0009875500109046698, 'eval_score': 0.001435995595850982, 'eval_err_F': 0.0006388904979199652, 'eval_err_M': 0.0011702938965406431, 'eval_err_diff': 0.000531403398620678, 'eval_mse': 0.0008252179623024012, 'eval_mae': 0.020341012881882854, 'eval_runtime': 20.4908, 'eval_samples_per_second': 976.048, 'eval_steps_per_second': 7.662, 'epoch': 10.0}
[EMA] Swapped EMA weights into model (decay=0.9998)
{'train_runtime': 2778.2602, 'train_samples_per_second': 287.95, 'train_steps_per_second': 4.499, 'train_loss': 0.02223171937763691, 'epoch': 10.0}
[EMA] Swapped EMA weights into model (decay=0.9998)
score=0.00166 | err_diff=0.00054 | loss=0.00121
score=0.00166 | err_diff=0.00054 | loss=0.00121
Saved 30 worst predictions: results/optuna_dinov3-vitb16-3090-v2_trial_11/worst/worst.csv + results/optuna_dinov3-vitb16-3090-v2_trial_11/worst/images
Model saved: models:/m-9405e34fbc8f46e7bb975acdb1f48ab7
Trial 11: score=inf err_F=inf err_M=inf err_diff=inf
Loaded 100,000 samples from data/raw/train.csv
Loaded 100,000 samples from data/raw/train.csv
Train: 80,000 | Val: 20,000
Train: 80,000 | Val: 20,000
Sampler 'gender': 2 groups, 51840 samples/epoch
Sampler 'gender': 2 groups, 51840 samples/epochPMF ratios test/train (20 bins of 0.025): [0.215, 0.341, 0.568, 0.734, 0.931, 1.07, 1.319, 1.456, 1.657, 1.883, 1.986, 1.94, 1.582, 1.325, 1.312, 0.619, 0.861, 0.067, 0.067, 0.067]

PMF ratios test/train (20 bins of 0.025): [0.215, 0.341, 0.568, 0.734, 0.931, 1.07, 1.319, 1.456, 1.657, 1.883, 1.986, 1.94, 1.582, 1.325, 1.312, 0.619, 0.861, 0.067, 0.067, 0.067]
loss_importance_reweight ON (applied in training loss)
loss_importance_reweight ON (applied in training loss)
eval_importance_reweight ON (eval_score reweighted to test distribution)
eval_importance_reweight ON (eval_score reweighted to test distribution)
DINOv3 drop_path_rate=0.04854706956366546 applied (linear 0 → 0.049 across 12 blocks via sample_drop_ratio)
DINOv3 drop_path_rate=0.04854706956366546 applied (linear 0 → 0.049 across 12 blocks via sample_drop_ratio)
Loaded DINOv3 weights: dinov3_vitb16_pretrain_lvd1689m-73cec8be.pth
Loaded DINOv3 weights: dinov3_vitb16_pretrain_lvd1689m-73cec8be.pth
EMA enabled: decay=0.9998, warmup_steps=200
EMA enabled: decay=0.9998, warmup_steps=200
WeightedMSELoss: focal_gamma=0.0, fairness_lambda=0.006533920675759336, importance_reweight=on (mean=1.00)
Training dinov3-vitb16-3090-v2_trial12 (best_metric=eval_score)
WeightedMSELoss: focal_gamma=0.0, fairness_lambda=0.006533920675759336, importance_reweight=on (mean=1.00)
Training dinov3-vitb16-3090-v2_trial12 (best_metric=eval_score)
LLRD: 14 groups, LR ∈ [3.31e-05, 9.77e-05]
LLRD: 14 groups, LR ∈ [3.31e-05, 9.77e-05]
{'loss': 0.203, 'grad_norm': 0.8468237519264221, 'learning_rate': 1.256050008764238e-06, 'epoch': 0.06}
{'loss': 0.176, 'grad_norm': 1.0820765495300293, 'learning_rate': 2.512100017528476e-06, 'epoch': 0.12}
{'loss': 0.1739, 'grad_norm': 0.6082087159156799, 'learning_rate': 3.7681500262927142e-06, 'epoch': 0.19}
{'loss': 0.1702, 'grad_norm': 0.44410449266433716, 'learning_rate': 5.024200035056952e-06, 'epoch': 0.25}
{'loss': 0.1533, 'grad_norm': 1.1153596639633179, 'learning_rate': 6.280250043821191e-06, 'epoch': 0.31}
{'loss': 0.1233, 'grad_norm': 0.5686920881271362, 'learning_rate': 7.5363000525854284e-06, 'epoch': 0.37}
{'loss': 0.1037, 'grad_norm': 0.33917298913002014, 'learning_rate': 8.792350061349667e-06, 'epoch': 0.43}
{'loss': 0.0918, 'grad_norm': 0.2973276376724243, 'learning_rate': 1.0048400070113905e-05, 'epoch': 0.49}
{'loss': 0.0863, 'grad_norm': 0.4103791117668152, 'learning_rate': 1.1304450078878144e-05, 'epoch': 0.56}
{'loss': 0.0831, 'grad_norm': 0.6666934490203857, 'learning_rate': 1.2560500087642382e-05, 'epoch': 0.62}
{'loss': 0.0827, 'grad_norm': 0.9454526305198669, 'learning_rate': 1.3816550096406618e-05, 'epoch': 0.68}
{'loss': 0.0798, 'grad_norm': 0.7324171662330627, 'learning_rate': 1.5072600105170857e-05, 'epoch': 0.74}
{'loss': 0.0775, 'grad_norm': 0.5091684460639954, 'learning_rate': 1.6328650113935095e-05, 'epoch': 0.8}
{'loss': 0.0789, 'grad_norm': 0.21421779692173004, 'learning_rate': 1.7584700122699334e-05, 'epoch': 0.86}
{'loss': 0.0745, 'grad_norm': 0.9550638794898987, 'learning_rate': 1.884075013146357e-05, 'epoch': 0.93}
{'loss': 0.0735, 'grad_norm': 0.8371090292930603, 'learning_rate': 2.009680014022781e-05, 'epoch': 0.99}
{'eval_loss': 0.002963716397061944, 'eval_score': 0.003005337463499859, 'eval_err_F': 0.0030005594462504752, 'eval_err_M': 0.0030037447910833976, 'eval_err_diff': 3.185344832922366e-06, 'eval_mse': 0.003395550833713609, 'eval_mae': 0.050239787721908395, 'eval_runtime': 20.6191, 'eval_samples_per_second': 969.976, 'eval_steps_per_second': 7.614, 'epoch': 1.0}
{'loss': 0.0733, 'grad_norm': 1.5056298971176147, 'learning_rate': 2.135285014899205e-05, 'epoch': 1.05}
{'loss': 0.0692, 'grad_norm': 2.1508443355560303, 'learning_rate': 2.2608900157756288e-05, 'epoch': 1.11}
{'loss': 0.0605, 'grad_norm': 1.0908900499343872, 'learning_rate': 2.3864950166520524e-05, 'epoch': 1.17}
{'loss': 0.0401, 'grad_norm': 0.35149529576301575, 'learning_rate': 2.5121000175284763e-05, 'epoch': 1.23}
{'loss': 0.036, 'grad_norm': 1.4027504920959473, 'learning_rate': 2.6377050184049003e-05, 'epoch': 1.3}
{'loss': 0.0307, 'grad_norm': 1.4791253805160522, 'learning_rate': 2.7633100192813235e-05, 'epoch': 1.36}
{'loss': 0.0303, 'grad_norm': 0.2233317494392395, 'learning_rate': 2.8889150201577474e-05, 'epoch': 1.42}
{'loss': 0.028, 'grad_norm': 0.47618773579597473, 'learning_rate': 3.0145200210341714e-05, 'epoch': 1.48}
{'loss': 0.0282, 'grad_norm': 1.322163701057434, 'learning_rate': 3.140125021910595e-05, 'epoch': 1.54}
{'loss': 0.0273, 'grad_norm': 0.6785408854484558, 'learning_rate': 3.265730022787019e-05, 'epoch': 1.6}
{'loss': 0.0262, 'grad_norm': 1.2334188222885132, 'learning_rate': 3.313289059379435e-05, 'epoch': 1.67}
{'loss': 0.0255, 'grad_norm': 0.975700318813324, 'learning_rate': 3.312293508222143e-05, 'epoch': 1.73}
{'loss': 0.0253, 'grad_norm': 0.21003840863704681, 'learning_rate': 3.3104096181237766e-05, 'epoch': 1.79}
{'loss': 0.0261, 'grad_norm': 0.44753870368003845, 'learning_rate': 3.3076383999382754e-05, 'epoch': 1.85}
{'loss': 0.0259, 'grad_norm': 1.9343994855880737, 'learning_rate': 3.3039813406402916e-05, 'epoch': 1.91}
{'loss': 0.0261, 'grad_norm': 0.2414562851190567, 'learning_rate': 3.299440402527309e-05, 'epoch': 1.98}
{'eval_loss': 0.001778415055014193, 'eval_score': 0.00246541277471185, 'eval_err_F': 0.0014744488793155884, 'eval_err_M': 0.0021350914762464294, 'eval_err_diff': 0.000660642596930841, 'eval_mse': 0.0013863619532928813, 'eval_mae': 0.02915704491221786, 'eval_runtime': 31.832, 'eval_samples_per_second': 628.299, 'eval_steps_per_second': 4.932, 'epoch': 2.0}
{'loss': 0.024, 'grad_norm': 0.23504973948001862, 'learning_rate': 3.294018022166723e-05, 'epoch': 2.04}
{'loss': 0.0246, 'grad_norm': 0.47463348507881165, 'learning_rate': 3.2877171090884235e-05, 'epoch': 2.1}
{'loss': 0.0247, 'grad_norm': 0.29465460777282715, 'learning_rate': 3.2805410442236136e-05, 'epoch': 2.16}
{'loss': 0.0237, 'grad_norm': 0.6220841407775879, 'learning_rate': 3.2724936780906726e-05, 'epoch': 2.22}
{'loss': 0.0239, 'grad_norm': 0.16631820797920227, 'learning_rate': 3.2635793287290514e-05, 'epoch': 2.28}
{'loss': 0.0239, 'grad_norm': 0.5028563141822815, 'learning_rate': 3.253802779382308e-05, 'epoch': 2.35}
{'loss': 0.0246, 'grad_norm': 0.38737350702285767, 'learning_rate': 3.24316927593153e-05, 'epoch': 2.41}
{'loss': 0.0262, 'grad_norm': 0.2470068633556366, 'learning_rate': 3.2316845240805014e-05, 'epoch': 2.47}
{'loss': 0.0233, 'grad_norm': 0.9694786071777344, 'learning_rate': 3.219354686294153e-05, 'epoch': 2.53}
{'loss': 0.0231, 'grad_norm': 0.4519442617893219, 'learning_rate': 3.20618637849192e-05, 'epoch': 2.59}
{'loss': 0.0213, 'grad_norm': 0.5752459168434143, 'learning_rate': 3.192186666497782e-05, 'epoch': 2.65}
{'loss': 0.013, 'grad_norm': 0.35033878684043884, 'learning_rate': 3.1773630622489004e-05, 'epoch': 2.72}
{'loss': 0.0051, 'grad_norm': 0.3869112730026245, 'learning_rate': 3.161723519764876e-05, 'epoch': 2.78}
{'loss': 0.0047, 'grad_norm': 0.5068643093109131, 'learning_rate': 3.145276430879799e-05, 'epoch': 2.84}
{'loss': 0.0037, 'grad_norm': 1.097818374633789, 'learning_rate': 3.128030620739375e-05, 'epoch': 2.9}
{'loss': 0.003, 'grad_norm': 0.4817453920841217, 'learning_rate': 3.109995343065545e-05, 'epoch': 2.96}
{'eval_loss': 0.0013715903041884303, 'eval_score': 0.002117196991068179, 'eval_err_F': 0.0010038164893592045, 'eval_err_M': 0.0017460701571651873, 'eval_err_diff': 0.0007422536678059828, 'eval_mse': 0.0011440925312120355, 'eval_mae': 0.025427913820459253, 'eval_runtime': 20.6154, 'eval_samples_per_second': 970.146, 'eval_steps_per_second': 7.616, 'epoch': 3.0}
{'loss': 0.0029, 'grad_norm': 0.7790377140045166, 'learning_rate': 3.091180275191146e-05, 'epoch': 3.02}
{'loss': 0.0035, 'grad_norm': 0.2742774784564972, 'learning_rate': 3.071595512867261e-05, 'epoch': 3.09}
{'loss': 0.0031, 'grad_norm': 0.5091540813446045, 'learning_rate': 3.0512515648460676e-05, 'epoch': 3.15}
{'loss': 0.003, 'grad_norm': 0.16675803065299988, 'learning_rate': 3.030159347242068e-05, 'epoch': 3.21}
{'loss': 0.0026, 'grad_norm': 0.7748187780380249, 'learning_rate': 3.0083301776747447e-05, 'epoch': 3.27}
{'loss': 0.0025, 'grad_norm': 0.917452871799469, 'learning_rate': 2.9857757691957765e-05, 'epoch': 3.33}
{'loss': 0.0019, 'grad_norm': 0.08370432257652283, 'learning_rate': 2.9625082240040707e-05, 'epoch': 3.4}
{'loss': 0.0028, 'grad_norm': 0.16689571738243103, 'learning_rate': 2.9385400269519892e-05, 'epoch': 3.46}
{'loss': 0.002, 'grad_norm': 0.10833947360515594, 'learning_rate': 2.9138840388462536e-05, 'epoch': 3.52}
{'loss': 0.0022, 'grad_norm': 0.5554503798484802, 'learning_rate': 2.8885534895471187e-05, 'epoch': 3.58}
{'loss': 0.0021, 'grad_norm': 0.08846191316843033, 'learning_rate': 2.86256197086952e-05, 'epoch': 3.64}
{'loss': 0.0018, 'grad_norm': 0.12698426842689514, 'learning_rate': 2.835923429290007e-05, 'epoch': 3.7}
{'loss': 0.0017, 'grad_norm': 0.33870452642440796, 'learning_rate': 2.8086521584633704e-05, 'epoch': 3.77}
{'loss': 0.002, 'grad_norm': 0.2568776607513428, 'learning_rate': 2.7807627915529786e-05, 'epoch': 3.83}
{'loss': 0.0017, 'grad_norm': 0.6621297001838684, 'learning_rate': 2.7522702933789506e-05, 'epoch': 3.89}
{'loss': 0.0018, 'grad_norm': 0.1872531771659851, 'learning_rate': 2.7231899523883566e-05, 'epoch': 3.95}
{'eval_loss': 0.001271613291464746, 'eval_score': 0.0017684841472149087, 'eval_err_F': 0.0010007862649579237, 'eval_err_M': 0.0015125848531292471, 'eval_err_diff': 0.0005117985881713234, 'eval_mse': 0.0014249579943713415, 'eval_mae': 0.029021552385478027, 'eval_runtime': 20.6232, 'eval_samples_per_second': 969.781, 'eval_steps_per_second': 7.613, 'epoch': 4.0}
{'loss': 0.002, 'grad_norm': 0.4563086926937103, 'learning_rate': 2.6935373724517782e-05, 'epoch': 4.01}
{'loss': 0.0019, 'grad_norm': 0.09748817980289459, 'learning_rate': 2.6633284644906143e-05, 'epoch': 4.07}
{'loss': 0.0016, 'grad_norm': 0.1541277915239334, 'learning_rate': 2.6325794379396298e-05, 'epoch': 4.14}
{'loss': 0.002, 'grad_norm': 0.11353524774312973, 'learning_rate': 2.6013067920493313e-05, 'epoch': 4.2}
{'loss': 0.0022, 'grad_norm': 0.09397771209478378, 'learning_rate': 2.569527307032831e-05, 'epoch': 4.26}
{'loss': 0.0018, 'grad_norm': 0.4380483329296112, 'learning_rate': 2.5372580350619565e-05, 'epoch': 4.32}
{'loss': 0.0015, 'grad_norm': 0.12257230281829834, 'learning_rate': 2.5045162911174268e-05, 'epoch': 4.38}
{'loss': 0.0016, 'grad_norm': 0.23811107873916626, 'learning_rate': 2.4713196436980196e-05, 'epoch': 4.44}
{'loss': 0.0017, 'grad_norm': 0.3736913204193115, 'learning_rate': 2.4376859053936996e-05, 'epoch': 4.51}
{'loss': 0.0016, 'grad_norm': 0.33920571208000183, 'learning_rate': 2.4036331233277726e-05, 'epoch': 4.57}
{'loss': 0.0018, 'grad_norm': 0.13069702684879303, 'learning_rate': 2.3691795694732007e-05, 'epoch': 4.63}
{'loss': 0.0016, 'grad_norm': 0.7499089241027832, 'learning_rate': 2.3343437308482625e-05, 'epoch': 4.69}
{'loss': 0.0018, 'grad_norm': 0.0663735494017601, 'learning_rate': 2.299144299596825e-05, 'epoch': 4.75}
{'loss': 0.0016, 'grad_norm': 0.623550295829773, 'learning_rate': 2.263600162958552e-05, 'epoch': 4.81}
{'loss': 0.0021, 'grad_norm': 0.49951982498168945, 'learning_rate': 2.2277303931344265e-05, 'epoch': 4.88}
{'loss': 0.0013, 'grad_norm': 0.34726130962371826, 'learning_rate': 2.1915542370530282e-05, 'epoch': 4.94}
{'loss': 0.0013, 'grad_norm': 0.044351425021886826, 'learning_rate': 2.1550911060430567e-05, 'epoch': 5.0}
{'eval_loss': 0.0009349443716928363, 'eval_score': 0.001463667897719507, 'eval_err_F': 0.0006655561105811249, 'eval_err_M': 0.0011976306353400463, 'eval_err_diff': 0.0005320745247589214, 'eval_mse': 0.0008352381385457605, 'eval_mae': 0.019835703932116484, 'eval_runtime': 20.4672, 'eval_samples_per_second': 977.173, 'eval_steps_per_second': 7.671, 'epoch': 5.0}
{'loss': 0.0014, 'grad_norm': 0.06674636900424957, 'learning_rate': 2.1183605654176364e-05, 'epoch': 5.06}
{'loss': 0.0014, 'grad_norm': 0.3312166631221771, 'learning_rate': 2.0813823239760045e-05, 'epoch': 5.12}
{'loss': 0.0021, 'grad_norm': 0.20130939781665802, 'learning_rate': 2.0441762234282006e-05, 'epoch': 5.19}
{'loss': 0.0014, 'grad_norm': 0.08404868841171265, 'learning_rate': 2.006762227748442e-05, 'epoch': 5.25}
{'loss': 0.0013, 'grad_norm': 0.27890580892562866, 'learning_rate': 1.969160412462898e-05, 'epoch': 5.31}
{'loss': 0.0012, 'grad_norm': 0.0708264410495758, 'learning_rate': 1.9313909538775997e-05, 'epoch': 5.37}
{'loss': 0.0012, 'grad_norm': 0.33388614654541016, 'learning_rate': 1.8934741182522826e-05, 'epoch': 5.43}
{'loss': 0.0014, 'grad_norm': 0.14209336042404175, 'learning_rate': 1.855430250925956e-05, 'epoch': 5.49}
{'loss': 0.0017, 'grad_norm': 0.6502330899238586, 'learning_rate': 1.8172797654000425e-05, 'epoch': 5.56}
{'loss': 0.0018, 'grad_norm': 0.09949927777051926, 'learning_rate': 1.779043132384943e-05, 'epoch': 5.62}
{'loss': 0.0013, 'grad_norm': 0.09628790616989136, 'learning_rate': 1.7407408688159037e-05, 'epoch': 5.68}
{'loss': 0.0011, 'grad_norm': 0.3570997416973114, 'learning_rate': 1.702393526844081e-05, 'epoch': 5.74}
{'loss': 0.0011, 'grad_norm': 0.29464972019195557, 'learning_rate': 1.664021682808708e-05, 'epoch': 5.8}
{'loss': 0.0011, 'grad_norm': 0.46541664004325867, 'learning_rate': 1.625645926196289e-05, 'epoch': 5.86}
{'loss': 0.0012, 'grad_norm': 0.45144888758659363, 'learning_rate': 1.5872868485927268e-05, 'epoch': 5.93}
{'loss': 0.0013, 'grad_norm': 0.4590488374233246, 'learning_rate': 1.548965032634339e-05, 'epoch': 5.99}
{'eval_loss': 0.0009784437716007233, 'eval_score': 0.0015073783898020311, 'eval_err_F': 0.0007264788516509864, 'eval_err_M': 0.001247078543751683, 'eval_err_diff': 0.0005205996921006966, 'eval_mse': 0.0008063156027818309, 'eval_mae': 0.01898716282378391, 'eval_runtime': 20.7467, 'eval_samples_per_second': 964.011, 'eval_steps_per_second': 7.567, 'epoch': 6.0}
{'loss': 0.0013, 'grad_norm': 0.3564954400062561, 'learning_rate': 1.5107010409636626e-05, 'epoch': 6.05}
{'loss': 0.0013, 'grad_norm': 0.19308513402938843, 'learning_rate': 1.4725154051959964e-05, 'epoch': 6.11}
{'loss': 0.0011, 'grad_norm': 0.19375433027744293, 'learning_rate': 1.4344286149025856e-05, 'epoch': 6.17}
{'loss': 0.001, 'grad_norm': 0.10326161235570908, 'learning_rate': 1.3964611066163733e-05, 'epoch': 6.23}
{'loss': 0.0011, 'grad_norm': 0.36062517762184143, 'learning_rate': 1.3586332528662016e-05, 'epoch': 6.3}
{'loss': 0.001, 'grad_norm': 0.20855888724327087, 'learning_rate': 1.3209653512453654e-05, 'epoch': 6.36}
{'loss': 0.0013, 'grad_norm': 0.11997801810503006, 'learning_rate': 1.2834776135203698e-05, 'epoch': 6.42}
{'loss': 0.0014, 'grad_norm': 0.6336027979850769, 'learning_rate': 1.2461901547857396e-05, 'epoch': 6.48}
{'loss': 0.001, 'grad_norm': 0.21614834666252136, 'learning_rate': 1.2091229826707046e-05, 'epoch': 6.54}
{'loss': 0.0009, 'grad_norm': 0.04572058469057083, 'learning_rate': 1.1722959866035448e-05, 'epoch': 6.6}
{'loss': 0.001, 'grad_norm': 0.09732154756784439, 'learning_rate': 1.1357289271393638e-05, 'epoch': 6.67}
{'loss': 0.001, 'grad_norm': 0.13509024679660797, 'learning_rate': 1.0994414253570061e-05, 'epoch': 6.73}
{'loss': 0.001, 'grad_norm': 0.2800162732601166, 'learning_rate': 1.0634529523308216e-05, 'epoch': 6.79}
{'loss': 0.0012, 'grad_norm': 0.25253811478614807, 'learning_rate': 1.027782818682914e-05, 'epoch': 6.85}
{'loss': 0.0011, 'grad_norm': 0.7117137312889099, 'learning_rate': 9.924501642214884e-06, 'epoch': 6.91}
{'loss': 0.0008, 'grad_norm': 0.22395899891853333, 'learning_rate': 9.574739476708481e-06, 'epoch': 6.98}
{'eval_loss': 0.0009066892671398818, 'eval_score': 0.0014134055692161637, 'eval_err_F': 0.0006634189881195339, 'eval_err_M': 0.0011634100421839537, 'eval_err_diff': 0.0004999910540644198, 'eval_mse': 0.0006957650638589153, 'eval_mae': 0.017811793025019323, 'eval_runtime': 31.7884, 'eval_samples_per_second': 629.161, 'eval_steps_per_second': 4.939, 'epoch': 7.0}
{'loss': 0.0008, 'grad_norm': 0.268788605928421, 'learning_rate': 9.228729364985648e-06, 'epoch': 7.04}
{'loss': 0.0008, 'grad_norm': 0.04421169310808182, 'learning_rate': 8.88665696845266e-06, 'epoch': 7.1}
{'loss': 0.0011, 'grad_norm': 0.06279952824115753, 'learning_rate': 8.548705835624518e-06, 'epoch': 7.16}
{'loss': 0.0011, 'grad_norm': 0.21833743155002594, 'learning_rate': 8.21505730363692e-06, 'epoch': 7.22}
{'loss': 0.0008, 'grad_norm': 0.060170408338308334, 'learning_rate': 7.885890400944643e-06, 'epoch': 7.28}
{'loss': 0.0009, 'grad_norm': 0.1059894785284996, 'learning_rate': 7.561381751258941e-06, 'epoch': 7.35}
{'loss': 0.0008, 'grad_norm': 0.08360381424427032, 'learning_rate': 7.2417054787750294e-06, 'epoch': 7.41}
{'loss': 0.0011, 'grad_norm': 0.09129958599805832, 'learning_rate': 6.92703311474097e-06, 'epoch': 7.47}
{'loss': 0.001, 'grad_norm': 0.3453170955181122, 'learning_rate': 6.617533505417729e-06, 'epoch': 7.53}
{'loss': 0.0011, 'grad_norm': 0.09670274704694748, 'learning_rate': 6.313372721480011e-06, 'epoch': 7.59}
{'loss': 0.001, 'grad_norm': 0.10734744369983673, 'learning_rate': 6.014713968906388e-06, 'epoch': 7.65}
{'loss': 0.001, 'grad_norm': 0.0880020260810852, 'learning_rate': 5.7217175014065644e-06, 'epoch': 7.72}
{'loss': 0.0008, 'grad_norm': 0.12481869757175446, 'learning_rate': 5.434540534432765e-06, 'epoch': 7.78}
{'loss': 0.0009, 'grad_norm': 0.1063041090965271, 'learning_rate': 5.15333716082139e-06, 'epoch': 7.84}
{'loss': 0.0008, 'grad_norm': 0.3192826509475708, 'learning_rate': 4.8782582681101915e-06, 'epoch': 7.9}
{'loss': 0.0008, 'grad_norm': 0.14417195320129395, 'learning_rate': 4.609451457575321e-06, 'epoch': 7.96}
{'eval_loss': 0.0007992932805791497, 'eval_score': 0.0012428819461169876, 'eval_err_F': 0.0005730537883806935, 'eval_err_M': 0.0010196058935382228, 'eval_err_diff': 0.0004465521051575293, 'eval_mse': 0.0007642504794305015, 'eval_mae': 0.018474984647049313, 'eval_runtime': 20.8316, 'eval_samples_per_second': 960.08, 'eval_steps_per_second': 7.537, 'epoch': 8.0}
{'loss': 0.0008, 'grad_norm': 0.1548379361629486, 'learning_rate': 4.347060965031789e-06, 'epoch': 8.02}
{'loss': 0.0009, 'grad_norm': 0.10222022980451584, 'learning_rate': 4.09122758343964e-06, 'epoch': 8.09}
{'loss': 0.0008, 'grad_norm': 0.10198339819908142, 'learning_rate': 3.8420885873575955e-06, 'epoch': 8.15}
{'loss': 0.0008, 'grad_norm': 0.05272381380200386, 'learning_rate': 3.5997776592845245e-06, 'epoch': 8.21}
{'loss': 0.0008, 'grad_norm': 0.05550181120634079, 'learning_rate': 3.3644248179283723e-06, 'epoch': 8.27}
{'loss': 0.0011, 'grad_norm': 0.06146854907274246, 'learning_rate': 3.1361563484409774e-06, 'epoch': 8.33}
{'loss': 0.0008, 'grad_norm': 0.04556381329894066, 'learning_rate': 2.915094734656243e-06, 'epoch': 8.4}
{'loss': 0.0007, 'grad_norm': 0.06336615979671478, 'learning_rate': 2.7013585933680093e-06, 'epoch': 8.46}
{'loss': 0.0007, 'grad_norm': 0.29550713300704956, 'learning_rate': 2.495062610682892e-06, 'epoch': 8.52}
{'loss': 0.0008, 'grad_norm': 0.03829056769609451, 'learning_rate': 2.296317480482245e-06, 'epoch': 8.58}
{'loss': 0.0006, 'grad_norm': 0.18360529839992523, 'learning_rate': 2.105229845026253e-06, 'epoch': 8.64}
{'loss': 0.0007, 'grad_norm': 0.04767600819468498, 'learning_rate': 1.9219022377320674e-06, 'epoch': 8.7}
{'loss': 0.0007, 'grad_norm': 0.11853817850351334, 'learning_rate': 1.746433028156594e-06, 'epoch': 8.77}
{'loss': 0.0008, 'grad_norm': 0.36707863211631775, 'learning_rate': 1.5789163692135965e-06, 'epoch': 8.83}
{'loss': 0.0008, 'grad_norm': 0.15998418629169464, 'learning_rate': 1.4194421466532902e-06, 'epoch': 8.89}
{'loss': 0.0008, 'grad_norm': 0.06893527507781982, 'learning_rate': 1.268095930831623e-06, 'epoch': 8.95}
{'eval_loss': 0.0008007659926079214, 'eval_score': 0.0013061185748478856, 'eval_err_F': 0.000551449999096132, 'eval_err_M': 0.0010545623829306345, 'eval_err_diff': 0.0005031123838345025, 'eval_mse': 0.0006616831754207654, 'eval_mae': 0.017006831946684724, 'eval_runtime': 31.135, 'eval_samples_per_second': 642.363, 'eval_steps_per_second': 5.043, 'epoch': 9.0}
{'loss': 0.0008, 'grad_norm': 0.23010405898094177, 'learning_rate': 1.124958930795139e-06, 'epoch': 9.01}
{'loss': 0.0008, 'grad_norm': 0.09631574153900146, 'learning_rate': 9.901079507059525e-07, 'epoch': 9.07}
{'loss': 0.0007, 'grad_norm': 0.26053908467292786, 'learning_rate': 8.636153486303529e-07, 'epoch': 9.14}
{'loss': 0.0007, 'grad_norm': 0.09819119423627853, 'learning_rate': 7.45548997713054e-07, 'epoch': 9.2}
{'loss': 0.0009, 'grad_norm': 0.20406407117843628, 'learning_rate': 6.359722497579562e-07, 'epoch': 9.26}
{'loss': 0.0007, 'grad_norm': 0.056888192892074585, 'learning_rate': 5.349439012349587e-07, 'epoch': 9.32}
{'loss': 0.0008, 'grad_norm': 0.09504710137844086, 'learning_rate': 4.425181617310844e-07, 'epoch': 9.38}
{'loss': 0.0007, 'grad_norm': 0.08454466611146927, 'learning_rate': 3.5874462486278865e-07, 'epoch': 9.44}
{'loss': 0.0008, 'grad_norm': 0.06748854368925095, 'learning_rate': 2.836682416651337e-07, 'epoch': 9.51}
{'loss': 0.0007, 'grad_norm': 0.15525779128074646, 'learning_rate': 2.173292964720499e-07, 'epoch': 9.57}
{'loss': 0.0008, 'grad_norm': 0.03771134838461876, 'learning_rate': 1.5976338530063568e-07, 'epoch': 9.63}
{'loss': 0.0007, 'grad_norm': 0.06690938770771027, 'learning_rate': 1.1100139675113913e-07, 'epoch': 9.69}
{'loss': 0.0006, 'grad_norm': 0.06197474151849747, 'learning_rate': 7.106949543279998e-08, 'epoch': 9.75}
{'loss': 0.0008, 'grad_norm': 0.12085950374603271, 'learning_rate': 3.998910792450578e-08, 'epoch': 9.81}
{'loss': 0.0008, 'grad_norm': 0.038366250693798065, 'learning_rate': 1.777691127775249e-08, 'epoch': 9.88}
{'loss': 0.0008, 'grad_norm': 0.1433161199092865, 'learning_rate': 4.444824068116668e-09, 'epoch': 9.94}
{'loss': 0.0006, 'grad_norm': 0.08484221249818802, 'learning_rate': 0.0, 'epoch': 10.0}
{'eval_loss': 0.0007780184969305992, 'eval_score': 0.001272108458523048, 'eval_err_F': 0.0005329929803445555, 'eval_err_M': 0.0010257366324635505, 'eval_err_diff': 0.000492743652118995, 'eval_mse': 0.0006595347128377535, 'eval_mae': 0.01687754490542666, 'eval_runtime': 20.3511, 'eval_samples_per_second': 982.749, 'eval_steps_per_second': 7.715, 'epoch': 10.0}
[EMA] Swapped EMA weights into model (decay=0.9998)
{'train_runtime': 1927.7201, 'train_samples_per_second': 414.998, 'train_steps_per_second': 4.202, 'train_loss': 0.017588632734101495, 'epoch': 10.0}
[EMA] Swapped EMA weights into model (decay=0.9998)
score=0.00268 | err_diff=0.00100 | loss=0.00168
score=0.00268 | err_diff=0.00100 | loss=0.00168
Saved 30 worst predictions: results/optuna_dinov3-vitb16-3090-v2_trial_12/worst/worst.csv + results/optuna_dinov3-vitb16-3090-v2_trial_12/worst/images
Model saved: models:/m-3c798b23cc2b46b2a78bd50290649c47
Trial 12: score=inf err_F=inf err_M=inf err_diff=inf
Loaded 100,000 samples from data/raw/train.csv
Loaded 100,000 samples from data/raw/train.csv
Train: 80,000 | Val: 20,000
Train: 80,000 | Val: 20,000
PMF ratios test/train (20 bins of 0.025): [0.215, 0.341, 0.567, 0.737, 0.925, 1.079, 1.329, 1.451, 1.634, 1.89, 2.014, 1.945, 1.557, 1.275, 1.335, 0.609, 0.897, 0.067, 0.067, 0.067]
loss_importance_reweight ON (applied in training loss)
eval_importance_reweight ON (eval_score reweighted to test distribution)
Gender reweight: F=1.352, M=0.648 (mean=1.0)
PMF ratios test/train (20 bins of 0.025): [0.215, 0.341, 0.567, 0.737, 0.925, 1.079, 1.329, 1.451, 1.634, 1.89, 2.014, 1.945, 1.557, 1.275, 1.335, 0.609, 0.897, 0.067, 0.067, 0.067]
loss_importance_reweight ON (applied in training loss)
eval_importance_reweight ON (eval_score reweighted to test distribution)
Gender reweight: F=1.352, M=0.648 (mean=1.0)
DINOv3 drop_path_rate=0.19690982814396754 applied (linear 0 → 0.197 across 12 blocks via sample_drop_ratio)
DINOv3 drop_path_rate=0.19690982814396754 applied (linear 0 → 0.197 across 12 blocks via sample_drop_ratio)
Loaded DINOv3 weights: dinov3_vitb16_pretrain_lvd1689m-73cec8be.pth
Loaded DINOv3 weights: dinov3_vitb16_pretrain_lvd1689m-73cec8be.pth
EMA enabled: decay=0.9998, warmup_steps=200
EMA enabled: decay=0.9998, warmup_steps=200
WeightedMSELoss: focal_gamma=0.0, fairness_lambda=0.8053004818622314, importance_reweight=on (mean=1.00), gender_reweight=on (F=1.35, M=0.65)
Training dinov3-vitb16-3090-v2_trial13 (best_metric=eval_score)
WeightedMSELoss: focal_gamma=0.0, fairness_lambda=0.8053004818622314, importance_reweight=on (mean=1.00), gender_reweight=on (F=1.35, M=0.65)
Training dinov3-vitb16-3090-v2_trial13 (best_metric=eval_score)
LLRD: 14 groups, LR ∈ [9.24e-06, 2.44e-05]
LLRD: 14 groups, LR ∈ [9.24e-06, 2.44e-05]
{'loss': 0.4256, 'grad_norm': 13.244888305664062, 'learning_rate': 4.6005801703930213e-07, 'epoch': 0.04}
{'loss': 0.2428, 'grad_norm': 7.088768482208252, 'learning_rate': 9.201160340786043e-07, 'epoch': 0.08}
{'loss': 0.1763, 'grad_norm': 5.314842700958252, 'learning_rate': 1.3801740511179065e-06, 'epoch': 0.12}
{'loss': 0.1739, 'grad_norm': 1.4408302307128906, 'learning_rate': 1.8402320681572085e-06, 'epoch': 0.16}
{'loss': 0.17, 'grad_norm': 1.4020429849624634, 'learning_rate': 2.3002900851965105e-06, 'epoch': 0.2}
{'loss': 0.172, 'grad_norm': 3.2776551246643066, 'learning_rate': 2.760348102235813e-06, 'epoch': 0.24}
{'loss': 0.1688, 'grad_norm': 2.570610284805298, 'learning_rate': 3.220406119275115e-06, 'epoch': 0.28}
{'loss': 0.1682, 'grad_norm': 3.646278142929077, 'learning_rate': 3.680464136314417e-06, 'epoch': 0.32}
{'loss': 0.1696, 'grad_norm': 2.0904123783111572, 'learning_rate': 4.140522153353719e-06, 'epoch': 0.36}
{'loss': 0.1702, 'grad_norm': 1.362501859664917, 'learning_rate': 4.600580170393021e-06, 'epoch': 0.4}
{'loss': 0.1696, 'grad_norm': 0.9545994400978088, 'learning_rate': 5.060638187432323e-06, 'epoch': 0.44}
{'loss': 0.1678, 'grad_norm': 2.214775800704956, 'learning_rate': 5.520696204471626e-06, 'epoch': 0.48}
{'loss': 0.1678, 'grad_norm': 1.5441275835037231, 'learning_rate': 5.980754221510927e-06, 'epoch': 0.52}
{'loss': 0.1669, 'grad_norm': 1.9100967645645142, 'learning_rate': 6.44081223855023e-06, 'epoch': 0.56}
{'loss': 0.1658, 'grad_norm': 6.650859355926514, 'learning_rate': 6.900870255589532e-06, 'epoch': 0.6}
{'loss': 0.1589, 'grad_norm': 1.6502312421798706, 'learning_rate': 7.360928272628834e-06, 'epoch': 0.64}
{'loss': 0.1484, 'grad_norm': 3.204773426055908, 'learning_rate': 7.820986289668136e-06, 'epoch': 0.68}
{'loss': 0.1387, 'grad_norm': 1.8563947677612305, 'learning_rate': 8.281044306707438e-06, 'epoch': 0.72}
{'loss': 0.1281, 'grad_norm': 3.0742874145507812, 'learning_rate': 8.74110232374674e-06, 'epoch': 0.76}
{'loss': 0.1181, 'grad_norm': 10.135332107543945, 'learning_rate': 9.201160340786042e-06, 'epoch': 0.8}
{'loss': 0.1089, 'grad_norm': 1.3864737749099731, 'learning_rate': 9.23736901338781e-06, 'epoch': 0.84}
{'loss': 0.1032, 'grad_norm': 1.2429003715515137, 'learning_rate': 9.235369494532709e-06, 'epoch': 0.88}
{'loss': 0.097, 'grad_norm': 3.5355641841888428, 'learning_rate': 9.231962528722211e-06, 'epoch': 0.92}
{'loss': 0.0939, 'grad_norm': 10.133182525634766, 'learning_rate': 9.227149154674187e-06, 'epoch': 0.96}
{'loss': 0.0805, 'grad_norm': 1.3815662860870361, 'learning_rate': 9.220930839893126e-06, 'epoch': 1.0}
{'eval_loss': 0.01645766571164131, 'eval_score': 0.01548358184441806, 'eval_err_F': 0.013939118384154963, 'eval_err_M': 0.010850191463628771, 'eval_err_diff': 0.0030889269205261922, 'eval_mse': 0.004269813827612655, 'eval_mae': 0.04619127378404082, 'eval_runtime': 21.0147, 'eval_samples_per_second': 951.713, 'eval_steps_per_second': 7.471, 'epoch': 1.0}
{'loss': 0.0824, 'grad_norm': 1.8278459310531616, 'learning_rate': 9.213309480222722e-06, 'epoch': 1.04}
{'loss': 0.0761, 'grad_norm': 1.2940196990966797, 'learning_rate': 9.204287399267877e-06, 'epoch': 1.08}
{'loss': 0.069, 'grad_norm': 1.9962807893753052, 'learning_rate': 9.193867347686274e-06, 'epoch': 1.12}
{'loss': 0.0717, 'grad_norm': 0.7349305152893066, 'learning_rate': 9.182052502349752e-06, 'epoch': 1.16}
{'loss': 0.0656, 'grad_norm': 0.6932050585746765, 'learning_rate': 9.168846465375743e-06, 'epoch': 1.2}
{'loss': 0.0625, 'grad_norm': 1.4788488149642944, 'learning_rate': 9.154253263029053e-06, 'epoch': 1.24}
{'loss': 0.0624, 'grad_norm': 5.441704750061035, 'learning_rate': 9.138277344494338e-06, 'epoch': 1.28}
{'loss': 0.0612, 'grad_norm': 4.517872333526611, 'learning_rate': 9.120923580519627e-06, 'epoch': 1.32}
{'loss': 0.0597, 'grad_norm': 0.8062110543251038, 'learning_rate': 9.10219726193133e-06, 'epoch': 1.36}
{'loss': 0.057, 'grad_norm': 2.445582389831543, 'learning_rate': 9.082104098021163e-06, 'epoch': 1.4}
{'loss': 0.0542, 'grad_norm': 1.5641123056411743, 'learning_rate': 9.060650214805498e-06, 'epoch': 1.44}
{'loss': 0.0542, 'grad_norm': 3.366393804550171, 'learning_rate': 9.037842153157663e-06, 'epoch': 1.48}
{'loss': 0.0536, 'grad_norm': 0.5712882280349731, 'learning_rate': 9.013686866813753e-06, 'epoch': 1.52}
{'loss': 0.0505, 'grad_norm': 6.166463375091553, 'learning_rate': 8.988191720252563e-06, 'epoch': 1.56}
{'loss': 0.0492, 'grad_norm': 0.5546147227287292, 'learning_rate': 8.961364486450319e-06, 'epoch': 1.6}
{'loss': 0.0508, 'grad_norm': 0.9701103568077087, 'learning_rate': 8.93321334451083e-06, 'epoch': 1.64}
{'loss': 0.0446, 'grad_norm': 1.3589866161346436, 'learning_rate': 8.903746877171848e-06, 'epoch': 1.68}
{'loss': 0.0445, 'grad_norm': 1.6853303909301758, 'learning_rate': 8.872974068188358e-06, 'epoch': 1.72}
{'loss': 0.0467, 'grad_norm': 1.3312485218048096, 'learning_rate': 8.840904299593598e-06, 'epoch': 1.76}
{'loss': 0.0432, 'grad_norm': 1.8769197463989258, 'learning_rate': 8.807547348838663e-06, 'epoch': 1.8}
{'loss': 0.0404, 'grad_norm': 0.8606207966804504, 'learning_rate': 8.77291338581155e-06, 'epoch': 1.84}
{'loss': 0.0391, 'grad_norm': 0.7429865598678589, 'learning_rate': 8.737012969736563e-06, 'epoch': 1.88}
{'loss': 0.0388, 'grad_norm': 1.2447742223739624, 'learning_rate': 8.699857045954992e-06, 'epoch': 1.92}
{'loss': 0.037, 'grad_norm': 0.9143909811973572, 'learning_rate': 8.66145694258811e-06, 'epoch': 1.96}
{'loss': 0.0386, 'grad_norm': 1.082146406173706, 'learning_rate': 8.62182436708343e-06, 'epoch': 2.0}
{'eval_loss': 0.006400635465979576, 'eval_score': 0.005019207784415202, 'eval_err_F': 0.0043961568514915995, 'eval_err_M': 0.004811524140107335, 'eval_err_diff': 0.0004153672886157353, 'eval_mse': 0.0023351435670138946, 'eval_mae': 0.03870428959732817, 'eval_runtime': 20.9292, 'eval_samples_per_second': 955.605, 'eval_steps_per_second': 7.501, 'epoch': 2.0}
{'loss': 0.0386, 'grad_norm': 0.941072404384613, 'learning_rate': 8.58097140264535e-06, 'epoch': 2.04}
{'loss': 0.0365, 'grad_norm': 1.3473659753799438, 'learning_rate': 8.538910504551209e-06, 'epoch': 2.08}
{'loss': 0.0345, 'grad_norm': 1.188014030456543, 'learning_rate': 8.495654496353906e-06, 'epoch': 2.12}
{'loss': 0.0331, 'grad_norm': 1.9672306776046753, 'learning_rate': 8.451216565972264e-06, 'epoch': 2.16}
{'loss': 0.0312, 'grad_norm': 2.7849695682525635, 'learning_rate': 8.405610261670274e-06, 'epoch': 2.2}
{'loss': 0.0326, 'grad_norm': 1.5930843353271484, 'learning_rate': 8.358849487926502e-06, 'epoch': 2.24}
{'loss': 0.0283, 'grad_norm': 1.996909499168396, 'learning_rate': 8.310948501194877e-06, 'epoch': 2.28}
{'loss': 0.0264, 'grad_norm': 1.5290169715881348, 'learning_rate': 8.261921905558178e-06, 'epoch': 2.32}
{'loss': 0.0273, 'grad_norm': 0.27353495359420776, 'learning_rate': 8.21178464827553e-06, 'epoch': 2.36}
{'loss': 0.0261, 'grad_norm': 1.6216539144515991, 'learning_rate': 8.160552015225275e-06, 'epoch': 2.4}
{'loss': 0.0259, 'grad_norm': 3.9621427059173584, 'learning_rate': 8.108239626244605e-06, 'epoch': 2.44}
{'loss': 0.0253, 'grad_norm': 1.4875248670578003, 'learning_rate': 8.054863430367373e-06, 'epoch': 2.48}
{'loss': 0.0251, 'grad_norm': 0.4266727864742279, 'learning_rate': 8.000439700961542e-06, 'epoch': 2.52}
{'loss': 0.0273, 'grad_norm': 0.9478108286857605, 'learning_rate': 7.944985030767757e-06, 'epoch': 2.56}
{'loss': 0.0241, 'grad_norm': 0.9628016352653503, 'learning_rate': 7.888516326840532e-06, 'epoch': 2.6}
{'loss': 0.0228, 'grad_norm': 2.4334287643432617, 'learning_rate': 7.831050805393621e-06, 'epoch': 2.64}
{'loss': 0.0225, 'grad_norm': 1.302223801612854, 'learning_rate': 7.772605986551121e-06, 'epoch': 2.68}
{'loss': 0.0232, 'grad_norm': 2.9893791675567627, 'learning_rate': 7.71319968900594e-06, 'epoch': 2.72}
{'loss': 0.0231, 'grad_norm': 2.778069496154785, 'learning_rate': 7.652850024587209e-06, 'epoch': 2.76}
{'loss': 0.0222, 'grad_norm': 1.399086356163025, 'learning_rate': 7.591575392738339e-06, 'epoch': 2.8}
{'loss': 0.0207, 'grad_norm': 3.2293009757995605, 'learning_rate': 7.529394474907393e-06, 'epoch': 2.84}
{'loss': 0.0211, 'grad_norm': 1.3589168787002563, 'learning_rate': 7.46632622885147e-06, 'epoch': 2.88}
{'loss': 0.0206, 'grad_norm': 0.5664499998092651, 'learning_rate': 7.402389882856853e-06, 'epoch': 2.92}
{'loss': 0.0203, 'grad_norm': 1.5704888105392456, 'learning_rate': 7.337604929876675e-06, 'epoch': 2.96}
{'loss': 0.0179, 'grad_norm': 1.3441649675369263, 'learning_rate': 7.2719911215879005e-06, 'epoch': 3.0}
{'eval_loss': 0.0033860737457871437, 'eval_score': 0.0029491785026857517, 'eval_err_F': 0.0018363218328100483, 'eval_err_M': 0.0025782262793938504, 'eval_err_diff': 0.0007419044465838021, 'eval_mse': 0.0021389977846439662, 'eval_mae': 0.03769055541125999, 'eval_runtime': 20.8638, 'eval_samples_per_second': 958.596, 'eval_steps_per_second': 7.525, 'epoch': 3.0}
{'loss': 0.0206, 'grad_norm': 0.8362994194030762, 'learning_rate': 7.205568462369414e-06, 'epoch': 3.04}
{'loss': 0.021, 'grad_norm': 2.1454930305480957, 'learning_rate': 7.138357203203085e-06, 'epoch': 3.08}
{'loss': 0.0196, 'grad_norm': 1.4347243309020996, 'learning_rate': 7.0703778354996176e-06, 'epoch': 3.12}
{'loss': 0.0194, 'grad_norm': 0.3730489909648895, 'learning_rate': 7.0016510848511345e-06, 'epoch': 3.16}
{'loss': 0.0194, 'grad_norm': 1.1500232219696045, 'learning_rate': 6.932197904712336e-06, 'epoch': 3.2}
{'loss': 0.0193, 'grad_norm': 1.6562007665634155, 'learning_rate': 6.862039470012199e-06, 'epoch': 3.24}
{'loss': 0.0178, 'grad_norm': 2.355283498764038, 'learning_rate': 6.791197170698153e-06, 'epoch': 3.28}
{'loss': 0.0183, 'grad_norm': 1.6737134456634521, 'learning_rate': 6.719692605214694e-06, 'epoch': 3.32}
{'loss': 0.0183, 'grad_norm': 0.9930323362350464, 'learning_rate': 6.64754757391845e-06, 'epoch': 3.36}
{'loss': 0.0187, 'grad_norm': 0.8196112513542175, 'learning_rate': 6.574784072431658e-06, 'epoch': 3.4}
{'loss': 0.0179, 'grad_norm': 0.7801300287246704, 'learning_rate': 6.501424284936138e-06, 'epoch': 3.44}
{'loss': 0.0188, 'grad_norm': 0.8182850480079651, 'learning_rate': 6.427490577409761e-06, 'epoch': 3.48}
{'loss': 0.0196, 'grad_norm': 0.9474939703941345, 'learning_rate': 6.353005490807494e-06, 'epoch': 3.52}
{'loss': 0.0184, 'grad_norm': 0.5324534177780151, 'learning_rate': 6.277991734189101e-06, 'epoch': 3.56}
{'loss': 0.0186, 'grad_norm': 1.3661836385726929, 'learning_rate': 6.202472177795596e-06, 'epoch': 3.6}
{'loss': 0.0173, 'grad_norm': 0.8360862135887146, 'learning_rate': 6.126469846076535e-06, 'epoch': 3.64}
{'loss': 0.0169, 'grad_norm': 1.2490544319152832, 'learning_rate': 6.050007910670328e-06, 'epoch': 3.68}
{'loss': 0.0171, 'grad_norm': 1.719910740852356, 'learning_rate': 5.9731096833396375e-06, 'epoch': 3.72}
{'loss': 0.0173, 'grad_norm': 0.828578531742096, 'learning_rate': 5.895798608864081e-06, 'epoch': 3.76}
{'loss': 0.0163, 'grad_norm': 0.9737040400505066, 'learning_rate': 5.818098257892375e-06, 'epoch': 3.8}
{'loss': 0.0178, 'grad_norm': 1.0109994411468506, 'learning_rate': 5.740032319756094e-06, 'epoch': 3.84}
{'loss': 0.0174, 'grad_norm': 0.34393632411956787, 'learning_rate': 5.661624595247258e-06, 'epoch': 3.88}
{'loss': 0.0161, 'grad_norm': 1.692028284072876, 'learning_rate': 5.582898989361929e-06, 'epoch': 3.92}
{'loss': 0.0179, 'grad_norm': 0.7926283478736877, 'learning_rate': 5.503879504012042e-06, 'epoch': 3.96}
{'loss': 0.0168, 'grad_norm': 1.3666210174560547, 'learning_rate': 5.424590230707689e-06, 'epoch': 4.0}
{'eval_loss': 0.0029139902908354998, 'eval_score': 0.002397202741747407, 'eval_err_F': 0.0016289703006387296, 'eval_err_M': 0.002141125261377848, 'eval_err_diff': 0.0005121549607391184, 'eval_mse': 0.0025149107630904164, 'eval_mae': 0.04120497134966718, 'eval_runtime': 20.901, 'eval_samples_per_second': 956.891, 'eval_steps_per_second': 7.512, 'epoch': 4.0}
{'loss': 0.0169, 'grad_norm': 1.6329314708709717, 'learning_rate': 5.345055343212077e-06, 'epoch': 4.04}
{'loss': 0.0154, 'grad_norm': 0.670312225818634, 'learning_rate': 5.265299090171424e-06, 'epoch': 4.08}
{'loss': 0.016, 'grad_norm': 0.9076217412948608, 'learning_rate': 5.185345787722016e-06, 'epoch': 4.12}
{'loss': 0.0147, 'grad_norm': 1.111488699913025, 'learning_rate': 5.1052198120766846e-06, 'epoch': 4.16}
{'loss': 0.0142, 'grad_norm': 0.29886505007743835, 'learning_rate': 5.02494559209297e-06, 'epoch': 4.2}
{'loss': 0.0136, 'grad_norm': 0.6735210418701172, 'learning_rate': 4.944547601825242e-06, 'epoch': 4.24}
{'loss': 0.0127, 'grad_norm': 0.788236141204834, 'learning_rate': 4.864050353063033e-06, 'epoch': 4.28}
{'loss': 0.0122, 'grad_norm': 1.2372840642929077, 'learning_rate': 4.7834783878578645e-06, 'epoch': 4.32}
{'loss': 0.0111, 'grad_norm': 1.0123788118362427, 'learning_rate': 4.702856271040857e-06, 'epoch': 4.36}
{'loss': 0.0114, 'grad_norm': 0.6775373816490173, 'learning_rate': 4.622208582733382e-06, 'epoch': 4.4}
{'loss': 0.0099, 'grad_norm': 0.7195776104927063, 'learning_rate': 4.541559910853064e-06, 'epoch': 4.44}
{'loss': 0.0095, 'grad_norm': 0.6328162550926208, 'learning_rate': 4.460934843617403e-06, 'epoch': 4.48}
{'loss': 0.009, 'grad_norm': 0.4596594572067261, 'learning_rate': 4.380357962047298e-06, 'epoch': 4.52}
{'loss': 0.0097, 'grad_norm': 0.5582252144813538, 'learning_rate': 4.299853832472769e-06, 'epoch': 4.56}
{'loss': 0.01, 'grad_norm': 3.0344276428222656, 'learning_rate': 4.219446999043168e-06, 'epoch': 4.6}
{'loss': 0.0085, 'grad_norm': 1.5006121397018433, 'learning_rate': 4.139161976244135e-06, 'epoch': 4.64}
{'loss': 0.0082, 'grad_norm': 0.29452890157699585, 'learning_rate': 4.059023241423606e-06, 'epoch': 4.68}
{'loss': 0.0091, 'grad_norm': 1.407509446144104, 'learning_rate': 3.979055227329149e-06, 'epoch': 4.72}
{'loss': 0.0078, 'grad_norm': 0.5407767295837402, 'learning_rate': 3.899282314658894e-06, 'epoch': 4.76}
{'loss': 0.0078, 'grad_norm': 1.0924540758132935, 'learning_rate': 3.81972882462832e-06, 'epoch': 4.8}
{'loss': 0.0079, 'grad_norm': 0.7081388831138611, 'learning_rate': 3.7404190115551973e-06, 'epoch': 4.84}
{'loss': 0.0077, 'grad_norm': 0.7075697779655457, 'learning_rate': 3.6613770554649157e-06, 'epoch': 4.88}
{'loss': 0.0069, 'grad_norm': 0.29530608654022217, 'learning_rate': 3.5826270547184596e-06, 'epoch': 4.92}
{'loss': 0.0071, 'grad_norm': 1.1683483123779297, 'learning_rate': 3.5041930186652806e-06, 'epoch': 4.96}
{'loss': 0.008, 'grad_norm': 1.0670825242996216, 'learning_rate': 3.4260988603233233e-06, 'epoch': 5.0}
{'eval_loss': 0.003192835720255971, 'eval_score': 0.0023831743204890884, 'eval_err_F': 0.00207770138089137, 'eval_err_M': 0.002281350007289849, 'eval_err_diff': 0.00020364862639847894, 'eval_mse': 0.003035631135059807, 'eval_mae': 0.04655045842459367, 'eval_runtime': 20.9307, 'eval_samples_per_second': 955.534, 'eval_steps_per_second': 7.501, 'epoch': 5.0}
{'loss': 0.0082, 'grad_norm': 0.6133502721786499, 'learning_rate': 3.348368389088401e-06, 'epoch': 5.04}
{'loss': 0.0077, 'grad_norm': 0.5915082693099976, 'learning_rate': 3.2710253034751737e-06, 'epoch': 5.08}
{'loss': 0.0079, 'grad_norm': 0.714479923248291, 'learning_rate': 3.194093183891931e-06, 'epoch': 5.12}
{'loss': 0.0072, 'grad_norm': 1.0598238706588745, 'learning_rate': 3.1175954854513856e-06, 'epoch': 5.16}
{'loss': 0.0068, 'grad_norm': 1.268857479095459, 'learning_rate': 3.041555530819655e-06, 'epoch': 5.2}
{'loss': 0.0071, 'grad_norm': 1.9814435243606567, 'learning_rate': 2.9659965031056426e-06, 'epoch': 5.24}
{'loss': 0.0063, 'grad_norm': 0.5053073167800903, 'learning_rate': 2.890941438792949e-06, 'epoch': 5.28}
{'loss': 0.0062, 'grad_norm': 0.5842216610908508, 'learning_rate': 2.816413220716505e-06, 'epoch': 5.32}
{'loss': 0.006, 'grad_norm': 0.726585865020752, 'learning_rate': 2.742434571086021e-06, 'epoch': 5.36}
{'loss': 0.0064, 'grad_norm': 0.38820672035217285, 'learning_rate': 2.6690280445584444e-06, 'epoch': 5.4}
{'loss': 0.0069, 'grad_norm': 0.7890454530715942, 'learning_rate': 2.5962160213614724e-06, 'epoch': 5.44}
{'loss': 0.0069, 'grad_norm': 0.7324378490447998, 'learning_rate': 2.5240207004702486e-06, 'epoch': 5.48}
{'loss': 0.0064, 'grad_norm': 0.2905690371990204, 'learning_rate': 2.4524640928393393e-06, 'epoch': 5.52}
{'loss': 0.0063, 'grad_norm': 0.5704313516616821, 'learning_rate': 2.3815680146920103e-06, 'epoch': 5.56}
{'loss': 0.0068, 'grad_norm': 0.9142331480979919, 'learning_rate': 2.311354080868885e-06, 'epoch': 5.6}
{'loss': 0.0064, 'grad_norm': 0.40556004643440247, 'learning_rate': 2.241843698238e-06, 'epoch': 5.64}
{'loss': 0.006, 'grad_norm': 0.5578835010528564, 'learning_rate': 2.1730580591682635e-06, 'epoch': 5.68}
{'loss': 0.0064, 'grad_norm': 1.6568058729171753, 'learning_rate': 2.105018135068314e-06, 'epoch': 5.72}
{'loss': 0.0054, 'grad_norm': 0.5901785492897034, 'learning_rate': 2.0377446699927435e-06, 'epoch': 5.76}
{'loss': 0.0064, 'grad_norm': 0.5057535767555237, 'learning_rate': 1.971258174317639e-06, 'epoch': 5.8}
{'loss': 0.0061, 'grad_norm': 0.23522651195526123, 'learning_rate': 1.9055789184873641e-06, 'epoch': 5.84}
{'loss': 0.0063, 'grad_norm': 0.7311771512031555, 'learning_rate': 1.8407269268344918e-06, 'epoch': 5.88}
{'loss': 0.0058, 'grad_norm': 1.575426697731018, 'learning_rate': 1.7767219714747773e-06, 'epoch': 5.92}
{'loss': 0.0057, 'grad_norm': 0.3054395914077759, 'learning_rate': 1.7135835662790225e-06, 'epoch': 5.96}
{'loss': 0.0058, 'grad_norm': 0.9051215052604675, 'learning_rate': 1.6513309609236723e-06, 'epoch': 6.0}
{'eval_loss': 0.002696106443181634, 'eval_score': 0.0025567641768214607, 'eval_err_F': 0.001283677658435945, 'eval_err_M': 0.0021324020040262887, 'eval_err_diff': 0.0008487243455903436, 'eval_mse': 0.0016385001592111187, 'eval_mae': 0.03288767916677462, 'eval_runtime': 30.8404, 'eval_samples_per_second': 648.501, 'eval_steps_per_second': 5.091, 'epoch': 6.0}
{'loss': 0.006, 'grad_norm': 0.6295397281646729, 'learning_rate': 1.5899831350219612e-06, 'epoch': 6.04}
{'loss': 0.0058, 'grad_norm': 0.38209614157676697, 'learning_rate': 1.5295587923374028e-06, 'epoch': 6.08}
{'loss': 0.006, 'grad_norm': 0.5717391967773438, 'learning_rate': 1.470076355081363e-06, 'epoch': 6.12}
{'loss': 0.0051, 'grad_norm': 0.7449420690536499, 'learning_rate': 1.4115539582964971e-06, 'epoch': 6.16}
{'loss': 0.0054, 'grad_norm': 0.2311779260635376, 'learning_rate': 1.3540094443277198e-06, 'epoch': 6.2}
{'loss': 0.0057, 'grad_norm': 0.39869052171707153, 'learning_rate': 1.2974603573824254e-06, 'epoch': 6.24}
{'loss': 0.0057, 'grad_norm': 1.5308023691177368, 'learning_rate': 1.2419239381815877e-06, 'epoch': 6.28}
{'loss': 0.0057, 'grad_norm': 1.1422170400619507, 'learning_rate': 1.187417118703411e-06, 'epoch': 6.32}
{'loss': 0.0057, 'grad_norm': 0.6829971671104431, 'learning_rate': 1.1339565170210913e-06, 'epoch': 6.36}
{'loss': 0.0056, 'grad_norm': 0.3656049072742462, 'learning_rate': 1.0815584322362855e-06, 'epoch': 6.4}
{'loss': 0.0055, 'grad_norm': 0.8370108008384705, 'learning_rate': 1.0302388395098417e-06, 'epoch': 6.44}
{'loss': 0.0058, 'grad_norm': 0.5195664167404175, 'learning_rate': 9.8001338519127e-07, 'epoch': 6.48}
{'loss': 0.0055, 'grad_norm': 0.6465871334075928, 'learning_rate': 9.308973820484785e-07, 'epoch': 6.52}
{'loss': 0.0056, 'grad_norm': 0.3792760372161865, 'learning_rate': 8.829058045992092e-07, 'epoch': 6.56}
{'loss': 0.0052, 'grad_norm': 0.38346225023269653, 'learning_rate': 8.360532845455953e-07, 'epoch': 6.6}
{'loss': 0.0055, 'grad_norm': 0.8178644776344299, 'learning_rate': 7.903541063132388e-07, 'epoch': 6.64}
{'loss': 0.006, 'grad_norm': 0.5430397987365723, 'learning_rate': 7.458222026961666e-07, 'epoch': 6.68}
{'loss': 0.0055, 'grad_norm': 0.4994335174560547, 'learning_rate': 7.02471150608991e-07, 'epoch': 6.72}
{'loss': 0.0056, 'grad_norm': 0.2286073863506317, 'learning_rate': 6.603141669475737e-07, 'epoch': 6.76}
{'loss': 0.0054, 'grad_norm': 0.3311272859573364, 'learning_rate': 6.193641045594428e-07, 'epoch': 6.8}
{'loss': 0.0052, 'grad_norm': 1.1806833744049072, 'learning_rate': 5.796334483252191e-07, 'epoch': 6.84}
{'loss': 0.0056, 'grad_norm': 0.7004808783531189, 'learning_rate': 5.411343113522143e-07, 'epoch': 6.88}
{'loss': 0.0062, 'grad_norm': 0.4070233106613159, 'learning_rate': 5.038784312813714e-07, 'epoch': 6.92}
{'loss': 0.006, 'grad_norm': 0.5478254556655884, 'learning_rate': 4.6787716670869756e-07, 'epoch': 6.96}
{'loss': 0.0055, 'grad_norm': 1.1003472805023193, 'learning_rate': 4.3314149372224005e-07, 'epoch': 7.0}
{'eval_loss': 0.0024135070852935314, 'eval_score': 0.0022286866585139375, 'eval_err_F': 0.0011638885326164653, 'eval_err_M': 0.0018737539498814466, 'eval_err_diff': 0.0007098654172649813, 'eval_mse': 0.0016807417545032664, 'eval_mae': 0.03309585118709074, 'eval_runtime': 20.6045, 'eval_samples_per_second': 970.662, 'eval_steps_per_second': 7.62, 'epoch': 7.0}
{'loss': 0.0055, 'grad_norm': 0.5690882205963135, 'learning_rate': 3.996820025556937e-07, 'epoch': 7.04}
{'loss': 0.0057, 'grad_norm': 0.38101282715797424, 'learning_rate': 3.6750889435964013e-07, 'epoch': 7.08}
{'loss': 0.0051, 'grad_norm': 1.3379433155059814, 'learning_rate': 3.366319780914191e-07, 'epoch': 7.12}
{'loss': 0.0053, 'grad_norm': 0.5900105237960815, 'learning_rate': 3.070606675245651e-07, 'epoch': 7.16}
{'loss': 0.0055, 'grad_norm': 0.32660478353500366, 'learning_rate': 2.7880397837872676e-07, 'epoch': 7.2}
{'loss': 0.0052, 'grad_norm': 0.5934075713157654, 'learning_rate': 2.518705255709559e-07, 'epoch': 7.24}
{'loss': 0.0051, 'grad_norm': 1.4791487455368042, 'learning_rate': 2.262685205891807e-07, 'epoch': 7.28}
{'loss': 0.0047, 'grad_norm': 0.5245242118835449, 'learning_rate': 2.0200576898868512e-07, 'epoch': 7.32}
{'loss': 0.0054, 'grad_norm': 1.3496845960617065, 'learning_rate': 1.7908966801234287e-07, 'epoch': 7.36}
{'loss': 0.005, 'grad_norm': 0.9889880418777466, 'learning_rate': 1.575272043353465e-07, 'epoch': 7.4}
{'loss': 0.005, 'grad_norm': 0.41516321897506714, 'learning_rate': 1.3732495193509984e-07, 'epoch': 7.44}
{'loss': 0.0056, 'grad_norm': 0.5692346692085266, 'learning_rate': 1.1848907008694264e-07, 'epoch': 7.48}
{'loss': 0.0053, 'grad_norm': 0.9012507200241089, 'learning_rate': 1.0102530148630905e-07, 'epoch': 7.52}
{'loss': 0.0053, 'grad_norm': 2.0153586864471436, 'learning_rate': 8.49389704978866e-08, 'epoch': 7.56}
{'loss': 0.0053, 'grad_norm': 0.8654466867446899, 'learning_rate': 7.023498153232188e-08, 'epoch': 7.6}
{'loss': 0.0053, 'grad_norm': 1.02167809009552, 'learning_rate': 5.691781755096289e-08, 'epoch': 7.64}
{'loss': 0.0056, 'grad_norm': 0.2869349718093872, 'learning_rate': 4.4991538699089394e-08, 'epoch': 7.68}
{'loss': 0.0052, 'grad_norm': 0.40645068883895874, 'learning_rate': 3.445978106805301e-08, 'epoch': 7.72}
{'loss': 0.0054, 'grad_norm': 0.4152800738811493, 'learning_rate': 2.5325755586703346e-08, 'epoch': 7.76}
{'loss': 0.0046, 'grad_norm': 0.5126966238021851, 'learning_rate': 1.7592247042439255e-08, 'epoch': 7.8}
{'loss': 0.005, 'grad_norm': 0.766956627368927, 'learning_rate': 1.1261613232180454e-08, 'epoch': 7.84}
{'loss': 0.0054, 'grad_norm': 0.4149746000766754, 'learning_rate': 6.33578424352011e-09, 'epoch': 7.88}
{'loss': 0.0053, 'grad_norm': 0.7839557528495789, 'learning_rate': 2.816261866278889e-09, 'epoch': 7.92}
{'loss': 0.0053, 'grad_norm': 0.9310735464096069, 'learning_rate': 7.041191346404166e-10, 'epoch': 7.96}
{'loss': 0.0054, 'grad_norm': 0.4151793122291565, 'learning_rate': 0.0, 'epoch': 8.0}
{'eval_loss': 0.0025560809299349785, 'eval_score': 0.0023814374071974478, 'eval_err_F': 0.0012303036306721277, 'eval_err_M': 0.0019977261483556745, 'eval_err_diff': 0.0007674225176835469, 'eval_mse': 0.0015531045008378137, 'eval_mae': 0.03161247104151116, 'eval_runtime': 20.4634, 'eval_samples_per_second': 977.354, 'eval_steps_per_second': 7.672, 'epoch': 8.0}
[EMA] Swapped EMA weights into model (decay=0.9998)
{'train_runtime': 2270.7973, 'train_samples_per_second': 281.839, 'train_steps_per_second': 4.404, 'train_loss': 0.03609324207603931, 'epoch': 8.0}
[EMA] Swapped EMA weights into model (decay=0.9998)
score=0.00313 | err_diff=0.00110 | loss=0.00325
score=0.00313 | err_diff=0.00110 | loss=0.00325
Saved 30 worst predictions: results/optuna_dinov3-vitb16-3090-v2_trial_13/worst/worst.csv + results/optuna_dinov3-vitb16-3090-v2_trial_13/worst/images
Model saved: models:/m-cfe5d23538c44eb68134115dbe99fff4
Trial 13: score=inf err_F=inf err_M=inf err_diff=inf
Loaded 100,000 samples from data/raw/train.csv
Loaded 100,000 samples from data/raw/train.csv
Train: 80,000 | Val: 20,000
Train: 80,000 | Val: 20,000
Sampler 'occlusion': 10 groups, 80000 samples/epoch
PMF ratios test/train (20 bins of 0.025): [0.215, 0.339, 0.566, 0.732, 0.923, 1.076, 1.318, 1.448, 1.633, 1.888, 1.91, 1.941, 1.616, 1.33, 1.301, 0.621, 0.942, 0.067, 0.067, 0.067]
eval_importance_reweight ON (eval_score reweighted to test distribution)
Sampler 'occlusion': 10 groups, 80000 samples/epoch
PMF ratios test/train (20 bins of 0.025): [0.215, 0.339, 0.566, 0.732, 0.923, 1.076, 1.318, 1.448, 1.633, 1.888, 1.91, 1.941, 1.616, 1.33, 1.301, 0.621, 0.942, 0.067, 0.067, 0.067]
eval_importance_reweight ON (eval_score reweighted to test distribution)
Gender reweight: F=1.352, M=0.648 (mean=1.0)
Gender reweight: F=1.352, M=0.648 (mean=1.0)
DINOv3 drop_path_rate=0.08483637032180874 applied (linear 0 → 0.085 across 12 blocks via sample_drop_ratio)
DINOv3 drop_path_rate=0.08483637032180874 applied (linear 0 → 0.085 across 12 blocks via sample_drop_ratio)
Loaded DINOv3 weights: dinov3_vitb16_pretrain_lvd1689m-73cec8be.pth
Loaded DINOv3 weights: dinov3_vitb16_pretrain_lvd1689m-73cec8be.pth
EMA enabled: decay=0.9998, warmup_steps=200
WeightedMSELoss: focal_gamma=0.0, fairness_lambda=1.0845940249724189, gender_reweight=on (F=1.35, M=0.65)
Training dinov3-vitb16-3090-v2_trial14 (best_metric=eval_score)
EMA enabled: decay=0.9998, warmup_steps=200
WeightedMSELoss: focal_gamma=0.0, fairness_lambda=1.0845940249724189, gender_reweight=on (F=1.35, M=0.65)
Training dinov3-vitb16-3090-v2_trial14 (best_metric=eval_score)
LLRD: 14 groups, LR ∈ [3.46e-05, 1.92e-04]
LLRD: 14 groups, LR ∈ [3.46e-05, 1.92e-04]
{'loss': 0.3964, 'grad_norm': 4.907846927642822, 'learning_rate': 8.696793496585139e-07, 'epoch': 0.04}
{'loss': 0.1492, 'grad_norm': 0.844100832939148, 'learning_rate': 1.7393586993170277e-06, 'epoch': 0.08}
{'loss': 0.135, 'grad_norm': 2.3471360206604004, 'learning_rate': 2.6090380489755417e-06, 'epoch': 0.12}
{'loss': 0.135, 'grad_norm': 1.209161639213562, 'learning_rate': 3.4787173986340555e-06, 'epoch': 0.16}
{'loss': 0.132, 'grad_norm': 1.9774092435836792, 'learning_rate': 4.34839674829257e-06, 'epoch': 0.2}
{'loss': 0.1253, 'grad_norm': 1.7305327653884888, 'learning_rate': 5.218076097951083e-06, 'epoch': 0.24}
{'loss': 0.1091, 'grad_norm': 3.5959668159484863, 'learning_rate': 6.087755447609597e-06, 'epoch': 0.28}
{'loss': 0.0952, 'grad_norm': 3.0819504261016846, 'learning_rate': 6.957434797268111e-06, 'epoch': 0.32}
{'loss': 0.0874, 'grad_norm': 1.0902845859527588, 'learning_rate': 7.827114146926625e-06, 'epoch': 0.36}
{'loss': 0.0804, 'grad_norm': 5.289114952087402, 'learning_rate': 8.69679349658514e-06, 'epoch': 0.4}
{'loss': 0.0757, 'grad_norm': 2.120147943496704, 'learning_rate': 9.566472846243654e-06, 'epoch': 0.44}
{'loss': 0.0841, 'grad_norm': 5.772392749786377, 'learning_rate': 1.0436152195902167e-05, 'epoch': 0.48}
{'loss': 0.0812, 'grad_norm': 1.5674035549163818, 'learning_rate': 1.130583154556068e-05, 'epoch': 0.52}
{'loss': 0.0711, 'grad_norm': 5.773168563842773, 'learning_rate': 1.2175510895219194e-05, 'epoch': 0.56}
{'loss': 0.0673, 'grad_norm': 0.5196503400802612, 'learning_rate': 1.3045190244877707e-05, 'epoch': 0.6}
{'loss': 0.0679, 'grad_norm': 4.700657367706299, 'learning_rate': 1.3914869594536222e-05, 'epoch': 0.64}
{'loss': 0.0666, 'grad_norm': 1.1063649654388428, 'learning_rate': 1.4784548944194736e-05, 'epoch': 0.68}
{'loss': 0.0621, 'grad_norm': 1.1569809913635254, 'learning_rate': 1.565422829385325e-05, 'epoch': 0.72}
{'loss': 0.0627, 'grad_norm': 2.7897541522979736, 'learning_rate': 1.6523907643511766e-05, 'epoch': 0.76}
{'loss': 0.0601, 'grad_norm': 1.4045441150665283, 'learning_rate': 1.739358699317028e-05, 'epoch': 0.8}
{'loss': 0.0501, 'grad_norm': 1.1300524473190308, 'learning_rate': 1.826326634282879e-05, 'epoch': 0.84}
{'loss': 0.0368, 'grad_norm': 1.6988327503204346, 'learning_rate': 1.9132945692487308e-05, 'epoch': 0.88}
{'loss': 0.0335, 'grad_norm': 1.4710386991500854, 'learning_rate': 2.000262504214582e-05, 'epoch': 0.92}
{'loss': 0.0305, 'grad_norm': 4.251242160797119, 'learning_rate': 2.0872304391804334e-05, 'epoch': 0.96}
{'loss': 0.0226, 'grad_norm': 1.5848780870437622, 'learning_rate': 2.174198374146285e-05, 'epoch': 1.0}
{'eval_loss': 0.00994036067277193, 'eval_score': 0.008571915359676281, 'eval_err_F': 0.005748366554032149, 'eval_err_M': 0.00763073242446157, 'eval_err_diff': 0.0018823658704294217, 'eval_mse': 0.0024107398140959654, 'eval_mae': 0.03394990202155477, 'eval_runtime': 20.8951, 'eval_samples_per_second': 957.164, 'eval_steps_per_second': 7.514, 'epoch': 1.0}
{'loss': 0.023, 'grad_norm': 0.5463578701019287, 'learning_rate': 2.261166309112136e-05, 'epoch': 1.04}
{'loss': 0.0235, 'grad_norm': 0.5546203255653381, 'learning_rate': 2.3481342440779872e-05, 'epoch': 1.08}
{'loss': 0.0259, 'grad_norm': 3.045976161956787, 'learning_rate': 2.435102179043839e-05, 'epoch': 1.12}
{'loss': 0.0167, 'grad_norm': 1.0393599271774292, 'learning_rate': 2.52207011400969e-05, 'epoch': 1.16}
{'loss': 0.0159, 'grad_norm': 1.2568862438201904, 'learning_rate': 2.6090380489755414e-05, 'epoch': 1.2}
{'loss': 0.0118, 'grad_norm': 2.943877696990967, 'learning_rate': 2.696005983941393e-05, 'epoch': 1.24}
{'loss': 0.016, 'grad_norm': 0.3485772907733917, 'learning_rate': 2.7829739189072444e-05, 'epoch': 1.28}
{'loss': 0.0116, 'grad_norm': 0.856106698513031, 'learning_rate': 2.8699418538730957e-05, 'epoch': 1.32}
{'loss': 0.0082, 'grad_norm': 0.4164693355560303, 'learning_rate': 2.9569097888389473e-05, 'epoch': 1.36}
{'loss': 0.0114, 'grad_norm': 0.6458417773246765, 'learning_rate': 3.0438777238047986e-05, 'epoch': 1.4}
{'loss': 0.0073, 'grad_norm': 0.5526544451713562, 'learning_rate': 3.13084565877065e-05, 'epoch': 1.44}
{'loss': 0.0095, 'grad_norm': 0.6933619379997253, 'learning_rate': 3.217813593736501e-05, 'epoch': 1.48}
{'loss': 0.0087, 'grad_norm': 0.19763633608818054, 'learning_rate': 3.304781528702353e-05, 'epoch': 1.52}
{'loss': 0.0137, 'grad_norm': 0.6738675236701965, 'learning_rate': 3.3917494636682044e-05, 'epoch': 1.56}
{'loss': 0.0069, 'grad_norm': 1.921013593673706, 'learning_rate': 3.463056903304908e-05, 'epoch': 1.6}
{'loss': 0.0108, 'grad_norm': 1.8224486112594604, 'learning_rate': 3.462793849383636e-05, 'epoch': 1.64}
{'loss': 0.0083, 'grad_norm': 0.33415037393569946, 'learning_rate': 3.4621440085707906e-05, 'epoch': 1.68}
{'loss': 0.0051, 'grad_norm': 0.4754125475883484, 'learning_rate': 3.4611075260494056e-05, 'epoch': 1.72}
{'loss': 0.0055, 'grad_norm': 1.4506628513336182, 'learning_rate': 3.459684633383387e-05, 'epoch': 1.76}
{'loss': 0.0097, 'grad_norm': 2.689171552658081, 'learning_rate': 3.4578756484657786e-05, 'epoch': 1.8}
{'loss': 0.009, 'grad_norm': 0.30158731341362, 'learning_rate': 3.455680975447741e-05, 'epoch': 1.84}
{'loss': 0.0053, 'grad_norm': 0.5674461722373962, 'learning_rate': 3.453101104648259e-05, 'epoch': 1.88}
{'loss': 0.0041, 'grad_norm': 0.8496142029762268, 'learning_rate': 3.450136612444596e-05, 'epoch': 1.92}
{'loss': 0.0063, 'grad_norm': 0.34398525953292847, 'learning_rate': 3.4467881611435257e-05, 'epoch': 1.96}
{'loss': 0.0039, 'grad_norm': 0.5419672727584839, 'learning_rate': 3.443056498833363e-05, 'epoch': 2.0}
{'eval_loss': 0.004446830600500107, 'eval_score': 0.002052209544568258, 'eval_err_F': 0.0011869200963492144, 'eval_err_M': 0.0017637797284952431, 'eval_err_diff': 0.0005768596321460288, 'eval_mse': 0.0011859154807183677, 'eval_mae': 0.02397255800119183, 'eval_runtime': 20.5889, 'eval_samples_per_second': 971.398, 'eval_steps_per_second': 7.625, 'epoch': 2.0}
{'loss': 0.0061, 'grad_norm': 0.5557001233100891, 'learning_rate': 3.438942459216833e-05, 'epoch': 2.04}
{'loss': 0.0037, 'grad_norm': 1.071223497390747, 'learning_rate': 3.434446961424807e-05, 'epoch': 2.08}
{'loss': 0.0055, 'grad_norm': 0.15806162357330322, 'learning_rate': 3.429571009810959e-05, 'epoch': 2.12}
{'loss': 0.0037, 'grad_norm': 0.5803653597831726, 'learning_rate': 3.424315693727382e-05, 'epoch': 2.16}
{'loss': 0.0045, 'grad_norm': 1.298207402229309, 'learning_rate': 3.418682187281208e-05, 'epoch': 2.2}
{'loss': 0.0046, 'grad_norm': 1.9283077716827393, 'learning_rate': 3.4126717490722974e-05, 'epoch': 2.24}
{'loss': 0.0043, 'grad_norm': 0.2471526861190796, 'learning_rate': 3.406285721912056e-05, 'epoch': 2.28}
{'loss': 0.0052, 'grad_norm': 3.860422372817993, 'learning_rate': 3.399525532523427e-05, 'epoch': 2.32}
{'loss': 0.0051, 'grad_norm': 0.5020131468772888, 'learning_rate': 3.392392691222147e-05, 'epoch': 2.36}
{'loss': 0.0036, 'grad_norm': 0.6797841191291809, 'learning_rate': 3.3848887915793176e-05, 'epoch': 2.4}
{'loss': 0.0041, 'grad_norm': 0.20448878407478333, 'learning_rate': 3.377015510065384e-05, 'epoch': 2.44}
{'loss': 0.0034, 'grad_norm': 0.14215584099292755, 'learning_rate': 3.368774605675586e-05, 'epoch': 2.48}
{'loss': 0.0031, 'grad_norm': 0.27897337079048157, 'learning_rate': 3.3601679195369785e-05, 'epoch': 2.52}
{'loss': 0.0027, 'grad_norm': 0.6718135476112366, 'learning_rate': 3.351197374497097e-05, 'epoch': 2.56}
{'loss': 0.0027, 'grad_norm': 0.2404540628194809, 'learning_rate': 3.341864974694369e-05, 'epoch': 2.6}
{'loss': 0.0188, 'grad_norm': 2.212167978286743, 'learning_rate': 3.3321728051103625e-05, 'epoch': 2.64}
{'loss': 0.009, 'grad_norm': 1.4962245225906372, 'learning_rate': 3.322123031103975e-05, 'epoch': 2.68}
{'loss': 0.0054, 'grad_norm': 1.064436674118042, 'learning_rate': 3.31171789792766e-05, 'epoch': 2.72}
{'loss': 0.004, 'grad_norm': 0.6093775033950806, 'learning_rate': 3.3009597302258125e-05, 'epoch': 2.76}
{'loss': 0.0034, 'grad_norm': 0.6699638962745667, 'learning_rate': 3.28985093151541e-05, 'epoch': 2.8}
{'loss': 0.003, 'grad_norm': 0.5334962606430054, 'learning_rate': 3.278393983649035e-05, 'epoch': 2.84}
{'loss': 0.0032, 'grad_norm': 0.458665132522583, 'learning_rate': 3.2665914462603995e-05, 'epoch': 2.88}
{'loss': 0.0033, 'grad_norm': 0.8594583868980408, 'learning_rate': 3.254445956192481e-05, 'epoch': 2.92}
{'loss': 0.004, 'grad_norm': 0.8573794364929199, 'learning_rate': 3.241960226908428e-05, 'epoch': 2.96}
{'loss': 0.0029, 'grad_norm': 0.40261656045913696, 'learning_rate': 3.229137047885326e-05, 'epoch': 3.0}
{'eval_loss': 0.004391140770167112, 'eval_score': 0.002062744036942212, 'eval_err_F': 0.0009511134388339348, 'eval_err_M': 0.001692200504239453, 'eval_err_diff': 0.0007410870654055182, 'eval_mse': 0.0009562953000459313, 'eval_mae': 0.020628025926691954, 'eval_runtime': 20.8524, 'eval_samples_per_second': 959.123, 'eval_steps_per_second': 7.529, 'epoch': 3.0}
{'loss': 0.0024, 'grad_norm': 0.23127728700637817, 'learning_rate': 3.215979283991002e-05, 'epoch': 3.04}
{'loss': 0.0033, 'grad_norm': 0.6654840707778931, 'learning_rate': 3.2024898748439613e-05, 'epoch': 3.08}
{'loss': 0.0034, 'grad_norm': 0.18240675330162048, 'learning_rate': 3.188671834156653e-05, 'epoch': 3.12}
{'loss': 0.0074, 'grad_norm': 0.22779177129268646, 'learning_rate': 3.174528249062154e-05, 'epoch': 3.16}
{'loss': 0.003, 'grad_norm': 0.5500475168228149, 'learning_rate': 3.160062279424473e-05, 'epoch': 3.2}
{'loss': 0.003, 'grad_norm': 0.26103928685188293, 'learning_rate': 3.145277157132587e-05, 'epoch': 3.24}
{'loss': 0.003, 'grad_norm': 0.5553028583526611, 'learning_rate': 3.1301761853783995e-05, 'epoch': 3.28}
{'loss': 0.0037, 'grad_norm': 0.6006115674972534, 'learning_rate': 3.114762737918761e-05, 'epoch': 3.32}
{'loss': 0.0036, 'grad_norm': 0.5768832564353943, 'learning_rate': 3.099040258321728e-05, 'epoch': 3.36}
{'loss': 0.0029, 'grad_norm': 0.28139594197273254, 'learning_rate': 3.083012259197225e-05, 'epoch': 3.4}
{'loss': 0.0027, 'grad_norm': 0.6111030578613281, 'learning_rate': 3.066682321412282e-05, 'epoch': 3.44}
{'loss': 0.0035, 'grad_norm': 0.37582927942276, 'learning_rate': 3.0500540932910165e-05, 'epoch': 3.48}
{'loss': 0.0044, 'grad_norm': 0.3668282628059387, 'learning_rate': 3.033131289799555e-05, 'epoch': 3.52}
{'loss': 0.0029, 'grad_norm': 0.8859570622444153, 'learning_rate': 3.0159176917160596e-05, 'epoch': 3.56}
{'loss': 0.0028, 'grad_norm': 0.4279698133468628, 'learning_rate': 2.998417144786049e-05, 'epoch': 3.6}
{'loss': 0.0028, 'grad_norm': 0.2272387146949768, 'learning_rate': 2.9806335588632105e-05, 'epoch': 3.64}
{'loss': 0.0027, 'grad_norm': 0.5727429389953613, 'learning_rate': 2.962570907035887e-05, 'epoch': 3.68}
{'loss': 0.0024, 'grad_norm': 1.110922932624817, 'learning_rate': 2.9442332247394365e-05, 'epoch': 3.72}
{'loss': 0.0026, 'grad_norm': 0.430719792842865, 'learning_rate': 2.92562460885466e-05, 'epoch': 3.76}
{'loss': 0.0029, 'grad_norm': 0.08225855976343155, 'learning_rate': 2.9067492167925085e-05, 'epoch': 3.8}
{'loss': 0.0033, 'grad_norm': 0.6402694582939148, 'learning_rate': 2.8876112655652594e-05, 'epoch': 3.84}
{'loss': 0.003, 'grad_norm': 1.0762183666229248, 'learning_rate': 2.8682150308443793e-05, 'epoch': 3.88}
{'loss': 0.0063, 'grad_norm': 0.7345584630966187, 'learning_rate': 2.8485648460052852e-05, 'epoch': 3.92}
{'loss': 0.0028, 'grad_norm': 0.3680492639541626, 'learning_rate': 2.8286651011592107e-05, 'epoch': 3.96}
{'loss': 0.0035, 'grad_norm': 0.48993533849716187, 'learning_rate': 2.8085202421723947e-05, 'epoch': 4.0}
{'eval_loss': 0.004440316464751959, 'eval_score': 0.0020108938796700145, 'eval_err_F': 0.0011148400016922977, 'eval_err_M': 0.0017122092536774425, 'eval_err_diff': 0.0005973692519851447, 'eval_mse': 0.0011062988245943617, 'eval_mae': 0.02155297259497038, 'eval_runtime': 20.9422, 'eval_samples_per_second': 955.007, 'eval_steps_per_second': 7.497, 'epoch': 4.0}
{'loss': 0.0024, 'grad_norm': 0.1392325907945633, 'learning_rate': 2.788134769672818e-05, 'epoch': 4.04}
{'loss': 0.0029, 'grad_norm': 0.33518892526626587, 'learning_rate': 2.767513238044704e-05, 'epoch': 4.08}
{'loss': 0.0021, 'grad_norm': 0.2699297070503235, 'learning_rate': 2.746660254411006e-05, 'epoch': 4.12}
{'loss': 0.0022, 'grad_norm': 0.6884980797767639, 'learning_rate': 2.7255804776041203e-05, 'epoch': 4.16}
{'loss': 0.0038, 'grad_norm': 0.28934091329574585, 'learning_rate': 2.7042786171250343e-05, 'epoch': 4.2}
{'loss': 0.0024, 'grad_norm': 1.1651976108551025, 'learning_rate': 2.6827594320911684e-05, 'epoch': 4.24}
{'loss': 0.0024, 'grad_norm': 0.16068513691425323, 'learning_rate': 2.6610277301731224e-05, 'epoch': 4.28}
{'loss': 0.0059, 'grad_norm': 0.8021540641784668, 'learning_rate': 2.63908836652058e-05, 'epoch': 4.32}
{'loss': 0.0021, 'grad_norm': 0.1054081991314888, 'learning_rate': 2.616946242677602e-05, 'epoch': 4.36}
{'loss': 0.0021, 'grad_norm': 0.4169209897518158, 'learning_rate': 2.5946063054875596e-05, 'epoch': 4.4}
{'loss': 0.0029, 'grad_norm': 0.09937587380409241, 'learning_rate': 2.572073545987941e-05, 'epoch': 4.44}
{'loss': 0.0027, 'grad_norm': 0.5754903554916382, 'learning_rate': 2.5493529982952897e-05, 'epoch': 4.48}
{'loss': 0.0027, 'grad_norm': 0.3776102364063263, 'learning_rate': 2.5264497384805157e-05, 'epoch': 4.52}
{'loss': 0.0023, 'grad_norm': 0.22716893255710602, 'learning_rate': 2.5033688834348345e-05, 'epoch': 4.56}
{'loss': 0.0018, 'grad_norm': 0.33825579285621643, 'learning_rate': 2.480115589726585e-05, 'epoch': 4.6}
{'loss': 0.0024, 'grad_norm': 0.31284990906715393, 'learning_rate': 2.4566950524491837e-05, 'epoch': 4.64}
{'loss': 0.0023, 'grad_norm': 0.4515584707260132, 'learning_rate': 2.4331125040604737e-05, 'epoch': 4.68}
{'loss': 0.0017, 'grad_norm': 0.259400874376297, 'learning_rate': 2.4093732132137235e-05, 'epoch': 4.72}
{'loss': 0.0022, 'grad_norm': 0.869390070438385, 'learning_rate': 2.38548248358054e-05, 'epoch': 4.76}
{'loss': 0.0021, 'grad_norm': 0.19067957997322083, 'learning_rate': 2.3614456526659586e-05, 'epoch': 4.8}
{'loss': 0.0041, 'grad_norm': 0.30633944272994995, 'learning_rate': 2.337268090615973e-05, 'epoch': 4.84}
{'loss': 0.0046, 'grad_norm': 0.32229411602020264, 'learning_rate': 2.312955199017774e-05, 'epoch': 4.88}
{'loss': 0.0022, 'grad_norm': 0.4169367253780365, 'learning_rate': 2.2885124096929647e-05, 'epoch': 4.92}
{'loss': 0.0031, 'grad_norm': 0.5374888777732849, 'learning_rate': 2.2639451834840184e-05, 'epoch': 4.96}
{'loss': 0.0028, 'grad_norm': 0.6030596494674683, 'learning_rate': 2.2392590090342534e-05, 'epoch': 5.0}
{'eval_loss': 0.0039756689220666885, 'eval_score': 0.0015891536468705591, 'eval_err_F': 0.0008128238038111502, 'eval_err_M': 0.0013303770325174228, 'eval_err_diff': 0.0005175532287062726, 'eval_mse': 0.0009249375545310105, 'eval_mae': 0.019221080833436464, 'eval_runtime': 20.8011, 'eval_samples_per_second': 961.489, 'eval_steps_per_second': 7.548, 'epoch': 5.0}
{'loss': 0.0027, 'grad_norm': 0.2879704236984253, 'learning_rate': 2.2144594015615996e-05, 'epoch': 5.04}
{'loss': 0.0027, 'grad_norm': 0.2432071566581726, 'learning_rate': 2.189551901626424e-05, 'epoch': 5.08}
{'loss': 0.0032, 'grad_norm': 0.17553935945034027, 'learning_rate': 2.1645420738936977e-05, 'epoch': 5.12}
{'loss': 0.0022, 'grad_norm': 0.15154486894607544, 'learning_rate': 2.1394355058897755e-05, 'epoch': 5.16}
{'loss': 0.0022, 'grad_norm': 0.22723251581192017, 'learning_rate': 2.1142378067540668e-05, 'epoch': 5.2}
{'loss': 0.0021, 'grad_norm': 0.2881046235561371, 'learning_rate': 2.088954605985884e-05, 'epoch': 5.24}
{'loss': 0.0021, 'grad_norm': 0.3299081325531006, 'learning_rate': 2.063591552186732e-05, 'epoch': 5.28}
{'loss': 0.0023, 'grad_norm': 0.32678020000457764, 'learning_rate': 2.0381543117983425e-05, 'epoch': 5.32}
{'loss': 0.0021, 'grad_norm': 0.5121326446533203, 'learning_rate': 2.012648567836711e-05, 'epoch': 5.36}
{'loss': 0.0019, 'grad_norm': 0.2195589542388916, 'learning_rate': 1.9870800186224364e-05, 'epoch': 5.4}
{'loss': 0.0024, 'grad_norm': 0.3628024458885193, 'learning_rate': 1.961454376507644e-05, 'epoch': 5.44}
{'loss': 0.0018, 'grad_norm': 0.15266743302345276, 'learning_rate': 1.9357773665997672e-05, 'epoch': 5.48}
{'loss': 0.0018, 'grad_norm': 0.43965598940849304, 'learning_rate': 1.9100547254824834e-05, 'epoch': 5.52}
{'loss': 0.002, 'grad_norm': 0.43018481135368347, 'learning_rate': 1.8842921999340865e-05, 'epoch': 5.56}
{'loss': 0.0022, 'grad_norm': 0.16891108453273773, 'learning_rate': 1.85849554564358e-05, 'epoch': 5.6}
{'loss': 0.0014, 'grad_norm': 0.15372823178768158, 'learning_rate': 1.8326705259247795e-05, 'epoch': 5.64}
{'loss': 0.0021, 'grad_norm': 0.10931850969791412, 'learning_rate': 1.806822910428713e-05, 'epoch': 5.68}
{'loss': 0.002, 'grad_norm': 0.10000872611999512, 'learning_rate': 1.7809584738546034e-05, 'epoch': 5.72}
{'loss': 0.0017, 'grad_norm': 0.14196208119392395, 'learning_rate': 1.755082994659726e-05, 'epoch': 5.76}
{'loss': 0.003, 'grad_norm': 0.1619521677494049, 'learning_rate': 1.7292022537684216e-05, 'epoch': 5.8}
{'loss': 0.0015, 'grad_norm': 0.7230491638183594, 'learning_rate': 1.7033220332805658e-05, 'epoch': 5.84}
{'loss': 0.0024, 'grad_norm': 0.11339665949344635, 'learning_rate': 1.6774481151797677e-05, 'epoch': 5.88}
{'loss': 0.0022, 'grad_norm': 0.30611735582351685, 'learning_rate': 1.6515862800416013e-05, 'epoch': 5.92}
{'loss': 0.0016, 'grad_norm': 0.29252955317497253, 'learning_rate': 1.625742305742145e-05, 'epoch': 5.96}
{'loss': 0.002, 'grad_norm': 0.0854242667555809, 'learning_rate': 1.5999219661671303e-05, 'epoch': 6.0}
{'eval_loss': 0.003842730773612857, 'eval_score': 0.0015751223088810496, 'eval_err_F': 0.0007373879950921125, 'eval_err_M': 0.0012958775376180707, 'eval_err_diff': 0.0005584895425259582, 'eval_mse': 0.0008535437156361266, 'eval_mae': 0.018963753477805767, 'eval_runtime': 26.068, 'eval_samples_per_second': 767.225, 'eval_steps_per_second': 6.023, 'epoch': 6.0}
{'loss': 0.002, 'grad_norm': 0.2869211733341217, 'learning_rate': 1.5741310299219805e-05, 'epoch': 6.04}
{'loss': 0.0016, 'grad_norm': 0.2860071659088135, 'learning_rate': 1.5483752590430222e-05, 'epoch': 6.08}
{'loss': 0.0031, 'grad_norm': 0.20367224514484406, 'learning_rate': 1.522660407710178e-05, 'epoch': 6.12}
{'loss': 0.0018, 'grad_norm': 0.5929921269416809, 'learning_rate': 1.4969922209613994e-05, 'epoch': 6.16}
{'loss': 0.0017, 'grad_norm': 0.07974433898925781, 'learning_rate': 1.4713764334091547e-05, 'epoch': 6.2}
{'loss': 0.0015, 'grad_norm': 0.11982492357492447, 'learning_rate': 1.4458187679592375e-05, 'epoch': 6.24}
{'loss': 0.0019, 'grad_norm': 0.24346499145030975, 'learning_rate': 1.420324934532196e-05, 'epoch': 6.28}
{'loss': 0.0015, 'grad_norm': 0.20711572468280792, 'learning_rate': 1.3949006287876576e-05, 'epoch': 6.32}
{'loss': 0.0014, 'grad_norm': 0.3994918167591095, 'learning_rate': 1.3695515308518487e-05, 'epoch': 6.36}
{'loss': 0.0014, 'grad_norm': 0.17765238881111145, 'learning_rate': 1.344283304048574e-05, 'epoch': 6.4}
{'loss': 0.0019, 'grad_norm': 0.11696092039346695, 'learning_rate': 1.319101593633959e-05, 'epoch': 6.44}
{'loss': 0.0032, 'grad_norm': 0.18521611392498016, 'learning_rate': 1.2940120255352225e-05, 'epoch': 6.48}
{'loss': 0.0019, 'grad_norm': 0.7853023409843445, 'learning_rate': 1.2690202050937722e-05, 'epoch': 6.52}
{'loss': 0.0036, 'grad_norm': 0.224434956908226, 'learning_rate': 1.2441317158128943e-05, 'epoch': 6.56}
{'loss': 0.0015, 'grad_norm': 0.3597621023654938, 'learning_rate': 1.219352118110329e-05, 'epoch': 6.6}
{'loss': 0.0016, 'grad_norm': 0.25365445017814636, 'learning_rate': 1.1946869480759947e-05, 'epoch': 6.64}
{'loss': 0.0017, 'grad_norm': 0.3946100175380707, 'learning_rate': 1.1701417162351584e-05, 'epoch': 6.68}
{'loss': 0.0023, 'grad_norm': 0.6593382358551025, 'learning_rate': 1.1457219063173048e-05, 'epoch': 6.72}
{'loss': 0.0015, 'grad_norm': 0.27723413705825806, 'learning_rate': 1.1214329740310052e-05, 'epoch': 6.76}
{'loss': 0.0015, 'grad_norm': 0.26290667057037354, 'learning_rate': 1.0972803458450329e-05, 'epoch': 6.8}
{'loss': 0.0017, 'grad_norm': 0.7094473838806152, 'learning_rate': 1.0732694177760252e-05, 'epoch': 6.84}
{'loss': 0.0012, 'grad_norm': 0.29209044575691223, 'learning_rate': 1.0494055541829385e-05, 'epoch': 6.88}
{'loss': 0.0012, 'grad_norm': 0.18358588218688965, 'learning_rate': 1.0256940865685774e-05, 'epoch': 6.92}
{'loss': 0.0014, 'grad_norm': 0.3034570813179016, 'learning_rate': 1.0021403123884722e-05, 'epoch': 6.96}
{'loss': 0.0018, 'grad_norm': 0.17197521030902863, 'learning_rate': 9.78749493867351e-06, 'epoch': 7.0}
{'eval_loss': 0.004061627667397261, 'eval_score': 0.0018768529386119367, 'eval_err_F': 0.0011141783729246761, 'eval_err_M': 0.0016226280833828498, 'eval_err_diff': 0.0005084497104581736, 'eval_mse': 0.0008512540166323593, 'eval_mae': 0.019074628126570497, 'eval_runtime': 20.6657, 'eval_samples_per_second': 967.788, 'eval_steps_per_second': 7.597, 'epoch': 7.0}
{'loss': 0.0014, 'grad_norm': 0.2313421666622162, 'learning_rate': 9.555268568234948e-06, 'epoch': 7.04}
{'loss': 0.0015, 'grad_norm': 0.26538941264152527, 'learning_rate': 9.324775895012152e-06, 'epoch': 7.08}
{'loss': 0.0015, 'grad_norm': 0.2902137339115143, 'learning_rate': 9.096068414117373e-06, 'epoch': 7.12}
{'loss': 0.001, 'grad_norm': 0.08106516301631927, 'learning_rate': 8.869197221827246e-06, 'epoch': 7.16}
{'loss': 0.0013, 'grad_norm': 0.4498900771141052, 'learning_rate': 8.644213004167282e-06, 'epoch': 7.2}
{'loss': 0.0013, 'grad_norm': 0.32443949580192566, 'learning_rate': 8.421166025587856e-06, 'epoch': 7.24}
{'loss': 0.0013, 'grad_norm': 0.6417492628097534, 'learning_rate': 8.200106117734547e-06, 'epoch': 7.28}
{'loss': 0.0011, 'grad_norm': 0.08257930725812912, 'learning_rate': 7.981082668315012e-06, 'epoch': 7.32}
{'loss': 0.0012, 'grad_norm': 0.18453432619571686, 'learning_rate': 7.764144610065185e-06, 'epoch': 7.36}
{'loss': 0.0012, 'grad_norm': 0.1994156539440155, 'learning_rate': 7.5493404098169965e-06, 'epoch': 7.4}
{'loss': 0.0011, 'grad_norm': 0.16659723222255707, 'learning_rate': 7.336718057670297e-06, 'epoch': 7.44}
{'loss': 0.0015, 'grad_norm': 0.7947216033935547, 'learning_rate': 7.126325056271198e-06, 'epoch': 7.48}
{'loss': 0.0013, 'grad_norm': 0.140467569231987, 'learning_rate': 6.918208410199371e-06, 'epoch': 7.52}
{'loss': 0.0011, 'grad_norm': 0.253944993019104, 'learning_rate': 6.712414615466578e-06, 'epoch': 7.56}
{'loss': 0.0013, 'grad_norm': 0.2093048095703125, 'learning_rate': 6.50898964912888e-06, 'epoch': 7.6}
{'loss': 0.0013, 'grad_norm': 0.0811576247215271, 'learning_rate': 6.307978959014741e-06, 'epoch': 7.64}
{'loss': 0.001, 'grad_norm': 0.1783919632434845, 'learning_rate': 6.1094274535713625e-06, 'epoch': 7.68}
{'loss': 0.0012, 'grad_norm': 0.14403924345970154, 'learning_rate': 5.913379491831578e-06, 'epoch': 7.72}
{'loss': 0.0011, 'grad_norm': 0.32102954387664795, 'learning_rate': 5.719878873503423e-06, 'epoch': 7.76}
{'loss': 0.0011, 'grad_norm': 0.09619943052530289, 'learning_rate': 5.528968829184736e-06, 'epoch': 7.8}
{'loss': 0.0023, 'grad_norm': 0.14115124940872192, 'learning_rate': 5.340692010704835e-06, 'epoch': 7.84}
{'loss': 0.0018, 'grad_norm': 0.06827037036418915, 'learning_rate': 5.155090481595569e-06, 'epoch': 7.88}
{'loss': 0.0011, 'grad_norm': 0.07752270251512527, 'learning_rate': 4.972205707693733e-06, 'epoch': 7.92}
{'loss': 0.0012, 'grad_norm': 0.121747687458992, 'learning_rate': 4.792078547877092e-06, 'epoch': 7.96}
{'loss': 0.0014, 'grad_norm': 0.2698318660259247, 'learning_rate': 4.6147492449359235e-06, 'epoch': 8.0}
{'eval_loss': 0.0031839474104344845, 'eval_score': 0.0013485661127052217, 'eval_err_F': 0.0005703640935182705, 'eval_err_M': 0.0010891654396429046, 'eval_err_diff': 0.0005188013461246341, 'eval_mse': 0.000660430506827918, 'eval_mae': 0.015819041143679533, 'eval_runtime': 20.4479, 'eval_samples_per_second': 978.097, 'eval_steps_per_second': 7.678, 'epoch': 8.0}
{'loss': 0.001, 'grad_norm': 0.21622060239315033, 'learning_rate': 4.440257416582287e-06, 'epoch': 8.04}
{'loss': 0.0011, 'grad_norm': 0.07108522951602936, 'learning_rate': 4.2686420465988755e-06, 'epoch': 8.08}
{'loss': 0.001, 'grad_norm': 0.30572739243507385, 'learning_rate': 4.099941476129534e-06, 'epoch': 8.12}
{'loss': 0.0008, 'grad_norm': 0.26271289587020874, 'learning_rate': 3.93419339511333e-06, 'epoch': 8.16}
{'loss': 0.0011, 'grad_norm': 0.31120550632476807, 'learning_rate': 3.771434833864144e-06, 'epoch': 8.2}
{'loss': 0.0011, 'grad_norm': 0.4327593445777893, 'learning_rate': 3.6117021547975756e-06, 'epoch': 8.24}
{'loss': 0.0013, 'grad_norm': 0.3460655212402344, 'learning_rate': 3.455031044307143e-06, 'epoch': 8.28}
{'loss': 0.001, 'grad_norm': 0.45595583319664, 'learning_rate': 3.3014565047914166e-06, 'epoch': 8.32}
{'loss': 0.001, 'grad_norm': 0.2823600172996521, 'learning_rate': 3.1510128468340736e-06, 'epoch': 8.36}
{'loss': 0.0012, 'grad_norm': 0.1478809416294098, 'learning_rate': 3.003733681538414e-06, 'epoch': 8.4}
{'loss': 0.0011, 'grad_norm': 0.25508853793144226, 'learning_rate': 2.8596519130182322e-06, 'epoch': 8.44}
{'loss': 0.001, 'grad_norm': 0.24045808613300323, 'learning_rate': 2.718799731046581e-06, 'epoch': 8.48}
{'loss': 0.0009, 'grad_norm': 0.17544014751911163, 'learning_rate': 2.581208603864149e-06, 'epoch': 8.52}
{'loss': 0.0018, 'grad_norm': 0.4521793723106384, 'learning_rate': 2.4469092711488547e-06, 'epoch': 8.56}
{'loss': 0.001, 'grad_norm': 0.12767331302165985, 'learning_rate': 2.315931737148192e-06, 'epoch': 8.6}
{'loss': 0.001, 'grad_norm': 0.3556947410106659, 'learning_rate': 2.188305263975866e-06, 'epoch': 8.64}
{'loss': 0.0011, 'grad_norm': 0.07202739268541336, 'learning_rate': 2.064058365074275e-06, 'epoch': 8.68}
{'loss': 0.0009, 'grad_norm': 0.20833152532577515, 'learning_rate': 1.9432187988442167e-06, 'epoch': 8.72}
{'loss': 0.001, 'grad_norm': 0.21822725236415863, 'learning_rate': 1.825813562443292e-06, 'epoch': 8.76}
{'loss': 0.0009, 'grad_norm': 0.11256588250398636, 'learning_rate': 1.7118688857543936e-06, 'epoch': 8.8}
{'loss': 0.0009, 'grad_norm': 0.09815936535596848, 'learning_rate': 1.6014102255255913e-06, 'epoch': 8.84}
{'loss': 0.001, 'grad_norm': 0.24314694106578827, 'learning_rate': 1.4944622596827706e-06, 'epoch': 8.88}
{'loss': 0.0011, 'grad_norm': 0.16545912623405457, 'learning_rate': 1.3910488818162398e-06, 'epoch': 8.92}
{'loss': 0.0009, 'grad_norm': 0.18365038931369781, 'learning_rate': 1.2911931958426097e-06, 'epoch': 8.96}
{'loss': 0.001, 'grad_norm': 0.1499764621257782, 'learning_rate': 1.194917510843049e-06, 'epoch': 9.0}
{'eval_loss': 0.003404068760573864, 'eval_score': 0.0014050471273687692, 'eval_err_F': 0.0005668794749266328, 'eval_err_M': 0.001125657909888057, 'eval_err_diff': 0.0005587784349614242, 'eval_mse': 0.0006170051475040778, 'eval_mae': 0.01498892850288703, 'eval_runtime': 20.5423, 'eval_samples_per_second': 973.601, 'eval_steps_per_second': 7.643, 'epoch': 9.0}
{'loss': 0.001, 'grad_norm': 0.21208475530147552, 'learning_rate': 1.1022433360791579e-06, 'epoch': 9.04}
{'loss': 0.001, 'grad_norm': 0.13380171358585358, 'learning_rate': 1.0131913761875002e-06, 'epoch': 9.08}
{'loss': 0.0011, 'grad_norm': 0.15848873555660248, 'learning_rate': 9.277815265539333e-07, 'epoch': 9.12}
{'loss': 0.0012, 'grad_norm': 0.36437490582466125, 'learning_rate': 8.460328688686908e-07, 'epoch': 9.16}
{'loss': 0.001, 'grad_norm': 0.23991023004055023, 'learning_rate': 7.679636668633071e-07, 'epoch': 9.2}
{'loss': 0.0009, 'grad_norm': 0.20040225982666016, 'learning_rate': 6.935913622302311e-07, 'epoch': 9.24}
{'loss': 0.001, 'grad_norm': 0.17435990273952484, 'learning_rate': 6.229325707261404e-07, 'epoch': 9.28}
{'loss': 0.001, 'grad_norm': 0.14465662837028503, 'learning_rate': 5.560030784597623e-07, 'epoch': 9.32}
{'loss': 0.001, 'grad_norm': 0.10328839719295502, 'learning_rate': 4.928178383650308e-07, 'epoch': 9.36}
{'loss': 0.0011, 'grad_norm': 0.24498696625232697, 'learning_rate': 4.333909668604223e-07, 'epoch': 9.4}
{'loss': 0.0009, 'grad_norm': 0.11348725855350494, 'learning_rate': 3.777357406951492e-07, 'epoch': 9.44}
{'loss': 0.001, 'grad_norm': 0.3597625494003296, 'learning_rate': 3.2586459398296476e-07, 'epoch': 9.48}
{'loss': 0.001, 'grad_norm': 0.3352847397327423, 'learning_rate': 2.7778911542421297e-07, 'epoch': 9.52}
{'loss': 0.0015, 'grad_norm': 0.1505388766527176, 'learning_rate': 2.3352004571676645e-07, 'epoch': 9.56}
{'loss': 0.001, 'grad_norm': 0.17676450312137604, 'learning_rate': 1.9306727515640014e-07, 'epoch': 9.6}
{'loss': 0.001, 'grad_norm': 0.05920097604393959, 'learning_rate': 1.564398414271832e-07, 'epoch': 9.64}
{'loss': 0.0009, 'grad_norm': 0.4004198908805847, 'learning_rate': 1.2364592758233147e-07, 'epoch': 9.68}
{'loss': 0.0009, 'grad_norm': 0.22715027630329132, 'learning_rate': 9.469286021600658e-08, 'epoch': 9.72}
{'loss': 0.0008, 'grad_norm': 0.144714817404747, 'learning_rate': 6.958710782645986e-08, 'epoch': 9.76}
{'loss': 0.001, 'grad_norm': 0.08581497520208359, 'learning_rate': 4.833427937088614e-08, 'epoch': 9.8}
{'loss': 0.001, 'grad_norm': 0.21531841158866882, 'learning_rate': 3.093912301229517e-08, 'epoch': 9.84}
{'loss': 0.0015, 'grad_norm': 0.31514811515808105, 'learning_rate': 1.7405525058733097e-08, 'epoch': 9.88}
{'loss': 0.0015, 'grad_norm': 0.1899762898683548, 'learning_rate': 7.7365090950079e-09, 'epoch': 9.92}
{'loss': 0.0008, 'grad_norm': 0.10992978513240814, 'learning_rate': 1.934235307189795e-09, 'epoch': 9.96}
{'loss': 0.0009, 'grad_norm': 0.078692726790905, 'learning_rate': 0.0, 'epoch': 10.0}
{'eval_loss': 0.0034162544179707766, 'eval_score': 0.0013582542993380228, 'eval_err_F': 0.0005480154080713297, 'eval_err_M': 0.0010881746689157918, 'eval_err_diff': 0.0005401592608444621, 'eval_mse': 0.0006110460900261307, 'eval_mae': 0.014677030149563688, 'eval_runtime': 20.253, 'eval_samples_per_second': 987.509, 'eval_steps_per_second': 7.752, 'epoch': 10.0}
{'train_runtime': 2768.7581, 'train_samples_per_second': 288.938, 'train_steps_per_second': 4.515, 'train_loss': 0.012205408293008804, 'epoch': 10.0}
[EMA] Swapped EMA weights into model (decay=0.9998)
[EMA] Swapped EMA weights into model (decay=0.9998)
score=0.00233 | err_diff=0.00077 | loss=0.00435
score=0.00233 | err_diff=0.00077 | loss=0.00435
Saved 30 worst predictions: results/optuna_dinov3-vitb16-3090-v2_trial_14/worst/worst.csv + results/optuna_dinov3-vitb16-3090-v2_trial_14/worst/images
Model saved: models:/m-32e82947bed94aaf859972b8e80a8a5e
Trial 14: score=inf err_F=inf err_M=inf err_diff=inf
Loaded 100,000 samples from data/raw/train.csv
Loaded 100,000 samples from data/raw/train.csv
Train: 80,000 | Val: 20,000
Train: 80,000 | Val: 20,000
PMF ratios test/train (20 bins of 0.025): [0.215, 0.339, 0.563, 0.735, 0.922, 1.07, 1.31, 1.454, 1.639, 1.856, 1.964, 1.903, 1.593, 1.333, 1.366, 0.662, 0.878, 0.066, 0.066, 0.066]
PMF ratios test/train (20 bins of 0.025): [0.215, 0.339, 0.563, 0.735, 0.922, 1.07, 1.31, 1.454, 1.639, 1.856, 1.964, 1.903, 1.593, 1.333, 1.366, 0.662, 0.878, 0.066, 0.066, 0.066]
loss_importance_reweight ON (applied in training loss)
loss_importance_reweight ON (applied in training loss)
eval_importance_reweight ON (eval_score reweighted to test distribution)
eval_importance_reweight ON (eval_score reweighted to test distribution)
Gender reweight: F=1.352, M=0.648 (mean=1.0)
Gender reweight: F=1.352, M=0.648 (mean=1.0)
DINOv3 drop_path_rate=0.14869578231826255 applied (linear 0 → 0.149 across 12 blocks via sample_drop_ratio)
DINOv3 drop_path_rate=0.14869578231826255 applied (linear 0 → 0.149 across 12 blocks via sample_drop_ratio)
Loaded DINOv3 weights: dinov3_vitb16_pretrain_lvd1689m-73cec8be.pth
Loaded DINOv3 weights: dinov3_vitb16_pretrain_lvd1689m-73cec8be.pth
EMA enabled: decay=0.9998, warmup_steps=200
EMA enabled: decay=0.9998, warmup_steps=200
WeightedMSELoss: focal_gamma=0.0, fairness_lambda=0.6320300610996541, importance_reweight=on (mean=1.00), gender_reweight=on (F=1.35, M=0.65)
Training dinov3-vitb16-3090-v2_trial15 (best_metric=eval_score)
WeightedMSELoss: focal_gamma=0.0, fairness_lambda=0.6320300610996541, importance_reweight=on (mean=1.00), gender_reweight=on (F=1.35, M=0.65)
Training dinov3-vitb16-3090-v2_trial15 (best_metric=eval_score)
LLRD: 14 groups, LR ∈ [1.84e-06, 3.65e-05]
LLRD: 14 groups, LR ∈ [1.84e-06, 3.65e-05]
{'loss': 0.3482, 'grad_norm': 5.5149641036987305, 'learning_rate': 7.812853372285773e-08, 'epoch': 0.04}
{'loss': 0.2361, 'grad_norm': 5.690759181976318, 'learning_rate': 1.5625706744571546e-07, 'epoch': 0.08}
{'loss': 0.1935, 'grad_norm': 1.3531807661056519, 'learning_rate': 2.343856011685732e-07, 'epoch': 0.12}
{'loss': 0.1858, 'grad_norm': 1.7383075952529907, 'learning_rate': 3.125141348914309e-07, 'epoch': 0.16}
{'loss': 0.1856, 'grad_norm': 2.3247673511505127, 'learning_rate': 3.906426686142886e-07, 'epoch': 0.2}
{'loss': 0.1881, 'grad_norm': 1.2890697717666626, 'learning_rate': 4.687712023371464e-07, 'epoch': 0.24}
{'loss': 0.1838, 'grad_norm': 3.5396668910980225, 'learning_rate': 5.46899736060004e-07, 'epoch': 0.28}
{'loss': 0.1872, 'grad_norm': 0.9141595363616943, 'learning_rate': 6.250282697828618e-07, 'epoch': 0.32}
{'loss': 0.1811, 'grad_norm': 1.5409518480300903, 'learning_rate': 7.031568035057196e-07, 'epoch': 0.36}
{'loss': 0.1777, 'grad_norm': 1.7350261211395264, 'learning_rate': 7.812853372285772e-07, 'epoch': 0.4}
{'loss': 0.1663, 'grad_norm': 4.802793979644775, 'learning_rate': 8.59413870951435e-07, 'epoch': 0.44}
{'loss': 0.146, 'grad_norm': 1.460890531539917, 'learning_rate': 9.375424046742928e-07, 'epoch': 0.48}
{'loss': 0.1301, 'grad_norm': 1.1045684814453125, 'learning_rate': 1.0156709383971506e-06, 'epoch': 0.52}
{'loss': 0.1201, 'grad_norm': 2.9637551307678223, 'learning_rate': 1.093799472120008e-06, 'epoch': 0.56}
{'loss': 0.116, 'grad_norm': 1.3506898880004883, 'learning_rate': 1.171928005842866e-06, 'epoch': 0.6}
{'loss': 0.1094, 'grad_norm': 2.3531627655029297, 'learning_rate': 1.2500565395657237e-06, 'epoch': 0.64}
{'loss': 0.1081, 'grad_norm': 2.734107732772827, 'learning_rate': 1.3281850732885814e-06, 'epoch': 0.68}
{'loss': 0.1034, 'grad_norm': 1.0416985750198364, 'learning_rate': 1.4063136070114393e-06, 'epoch': 0.72}
{'loss': 0.1023, 'grad_norm': 1.0721158981323242, 'learning_rate': 1.4844421407342968e-06, 'epoch': 0.76}
{'loss': 0.0998, 'grad_norm': 1.5845744609832764, 'learning_rate': 1.5625706744571545e-06, 'epoch': 0.8}
{'loss': 0.0963, 'grad_norm': 0.7245219945907593, 'learning_rate': 1.6406992081800124e-06, 'epoch': 0.84}
{'loss': 0.0951, 'grad_norm': 1.8423584699630737, 'learning_rate': 1.71882774190287e-06, 'epoch': 0.88}
{'loss': 0.0915, 'grad_norm': 1.5142031908035278, 'learning_rate': 1.7969562756257278e-06, 'epoch': 0.92}
{'loss': 0.0904, 'grad_norm': 0.9228057265281677, 'learning_rate': 1.8391220250733743e-06, 'epoch': 0.96}
{'loss': 0.086, 'grad_norm': 2.348097562789917, 'learning_rate': 1.83890736126325e-06, 'epoch': 1.0}
{'eval_loss': 0.004159442149102688, 'eval_score': 0.004180067063157653, 'eval_err_F': 0.0023852607273889977, 'eval_err_M': 0.003581798284568101, 'eval_err_diff': 0.0011965375571791033, 'eval_mse': 0.002729722949139739, 'eval_mae': 0.04241515077561944, 'eval_runtime': 21.2736, 'eval_samples_per_second': 940.131, 'eval_steps_per_second': 7.38, 'epoch': 1.0}
{'loss': 0.0865, 'grad_norm': 4.55179500579834, 'learning_rate': 1.838469141184257e-06, 'epoch': 1.04}
{'loss': 0.081, 'grad_norm': 0.9057468175888062, 'learning_rate': 1.8378074713991796e-06, 'epoch': 1.08}
{'loss': 0.0752, 'grad_norm': 1.0020906925201416, 'learning_rate': 1.8369225128074783e-06, 'epoch': 1.12}
{'loss': 0.0669, 'grad_norm': 1.1655305624008179, 'learning_rate': 1.8358144806061642e-06, 'epoch': 1.16}
{'loss': 0.0628, 'grad_norm': 1.5714571475982666, 'learning_rate': 1.8344836442374694e-06, 'epoch': 1.2}
{'loss': 0.0549, 'grad_norm': 1.772813081741333, 'learning_rate': 1.8329303273233255e-06, 'epoch': 1.24}
{'loss': 0.0582, 'grad_norm': 5.382376194000244, 'learning_rate': 1.8311549075866683e-06, 'epoch': 1.28}
{'loss': 0.0515, 'grad_norm': 2.022291421890259, 'learning_rate': 1.8291578167595862e-06, 'epoch': 1.32}
{'loss': 0.0461, 'grad_norm': 1.2150765657424927, 'learning_rate': 1.8269395404783353e-06, 'epoch': 1.36}
{'loss': 0.0414, 'grad_norm': 1.575461506843567, 'learning_rate': 1.8245006181652457e-06, 'epoch': 1.4}
{'loss': 0.0407, 'grad_norm': 1.2241618633270264, 'learning_rate': 1.82184164289755e-06, 'epoch': 1.44}
{'loss': 0.0394, 'grad_norm': 0.9162058234214783, 'learning_rate': 1.8189632612631629e-06, 'epoch': 1.48}
{'loss': 0.0373, 'grad_norm': 2.7497718334198, 'learning_rate': 1.8158661732034495e-06, 'epoch': 1.52}
{'loss': 0.0332, 'grad_norm': 1.5119911432266235, 'learning_rate': 1.81255113184302e-06, 'epoch': 1.56}
{'loss': 0.0316, 'grad_norm': 2.306673049926758, 'learning_rate': 1.8090189433065886e-06, 'epoch': 1.6}
{'loss': 0.0312, 'grad_norm': 2.961271047592163, 'learning_rate': 1.8052704665229504e-06, 'epoch': 1.64}
{'loss': 0.0276, 'grad_norm': 1.3398680686950684, 'learning_rate': 1.801306613016111e-06, 'epoch': 1.68}
{'loss': 0.0285, 'grad_norm': 0.8538767099380493, 'learning_rate': 1.7971283466836304e-06, 'epoch': 1.72}
{'loss': 0.0259, 'grad_norm': 0.8250629305839539, 'learning_rate': 1.7927366835622308e-06, 'epoch': 1.76}
{'loss': 0.0259, 'grad_norm': 0.7011024355888367, 'learning_rate': 1.7881326915807251e-06, 'epoch': 1.8}
{'loss': 0.0243, 'grad_norm': 1.1105443239212036, 'learning_rate': 1.783317490300326e-06, 'epoch': 1.84}
{'loss': 0.0221, 'grad_norm': 1.143190860748291, 'learning_rate': 1.7782922506423998e-06, 'epoch': 1.88}
{'loss': 0.0241, 'grad_norm': 1.723249077796936, 'learning_rate': 1.773058194603733e-06, 'epoch': 1.92}
{'loss': 0.0223, 'grad_norm': 0.9957987070083618, 'learning_rate': 1.7676165949593763e-06, 'epoch': 1.96}
{'loss': 0.0215, 'grad_norm': 1.2026593685150146, 'learning_rate': 1.7619687749531404e-06, 'epoch': 2.0}
{'eval_loss': 0.008358261547982693, 'eval_score': 0.007259653437683237, 'eval_err_F': 0.006997878238494666, 'eval_err_M': 0.0064743278401175235, 'eval_err_diff': 0.0005235503983771423, 'eval_mse': 0.0026992597941360172, 'eval_mae': 0.04056734524057119, 'eval_runtime': 21.2013, 'eval_samples_per_second': 943.339, 'eval_steps_per_second': 7.405, 'epoch': 2.0}
{'loss': 0.0221, 'grad_norm': 1.2966386079788208, 'learning_rate': 1.756116107975822e-06, 'epoch': 2.04}
{'loss': 0.0215, 'grad_norm': 1.765220284461975, 'learning_rate': 1.7500600172312333e-06, 'epoch': 2.08}
{'loss': 0.0198, 'grad_norm': 1.5781265497207642, 'learning_rate': 1.7438019753901182e-06, 'epoch': 2.12}
{'loss': 0.0194, 'grad_norm': 0.5499586462974548, 'learning_rate': 1.7373435042320412e-06, 'epoch': 2.16}
{'loss': 0.0193, 'grad_norm': 1.1806095838546753, 'learning_rate': 1.730686174275333e-06, 'epoch': 2.2}
{'loss': 0.0179, 'grad_norm': 0.629937469959259, 'learning_rate': 1.723831604395185e-06, 'epoch': 2.24}
{'loss': 0.0167, 'grad_norm': 0.5321549773216248, 'learning_rate': 1.7167814614299836e-06, 'epoch': 2.28}
{'loss': 0.0146, 'grad_norm': 0.5366478562355042, 'learning_rate': 1.7095374597759831e-06, 'epoch': 2.32}
{'loss': 0.0127, 'grad_norm': 0.3597820997238159, 'learning_rate': 1.7021013609704124e-06, 'epoch': 2.36}
{'loss': 0.013, 'grad_norm': 0.7272753119468689, 'learning_rate': 1.6944749732631183e-06, 'epoch': 2.4}
{'loss': 0.0114, 'grad_norm': 0.70110684633255, 'learning_rate': 1.6866601511768504e-06, 'epoch': 2.44}
{'loss': 0.0113, 'grad_norm': 0.5070701837539673, 'learning_rate': 1.678658795056294e-06, 'epoch': 2.48}
{'loss': 0.0098, 'grad_norm': 1.1847788095474243, 'learning_rate': 1.6704728506059586e-06, 'epoch': 2.52}
{'loss': 0.0091, 'grad_norm': 0.6939069628715515, 'learning_rate': 1.6621043084170376e-06, 'epoch': 2.56}
{'loss': 0.0111, 'grad_norm': 0.25767502188682556, 'learning_rate': 1.6535552034833544e-06, 'epoch': 2.6}
{'loss': 0.0091, 'grad_norm': 0.7566681504249573, 'learning_rate': 1.6448276147065063e-06, 'epoch': 2.64}
{'loss': 0.008, 'grad_norm': 0.47038042545318604, 'learning_rate': 1.6359236643903358e-06, 'epoch': 2.68}
{'loss': 0.0082, 'grad_norm': 0.5924980640411377, 'learning_rate': 1.6268455177248462e-06, 'epoch': 2.72}
{'loss': 0.0085, 'grad_norm': 0.9550969004631042, 'learning_rate': 1.6175953822596882e-06, 'epoch': 2.76}
{'loss': 0.0087, 'grad_norm': 1.3801929950714111, 'learning_rate': 1.6081755073673452e-06, 'epoch': 2.8}
{'loss': 0.009, 'grad_norm': 1.4690382480621338, 'learning_rate': 1.5985881836961502e-06, 'epoch': 2.84}
{'loss': 0.0071, 'grad_norm': 0.5141531229019165, 'learning_rate': 1.5888357426132643e-06, 'epoch': 2.88}
{'loss': 0.0082, 'grad_norm': 1.192095160484314, 'learning_rate': 1.5789205556377537e-06, 'epoch': 2.92}
{'loss': 0.0075, 'grad_norm': 0.5064937472343445, 'learning_rate': 1.5688450338639032e-06, 'epoch': 2.96}
{'loss': 0.0078, 'grad_norm': 1.7331809997558594, 'learning_rate': 1.5586116273749054e-06, 'epoch': 3.0}
{'eval_loss': 0.003041508374735713, 'eval_score': 0.002653379651540382, 'eval_err_F': 0.0020054719168696882, 'eval_err_M': 0.0024374104066501507, 'eval_err_diff': 0.0004319384897804625, 'eval_mse': 0.003395502236352912, 'eval_mae': 0.04989072569184809, 'eval_runtime': 21.1842, 'eval_samples_per_second': 944.101, 'eval_steps_per_second': 7.411, 'epoch': 3.0}
{'loss': 0.0067, 'grad_norm': 0.5534729361534119, 'learning_rate': 1.5482228246470712e-06, 'epoch': 3.04}
{'loss': 0.0065, 'grad_norm': 1.4999158382415771, 'learning_rate': 1.5376811519446997e-06, 'epoch': 3.08}
{'loss': 0.0066, 'grad_norm': 0.9002019166946411, 'learning_rate': 1.5269891727057648e-06, 'epoch': 3.12}
{'loss': 0.0062, 'grad_norm': 1.0084559917449951, 'learning_rate': 1.516149486918557e-06, 'epoch': 3.16}
{'loss': 0.0065, 'grad_norm': 3.0282821655273438, 'learning_rate': 1.5051647304894397e-06, 'epoch': 3.2}
{'loss': 0.0074, 'grad_norm': 0.7583130598068237, 'learning_rate': 1.4940375746018734e-06, 'epoch': 3.24}
{'loss': 0.0058, 'grad_norm': 2.487056255340576, 'learning_rate': 1.4827707250668555e-06, 'epoch': 3.28}
{'loss': 0.0058, 'grad_norm': 1.1116094589233398, 'learning_rate': 1.4713669216649454e-06, 'epoch': 3.32}
{'loss': 0.0065, 'grad_norm': 0.9476221799850464, 'learning_rate': 1.4598289374800278e-06, 'epoch': 3.36}
{'loss': 0.0064, 'grad_norm': 0.7749220728874207, 'learning_rate': 1.448159578224974e-06, 'epoch': 3.4}
{'loss': 0.0063, 'grad_norm': 2.1706392765045166, 'learning_rate': 1.4363616815593741e-06, 'epoch': 3.44}
{'loss': 0.0058, 'grad_norm': 1.5965038537979126, 'learning_rate': 1.424438116399497e-06, 'epoch': 3.48}
{'loss': 0.0054, 'grad_norm': 1.1375970840454102, 'learning_rate': 1.412391782220651e-06, 'epoch': 3.52}
{'loss': 0.0059, 'grad_norm': 1.1035044193267822, 'learning_rate': 1.4002256083521125e-06, 'epoch': 3.56}
{'loss': 0.0053, 'grad_norm': 0.9419634938240051, 'learning_rate': 1.3879425532647967e-06, 'epoch': 3.6}
{'loss': 0.0051, 'grad_norm': 0.36672133207321167, 'learning_rate': 1.3755456038518392e-06, 'epoch': 3.64}
{'loss': 0.0054, 'grad_norm': 0.5889973640441895, 'learning_rate': 1.3630377747022694e-06, 'epoch': 3.68}
{'loss': 0.0054, 'grad_norm': 0.31760361790657043, 'learning_rate': 1.3504221073679463e-06, 'epoch': 3.72}
{'loss': 0.0051, 'grad_norm': 0.5302756428718567, 'learning_rate': 1.3377016696239388e-06, 'epoch': 3.76}
{'loss': 0.0048, 'grad_norm': 1.3843802213668823, 'learning_rate': 1.3248795547225297e-06, 'epoch': 3.8}
{'loss': 0.0058, 'grad_norm': 0.5455900430679321, 'learning_rate': 1.311958880641023e-06, 'epoch': 3.84}
{'loss': 0.0043, 'grad_norm': 0.7669682502746582, 'learning_rate': 1.2989427893235402e-06, 'epoch': 3.88}
{'loss': 0.0043, 'grad_norm': 1.36259925365448, 'learning_rate': 1.2858344459169885e-06, 'epoch': 3.92}
{'loss': 0.0051, 'grad_norm': 0.7668964862823486, 'learning_rate': 1.2726370380013855e-06, 'epoch': 3.96}
{'loss': 0.0047, 'grad_norm': 0.29020455479621887, 'learning_rate': 1.2593537748147284e-06, 'epoch': 4.0}
{'eval_loss': 0.002157402690500021, 'eval_score': 0.002235472378432732, 'eval_err_F': 0.0010969977195345465, 'eval_err_M': 0.00185598082546667, 'eval_err_diff': 0.0007589831059321235, 'eval_mse': 0.0015776614196280094, 'eval_mae': 0.03169762492538303, 'eval_runtime': 28.0115, 'eval_samples_per_second': 713.992, 'eval_steps_per_second': 5.605, 'epoch': 4.0}
{'loss': 0.0047, 'grad_norm': 0.24804548919200897, 'learning_rate': 1.2459878864725996e-06, 'epoch': 4.04}
{'loss': 0.0052, 'grad_norm': 0.6012390851974487, 'learning_rate': 1.2325426231826938e-06, 'epoch': 4.08}
{'loss': 0.0042, 'grad_norm': 0.36238911747932434, 'learning_rate': 1.219021254454456e-06, 'epoch': 4.12}
{'loss': 0.0046, 'grad_norm': 0.18592092394828796, 'learning_rate': 1.2054270683040324e-06, 'epoch': 4.16}
{'loss': 0.0047, 'grad_norm': 0.8127817511558533, 'learning_rate': 1.191763370454715e-06, 'epoch': 4.2}
{'loss': 0.0041, 'grad_norm': 0.655437171459198, 'learning_rate': 1.1780334835330846e-06, 'epoch': 4.24}
{'loss': 0.0043, 'grad_norm': 0.5664144158363342, 'learning_rate': 1.1642407462610399e-06, 'epoch': 4.28}
{'loss': 0.0046, 'grad_norm': 0.7313268780708313, 'learning_rate': 1.1503885126439154e-06, 'epoch': 4.32}
{'loss': 0.0047, 'grad_norm': 0.29679712653160095, 'learning_rate': 1.1364801511548808e-06, 'epoch': 4.36}
{'loss': 0.0037, 'grad_norm': 0.677477240562439, 'learning_rate': 1.1225190439158251e-06, 'epoch': 4.4}
{'loss': 0.0042, 'grad_norm': 0.1699133962392807, 'learning_rate': 1.108508585874918e-06, 'epoch': 4.44}
{'loss': 0.0035, 'grad_norm': 1.286800503730774, 'learning_rate': 1.0944521839810538e-06, 'epoch': 4.48}
{'loss': 0.004, 'grad_norm': 0.7206476330757141, 'learning_rate': 1.0803532563553791e-06, 'epoch': 4.52}
{'loss': 0.0037, 'grad_norm': 0.35117006301879883, 'learning_rate': 1.0662152314601008e-06, 'epoch': 4.56}
{'loss': 0.0038, 'grad_norm': 0.3291536569595337, 'learning_rate': 1.052041547264781e-06, 'epoch': 4.6}
{'loss': 0.0047, 'grad_norm': 0.7193155884742737, 'learning_rate': 1.0378356504103188e-06, 'epoch': 4.64}
{'loss': 0.0049, 'grad_norm': 0.6832971572875977, 'learning_rate': 1.0236009953708263e-06, 'epoch': 4.68}
{'loss': 0.0046, 'grad_norm': 0.8086984157562256, 'learning_rate': 1.009341043613595e-06, 'epoch': 4.72}
{'loss': 0.0038, 'grad_norm': 0.18648475408554077, 'learning_rate': 9.95059262757367e-07, 'epoch': 4.76}
{'loss': 0.0038, 'grad_norm': 0.6142784357070923, 'learning_rate': 9.807591257291055e-07, 'epoch': 4.8}
{'loss': 0.0043, 'grad_norm': 0.7966210842132568, 'learning_rate': 9.66444109919479e-07, 'epoch': 4.84}
{'loss': 0.0034, 'grad_norm': 0.7959046363830566, 'learning_rate': 9.521176963372563e-07, 'epoch': 4.88}
{'loss': 0.0041, 'grad_norm': 0.4219495952129364, 'learning_rate': 9.377833687628229e-07, 'epoch': 4.92}
{'loss': 0.0036, 'grad_norm': 0.38889992237091064, 'learning_rate': 9.234446129010256e-07, 'epoch': 4.96}
{'loss': 0.0037, 'grad_norm': 0.661967933177948, 'learning_rate': 9.091049155335446e-07, 'epoch': 5.0}
{'eval_loss': 0.002449906663969159, 'eval_score': 0.002393534134624979, 'eval_err_F': 0.0014325188246658742, 'eval_err_M': 0.002073195697971944, 'eval_err_diff': 0.0006406768733060698, 'eval_mse': 0.0012585532738711442, 'eval_mae': 0.027800040553369217, 'eval_runtime': 21.3928, 'eval_samples_per_second': 934.895, 'eval_steps_per_second': 7.339, 'epoch': 5.0}
{'loss': 0.0036, 'grad_norm': 0.17375263571739197, 'learning_rate': 8.947677636710091e-07, 'epoch': 5.04}
{'loss': 0.0036, 'grad_norm': 0.5769191980361938, 'learning_rate': 8.80436643705052e-07, 'epoch': 5.08}
{'loss': 0.0036, 'grad_norm': 0.839204728603363, 'learning_rate': 8.661150405605197e-07, 'epoch': 5.12}
{'loss': 0.0037, 'grad_norm': 0.535693347454071, 'learning_rate': 8.518064368480354e-07, 'epoch': 5.16}
{'loss': 0.0036, 'grad_norm': 0.9166863560676575, 'learning_rate': 8.375143120171257e-07, 'epoch': 5.2}
{'loss': 0.0036, 'grad_norm': 0.3773127496242523, 'learning_rate': 8.232421415101186e-07, 'epoch': 5.24}
{'loss': 0.0033, 'grad_norm': 0.6654676198959351, 'learning_rate': 8.089933959170111e-07, 'epoch': 5.28}
{'loss': 0.0031, 'grad_norm': 0.7798007130622864, 'learning_rate': 7.947715401315209e-07, 'epoch': 5.32}
{'loss': 0.0033, 'grad_norm': 0.3765999376773834, 'learning_rate': 7.805800325085233e-07, 'epoch': 5.36}
{'loss': 0.0036, 'grad_norm': 0.5182029008865356, 'learning_rate': 7.66422324023072e-07, 'epoch': 5.4}
{'loss': 0.0032, 'grad_norm': 1.7615309953689575, 'learning_rate': 7.523018574312249e-07, 'epoch': 5.44}
{'loss': 0.004, 'grad_norm': 0.2648591697216034, 'learning_rate': 7.382220664328591e-07, 'epoch': 5.48}
{'loss': 0.0034, 'grad_norm': 0.4731312394142151, 'learning_rate': 7.241863748366916e-07, 'epoch': 5.52}
{'loss': 0.0031, 'grad_norm': 0.2702379524707794, 'learning_rate': 7.101981957277084e-07, 'epoch': 5.56}
{'loss': 0.0034, 'grad_norm': 0.981073260307312, 'learning_rate': 6.96260930637195e-07, 'epoch': 5.6}
{'loss': 0.0035, 'grad_norm': 0.2582964599132538, 'learning_rate': 6.823779687155816e-07, 'epoch': 5.64}
{'loss': 0.0034, 'grad_norm': 0.22385773062705994, 'learning_rate': 6.685526859082976e-07, 'epoch': 5.68}
{'loss': 0.0031, 'grad_norm': 0.389993280172348, 'learning_rate': 6.547884441348346e-07, 'epoch': 5.72}
{'loss': 0.0032, 'grad_norm': 0.43403077125549316, 'learning_rate': 6.410885904712242e-07, 'epoch': 5.76}
{'loss': 0.0034, 'grad_norm': 0.18214137852191925, 'learning_rate': 6.274564563361233e-07, 'epoch': 5.8}
{'loss': 0.0033, 'grad_norm': 0.5399653911590576, 'learning_rate': 6.138953566807048e-07, 'epoch': 5.84}
{'loss': 0.0033, 'grad_norm': 0.2800690233707428, 'learning_rate': 6.004085891825577e-07, 'epoch': 5.88}
{'loss': 0.0034, 'grad_norm': 0.39273473620414734, 'learning_rate': 5.869994334437822e-07, 'epoch': 5.92}
{'loss': 0.0031, 'grad_norm': 0.37836411595344543, 'learning_rate': 5.736711501934852e-07, 'epoch': 5.96}
{'loss': 0.0032, 'grad_norm': 0.7703169584274292, 'learning_rate': 5.604269804948608e-07, 'epoch': 6.0}
{'eval_loss': 0.0018322349060326815, 'eval_score': 0.0017850086001986384, 'eval_err_F': 0.0009833414589010608, 'eval_err_M': 0.0015177862197661126, 'eval_err_diff': 0.0005344447608650518, 'eval_mse': 0.0014882587933189562, 'eval_mae': 0.030040419082575136, 'eval_runtime': 21.2945, 'eval_samples_per_second': 939.211, 'eval_steps_per_second': 7.373, 'epoch': 6.0}
{'loss': 0.0032, 'grad_norm': 0.9423722624778748, 'learning_rate': 5.472701449570558e-07, 'epoch': 6.04}
{'loss': 0.0029, 'grad_norm': 0.19332543015480042, 'learning_rate': 5.342038429520082e-07, 'epoch': 6.08}
{'loss': 0.0029, 'grad_norm': 0.23702839016914368, 'learning_rate': 5.212312518364508e-07, 'epoch': 6.12}
{'loss': 0.0029, 'grad_norm': 0.3273330330848694, 'learning_rate': 5.083555261792651e-07, 'epoch': 6.16}
{'loss': 0.0031, 'grad_norm': 0.5287428498268127, 'learning_rate': 4.955797969943826e-07, 'epoch': 6.2}
{'loss': 0.0029, 'grad_norm': 0.5774645805358887, 'learning_rate': 4.829071709794068e-07, 'epoch': 6.24}
{'loss': 0.003, 'grad_norm': 0.16537608206272125, 'learning_rate': 4.7034072976015417e-07, 'epoch': 6.28}
{'loss': 0.0028, 'grad_norm': 0.8137452006340027, 'learning_rate': 4.578835291412892e-07, 'epoch': 6.32}
{'loss': 0.0034, 'grad_norm': 0.9934705495834351, 'learning_rate': 4.4553859836323727e-07, 'epoch': 6.36}
{'loss': 0.0028, 'grad_norm': 0.4594985544681549, 'learning_rate': 4.333089393655599e-07, 'epoch': 6.4}
{'loss': 0.0025, 'grad_norm': 0.461146742105484, 'learning_rate': 4.2119752605696854e-07, 'epoch': 6.44}
{'loss': 0.0028, 'grad_norm': 0.2305172085762024, 'learning_rate': 4.092073035921509e-07, 'epoch': 6.48}
{'loss': 0.0036, 'grad_norm': 0.3806637227535248, 'learning_rate': 3.9734118765559556e-07, 'epoch': 6.52}
{'loss': 0.0028, 'grad_norm': 1.263327717781067, 'learning_rate': 3.856020637525763e-07, 'epoch': 6.56}
{'loss': 0.0029, 'grad_norm': 0.3996492028236389, 'learning_rate': 3.739927865074818e-07, 'epoch': 6.6}
{'loss': 0.003, 'grad_norm': 0.8281292915344238, 'learning_rate': 3.625161789696487e-07, 'epoch': 6.64}
{'loss': 0.0026, 'grad_norm': 0.21146565675735474, 'learning_rate': 3.5117503192687615e-07, 'epoch': 6.68}
{'loss': 0.0032, 'grad_norm': 0.5401525497436523, 'learning_rate': 3.399721032267861e-07, 'epoch': 6.72}
{'loss': 0.003, 'grad_norm': 0.2547290027141571, 'learning_rate': 3.2891011710619136e-07, 'epoch': 6.76}
{'loss': 0.0029, 'grad_norm': 0.1905103623867035, 'learning_rate': 3.1799176352863733e-07, 'epoch': 6.8}
{'loss': 0.0031, 'grad_norm': 0.4451657831668854, 'learning_rate': 3.072196975302797e-07, 'epoch': 6.84}
{'loss': 0.0028, 'grad_norm': 0.7201329469680786, 'learning_rate': 2.9659653857425365e-07, 'epoch': 6.88}
{'loss': 0.0028, 'grad_norm': 1.1993695497512817, 'learning_rate': 2.861248699136952e-07, 'epoch': 6.92}
{'loss': 0.0027, 'grad_norm': 0.34202149510383606, 'learning_rate': 2.7580723796356585e-07, 'epoch': 6.96}
{'loss': 0.0029, 'grad_norm': 0.584586501121521, 'learning_rate': 2.6564615168143574e-07, 'epoch': 7.0}
{'eval_loss': 0.0016728719929233193, 'eval_score': 0.0017050021632596666, 'eval_err_F': 0.0008262831022053062, 'eval_err_M': 0.0014120958095748797, 'eval_err_diff': 0.0005858127073695735, 'eval_mse': 0.001215605943797647, 'eval_mae': 0.02661374748726248, 'eval_runtime': 21.2079, 'eval_samples_per_second': 943.043, 'eval_steps_per_second': 7.403, 'epoch': 7.0}
{'loss': 0.0025, 'grad_norm': 0.29597440361976624, 'learning_rate': 2.5564408195737785e-07, 'epoch': 7.04}
{'loss': 0.0028, 'grad_norm': 0.43324726819992065, 'learning_rate': 2.4580346101311466e-07, 'epoch': 7.08}
{'loss': 0.0031, 'grad_norm': 0.9961909055709839, 'learning_rate': 2.361266818105712e-07, 'epoch': 7.12}
{'loss': 0.0028, 'grad_norm': 0.3208172023296356, 'learning_rate': 2.2661609746997573e-07, 'epoch': 7.16}
{'loss': 0.0026, 'grad_norm': 0.2526337504386902, 'learning_rate': 2.1727402069764395e-07, 'epoch': 7.2}
{'loss': 0.0031, 'grad_norm': 0.5580276846885681, 'learning_rate': 2.0810272322359742e-07, 'epoch': 7.24}
{'loss': 0.0031, 'grad_norm': 0.45625829696655273, 'learning_rate': 1.9910443524913994e-07, 'epoch': 7.28}
{'loss': 0.0027, 'grad_norm': 0.21207305788993835, 'learning_rate': 1.9028134490453654e-07, 'epoch': 7.32}
{'loss': 0.0033, 'grad_norm': 0.3126243054866791, 'learning_rate': 1.816355977169227e-07, 'epoch': 7.36}
{'loss': 0.0027, 'grad_norm': 0.16176575422286987, 'learning_rate': 1.7316929608857068e-07, 'epoch': 7.4}
{'loss': 0.0033, 'grad_norm': 0.7622002959251404, 'learning_rate': 1.6488449878564616e-07, 'epoch': 7.44}
{'loss': 0.0025, 'grad_norm': 0.23263147473335266, 'learning_rate': 1.5678322043757347e-07, 'epoch': 7.48}
{'loss': 0.0026, 'grad_norm': 0.2144753783941269, 'learning_rate': 1.4886743104713427e-07, 'epoch': 7.52}
{'loss': 0.0026, 'grad_norm': 0.2634309232234955, 'learning_rate': 1.4113905551141874e-07, 'epoch': 7.56}
{'loss': 0.0025, 'grad_norm': 0.14583347737789154, 'learning_rate': 1.335999731537451e-07, 'epoch': 7.6}
{'loss': 0.0031, 'grad_norm': 0.4022804796695709, 'learning_rate': 1.2625201726666007e-07, 'epoch': 7.64}
{'loss': 0.0025, 'grad_norm': 0.5766599774360657, 'learning_rate': 1.1909697466613504e-07, 'epoch': 7.68}
{'loss': 0.0026, 'grad_norm': 0.269151508808136, 'learning_rate': 1.1213658525706157e-07, 'epoch': 7.72}
{'loss': 0.0024, 'grad_norm': 0.13723643124103546, 'learning_rate': 1.0537254161015641e-07, 'epoch': 7.76}
{'loss': 0.0026, 'grad_norm': 0.8222669363021851, 'learning_rate': 9.880648855037518e-08, 'epoch': 7.8}
{'loss': 0.0025, 'grad_norm': 0.15863917768001556, 'learning_rate': 9.244002275693786e-08, 'epoch': 7.84}
{'loss': 0.0026, 'grad_norm': 0.46332570910453796, 'learning_rate': 8.62746923750611e-08, 'epoch': 7.88}
{'loss': 0.0024, 'grad_norm': 0.6957406401634216, 'learning_rate': 8.03119966394933e-08, 'epoch': 7.92}
{'loss': 0.0027, 'grad_norm': 0.3307293653488159, 'learning_rate': 7.455338550994205e-08, 'epoch': 7.96}
{'loss': 0.0025, 'grad_norm': 0.9575963020324707, 'learning_rate': 6.900025931848555e-08, 'epoch': 8.0}
{'eval_loss': 0.00203757849521935, 'eval_score': 0.0019573348289751774, 'eval_err_F': 0.0011952585425839904, 'eval_err_M': 0.0017033094001781151, 'eval_err_diff': 0.0005080508575941247, 'eval_mse': 0.0010748420900806841, 'eval_mae': 0.024827118025392884, 'eval_runtime': 21.6682, 'eval_samples_per_second': 923.014, 'eval_steps_per_second': 7.246, 'epoch': 8.0}
{'loss': 0.0021, 'grad_norm': 0.42467495799064636, 'learning_rate': 6.365396842905064e-08, 'epoch': 8.04}
{'loss': 0.0021, 'grad_norm': 0.6400355100631714, 'learning_rate': 5.851581290904334e-08, 'epoch': 8.08}
{'loss': 0.0025, 'grad_norm': 0.27808040380477905, 'learning_rate': 5.3587042213208134e-08, 'epoch': 8.12}
{'loss': 0.0026, 'grad_norm': 0.5111818313598633, 'learning_rate': 4.8868854879795817e-08, 'epoch': 8.16}
{'loss': 0.0029, 'grad_norm': 0.551833987236023, 'learning_rate': 4.436239823911328e-08, 'epoch': 8.2}
{'loss': 0.0025, 'grad_norm': 0.28377652168273926, 'learning_rate': 4.006876813452451e-08, 'epoch': 8.24}
{'loss': 0.0021, 'grad_norm': 0.3005453944206238, 'learning_rate': 3.598900865597257e-08, 'epoch': 8.28}
{'loss': 0.0026, 'grad_norm': 0.6492531299591064, 'learning_rate': 3.2124111886086886e-08, 'epoch': 8.32}
{'loss': 0.0025, 'grad_norm': 0.6032386422157288, 'learning_rate': 2.8475017658935303e-08, 'epoch': 8.36}
{'loss': 0.0028, 'grad_norm': 0.8112580180168152, 'learning_rate': 2.50426133314844e-08, 'epoch': 8.4}
{'loss': 0.0026, 'grad_norm': 0.7237820625305176, 'learning_rate': 2.18277335678187e-08, 'epoch': 8.44}
{'loss': 0.0028, 'grad_norm': 0.42829838395118713, 'learning_rate': 1.8831160136172967e-08, 'epoch': 8.48}
{'loss': 0.0026, 'grad_norm': 0.23446714878082275, 'learning_rate': 1.605362171882974e-08, 'epoch': 8.52}
{'loss': 0.0024, 'grad_norm': 0.6258348822593689, 'learning_rate': 1.3495793734923523e-08, 'epoch': 8.56}
{'loss': 0.003, 'grad_norm': 0.1772785782814026, 'learning_rate': 1.1158298176197478e-08, 'epoch': 8.6}
{'loss': 0.0026, 'grad_norm': 0.49367374181747437, 'learning_rate': 9.041703455753433e-09, 'epoch': 8.64}
{'loss': 0.0027, 'grad_norm': 0.2874998450279236, 'learning_rate': 7.146524269829165e-09, 'epoch': 8.68}
{'loss': 0.0025, 'grad_norm': 0.43311548233032227, 'learning_rate': 5.4732214726390035e-09, 'epoch': 8.72}
{'loss': 0.0026, 'grad_norm': 0.3439212143421173, 'learning_rate': 4.022201964307158e-09, 'epoch': 8.76}
{'loss': 0.0024, 'grad_norm': 0.5220286846160889, 'learning_rate': 2.793818591920728e-09, 'epoch': 8.8}
{'loss': 0.0026, 'grad_norm': 0.25688880681991577, 'learning_rate': 1.7883700637276027e-09, 'epoch': 8.84}
{'loss': 0.0027, 'grad_norm': 0.8011258244514465, 'learning_rate': 1.0061008764989583e-09, 'epoch': 8.88}
{'loss': 0.0026, 'grad_norm': 0.6476026177406311, 'learning_rate': 4.472012560742236e-10, 'epoch': 8.92}
{'loss': 0.0025, 'grad_norm': 0.1252203732728958, 'learning_rate': 1.1180711110382129e-10, 'epoch': 8.96}
{'loss': 0.0027, 'grad_norm': 0.3282884657382965, 'learning_rate': 0.0, 'epoch': 9.0}
{'eval_loss': 0.001648147590458393, 'eval_score': 0.0016742234838118713, 'eval_err_F': 0.000819574435693735, 'eval_err_M': 0.0013893404677724926, 'eval_err_diff': 0.0005697660320787576, 'eval_mse': 0.0011393938412135342, 'eval_mae': 0.025544206042819314, 'eval_runtime': 21.0282, 'eval_samples_per_second': 951.102, 'eval_steps_per_second': 7.466, 'epoch': 9.0}
[EMA] Swapped EMA weights into model (decay=0.9998)
{'train_runtime': 2492.7459, 'train_samples_per_second': 288.838, 'train_steps_per_second': 4.513, 'train_loss': 0.02506306542158127, 'epoch': 9.0}
[EMA] Swapped EMA weights into model (decay=0.9998)
score=0.00214 | err_diff=0.00075 | loss=0.00206
score=0.00214 | err_diff=0.00075 | loss=0.00206
Saved 30 worst predictions: results/optuna_dinov3-vitb16-3090-v2_trial_15/worst/worst.csv + results/optuna_dinov3-vitb16-3090-v2_trial_15/worst/images
Model saved: models:/m-292800c48fc841ab9f001307c525e9a5
Trial 15: score=inf err_F=inf err_M=inf err_diff=inf
Loaded 100,000 samples from data/raw/train.csv
Loaded 100,000 samples from data/raw/train.csv
Train: 80,000 | Val: 20,000
Train: 80,000 | Val: 20,000
PMF ratios test/train (20 bins of 0.025): [0.215, 0.338, 0.565, 0.732, 0.913, 1.081, 1.315, 1.452, 1.629, 1.864, 1.964, 1.907, 1.591, 1.358, 1.247, 0.618, 1.012, 0.066, 0.066, 0.066]
eval_importance_reweight ON (eval_score reweighted to test distribution)
PMF ratios test/train (20 bins of 0.025): [0.215, 0.338, 0.565, 0.732, 0.913, 1.081, 1.315, 1.452, 1.629, 1.864, 1.964, 1.907, 1.591, 1.358, 1.247, 0.618, 1.012, 0.066, 0.066, 0.066]
eval_importance_reweight ON (eval_score reweighted to test distribution)
Cell reweight (2×20, 1/sqrt(count) normalized): max=5.855, min=0.086
Cell reweight (2×20, 1/sqrt(count) normalized): max=5.855, min=0.086
DINOv3 drop_path_rate=0.02806205174556277 applied (linear 0 → 0.028 across 12 blocks via sample_drop_ratio)
DINOv3 drop_path_rate=0.02806205174556277 applied (linear 0 → 0.028 across 12 blocks via sample_drop_ratio)
Loaded DINOv3 weights: dinov3_vitb16_pretrain_lvd1689m-73cec8be.pth
EMA enabled: decay=0.9998, warmup_steps=200
Loaded DINOv3 weights: dinov3_vitb16_pretrain_lvd1689m-73cec8be.pth
WeightedMSELoss: focal_gamma=0.0, fairness_lambda=0.25605469248949847, cell_reweight=on (max=5.85, min=0.09)
Training dinov3-vitb16-3090-v2_trial16 (best_metric=eval_score)
EMA enabled: decay=0.9998, warmup_steps=200
WeightedMSELoss: focal_gamma=0.0, fairness_lambda=0.25605469248949847, cell_reweight=on (max=5.85, min=0.09)
Training dinov3-vitb16-3090-v2_trial16 (best_metric=eval_score)
LLRD: 14 groups, LR ∈ [3.86e-05, 8.15e-05]
LLRD: 14 groups, LR ∈ [3.86e-05, 8.15e-05]
{'loss': 0.1325, 'grad_norm': 0.8572444319725037, 'learning_rate': 2.805932288709408e-06, 'epoch': 0.04}
{'loss': 0.1217, 'grad_norm': 1.6233634948730469, 'learning_rate': 5.611864577418816e-06, 'epoch': 0.08}
{'loss': 0.118, 'grad_norm': 1.8436541557312012, 'learning_rate': 8.417796866128223e-06, 'epoch': 0.12}
{'loss': 0.1137, 'grad_norm': 1.2026982307434082, 'learning_rate': 1.1223729154837631e-05, 'epoch': 0.16}
{'loss': 0.1218, 'grad_norm': 0.8589302897453308, 'learning_rate': 1.4029661443547036e-05, 'epoch': 0.2}
{'loss': 0.1146, 'grad_norm': 1.1346808671951294, 'learning_rate': 1.6835593732256445e-05, 'epoch': 0.24}
{'loss': 0.1203, 'grad_norm': 0.9274635314941406, 'learning_rate': 1.9641526020965854e-05, 'epoch': 0.28}
{'loss': 0.1041, 'grad_norm': 1.3278748989105225, 'learning_rate': 2.2447458309675262e-05, 'epoch': 0.32}
{'loss': 0.0781, 'grad_norm': 3.061281442642212, 'learning_rate': 2.525339059838467e-05, 'epoch': 0.36}
{'loss': 0.0678, 'grad_norm': 3.0893349647521973, 'learning_rate': 2.8059322887094073e-05, 'epoch': 0.4}
{'loss': 0.0645, 'grad_norm': 0.9971373081207275, 'learning_rate': 3.0865255175803485e-05, 'epoch': 0.44}
{'loss': 0.0624, 'grad_norm': 1.0217150449752808, 'learning_rate': 3.367118746451289e-05, 'epoch': 0.48}
{'loss': 0.0664, 'grad_norm': 1.2716668844223022, 'learning_rate': 3.6477119753222295e-05, 'epoch': 0.52}
{'loss': 0.0618, 'grad_norm': 0.613987386226654, 'learning_rate': 3.860954788853934e-05, 'epoch': 0.56}
{'loss': 0.0545, 'grad_norm': 0.33101174235343933, 'learning_rate': 3.860748198808703e-05, 'epoch': 0.6}
{'loss': 0.0446, 'grad_norm': 0.8870225548744202, 'learning_rate': 3.860262462063037e-05, 'epoch': 0.64}
{'loss': 0.0423, 'grad_norm': 0.48687124252319336, 'learning_rate': 3.859497648862051e-05, 'epoch': 0.68}
{'loss': 0.0344, 'grad_norm': 0.5154150724411011, 'learning_rate': 3.858453869809668e-05, 'epoch': 0.72}
{'loss': 0.0313, 'grad_norm': 1.446065068244934, 'learning_rate': 3.857131275852629e-05, 'epoch': 0.76}
{'loss': 0.0276, 'grad_norm': 1.5963897705078125, 'learning_rate': 3.8555300582586605e-05, 'epoch': 0.8}
{'loss': 0.0198, 'grad_norm': 0.3538258373737335, 'learning_rate': 3.853650448588814e-05, 'epoch': 0.84}
{'loss': 0.0178, 'grad_norm': 0.2431560903787613, 'learning_rate': 3.851492718663983e-05, 'epoch': 0.88}
{'loss': 0.0164, 'grad_norm': 0.9440854787826538, 'learning_rate': 3.849057180525585e-05, 'epoch': 0.92}
{'loss': 0.0157, 'grad_norm': 0.5364788770675659, 'learning_rate': 3.846344186390444e-05, 'epoch': 0.96}
{'loss': 0.0152, 'grad_norm': 1.417146921157837, 'learning_rate': 3.843354128599852e-05, 'epoch': 1.0}
{'eval_loss': 0.004572856705635786, 'eval_score': 0.0036271981835302603, 'eval_err_F': 0.0028680963641264648, 'eval_err_M': 0.003374164243728995, 'eval_err_diff': 0.0005060678796025304, 'eval_mse': 0.0015296574432020669, 'eval_mae': 0.030095236527287305, 'eval_runtime': 20.9013, 'eval_samples_per_second': 956.88, 'eval_steps_per_second': 7.512, 'epoch': 1.0}
{'loss': 0.0127, 'grad_norm': 2.3154284954071045, 'learning_rate': 3.840087439562827e-05, 'epoch': 1.04}
{'loss': 0.0113, 'grad_norm': 0.3278035819530487, 'learning_rate': 3.836544591693583e-05, 'epoch': 1.08}
{'loss': 0.0128, 'grad_norm': 0.49128633737564087, 'learning_rate': 3.8327260973432115e-05, 'epoch': 1.12}
{'loss': 0.0097, 'grad_norm': 0.9605311751365662, 'learning_rate': 3.828632508725586e-05, 'epoch': 1.16}
{'loss': 0.0136, 'grad_norm': 0.30057668685913086, 'learning_rate': 3.824264417837504e-05, 'epoch': 1.2}
{'loss': 0.0072, 'grad_norm': 0.8202447295188904, 'learning_rate': 3.8196224563730775e-05, 'epoch': 1.24}
{'loss': 0.0059, 'grad_norm': 1.9530258178710938, 'learning_rate': 3.8147072956323734e-05, 'epoch': 1.28}
{'loss': 0.0065, 'grad_norm': 1.2093719244003296, 'learning_rate': 3.809519646424343e-05, 'epoch': 1.32}
{'loss': 0.0097, 'grad_norm': 1.5645136833190918, 'learning_rate': 3.804060258964017e-05, 'epoch': 1.36}
{'loss': 0.0063, 'grad_norm': 0.66011643409729, 'learning_rate': 3.798329922764021e-05, 'epoch': 1.4}
{'loss': 0.005, 'grad_norm': 0.41868579387664795, 'learning_rate': 3.792329466520397e-05, 'epoch': 1.44}
{'loss': 0.0059, 'grad_norm': 0.10128270834684372, 'learning_rate': 3.786059757992759e-05, 'epoch': 1.48}
{'loss': 0.0059, 'grad_norm': 0.26302361488342285, 'learning_rate': 3.779521703878806e-05, 'epoch': 1.52}
{'loss': 0.0056, 'grad_norm': 0.3652266561985016, 'learning_rate': 3.772716249683193e-05, 'epoch': 1.56}
{'loss': 0.0038, 'grad_norm': 0.18291941285133362, 'learning_rate': 3.765644379580802e-05, 'epoch': 1.6}
{'loss': 0.0044, 'grad_norm': 0.7782479524612427, 'learning_rate': 3.758307116274412e-05, 'epoch': 1.64}
{'loss': 0.0091, 'grad_norm': 0.5246387124061584, 'learning_rate': 3.7507055208468024e-05, 'epoch': 1.68}
{'loss': 0.0049, 'grad_norm': 1.8322218656539917, 'learning_rate': 3.7428406926073006e-05, 'epoch': 1.72}
{'loss': 0.0058, 'grad_norm': 0.8061322569847107, 'learning_rate': 3.734713768932807e-05, 'epoch': 1.76}
{'loss': 0.0037, 'grad_norm': 1.0229885578155518, 'learning_rate': 3.726325925103313e-05, 'epoch': 1.8}
{'loss': 0.0048, 'grad_norm': 0.5539853572845459, 'learning_rate': 3.717678374131935e-05, 'epoch': 1.84}
{'loss': 0.0089, 'grad_norm': 0.7257263660430908, 'learning_rate': 3.708772366589497e-05, 'epoch': 1.88}
{'loss': 0.0032, 'grad_norm': 0.3693348467350006, 'learning_rate': 3.699609190423674e-05, 'epoch': 1.92}
{'loss': 0.0026, 'grad_norm': 0.8017824292182922, 'learning_rate': 3.69019017077274e-05, 'epoch': 1.96}
{'loss': 0.0034, 'grad_norm': 0.25485944747924805, 'learning_rate': 3.680516669773927e-05, 'epoch': 2.0}
{'eval_loss': 0.001616785186342895, 'eval_score': 0.0015985348182923668, 'eval_err_F': 0.0008835796262714082, 'eval_err_M': 0.0013602164209520473, 'eval_err_diff': 0.0004766367946806391, 'eval_mse': 0.0009536121635592709, 'eval_mae': 0.022694229199756773, 'eval_runtime': 24.3524, 'eval_samples_per_second': 821.274, 'eval_steps_per_second': 6.447, 'epoch': 2.0}
{'loss': 0.0027, 'grad_norm': 0.3835129141807556, 'learning_rate': 3.670590086366444e-05, 'epoch': 2.04}
{'loss': 0.0078, 'grad_norm': 0.23318424820899963, 'learning_rate': 3.660411856089163e-05, 'epoch': 2.08}
{'loss': 0.0027, 'grad_norm': 0.4754161238670349, 'learning_rate': 3.649983450873023e-05, 'epoch': 2.12}
{'loss': 0.0035, 'grad_norm': 0.24580717086791992, 'learning_rate': 3.6393063788281625e-05, 'epoch': 2.16}
{'loss': 0.0059, 'grad_norm': 0.6458101272583008, 'learning_rate': 3.628382184025822e-05, 'epoch': 2.2}
{'loss': 0.0027, 'grad_norm': 0.2887507379055023, 'learning_rate': 3.6172124462750536e-05, 'epoch': 2.24}
{'loss': 0.0029, 'grad_norm': 0.07052429020404816, 'learning_rate': 3.6057987808942476e-05, 'epoch': 2.28}
{'loss': 0.0049, 'grad_norm': 0.6629531979560852, 'learning_rate': 3.594142838477539e-05, 'epoch': 2.32}
{'loss': 0.0045, 'grad_norm': 0.363432377576828, 'learning_rate': 3.582246304656102e-05, 'epoch': 2.36}
{'loss': 0.0035, 'grad_norm': 2.476414442062378, 'learning_rate': 3.570110899854381e-05, 'epoch': 2.4}
{'loss': 0.0029, 'grad_norm': 0.20623570680618286, 'learning_rate': 3.557738379041296e-05, 'epoch': 2.44}
{'loss': 0.0027, 'grad_norm': 0.2422601729631424, 'learning_rate': 3.545130531476438e-05, 'epoch': 2.48}
{'loss': 0.0026, 'grad_norm': 0.9565649628639221, 'learning_rate': 3.532289180451323e-05, 'epoch': 2.52}
{'loss': 0.0025, 'grad_norm': 0.4899941086769104, 'learning_rate': 3.519216183025708e-05, 'epoch': 2.56}
{'loss': 0.0026, 'grad_norm': 0.5068983435630798, 'learning_rate': 3.505913429759036e-05, 'epoch': 2.6}
{'loss': 0.0021, 'grad_norm': 0.2289583534002304, 'learning_rate': 3.4923828444370305e-05, 'epoch': 2.64}
{'loss': 0.0036, 'grad_norm': 0.5975973606109619, 'learning_rate': 3.478626383793485e-05, 'epoch': 2.68}
{'loss': 0.0034, 'grad_norm': 0.6226368546485901, 'learning_rate': 3.4646460372272896e-05, 'epoch': 2.72}
{'loss': 0.0024, 'grad_norm': 0.4788142442703247, 'learning_rate': 3.450443826514734e-05, 'epoch': 2.76}
{'loss': 0.0044, 'grad_norm': 0.36819082498550415, 'learning_rate': 3.436021805517123e-05, 'epoch': 2.8}
{'loss': 0.0032, 'grad_norm': 0.3104107677936554, 'learning_rate': 3.421382059883762e-05, 'epoch': 2.84}
{'loss': 0.0036, 'grad_norm': 1.6823581457138062, 'learning_rate': 3.406526706750334e-05, 'epoch': 2.88}
{'loss': 0.0094, 'grad_norm': 0.2862485349178314, 'learning_rate': 3.391457894432734e-05, 'epoch': 2.92}
{'loss': 0.0034, 'grad_norm': 0.6086488962173462, 'learning_rate': 3.376177802116383e-05, 'epoch': 2.96}
{'loss': 0.0026, 'grad_norm': 0.21199756860733032, 'learning_rate': 3.36068863954109e-05, 'epoch': 3.0}
{'eval_loss': 0.0018535732524469495, 'eval_score': 0.0017144775583712542, 'eval_err_F': 0.0011710563139344635, 'eval_err_M': 0.0015333371435589907, 'eval_err_diff': 0.00036228082962452726, 'eval_mse': 0.0010983944853644946, 'eval_mae': 0.021637724414207877, 'eval_runtime': 31.4431, 'eval_samples_per_second': 636.07, 'eval_steps_per_second': 4.993, 'epoch': 3.0}
{'loss': 0.003, 'grad_norm': 0.185401052236557, 'learning_rate': 3.344992646681484e-05, 'epoch': 3.04}
{'loss': 0.0028, 'grad_norm': 0.162353053689003, 'learning_rate': 3.329092093423081e-05, 'epoch': 3.08}
{'loss': 0.0021, 'grad_norm': 0.05624881759285927, 'learning_rate': 3.312989279234026e-05, 'epoch': 3.12}
{'loss': 0.0021, 'grad_norm': 1.0002824068069458, 'learning_rate': 3.296686532832546e-05, 'epoch': 3.16}
{'loss': 0.0044, 'grad_norm': 0.3712216317653656, 'learning_rate': 3.280186211850192e-05, 'epoch': 3.2}
{'loss': 0.0023, 'grad_norm': 0.29865869879722595, 'learning_rate': 3.263490702490877e-05, 'epoch': 3.24}
{'loss': 0.0023, 'grad_norm': 1.3584781885147095, 'learning_rate': 3.246602419185802e-05, 'epoch': 3.28}
{'loss': 0.0023, 'grad_norm': 0.46821895241737366, 'learning_rate': 3.22952380424429e-05, 'epoch': 3.32}
{'loss': 0.0019, 'grad_norm': 0.14671048521995544, 'learning_rate': 3.212257327500587e-05, 'epoch': 3.36}
{'loss': 0.0025, 'grad_norm': 0.7468588352203369, 'learning_rate': 3.194805485956688e-05, 'epoch': 3.4}
{'loss': 0.0021, 'grad_norm': 0.11766410619020462, 'learning_rate': 3.177170803421231e-05, 'epoch': 3.44}
{'loss': 0.002, 'grad_norm': 0.4458499848842621, 'learning_rate': 3.1593558301445155e-05, 'epoch': 3.48}
{'loss': 0.0035, 'grad_norm': 0.2366882711648941, 'learning_rate': 3.141363142449695e-05, 'epoch': 3.52}
{'loss': 0.0037, 'grad_norm': 0.48660752177238464, 'learning_rate': 3.1231953423602e-05, 'epoch': 3.56}
{'loss': 0.0034, 'grad_norm': 0.299146443605423, 'learning_rate': 3.104855057223447e-05, 'epoch': 3.6}
{'loss': 0.0026, 'grad_norm': 1.4160711765289307, 'learning_rate': 3.086344939330885e-05, 'epoch': 3.64}
{'loss': 0.002, 'grad_norm': 0.22104932367801666, 'learning_rate': 3.0676676655344246e-05, 'epoch': 3.68}
{'loss': 0.0031, 'grad_norm': 0.9159096479415894, 'learning_rate': 3.0488259368593325e-05, 'epoch': 3.72}
{'loss': 0.0044, 'grad_norm': 3.154754877090454, 'learning_rate': 3.0298224781136162e-05, 'epoch': 3.76}
{'loss': 0.0024, 'grad_norm': 0.3107856214046478, 'learning_rate': 3.010660037493975e-05, 'epoch': 3.8}
{'loss': 0.0084, 'grad_norm': 0.12822972238063812, 'learning_rate': 2.9913413861883698e-05, 'epoch': 3.84}
{'loss': 0.0024, 'grad_norm': 0.8933550715446472, 'learning_rate': 2.9718693179752617e-05, 'epoch': 3.88}
{'loss': 0.0017, 'grad_norm': 0.18959885835647583, 'learning_rate': 2.9522466488195934e-05, 'epoch': 3.92}
{'loss': 0.0019, 'grad_norm': 0.1511962115764618, 'learning_rate': 2.9324762164655518e-05, 'epoch': 3.96}
{'loss': 0.003, 'grad_norm': 0.20280468463897705, 'learning_rate': 2.9125608800261912e-05, 'epoch': 4.0}
{'eval_loss': 0.002028987044468522, 'eval_score': 0.0017158204837286878, 'eval_err_F': 0.0015728220853263417, 'eval_err_M': 0.0016681543509279057, 'eval_err_diff': 9.533226560156402e-05, 'eval_mse': 0.0009730767817106069, 'eval_mae': 0.02251926609298298, 'eval_runtime': 20.7117, 'eval_samples_per_second': 965.637, 'eval_steps_per_second': 7.58, 'epoch': 4.0}
{'loss': 0.0032, 'grad_norm': 0.13112296164035797, 'learning_rate': 2.8925035195699553e-05, 'epoch': 4.04}
{'loss': 0.0017, 'grad_norm': 0.6493052840232849, 'learning_rate': 2.872307035704179e-05, 'epoch': 4.08}
{'loss': 0.0015, 'grad_norm': 0.3192024528980255, 'learning_rate': 2.8519743491556115e-05, 'epoch': 4.12}
{'loss': 0.0022, 'grad_norm': 0.6608686447143555, 'learning_rate': 2.8315084003480366e-05, 'epoch': 4.16}
{'loss': 0.0047, 'grad_norm': 0.2224678248167038, 'learning_rate': 2.8109121489770407e-05, 'epoch': 4.2}
{'loss': 0.0017, 'grad_norm': 0.16345615684986115, 'learning_rate': 2.790188573581994e-05, 'epoch': 4.24}
{'loss': 0.0019, 'grad_norm': 0.38836508989334106, 'learning_rate': 2.7693406711153072e-05, 'epoch': 4.28}
{'loss': 0.0033, 'grad_norm': 0.2619447410106659, 'learning_rate': 2.7483714565090266e-05, 'epoch': 4.32}
{'loss': 0.0021, 'grad_norm': 0.18795020878314972, 'learning_rate': 2.7272839622388257e-05, 'epoch': 4.36}
{'loss': 0.0017, 'grad_norm': 0.591269314289093, 'learning_rate': 2.706081237885465e-05, 'epoch': 4.4}
{'loss': 0.0018, 'grad_norm': 0.16560503840446472, 'learning_rate': 2.6847663496937712e-05, 'epoch': 4.44}
{'loss': 0.0026, 'grad_norm': 0.48264357447624207, 'learning_rate': 2.6633423801292146e-05, 'epoch': 4.48}
{'loss': 0.0019, 'grad_norm': 0.29250580072402954, 'learning_rate': 2.6418124274321333e-05, 'epoch': 4.52}
{'loss': 0.0031, 'grad_norm': 0.3930259644985199, 'learning_rate': 2.620179605169681e-05, 'epoch': 4.56}
{'loss': 0.0016, 'grad_norm': 0.33012473583221436, 'learning_rate': 2.598447041785554e-05, 'epoch': 4.6}
{'loss': 0.0018, 'grad_norm': 0.7993171811103821, 'learning_rate': 2.576617880147573e-05, 'epoch': 4.64}
{'loss': 0.0021, 'grad_norm': 0.1930953413248062, 'learning_rate': 2.554695277093174e-05, 'epoch': 4.68}
{'loss': 0.0014, 'grad_norm': 0.2683470547199249, 'learning_rate': 2.5326824029728778e-05, 'epoch': 4.72}
{'loss': 0.0026, 'grad_norm': 0.1852588653564453, 'learning_rate': 2.510582441191814e-05, 'epoch': 4.76}
{'loss': 0.0026, 'grad_norm': 0.30121085047721863, 'learning_rate': 2.488398587749343e-05, 'epoch': 4.8}
{'loss': 0.0037, 'grad_norm': 0.5925958752632141, 'learning_rate': 2.4661340507768713e-05, 'epoch': 4.84}
{'loss': 0.0015, 'grad_norm': 0.08924340456724167, 'learning_rate': 2.4437920500739014e-05, 'epoch': 4.88}
{'loss': 0.0026, 'grad_norm': 0.7092279195785522, 'learning_rate': 2.4213758166424007e-05, 'epoch': 4.92}
{'loss': 0.003, 'grad_norm': 0.6374134421348572, 'learning_rate': 2.398888592219548e-05, 'epoch': 4.96}
{'loss': 0.002, 'grad_norm': 0.3050662875175476, 'learning_rate': 2.376333628808927e-05, 'epoch': 5.0}
{'eval_loss': 0.001798904617317021, 'eval_score': 0.0021113369021202085, 'eval_err_F': 0.0011273296924047636, 'eval_err_M': 0.0017833344988817269, 'eval_err_diff': 0.0006560048064769633, 'eval_mse': 0.001831831731914359, 'eval_mae': 0.026689622810688707, 'eval_runtime': 20.8914, 'eval_samples_per_second': 957.333, 'eval_steps_per_second': 7.515, 'epoch': 5.0}
[EMA] Swapped EMA weights into model (decay=0.9998)
{'train_runtime': 1392.0695, 'train_samples_per_second': 632.152, 'train_steps_per_second': 9.877, 'train_loss': 0.016503833891153334, 'epoch': 5.0}
[EMA] Swapped EMA weights into model (decay=0.9998)
score=0.00370 | err_diff=0.00105 | loss=0.00309
score=0.00370 | err_diff=0.00105 | loss=0.00309
Saved 30 worst predictions: results/optuna_dinov3-vitb16-3090-v2_trial_16/worst/worst.csv + results/optuna_dinov3-vitb16-3090-v2_trial_16/worst/images
Model saved: models:/m-0bfafeb218d3457691966094cd9d76f5
Trial 16: score=inf err_F=inf err_M=inf err_diff=inf
Loaded 100,000 samples from data/raw/train.csv
Loaded 100,000 samples from data/raw/train.csv
Train: 80,000 | Val: 20,000
Sampler 'gender': 2 groups, 51840 samples/epoch
Train: 80,000 | Val: 20,000
PMF ratios test/train (20 bins of 0.025): [0.215, 0.339, 0.565, 0.733, 0.929, 1.068, 1.313, 1.464, 1.631, 1.901, 1.973, 1.918, 1.564, 1.31, 1.314, 0.612, 0.951, 0.067, 0.067, 0.067]
loss_importance_reweight ON (applied in training loss)
Sampler 'gender': 2 groups, 51840 samples/epoch
eval_importance_reweight ON (eval_score reweighted to test distribution)
PMF ratios test/train (20 bins of 0.025): [0.215, 0.339, 0.565, 0.733, 0.929, 1.068, 1.313, 1.464, 1.631, 1.901, 1.973, 1.918, 1.564, 1.31, 1.314, 0.612, 0.951, 0.067, 0.067, 0.067]
loss_importance_reweight ON (applied in training loss)
eval_importance_reweight ON (eval_score reweighted to test distribution)
DINOv3 drop_path_rate=0.08012807980262264 applied (linear 0 → 0.080 across 12 blocks via sample_drop_ratio)
DINOv3 drop_path_rate=0.08012807980262264 applied (linear 0 → 0.080 across 12 blocks via sample_drop_ratio)
Loaded DINOv3 weights: dinov3_vitb16_pretrain_lvd1689m-73cec8be.pth
Loaded DINOv3 weights: dinov3_vitb16_pretrain_lvd1689m-73cec8be.pth
EMA enabled: decay=0.9998, warmup_steps=200
EMA enabled: decay=0.9998, warmup_steps=200
WeightedMSELoss: focal_gamma=0.0, fairness_lambda=1.085999936695712, importance_reweight=on (mean=1.00)
Training dinov3-vitb16-3090-v2_trial17 (best_metric=eval_score)
WeightedMSELoss: focal_gamma=0.0, fairness_lambda=1.085999936695712, importance_reweight=on (mean=1.00)
Training dinov3-vitb16-3090-v2_trial17 (best_metric=eval_score)
LLRD: 14 groups, LR ∈ [1.02e-05, 1.61e-05]
LLRD: 14 groups, LR ∈ [1.02e-05, 1.61e-05]
{'loss': 0.389, 'grad_norm': 12.348093032836914, 'learning_rate': 4.4827301751853977e-07, 'epoch': 0.06}
{'loss': 0.2455, 'grad_norm': 7.004054546356201, 'learning_rate': 8.965460350370795e-07, 'epoch': 0.12}
{'loss': 0.1851, 'grad_norm': 3.413806438446045, 'learning_rate': 1.3448190525556192e-06, 'epoch': 0.19}
{'loss': 0.1656, 'grad_norm': 1.81868577003479, 'learning_rate': 1.793092070074159e-06, 'epoch': 0.25}
{'loss': 0.1627, 'grad_norm': 2.1641833782196045, 'learning_rate': 2.241365087592699e-06, 'epoch': 0.31}
{'loss': 0.1584, 'grad_norm': 3.1036369800567627, 'learning_rate': 2.6896381051112384e-06, 'epoch': 0.37}
{'loss': 0.157, 'grad_norm': 4.403563022613525, 'learning_rate': 3.1379111226297783e-06, 'epoch': 0.43}
{'loss': 0.1557, 'grad_norm': 1.8777410984039307, 'learning_rate': 3.586184140148318e-06, 'epoch': 0.49}
{'loss': 0.1581, 'grad_norm': 2.9709877967834473, 'learning_rate': 4.034457157666858e-06, 'epoch': 0.56}
{'loss': 0.1623, 'grad_norm': 1.8348311185836792, 'learning_rate': 4.482730175185398e-06, 'epoch': 0.62}
{'loss': 0.1594, 'grad_norm': 9.795561790466309, 'learning_rate': 4.931003192703937e-06, 'epoch': 0.68}
{'loss': 0.1597, 'grad_norm': 4.834955215454102, 'learning_rate': 5.379276210222477e-06, 'epoch': 0.74}
{'loss': 0.1576, 'grad_norm': 3.001305103302002, 'learning_rate': 5.827549227741017e-06, 'epoch': 0.8}
{'loss': 0.1584, 'grad_norm': 2.0322182178497314, 'learning_rate': 6.2758222452595565e-06, 'epoch': 0.86}
{'loss': 0.1616, 'grad_norm': 1.3096251487731934, 'learning_rate': 6.724095262778097e-06, 'epoch': 0.93}
{'loss': 0.1586, 'grad_norm': 1.7486767768859863, 'learning_rate': 7.172368280296636e-06, 'epoch': 0.99}
{'eval_loss': 0.012098405510187149, 'eval_score': 0.008204657924412212, 'eval_err_F': 0.007761307722793265, 'eval_err_M': 0.008056874523872564, 'eval_err_diff': 0.00029556680107929896, 'eval_mse': 0.010510125959215818, 'eval_mae': 0.08936750097223703, 'eval_runtime': 20.5461, 'eval_samples_per_second': 973.419, 'eval_steps_per_second': 7.641, 'epoch': 1.0}
{'loss': 0.1518, 'grad_norm': 1.8625099658966064, 'learning_rate': 7.620641297815176e-06, 'epoch': 1.05}
{'loss': 0.1474, 'grad_norm': 3.1138389110565186, 'learning_rate': 8.068914315333715e-06, 'epoch': 1.11}
{'loss': 0.1444, 'grad_norm': 5.966582775115967, 'learning_rate': 8.517187332852255e-06, 'epoch': 1.17}
{'loss': 0.1362, 'grad_norm': 2.632833957672119, 'learning_rate': 8.965460350370796e-06, 'epoch': 1.23}
{'loss': 0.1267, 'grad_norm': 1.440899133682251, 'learning_rate': 9.413733367889334e-06, 'epoch': 1.3}
{'loss': 0.1226, 'grad_norm': 1.1476205587387085, 'learning_rate': 9.862006385407875e-06, 'epoch': 1.36}
{'loss': 0.1122, 'grad_norm': 2.2371175289154053, 'learning_rate': 1.0229536187670129e-05, 'epoch': 1.42}
{'loss': 0.1053, 'grad_norm': 10.684115409851074, 'learning_rate': 1.022726666631726e-05, 'epoch': 1.48}
{'loss': 0.1004, 'grad_norm': 2.9603850841522217, 'learning_rate': 1.022166105269785e-05, 'epoch': 1.54}
{'loss': 0.1018, 'grad_norm': 8.01390552520752, 'learning_rate': 1.0212723004699113e-05, 'epoch': 1.6}
{'loss': 0.1009, 'grad_norm': 2.1415021419525146, 'learning_rate': 1.0200458354755042e-05, 'epoch': 1.67}
{'loss': 0.0976, 'grad_norm': 4.956257343292236, 'learning_rate': 1.0184875106040534e-05, 'epoch': 1.73}
{'loss': 0.0939, 'grad_norm': 3.139967918395996, 'learning_rate': 1.0165983427248976e-05, 'epoch': 1.79}
{'loss': 0.0973, 'grad_norm': 3.835892915725708, 'learning_rate': 1.014379564595678e-05, 'epoch': 1.85}
{'loss': 0.0933, 'grad_norm': 6.797324180603027, 'learning_rate': 1.0118326240579145e-05, 'epoch': 1.91}
{'loss': 0.0996, 'grad_norm': 3.408703565597534, 'learning_rate': 1.00895918309223e-05, 'epoch': 1.98}
{'eval_loss': 0.023233206942677498, 'eval_score': 0.020001189862977498, 'eval_err_F': 0.017670751035507064, 'eval_err_M': 0.013009873380566202, 'eval_err_diff': 0.004660877654940863, 'eval_mse': 0.007790199038395012, 'eval_mae': 0.07417427067705576, 'eval_runtime': 20.6041, 'eval_samples_per_second': 970.68, 'eval_steps_per_second': 7.62, 'epoch': 2.0}
{'loss': 0.0995, 'grad_norm': 3.1973135471343994, 'learning_rate': 1.0057611167338433e-05, 'epoch': 2.04}
{'loss': 0.092, 'grad_norm': 3.764122486114502, 'learning_rate': 1.0022405118490324e-05, 'epoch': 2.1}
{'loss': 0.0916, 'grad_norm': 1.627025842666626, 'learning_rate': 9.983996657733705e-06, 'epoch': 2.16}
{'loss': 0.0938, 'grad_norm': 6.279902458190918, 'learning_rate': 9.942410848126237e-06, 'epoch': 2.22}
{'loss': 0.0915, 'grad_norm': 8.295720100402832, 'learning_rate': 9.897674826072858e-06, 'epoch': 2.28}
{'loss': 0.0891, 'grad_norm': 16.91546630859375, 'learning_rate': 9.849817783618184e-06, 'epoch': 2.35}
{'loss': 0.093, 'grad_norm': 2.0159082412719727, 'learning_rate': 9.798870949397541e-06, 'epoch': 2.41}
{'loss': 0.0911, 'grad_norm': 2.3137240409851074, 'learning_rate': 9.744867568259034e-06, 'epoch': 2.47}
{'loss': 0.0862, 'grad_norm': 2.02087664604187, 'learning_rate': 9.687842879569941e-06, 'epoch': 2.53}
{'loss': 0.0905, 'grad_norm': 1.8974896669387817, 'learning_rate': 9.627834094221625e-06, 'epoch': 2.59}
{'loss': 0.0868, 'grad_norm': 3.976893663406372, 'learning_rate': 9.564880370347935e-06, 'epoch': 2.65}
{'loss': 0.0837, 'grad_norm': 3.399055004119873, 'learning_rate': 9.499022787772959e-06, 'epoch': 2.72}
{'loss': 0.0833, 'grad_norm': 8.107061386108398, 'learning_rate': 9.430304321204791e-06, 'epoch': 2.78}
{'loss': 0.082, 'grad_norm': 1.3002458810806274, 'learning_rate': 9.358769812192818e-06, 'epoch': 2.84}
{'loss': 0.0834, 'grad_norm': 3.0717484951019287, 'learning_rate': 9.284465939866813e-06, 'epoch': 2.9}
{'loss': 0.0825, 'grad_norm': 4.774989604949951, 'learning_rate': 9.20744119047693e-06, 'epoch': 2.96}
{'eval_loss': 0.011762060225009918, 'eval_score': 0.008810129468086, 'eval_err_F': 0.0077879148222120735, 'eval_err_M': 0.008469391252794691, 'eval_err_diff': 0.0006814764305826176, 'eval_mse': 0.017162793644017033, 'eval_mae': 0.11886162482747022, 'eval_runtime': 20.8381, 'eval_samples_per_second': 959.779, 'eval_steps_per_second': 7.534, 'epoch': 3.0}
{'loss': 0.0803, 'grad_norm': 2.5452721118927, 'learning_rate': 9.127745825754498e-06, 'epoch': 3.02}
{'loss': 0.081, 'grad_norm': 2.6633799076080322, 'learning_rate': 9.045431850114216e-06, 'epoch': 3.09}
{'loss': 0.08, 'grad_norm': 2.265446424484253, 'learning_rate': 8.960552976719201e-06, 'epoch': 3.15}
{'loss': 0.0832, 'grad_norm': 2.4744246006011963, 'learning_rate': 8.873164592430998e-06, 'epoch': 3.21}
{'loss': 0.0796, 'grad_norm': 8.970112800598145, 'learning_rate': 8.783323721667425e-06, 'epoch': 3.27}
{'loss': 0.0788, 'grad_norm': 1.3628901243209839, 'learning_rate': 8.691088989191879e-06, 'epoch': 3.33}
{'loss': 0.0755, 'grad_norm': 2.024322986602783, 'learning_rate': 8.596520581858314e-06, 'epoch': 3.4}
{'loss': 0.0779, 'grad_norm': 8.041454315185547, 'learning_rate': 8.499680209336922e-06, 'epoch': 3.46}
{'loss': 0.0744, 'grad_norm': 2.204728603363037, 'learning_rate': 8.400631063846091e-06, 'epoch': 3.52}
{'loss': 0.0732, 'grad_norm': 2.5952978134155273, 'learning_rate': 8.299437778916973e-06, 'epoch': 3.58}
{'loss': 0.0707, 'grad_norm': 11.46182918548584, 'learning_rate': 8.196166387217493e-06, 'epoch': 3.64}
{'loss': 0.0666, 'grad_norm': 2.5929272174835205, 'learning_rate': 8.09088427746342e-06, 'epoch': 3.7}
{'loss': 0.0643, 'grad_norm': 2.9513638019561768, 'learning_rate': 7.9836601504445e-06, 'epoch': 3.77}
{'loss': 0.0607, 'grad_norm': 2.1191012859344482, 'learning_rate': 7.874563974194476e-06, 'epoch': 3.83}
{'loss': 0.0624, 'grad_norm': 2.602656126022339, 'learning_rate': 7.763666938334119e-06, 'epoch': 3.89}
{'loss': 0.0568, 'grad_norm': 3.5275065898895264, 'learning_rate': 7.651041407617164e-06, 'epoch': 3.95}
{'eval_loss': 0.014689445495605469, 'eval_score': 0.011691997823183085, 'eval_err_F': 0.010731238754800518, 'eval_err_M': 0.008809720618035385, 'eval_err_diff': 0.0019215181367651327, 'eval_mse': 0.010570626556085348, 'eval_mae': 0.09216872666054551, 'eval_runtime': 20.7224, 'eval_samples_per_second': 965.139, 'eval_steps_per_second': 7.576, 'epoch': 4.0}
[EMA] Swapped EMA weights into model (decay=0.9998)
{'train_runtime': 780.2277, 'train_samples_per_second': 922.807, 'train_steps_per_second': 9.343, 'train_loss': 0.11355780098173353, 'epoch': 4.0}
[EMA] Swapped EMA weights into model (decay=0.9998)
score=0.01014 | err_diff=0.00137 | loss=0.01333
score=0.01014 | err_diff=0.00137 | loss=0.01333
Saved 30 worst predictions: results/optuna_dinov3-vitb16-3090-v2_trial_17/worst/worst.csv + results/optuna_dinov3-vitb16-3090-v2_trial_17/worst/images
Model saved: models:/m-7e40547a29e44c579c9435d84b227782
Trial 17: score=inf err_F=inf err_M=inf err_diff=inf
Loaded 100,000 samples from data/raw/train.csv
Loaded 100,000 samples from data/raw/train.csv
Train: 80,000 | Val: 20,000
Train: 80,000 | Val: 20,000
PMF ratios test/train (20 bins of 0.025): [0.215, 0.34, 0.567, 0.729, 0.924, 1.08, 1.33, 1.449, 1.637, 1.899, 1.963, 1.964, 1.581, 1.307, 1.3, 0.613, 0.903, 0.067, 0.067, 0.067]
PMF ratios test/train (20 bins of 0.025): [0.215, 0.34, 0.567, 0.729, 0.924, 1.08, 1.33, 1.449, 1.637, 1.899, 1.963, 1.964, 1.581, 1.307, 1.3, 0.613, 0.903, 0.067, 0.067, 0.067]
loss_importance_reweight ON (applied in training loss)
eval_importance_reweight ON (eval_score reweighted to test distribution)
loss_importance_reweight ON (applied in training loss)
eval_importance_reweight ON (eval_score reweighted to test distribution)
Gender reweight: F=1.352, M=0.648 (mean=1.0)
Gender reweight: F=1.352, M=0.648 (mean=1.0)
DINOv3 drop_path_rate=0.13523915284343827 applied (linear 0 → 0.135 across 12 blocks via sample_drop_ratio)
DINOv3 drop_path_rate=0.13523915284343827 applied (linear 0 → 0.135 across 12 blocks via sample_drop_ratio)
Loaded DINOv3 weights: dinov3_vitb16_pretrain_lvd1689m-73cec8be.pth
EMA enabled: decay=0.9998, warmup_steps=200
Loaded DINOv3 weights: dinov3_vitb16_pretrain_lvd1689m-73cec8be.pth
WeightedMSELoss: focal_gamma=0.0, fairness_lambda=0.24539323714573336, importance_reweight=on (mean=1.00), gender_reweight=on (F=1.35, M=0.65)
Training dinov3-vitb16-3090-v2_trial18 (best_metric=eval_score)
EMA enabled: decay=0.9998, warmup_steps=200
WeightedMSELoss: focal_gamma=0.0, fairness_lambda=0.24539323714573336, importance_reweight=on (mean=1.00), gender_reweight=on (F=1.35, M=0.65)
Training dinov3-vitb16-3090-v2_trial18 (best_metric=eval_score)
LLRD: 14 groups, LR ∈ [2.65e-05, 1.35e-04]
LLRD: 14 groups, LR ∈ [2.65e-05, 1.35e-04]
{'loss': 0.2474, 'grad_norm': 4.678199291229248, 'learning_rate': 4.901939614308411e-07, 'epoch': 0.04}
{'loss': 0.1571, 'grad_norm': 1.0168172121047974, 'learning_rate': 9.803879228616822e-07, 'epoch': 0.08}
{'loss': 0.1478, 'grad_norm': 0.8770505785942078, 'learning_rate': 1.4705818842925233e-06, 'epoch': 0.12}
{'loss': 0.1429, 'grad_norm': 0.9470652937889099, 'learning_rate': 1.9607758457233643e-06, 'epoch': 0.16}
{'loss': 0.1424, 'grad_norm': 3.580019235610962, 'learning_rate': 2.4509698071542055e-06, 'epoch': 0.2}
{'loss': 0.1329, 'grad_norm': 0.6973965167999268, 'learning_rate': 2.9411637685850467e-06, 'epoch': 0.24}
{'loss': 0.1226, 'grad_norm': 4.817184925079346, 'learning_rate': 3.431357730015888e-06, 'epoch': 0.28}
{'loss': 0.1074, 'grad_norm': 1.5647310018539429, 'learning_rate': 3.921551691446729e-06, 'epoch': 0.32}
{'loss': 0.0986, 'grad_norm': 1.3384343385696411, 'learning_rate': 4.411745652877571e-06, 'epoch': 0.36}
{'loss': 0.0924, 'grad_norm': 2.089543342590332, 'learning_rate': 4.901939614308411e-06, 'epoch': 0.4}
{'loss': 0.0859, 'grad_norm': 3.5769011974334717, 'learning_rate': 5.392133575739252e-06, 'epoch': 0.44}
{'loss': 0.0826, 'grad_norm': 0.6753177046775818, 'learning_rate': 5.882327537170093e-06, 'epoch': 0.48}
{'loss': 0.0813, 'grad_norm': 0.807204008102417, 'learning_rate': 6.3725214986009345e-06, 'epoch': 0.52}
{'loss': 0.078, 'grad_norm': 0.7212868332862854, 'learning_rate': 6.862715460031776e-06, 'epoch': 0.56}
{'loss': 0.076, 'grad_norm': 1.0801814794540405, 'learning_rate': 7.352909421462617e-06, 'epoch': 0.6}
{'loss': 0.0716, 'grad_norm': 0.9916337728500366, 'learning_rate': 7.843103382893457e-06, 'epoch': 0.64}
{'loss': 0.0704, 'grad_norm': 3.8602488040924072, 'learning_rate': 8.3332973443243e-06, 'epoch': 0.68}
{'loss': 0.0699, 'grad_norm': 2.4003701210021973, 'learning_rate': 8.823491305755141e-06, 'epoch': 0.72}
{'loss': 0.0696, 'grad_norm': 0.9963811039924622, 'learning_rate': 9.313685267185982e-06, 'epoch': 0.76}
{'loss': 0.0642, 'grad_norm': 0.5571609139442444, 'learning_rate': 9.803879228616822e-06, 'epoch': 0.8}
{'loss': 0.0651, 'grad_norm': 1.0379582643508911, 'learning_rate': 1.0294073190047664e-05, 'epoch': 0.84}
{'loss': 0.0626, 'grad_norm': 1.2175191640853882, 'learning_rate': 1.0784267151478504e-05, 'epoch': 0.88}
{'loss': 0.0623, 'grad_norm': 1.1982067823410034, 'learning_rate': 1.1274461112909346e-05, 'epoch': 0.92}
{'loss': 0.0594, 'grad_norm': 1.6214776039123535, 'learning_rate': 1.1764655074340187e-05, 'epoch': 0.96}
{'loss': 0.0595, 'grad_norm': 0.36013802886009216, 'learning_rate': 1.2254849035771029e-05, 'epoch': 1.0}
{'eval_loss': 0.004213085398077965, 'eval_score': 0.004039438755132588, 'eval_err_F': 0.0036160059055409676, 'eval_err_M': 0.0038982944719353815, 'eval_err_diff': 0.0002822885663944139, 'eval_mse': 0.0020609854190983766, 'eval_mae': 0.03462805874833521, 'eval_runtime': 20.7142, 'eval_samples_per_second': 965.519, 'eval_steps_per_second': 7.579, 'epoch': 1.0}
{'loss': 0.0567, 'grad_norm': 1.291175127029419, 'learning_rate': 1.2745042997201869e-05, 'epoch': 1.04}
{'loss': 0.0532, 'grad_norm': 0.3552783131599426, 'learning_rate': 1.323523695863271e-05, 'epoch': 1.08}
{'loss': 0.045, 'grad_norm': 0.7996042370796204, 'learning_rate': 1.3725430920063551e-05, 'epoch': 1.12}
{'loss': 0.0354, 'grad_norm': 0.7268772721290588, 'learning_rate': 1.4215624881494392e-05, 'epoch': 1.16}
{'loss': 0.0311, 'grad_norm': 0.35833096504211426, 'learning_rate': 1.4705818842925234e-05, 'epoch': 1.2}
{'loss': 0.0312, 'grad_norm': 0.3051055073738098, 'learning_rate': 1.5196012804356076e-05, 'epoch': 1.24}
{'loss': 0.0284, 'grad_norm': 0.3489973545074463, 'learning_rate': 1.5686206765786914e-05, 'epoch': 1.28}
{'loss': 0.0263, 'grad_norm': 0.7321128845214844, 'learning_rate': 1.6176400727217758e-05, 'epoch': 1.32}
{'loss': 0.0266, 'grad_norm': 0.6090435981750488, 'learning_rate': 1.66665946886486e-05, 'epoch': 1.36}
{'loss': 0.0242, 'grad_norm': 0.4722093641757965, 'learning_rate': 1.715678865007944e-05, 'epoch': 1.4}
{'loss': 0.0236, 'grad_norm': 0.5290741324424744, 'learning_rate': 1.7646982611510283e-05, 'epoch': 1.44}
{'loss': 0.0246, 'grad_norm': 1.2576258182525635, 'learning_rate': 1.813717657294112e-05, 'epoch': 1.48}
{'loss': 0.0272, 'grad_norm': 0.4751646816730499, 'learning_rate': 1.8627370534371963e-05, 'epoch': 1.52}
{'loss': 0.0216, 'grad_norm': 0.5541893243789673, 'learning_rate': 1.9117564495802804e-05, 'epoch': 1.56}
{'loss': 0.0181, 'grad_norm': 0.2625204026699066, 'learning_rate': 1.9607758457233644e-05, 'epoch': 1.6}
{'loss': 0.0159, 'grad_norm': 0.37103599309921265, 'learning_rate': 2.0097952418664488e-05, 'epoch': 1.64}
{'loss': 0.0152, 'grad_norm': 0.45759376883506775, 'learning_rate': 2.0588146380095328e-05, 'epoch': 1.68}
{'loss': 0.0134, 'grad_norm': 0.43670016527175903, 'learning_rate': 2.107834034152617e-05, 'epoch': 1.72}
{'loss': 0.0134, 'grad_norm': 0.8511729836463928, 'learning_rate': 2.156853430295701e-05, 'epoch': 1.76}
{'loss': 0.0125, 'grad_norm': 0.7623082399368286, 'learning_rate': 2.205872826438785e-05, 'epoch': 1.8}
{'loss': 0.0124, 'grad_norm': 0.554994523525238, 'learning_rate': 2.2548922225818693e-05, 'epoch': 1.84}
{'loss': 0.0126, 'grad_norm': 0.651437520980835, 'learning_rate': 2.3039116187249533e-05, 'epoch': 1.88}
{'loss': 0.0118, 'grad_norm': 0.9855741262435913, 'learning_rate': 2.3529310148680373e-05, 'epoch': 1.92}
{'loss': 0.0122, 'grad_norm': 0.3739364445209503, 'learning_rate': 2.4019504110111214e-05, 'epoch': 1.96}
{'loss': 0.0122, 'grad_norm': 0.5691820383071899, 'learning_rate': 2.4509698071542057e-05, 'epoch': 2.0}
{'eval_loss': 0.003810308873653412, 'eval_score': 0.0038460053103260053, 'eval_err_F': 0.003658263319556963, 'eval_err_M': 0.003282779338018879, 'eval_err_diff': 0.0003754839815380841, 'eval_mse': 0.0016590234487625572, 'eval_mae': 0.031201266903166287, 'eval_runtime': 20.8296, 'eval_samples_per_second': 960.172, 'eval_steps_per_second': 7.537, 'epoch': 2.0}
{'loss': 0.012, 'grad_norm': 0.5176674127578735, 'learning_rate': 2.4999892032972898e-05, 'epoch': 2.04}
{'loss': 0.0114, 'grad_norm': 0.788675844669342, 'learning_rate': 2.5490085994403738e-05, 'epoch': 2.08}
{'loss': 0.0116, 'grad_norm': 0.1793079525232315, 'learning_rate': 2.5980279955834582e-05, 'epoch': 2.12}
{'loss': 0.0113, 'grad_norm': 0.2529456913471222, 'learning_rate': 2.647047391726542e-05, 'epoch': 2.16}
{'loss': 0.0105, 'grad_norm': 1.073367953300476, 'learning_rate': 2.6538108222612555e-05, 'epoch': 2.2}
{'loss': 0.0116, 'grad_norm': 0.19275757670402527, 'learning_rate': 2.6534457070041656e-05, 'epoch': 2.24}
{'loss': 0.0114, 'grad_norm': 0.2241636961698532, 'learning_rate': 2.6528122041257265e-05, 'epoch': 2.28}
{'loss': 0.0108, 'grad_norm': 0.4782924950122833, 'learning_rate': 2.6519104418019866e-05, 'epoch': 2.32}
{'loss': 0.0109, 'grad_norm': 0.4625261425971985, 'learning_rate': 2.6507406024856798e-05, 'epoch': 2.36}
{'loss': 0.0115, 'grad_norm': 1.306291937828064, 'learning_rate': 2.649302922869307e-05, 'epoch': 2.4}
{'loss': 0.0106, 'grad_norm': 1.0380796194076538, 'learning_rate': 2.6475976938372497e-05, 'epoch': 2.44}
{'loss': 0.0104, 'grad_norm': 0.4339066743850708, 'learning_rate': 2.645625260406913e-05, 'epoch': 2.48}
{'loss': 0.0108, 'grad_norm': 0.23902714252471924, 'learning_rate': 2.6433860216589213e-05, 'epoch': 2.52}
{'loss': 0.01, 'grad_norm': 0.6245808601379395, 'learning_rate': 2.6408804306563688e-05, 'epoch': 2.56}
{'loss': 0.01, 'grad_norm': 0.9718613624572754, 'learning_rate': 2.6381089943531546e-05, 'epoch': 2.6}
{'loss': 0.0104, 'grad_norm': 0.6816757321357727, 'learning_rate': 2.635072273491412e-05, 'epoch': 2.64}
{'loss': 0.0105, 'grad_norm': 0.34861093759536743, 'learning_rate': 2.63177088248805e-05, 'epoch': 2.68}
{'loss': 0.0099, 'grad_norm': 0.38937515020370483, 'learning_rate': 2.6282054893104432e-05, 'epoch': 2.72}
{'loss': 0.0104, 'grad_norm': 0.6671191453933716, 'learning_rate': 2.6243768153412805e-05, 'epoch': 2.76}
{'loss': 0.0105, 'grad_norm': 0.3207295536994934, 'learning_rate': 2.6202856352326084e-05, 'epoch': 2.8}
{'loss': 0.0097, 'grad_norm': 0.7173010110855103, 'learning_rate': 2.615932776749097e-05, 'epoch': 2.84}
{'loss': 0.0055, 'grad_norm': 0.25639548897743225, 'learning_rate': 2.611319120600558e-05, 'epoch': 2.88}
{'loss': 0.0031, 'grad_norm': 0.8170824646949768, 'learning_rate': 2.6064456002637536e-05, 'epoch': 2.92}
{'loss': 0.0033, 'grad_norm': 0.20567575097084045, 'learning_rate': 2.6013132017935253e-05, 'epoch': 2.96}
{'loss': 0.003, 'grad_norm': 0.6552314162254333, 'learning_rate': 2.595922963623286e-05, 'epoch': 3.0}
{'eval_loss': 0.0018200270133093, 'eval_score': 0.001847070821129714, 'eval_err_F': 0.0014305092671061377, 'eval_err_M': 0.0017082169697885219, 'eval_err_diff': 0.00027770770268238415, 'eval_mse': 0.0012323361676601636, 'eval_mae': 0.027178040386658723, 'eval_runtime': 22.804, 'eval_samples_per_second': 877.038, 'eval_steps_per_second': 6.885, 'epoch': 3.0}
{'loss': 0.0028, 'grad_norm': 0.2640332281589508, 'learning_rate': 2.5902759763549166e-05, 'epoch': 3.04}
{'loss': 0.0031, 'grad_norm': 0.1423393189907074, 'learning_rate': 2.584373382538104e-05, 'epoch': 3.08}
{'loss': 0.0029, 'grad_norm': 0.07244328409433365, 'learning_rate': 2.5782163764391704e-05, 'epoch': 3.12}
{'loss': 0.0026, 'grad_norm': 0.5141100883483887, 'learning_rate': 2.5718062037994388e-05, 'epoch': 3.16}
{'loss': 0.0027, 'grad_norm': 0.3659764528274536, 'learning_rate': 2.565144161583183e-05, 'epoch': 3.2}
{'loss': 0.0028, 'grad_norm': 0.9313069581985474, 'learning_rate': 2.5582315977152148e-05, 'epoch': 3.24}
{'loss': 0.0023, 'grad_norm': 0.24589259922504425, 'learning_rate': 2.551069910808158e-05, 'epoch': 3.28}
{'loss': 0.0025, 'grad_norm': 0.4569056034088135, 'learning_rate': 2.5436605498794707e-05, 'epoch': 3.32}
{'loss': 0.0024, 'grad_norm': 0.1960560530424118, 'learning_rate': 2.5360050140582646e-05, 'epoch': 3.36}
{'loss': 0.0023, 'grad_norm': 0.4931449592113495, 'learning_rate': 2.5281048522819884e-05, 'epoch': 3.4}
{'loss': 0.0023, 'grad_norm': 0.40993383526802063, 'learning_rate': 2.5199616629830344e-05, 'epoch': 3.44}
{'loss': 0.0023, 'grad_norm': 0.39930152893066406, 'learning_rate': 2.5115770937653264e-05, 'epoch': 3.48}
{'loss': 0.0026, 'grad_norm': 0.8853650093078613, 'learning_rate': 2.5029528410709642e-05, 'epoch': 3.52}
{'loss': 0.0025, 'grad_norm': 0.17603710293769836, 'learning_rate': 2.4940906498369805e-05, 'epoch': 3.56}
{'loss': 0.003, 'grad_norm': 0.28281229734420776, 'learning_rate': 2.4849923131422946e-05, 'epoch': 3.6}
{'loss': 0.0027, 'grad_norm': 0.5107913613319397, 'learning_rate': 2.475659671844915e-05, 'epoch': 3.64}
{'loss': 0.0027, 'grad_norm': 0.35469067096710205, 'learning_rate': 2.4660946142094838e-05, 'epoch': 3.68}
{'loss': 0.0025, 'grad_norm': 0.9022570252418518, 'learning_rate': 2.4562990755252246e-05, 'epoch': 3.72}
{'loss': 0.0029, 'grad_norm': 0.1280079185962677, 'learning_rate': 2.4462750377143773e-05, 'epoch': 3.76}
{'loss': 0.0022, 'grad_norm': 0.11611329764127731, 'learning_rate': 2.4360245289311988e-05, 'epoch': 3.8}
{'loss': 0.0023, 'grad_norm': 0.29453954100608826, 'learning_rate': 2.425549623151606e-05, 'epoch': 3.84}
{'loss': 0.002, 'grad_norm': 0.10551804304122925, 'learning_rate': 2.4148524397535523e-05, 'epoch': 3.88}
{'loss': 0.0023, 'grad_norm': 0.19588947296142578, 'learning_rate': 2.4039351430882145e-05, 'epoch': 3.92}
{'loss': 0.0021, 'grad_norm': 0.43660613894462585, 'learning_rate': 2.3927999420420835e-05, 'epoch': 3.96}
{'loss': 0.0018, 'grad_norm': 0.5756639838218689, 'learning_rate': 2.3814490895900402e-05, 'epoch': 4.0}
{'eval_loss': 0.0014362870715558529, 'eval_score': 0.0017554038584615384, 'eval_err_F': 0.0009304603048603683, 'eval_err_M': 0.0014804226739278151, 'eval_err_diff': 0.0005499623690674468, 'eval_mse': 0.000818664291901794, 'eval_mae': 0.0197763862630507, 'eval_runtime': 20.5927, 'eval_samples_per_second': 971.218, 'eval_steps_per_second': 7.624, 'epoch': 4.0}
{'loss': 0.002, 'grad_norm': 0.8245891332626343, 'learning_rate': 2.3698848823395133e-05, 'epoch': 4.04}
{'loss': 0.002, 'grad_norm': 0.13136249780654907, 'learning_rate': 2.3581096600658113e-05, 'epoch': 4.08}
{'loss': 0.0023, 'grad_norm': 0.13822342455387115, 'learning_rate': 2.346125805238715e-05, 'epoch': 4.12}
{'loss': 0.0023, 'grad_norm': 0.4597862660884857, 'learning_rate': 2.333935742540437e-05, 'epoch': 4.16}
{'loss': 0.0024, 'grad_norm': 0.3575846254825592, 'learning_rate': 2.3215419383750357e-05, 'epoch': 4.2}
{'loss': 0.002, 'grad_norm': 0.10232091695070267, 'learning_rate': 2.308946900369392e-05, 'epoch': 4.24}
{'loss': 0.0021, 'grad_norm': 0.16765089333057404, 'learning_rate': 2.2961531768658424e-05, 'epoch': 4.28}
{'loss': 0.0018, 'grad_norm': 0.6515547633171082, 'learning_rate': 2.2831633564065752e-05, 'epoch': 4.32}
{'loss': 0.0022, 'grad_norm': 0.4395442306995392, 'learning_rate': 2.269980067209895e-05, 'epoch': 4.36}
{'loss': 0.0019, 'grad_norm': 1.15138840675354, 'learning_rate': 2.2566059766384543e-05, 'epoch': 4.4}
{'loss': 0.0021, 'grad_norm': 0.3843962550163269, 'learning_rate': 2.243043790659571e-05, 'epoch': 4.44}
{'loss': 0.0021, 'grad_norm': 0.49042221903800964, 'learning_rate': 2.229296253297734e-05, 'epoch': 4.48}
{'loss': 0.0023, 'grad_norm': 0.49483171105384827, 'learning_rate': 2.2153661460794025e-05, 'epoch': 4.52}
{'loss': 0.0026, 'grad_norm': 0.07621148228645325, 'learning_rate': 2.2012562874702267e-05, 'epoch': 4.56}
{'loss': 0.0021, 'grad_norm': 0.1559588462114334, 'learning_rate': 2.1869695323047885e-05, 'epoch': 4.6}
{'loss': 0.0021, 'grad_norm': 0.3535783588886261, 'learning_rate': 2.1725087712089856e-05, 'epoch': 4.64}
{'loss': 0.0019, 'grad_norm': 0.45704659819602966, 'learning_rate': 2.1578769300151728e-05, 'epoch': 4.68}
{'loss': 0.0019, 'grad_norm': 0.31304261088371277, 'learning_rate': 2.143076969170184e-05, 'epoch': 4.72}
{'loss': 0.0023, 'grad_norm': 0.3707941472530365, 'learning_rate': 2.1281118831363452e-05, 'epoch': 4.76}
{'loss': 0.0026, 'grad_norm': 0.4110208749771118, 'learning_rate': 2.112984699785608e-05, 'epoch': 4.8}
{'loss': 0.002, 'grad_norm': 0.07584936916828156, 'learning_rate': 2.0976984797869233e-05, 'epoch': 4.84}
{'loss': 0.0023, 'grad_norm': 0.7432557344436646, 'learning_rate': 2.082256315986981e-05, 'epoch': 4.88}
{'loss': 0.002, 'grad_norm': 0.3898005783557892, 'learning_rate': 2.0666613327844324e-05, 'epoch': 4.92}
{'loss': 0.0019, 'grad_norm': 0.33120328187942505, 'learning_rate': 2.0509166854977395e-05, 'epoch': 4.96}
{'loss': 0.002, 'grad_norm': 0.14356033504009247, 'learning_rate': 2.035025559726758e-05, 'epoch': 5.0}
{'eval_loss': 0.0012627183459699154, 'eval_score': 0.001310652215148192, 'eval_err_F': 0.0009510212008038688, 'eval_err_M': 0.001190775210366751, 'eval_err_diff': 0.00023975400956288218, 'eval_mse': 0.000914741640247864, 'eval_mae': 0.020509386585109497, 'eval_runtime': 20.7882, 'eval_samples_per_second': 962.083, 'eval_steps_per_second': 7.552, 'epoch': 5.0}
{'loss': 0.0017, 'grad_norm': 0.4007205367088318, 'learning_rate': 2.0189911707081988e-05, 'epoch': 5.04}
{'loss': 0.0015, 'grad_norm': 0.39808937907218933, 'learning_rate': 2.002816762665094e-05, 'epoch': 5.08}
{'loss': 0.0017, 'grad_norm': 0.16177155077457428, 'learning_rate': 1.986505608150393e-05, 'epoch': 5.12}
{'loss': 0.0016, 'grad_norm': 0.16453734040260315, 'learning_rate': 1.9700610073848333e-05, 'epoch': 5.16}
{'loss': 0.0018, 'grad_norm': 0.17349867522716522, 'learning_rate': 1.953486287589207e-05, 'epoch': 5.2}
{'loss': 0.0016, 'grad_norm': 0.19160769879817963, 'learning_rate': 1.9367848023111703e-05, 'epoch': 5.24}
{'loss': 0.0016, 'grad_norm': 0.3078548312187195, 'learning_rate': 1.91995993074672e-05, 'epoch': 5.28}
{'loss': 0.0021, 'grad_norm': 0.1578892022371292, 'learning_rate': 1.9030150770564865e-05, 'epoch': 5.32}
{'loss': 0.0016, 'grad_norm': 0.10001567751169205, 'learning_rate': 1.885953669676972e-05, 'epoch': 5.36}
{'loss': 0.0018, 'grad_norm': 0.5468742847442627, 'learning_rate': 1.868779160626879e-05, 'epoch': 5.4}
{'loss': 0.0018, 'grad_norm': 0.25101929903030396, 'learning_rate': 1.8514950248086644e-05, 'epoch': 5.44}
{'loss': 0.0013, 'grad_norm': 0.20748089253902435, 'learning_rate': 1.8341047593054687e-05, 'epoch': 5.48}
{'loss': 0.0016, 'grad_norm': 0.28512880206108093, 'learning_rate': 1.8166118826735522e-05, 'epoch': 5.52}
{'loss': 0.0015, 'grad_norm': 0.18067747354507446, 'learning_rate': 1.79901993423039e-05, 'epoch': 5.56}
{'loss': 0.0019, 'grad_norm': 0.3341836631298065, 'learning_rate': 1.7813324733385635e-05, 'epoch': 5.6}
{'loss': 0.0018, 'grad_norm': 0.19743064045906067, 'learning_rate': 1.7635530786856016e-05, 'epoch': 5.64}
{'loss': 0.0023, 'grad_norm': 0.44693681597709656, 'learning_rate': 1.745685347559903e-05, 'epoch': 5.68}
{'loss': 0.0018, 'grad_norm': 0.18450413644313812, 'learning_rate': 1.7277328951229033e-05, 'epoch': 5.72}
{'loss': 0.0015, 'grad_norm': 0.37447428703308105, 'learning_rate': 1.7096993536776244e-05, 'epoch': 5.76}
{'loss': 0.0018, 'grad_norm': 0.2490357756614685, 'learning_rate': 1.6915883719337494e-05, 'epoch': 5.8}
{'loss': 0.0013, 'grad_norm': 0.22042912244796753, 'learning_rate': 1.673403614269387e-05, 'epoch': 5.84}
{'loss': 0.0018, 'grad_norm': 0.4067462086677551, 'learning_rate': 1.6551487599896574e-05, 'epoch': 5.88}
{'loss': 0.0016, 'grad_norm': 0.14395123720169067, 'learning_rate': 1.6368275025822655e-05, 'epoch': 5.92}
{'loss': 0.0017, 'grad_norm': 0.18636146187782288, 'learning_rate': 1.6184435489701988e-05, 'epoch': 5.96}
{'loss': 0.0016, 'grad_norm': 0.13284189999103546, 'learning_rate': 1.600000618761709e-05, 'epoch': 6.0}
{'eval_loss': 0.001067869714461267, 'eval_score': 0.0012209225753129762, 'eval_err_F': 0.0007446686555072711, 'eval_err_M': 0.0010621712687110744, 'eval_err_diff': 0.0003175026132038034, 'eval_mse': 0.0008457835852722788, 'eval_mae': 0.0200087202808043, 'eval_runtime': 20.7328, 'eval_samples_per_second': 964.657, 'eval_steps_per_second': 7.573, 'epoch': 6.0}
{'loss': 0.0015, 'grad_norm': 0.4986339211463928, 'learning_rate': 1.5815024434977283e-05, 'epoch': 6.04}
{'loss': 0.0016, 'grad_norm': 0.19268573820590973, 'learning_rate': 1.56295276589687e-05, 'epoch': 6.08}
{'loss': 0.0015, 'grad_norm': 0.24238836765289307, 'learning_rate': 1.5443553390981674e-05, 'epoch': 6.12}
{'loss': 0.0019, 'grad_norm': 0.11041043698787689, 'learning_rate': 1.525713925901703e-05, 'epoch': 6.16}
{'loss': 0.0015, 'grad_norm': 0.1779097020626068, 'learning_rate': 1.507032298007289e-05, 'epoch': 6.2}
{'loss': 0.0015, 'grad_norm': 0.5243351459503174, 'learning_rate': 1.4883142352513372e-05, 'epoch': 6.24}
{'loss': 0.0015, 'grad_norm': 0.16564248502254486, 'learning_rate': 1.4695635248420938e-05, 'epoch': 6.28}
{'loss': 0.0013, 'grad_norm': 0.14923301339149475, 'learning_rate': 1.4507839605933715e-05, 'epoch': 6.32}
{'loss': 0.0018, 'grad_norm': 0.2108871042728424, 'learning_rate': 1.4319793421569566e-05, 'epoch': 6.36}
{'loss': 0.0015, 'grad_norm': 0.4468251168727875, 'learning_rate': 1.4131534742538226e-05, 'epoch': 6.4}
{'loss': 0.0013, 'grad_norm': 0.3756992518901825, 'learning_rate': 1.394310165904331e-05, 'epoch': 6.44}
{'loss': 0.0016, 'grad_norm': 0.2787424325942993, 'learning_rate': 1.3754532296575513e-05, 'epoch': 6.48}
{'loss': 0.0015, 'grad_norm': 0.0883379727602005, 'learning_rate': 1.3565864808198721e-05, 'epoch': 6.52}
{'loss': 0.0016, 'grad_norm': 0.2665577530860901, 'learning_rate': 1.3377137366830556e-05, 'epoch': 6.56}
{'loss': 0.0017, 'grad_norm': 0.15889592468738556, 'learning_rate': 1.3188388157518858e-05, 'epoch': 6.6}
{'loss': 0.0015, 'grad_norm': 0.14103873074054718, 'learning_rate': 1.2999655369715774e-05, 'epoch': 6.64}
{'loss': 0.0012, 'grad_norm': 0.12069617211818695, 'learning_rate': 1.2810977189550886e-05, 'epoch': 6.68}
{'loss': 0.0015, 'grad_norm': 0.24046145379543304, 'learning_rate': 1.2622391792105068e-05, 'epoch': 6.72}
{'loss': 0.0014, 'grad_norm': 0.18975108861923218, 'learning_rate': 1.2433937333686564e-05, 'epoch': 6.76}
{'loss': 0.0013, 'grad_norm': 0.09649588167667389, 'learning_rate': 1.2245651944110829e-05, 'epoch': 6.8}
{'loss': 0.0015, 'grad_norm': 0.2070796638727188, 'learning_rate': 1.2057573718985786e-05, 'epoch': 6.84}
{'loss': 0.0015, 'grad_norm': 0.33028748631477356, 'learning_rate': 1.1869740712003963e-05, 'epoch': 6.88}
{'loss': 0.0015, 'grad_norm': 0.565254271030426, 'learning_rate': 1.1682190927243136e-05, 'epoch': 6.92}
{'loss': 0.0018, 'grad_norm': 0.09451533108949661, 'learning_rate': 1.1494962311476985e-05, 'epoch': 6.96}
{'loss': 0.0015, 'grad_norm': 0.2405368536710739, 'learning_rate': 1.130809274649737e-05, 'epoch': 7.0}
{'eval_loss': 0.0012589271645992994, 'eval_score': 0.0013179261561431354, 'eval_err_F': 0.0009466438461404732, 'eval_err_M': 0.001194165386142248, 'eval_err_diff': 0.00024752154000177485, 'eval_mse': 0.0007414143848129309, 'eval_mae': 0.018542255147189463, 'eval_runtime': 20.6818, 'eval_samples_per_second': 967.033, 'eval_steps_per_second': 7.591, 'epoch': 7.0}
{'loss': 0.0012, 'grad_norm': 0.26038089394569397, 'learning_rate': 1.1121620041449723e-05, 'epoch': 7.04}
{'loss': 0.0013, 'grad_norm': 0.1954815834760666, 'learning_rate': 1.093558192518321e-05, 'epoch': 7.08}
{'loss': 0.0014, 'grad_norm': 0.1972607672214508, 'learning_rate': 1.0750016038617016e-05, 'epoch': 7.12}
{'loss': 0.0014, 'grad_norm': 0.6011092066764832, 'learning_rate': 1.0564959927124552e-05, 'epoch': 7.16}
{'loss': 0.0014, 'grad_norm': 0.319993793964386, 'learning_rate': 1.0380451032936897e-05, 'epoch': 7.2}
{'loss': 0.0015, 'grad_norm': 0.15901996195316315, 'learning_rate': 1.0196526687567181e-05, 'epoch': 7.24}
{'loss': 0.0013, 'grad_norm': 0.202741801738739, 'learning_rate': 1.0013224104257298e-05, 'epoch': 7.28}
{'loss': 0.0012, 'grad_norm': 0.2625938653945923, 'learning_rate': 9.830580370448603e-06, 'epoch': 7.32}
{'loss': 0.0011, 'grad_norm': 0.3126651346683502, 'learning_rate': 9.648632440278046e-06, 'epoch': 7.36}
{'loss': 0.0015, 'grad_norm': 0.07681016623973846, 'learning_rate': 9.467417127101287e-06, 'epoch': 7.4}
{'loss': 0.0015, 'grad_norm': 0.22299249470233917, 'learning_rate': 9.286971096044248e-06, 'epoch': 7.44}
{'loss': 0.001, 'grad_norm': 0.15658871829509735, 'learning_rate': 9.107330856584728e-06, 'epoch': 7.48}
{'loss': 0.0013, 'grad_norm': 0.24792568385601044, 'learning_rate': 8.928532755165455e-06, 'epoch': 7.52}
{'loss': 0.0015, 'grad_norm': 0.14586545526981354, 'learning_rate': 8.750612967840159e-06, 'epoch': 7.56}
{'loss': 0.0011, 'grad_norm': 0.11112992465496063, 'learning_rate': 8.573607492954084e-06, 'epoch': 7.6}
{'loss': 0.0014, 'grad_norm': 0.20522134006023407, 'learning_rate': 8.397552143860495e-06, 'epoch': 7.64}
{'loss': 0.0012, 'grad_norm': 0.3143002986907959, 'learning_rate': 8.222482541674582e-06, 'epoch': 7.68}
{'loss': 0.0012, 'grad_norm': 0.13805215060710907, 'learning_rate': 8.048434108066292e-06, 'epoch': 7.72}
{'loss': 0.0012, 'grad_norm': 0.16781415045261383, 'learning_rate': 7.875442058093467e-06, 'epoch': 7.76}
{'loss': 0.0012, 'grad_norm': 0.45020613074302673, 'learning_rate': 7.703541393076836e-06, 'epoch': 7.8}
{'loss': 0.0011, 'grad_norm': 0.05835260823369026, 'learning_rate': 7.532766893518222e-06, 'epoch': 7.84}
{'loss': 0.0012, 'grad_norm': 0.2455306500196457, 'learning_rate': 7.36315311206345e-06, 'epoch': 7.88}
{'loss': 0.0011, 'grad_norm': 0.37345731258392334, 'learning_rate': 7.194734366511311e-06, 'epoch': 7.92}
{'loss': 0.0013, 'grad_norm': 0.08735545724630356, 'learning_rate': 7.0275447328700995e-06, 'epoch': 7.96}
{'loss': 0.0012, 'grad_norm': 0.1337529420852661, 'learning_rate': 6.861618038463046e-06, 'epoch': 8.0}
{'eval_loss': 0.0010283681331202388, 'eval_score': 0.001298692525095254, 'eval_err_F': 0.0006493510435805088, 'eval_err_M': 0.001082245364590339, 'eval_err_diff': 0.0004328943210098301, 'eval_mse': 0.0006522685964805526, 'eval_mae': 0.01709655389051568, 'eval_runtime': 20.9265, 'eval_samples_per_second': 955.724, 'eval_steps_per_second': 7.502, 'epoch': 8.0}
{'loss': 0.0011, 'grad_norm': 0.08160906285047531, 'learning_rate': 6.696987855084049e-06, 'epoch': 8.04}
{'loss': 0.0009, 'grad_norm': 0.10962126404047012, 'learning_rate': 6.533687492205141e-06, 'epoch': 8.08}
{'loss': 0.0013, 'grad_norm': 0.17052601277828217, 'learning_rate': 6.371749990237002e-06, 'epoch': 8.12}
{'loss': 0.0012, 'grad_norm': 0.2749248743057251, 'learning_rate': 6.211208113843945e-06, 'epoch': 8.16}
{'loss': 0.0013, 'grad_norm': 0.18917791545391083, 'learning_rate': 6.0520943453146416e-06, 'epoch': 8.2}
{'loss': 0.0012, 'grad_norm': 0.24666616320610046, 'learning_rate': 5.894440877990032e-06, 'epoch': 8.24}
{'loss': 0.0011, 'grad_norm': 0.2999354600906372, 'learning_rate': 5.738279609749668e-06, 'epoch': 8.28}
{'loss': 0.0011, 'grad_norm': 0.26121786236763, 'learning_rate': 5.583642136557857e-06, 'epoch': 8.32}
{'loss': 0.0011, 'grad_norm': 0.33654770255088806, 'learning_rate': 5.430559746070861e-06, 'epoch': 8.36}
{'loss': 0.0013, 'grad_norm': 0.08234664052724838, 'learning_rate': 5.279063411306498e-06, 'epoch': 8.4}
{'loss': 0.0011, 'grad_norm': 0.2701883316040039, 'learning_rate': 5.129183784377423e-06, 'epoch': 8.44}
{'loss': 0.0013, 'grad_norm': 0.24913588166236877, 'learning_rate': 4.9809511902892774e-06, 'epoch': 8.48}
{'loss': 0.0011, 'grad_norm': 0.11698499321937561, 'learning_rate': 4.8343956208050985e-06, 'epoch': 8.52}
{'loss': 0.0012, 'grad_norm': 0.15221038460731506, 'learning_rate': 4.689546728377076e-06, 'epoch': 8.56}
{'loss': 0.0013, 'grad_norm': 0.38807106018066406, 'learning_rate': 4.546433820147019e-06, 'epoch': 8.6}
{'loss': 0.001, 'grad_norm': 0.4545067846775055, 'learning_rate': 4.40508585201668e-06, 'epoch': 8.64}
{'loss': 0.0009, 'grad_norm': 0.19792543351650238, 'learning_rate': 4.265531422789111e-06, 'epoch': 8.68}
{'loss': 0.001, 'grad_norm': 0.06462100893259048, 'learning_rate': 4.127798768382301e-06, 'epoch': 8.72}
{'loss': 0.0011, 'grad_norm': 0.09436281770467758, 'learning_rate': 3.991915756116237e-06, 'epoch': 8.76}
{'loss': 0.001, 'grad_norm': 0.0960351899266243, 'learning_rate': 3.857909879074535e-06, 'epoch': 8.8}
{'loss': 0.0012, 'grad_norm': 0.04424469172954559, 'learning_rate': 3.725808250541781e-06, 'epoch': 8.84}
{'loss': 0.0011, 'grad_norm': 0.2095545381307602, 'learning_rate': 3.595637598517724e-06, 'epoch': 8.88}
{'loss': 0.0012, 'grad_norm': 0.17366695404052734, 'learning_rate': 3.4674242603094342e-06, 'epoch': 8.92}
{'loss': 0.0009, 'grad_norm': 0.11307945102453232, 'learning_rate': 3.3411941772025055e-06, 'epoch': 8.96}
{'loss': 0.0009, 'grad_norm': 0.038103848695755005, 'learning_rate': 3.2169728892123584e-06, 'epoch': 9.0}
{'eval_loss': 0.0010416072327643633, 'eval_score': 0.0011901592826384043, 'eval_err_F': 0.0007418548821258131, 'eval_err_M': 0.0010407244824675406, 'eval_err_diff': 0.0002988696003417275, 'eval_mse': 0.0006241020126583188, 'eval_mae': 0.01673825567608383, 'eval_runtime': 20.6517, 'eval_samples_per_second': 968.441, 'eval_steps_per_second': 7.602, 'epoch': 9.0}
{'loss': 0.0011, 'grad_norm': 0.08145704120397568, 'learning_rate': 3.094785529916765e-06, 'epoch': 9.04}
{'loss': 0.001, 'grad_norm': 0.21394899487495422, 'learning_rate': 2.9746568213705935e-06, 'epoch': 9.08}
{'loss': 0.001, 'grad_norm': 0.24319341778755188, 'learning_rate': 2.8566110691038315e-06, 'epoch': 9.12}
{'loss': 0.001, 'grad_norm': 0.1824566125869751, 'learning_rate': 2.740672157203841e-06, 'epoch': 9.16}
{'loss': 0.0009, 'grad_norm': 0.41637328267097473, 'learning_rate': 2.6268635434829445e-06, 'epoch': 9.2}
{'loss': 0.0009, 'grad_norm': 0.34922757744789124, 'learning_rate': 2.5152082547321996e-06, 'epoch': 9.24}
{'loss': 0.0011, 'grad_norm': 0.21727651357650757, 'learning_rate': 2.4057288820624387e-06, 'epoch': 9.28}
{'loss': 0.001, 'grad_norm': 0.08800863474607468, 'learning_rate': 2.298447576333403e-06, 'epoch': 9.32}
{'loss': 0.001, 'grad_norm': 0.3644486963748932, 'learning_rate': 2.1933860436719965e-06, 'epoch': 9.36}
{'loss': 0.0008, 'grad_norm': 0.20191314816474915, 'learning_rate': 2.090565541080499e-06, 'epoch': 9.4}
{'loss': 0.001, 'grad_norm': 0.10772298276424408, 'learning_rate': 1.990006872135667e-06, 'epoch': 9.44}
{'loss': 0.0009, 'grad_norm': 0.48267385363578796, 'learning_rate': 1.891730382779545e-06, 'epoch': 9.48}
{'loss': 0.0011, 'grad_norm': 0.15396812558174133, 'learning_rate': 1.7957559572029066e-06, 'epoch': 9.52}
{'loss': 0.0009, 'grad_norm': 0.16114628314971924, 'learning_rate': 1.702103013822105e-06, 'epoch': 9.56}
{'loss': 0.0009, 'grad_norm': 0.09332039207220078, 'learning_rate': 1.610790501350152e-06, 'epoch': 9.6}
{'loss': 0.0011, 'grad_norm': 0.17761123180389404, 'learning_rate': 1.521836894962849e-06, 'epoch': 9.64}
{'loss': 0.0012, 'grad_norm': 0.062321633100509644, 'learning_rate': 1.4352601925607198e-06, 'epoch': 9.68}
{'loss': 0.001, 'grad_norm': 0.05664614960551262, 'learning_rate': 1.3510779111275211e-06, 'epoch': 9.72}
{'loss': 0.0009, 'grad_norm': 0.10262057930231094, 'learning_rate': 1.2693070831860316e-06, 'epoch': 9.76}
{'loss': 0.0009, 'grad_norm': 0.21954385936260223, 'learning_rate': 1.1899642533518876e-06, 'epoch': 9.8}
{'loss': 0.0009, 'grad_norm': 0.08680913597345352, 'learning_rate': 1.1130654749861222e-06, 'epoch': 9.84}
{'loss': 0.001, 'grad_norm': 0.20045819878578186, 'learning_rate': 1.038626306947117e-06, 'epoch': 9.88}
{'loss': 0.001, 'grad_norm': 0.2615745961666107, 'learning_rate': 9.666618104425651e-07, 'epoch': 9.92}
{'loss': 0.001, 'grad_norm': 0.09538497030735016, 'learning_rate': 8.971865459821843e-07, 'epoch': 9.96}
{'loss': 0.0009, 'grad_norm': 0.16065174341201782, 'learning_rate': 8.30214570431669e-07, 'epoch': 10.0}
{'eval_loss': 0.0008953461656346917, 'eval_score': 0.001058299869727879, 'eval_err_F': 0.0005982377692964481, 'eval_err_M': 0.0009049458362507353, 'eval_err_diff': 0.0003067080669542872, 'eval_mse': 0.0005841883120920285, 'eval_mae': 0.015812878150694633, 'eval_runtime': 20.699, 'eval_samples_per_second': 966.23, 'eval_steps_per_second': 7.585, 'epoch': 10.0}
{'loss': 0.001, 'grad_norm': 0.18725721538066864, 'learning_rate': 7.657594341686101e-07, 'epoch': 10.04}
{'loss': 0.0009, 'grad_norm': 0.04515129327774048, 'learning_rate': 7.038341783408339e-07, 'epoch': 10.08}
{'loss': 0.001, 'grad_norm': 0.03179450333118439, 'learning_rate': 6.444513322278135e-07, 'epoch': 10.12}
{'loss': 0.0009, 'grad_norm': 0.13756613433361053, 'learning_rate': 5.876229107056199e-07, 'epoch': 10.16}
{'loss': 0.001, 'grad_norm': 0.21594476699829102, 'learning_rate': 5.333604118159822e-07, 'epoch': 10.2}
{'loss': 0.001, 'grad_norm': 0.21571721136569977, 'learning_rate': 4.816748144398785e-07, 'epoch': 10.24}
{'loss': 0.0009, 'grad_norm': 0.2841245234012604, 'learning_rate': 4.3257657607619887e-07, 'epoch': 10.28}
{'loss': 0.0009, 'grad_norm': 0.08329906314611435, 'learning_rate': 3.8607563072589035e-07, 'epoch': 10.32}
{'loss': 0.0009, 'grad_norm': 0.24857376515865326, 'learning_rate': 3.4218138688202023e-07, 'epoch': 10.36}
{'loss': 0.0008, 'grad_norm': 0.28067928552627563, 'learning_rate': 3.009027256261586e-07, 'epoch': 10.4}
{'loss': 0.0009, 'grad_norm': 0.117722287774086, 'learning_rate': 2.6224799883148047e-07, 'epoch': 10.44}
{'loss': 0.0009, 'grad_norm': 0.16976279020309448, 'learning_rate': 2.2622502747293962e-07, 'epoch': 10.48}
{'loss': 0.0009, 'grad_norm': 0.4184736907482147, 'learning_rate': 1.928411000448639e-07, 'epoch': 10.52}
{'loss': 0.001, 'grad_norm': 0.0797746330499649, 'learning_rate': 1.6210297108626594e-07, 'epoch': 10.56}
{'loss': 0.001, 'grad_norm': 0.3138037323951721, 'learning_rate': 1.340168598142156e-07, 'epoch': 10.6}
{'loss': 0.0008, 'grad_norm': 0.10570640116930008, 'learning_rate': 1.0858844886551324e-07, 'epoch': 10.64}
{'loss': 0.0009, 'grad_norm': 0.21696160733699799, 'learning_rate': 8.582288314691673e-08, 'epoch': 10.68}
{'loss': 0.0009, 'grad_norm': 0.10614907741546631, 'learning_rate': 6.572476879418321e-08, 'epoch': 10.72}
{'loss': 0.0011, 'grad_norm': 0.1299256980419159, 'learning_rate': 4.829817224011701e-08, 'epoch': 10.76}
{'loss': 0.001, 'grad_norm': 0.2173858880996704, 'learning_rate': 3.354661939180353e-08, 'epoch': 10.8}
{'loss': 0.0009, 'grad_norm': 0.22228968143463135, 'learning_rate': 2.1473094917226508e-08, 'epoch': 10.84}
{'loss': 0.0009, 'grad_norm': 0.23173464834690094, 'learning_rate': 1.2080041641373125e-08, 'epoch': 10.88}
{'loss': 0.0009, 'grad_norm': 0.13617834448814392, 'learning_rate': 5.369360051986269e-09, 'epoch': 10.92}
{'loss': 0.001, 'grad_norm': 0.07632643729448318, 'learning_rate': 1.3424079150330298e-09, 'epoch': 10.96}
{'loss': 0.0008, 'grad_norm': 0.12395983189344406, 'learning_rate': 0.0, 'epoch': 11.0}
{'eval_loss': 0.0008726541418582201, 'eval_score': 0.0010309846567676168, 'eval_err_F': 0.0005821145338905983, 'eval_err_M': 0.0008813612824752774, 'eval_err_diff': 0.00029924674858467914, 'eval_mse': 0.0006058108878010511, 'eval_mae': 0.016107674901016618, 'eval_runtime': 25.6151, 'eval_samples_per_second': 780.79, 'eval_steps_per_second': 6.129, 'epoch': 11.0}
[EMA] Swapped EMA weights into model (decay=0.9998)
{'train_runtime': 3157.5388, 'train_samples_per_second': 278.698, 'train_steps_per_second': 4.355, 'train_loss': 0.013090377672152086, 'epoch': 11.0}
[EMA] Swapped EMA weights into model (decay=0.9998)
score=0.00166 | err_diff=0.00036 | loss=0.00150
score=0.00166 | err_diff=0.00036 | loss=0.00150
Saved 30 worst predictions: results/optuna_dinov3-vitb16-3090-v2_trial_18/worst/worst.csv + results/optuna_dinov3-vitb16-3090-v2_trial_18/worst/images
Model saved: models:/m-55cecdceb83c47dd89e37f7c34795695
Trial 18: score=inf err_F=inf err_M=inf err_diff=inf
Loaded 100,000 samples from data/raw/train.csv
Loaded 100,000 samples from data/raw/train.csv
Train: 80,000 | Val: 20,000
Train: 80,000 | Val: 20,000
Sampler 'occlusion': 10 groups, 80000 samples/epoch
Sampler 'occlusion': 10 groups, 80000 samples/epoch
PMF ratios test/train (20 bins of 0.025): [0.215, 0.34, 0.567, 0.731, 0.928, 1.074, 1.329, 1.454, 1.643, 1.87, 1.984, 1.922, 1.555, 1.329, 1.323, 0.617, 0.919, 0.067, 0.067, 0.067]
PMF ratios test/train (20 bins of 0.025): [0.215, 0.34, 0.567, 0.731, 0.928, 1.074, 1.329, 1.454, 1.643, 1.87, 1.984, 1.922, 1.555, 1.329, 1.323, 0.617, 0.919, 0.067, 0.067, 0.067]
eval_importance_reweight ON (eval_score reweighted to test distribution)
eval_importance_reweight ON (eval_score reweighted to test distribution)
Gender reweight: F=1.352, M=0.648 (mean=1.0)
Gender reweight: F=1.352, M=0.648 (mean=1.0)
DINOv3 drop_path_rate=0.06684171674002634 applied (linear 0 → 0.067 across 12 blocks via sample_drop_ratio)
DINOv3 drop_path_rate=0.06684171674002634 applied (linear 0 → 0.067 across 12 blocks via sample_drop_ratio)
Loaded DINOv3 weights: dinov3_vitb16_pretrain_lvd1689m-73cec8be.pth
Loaded DINOv3 weights: dinov3_vitb16_pretrain_lvd1689m-73cec8be.pth
EMA enabled: decay=0.9998, warmup_steps=200
WeightedMSELoss: focal_gamma=0.0, fairness_lambda=0.7549565889501917, gender_reweight=on (F=1.35, M=0.65)
Training dinov3-vitb16-3090-v2_trial19 (best_metric=eval_score)
EMA enabled: decay=0.9998, warmup_steps=200
WeightedMSELoss: focal_gamma=0.0, fairness_lambda=0.7549565889501917, gender_reweight=on (F=1.35, M=0.65)
Training dinov3-vitb16-3090-v2_trial19 (best_metric=eval_score)
LLRD: 14 groups, LR ∈ [4.42e-06, 6.61e-05]
LLRD: 14 groups, LR ∈ [4.42e-06, 6.61e-05]
{'loss': 0.3728, 'grad_norm': 8.742118835449219, 'learning_rate': 1.2292358593604846e-07, 'epoch': 0.04}
{'loss': 0.1342, 'grad_norm': 1.717419981956482, 'learning_rate': 2.458471718720969e-07, 'epoch': 0.08}
{'loss': 0.1072, 'grad_norm': 1.6548595428466797, 'learning_rate': 3.687707578081454e-07, 'epoch': 0.12}
{'loss': 0.0994, 'grad_norm': 4.164637088775635, 'learning_rate': 4.916943437441938e-07, 'epoch': 0.16}
{'loss': 0.0964, 'grad_norm': 2.1666977405548096, 'learning_rate': 6.146179296802424e-07, 'epoch': 0.2}
{'loss': 0.0985, 'grad_norm': 2.069174289703369, 'learning_rate': 7.375415156162908e-07, 'epoch': 0.24}
{'loss': 0.0969, 'grad_norm': 0.6569538116455078, 'learning_rate': 8.604651015523393e-07, 'epoch': 0.28}
{'loss': 0.0939, 'grad_norm': 1.3970966339111328, 'learning_rate': 9.833886874883877e-07, 'epoch': 0.32}
{'loss': 0.095, 'grad_norm': 0.9556877017021179, 'learning_rate': 1.1063122734244362e-06, 'epoch': 0.36}
{'loss': 0.0939, 'grad_norm': 1.3680932521820068, 'learning_rate': 1.2292358593604847e-06, 'epoch': 0.4}
{'loss': 0.0924, 'grad_norm': 2.467045545578003, 'learning_rate': 1.3521594452965332e-06, 'epoch': 0.44}
{'loss': 0.1001, 'grad_norm': 0.9935608506202698, 'learning_rate': 1.4750830312325815e-06, 'epoch': 0.48}
{'loss': 0.0919, 'grad_norm': 0.8506686091423035, 'learning_rate': 1.59800661716863e-06, 'epoch': 0.52}
{'loss': 0.0879, 'grad_norm': 2.217318058013916, 'learning_rate': 1.7209302031046785e-06, 'epoch': 0.56}
{'loss': 0.0752, 'grad_norm': 0.4709877669811249, 'learning_rate': 1.843853789040727e-06, 'epoch': 0.6}
{'loss': 0.067, 'grad_norm': 0.4393630623817444, 'learning_rate': 1.9667773749767754e-06, 'epoch': 0.64}
{'loss': 0.0595, 'grad_norm': 1.3181952238082886, 'learning_rate': 2.089700960912824e-06, 'epoch': 0.68}
{'loss': 0.0554, 'grad_norm': 4.157366752624512, 'learning_rate': 2.2126245468488724e-06, 'epoch': 0.72}
{'loss': 0.0562, 'grad_norm': 0.7728206515312195, 'learning_rate': 2.335548132784921e-06, 'epoch': 0.76}
{'loss': 0.0511, 'grad_norm': 0.8080626726150513, 'learning_rate': 2.4584717187209694e-06, 'epoch': 0.8}
{'loss': 0.0517, 'grad_norm': 1.7871171236038208, 'learning_rate': 2.581395304657018e-06, 'epoch': 0.84}
{'loss': 0.0493, 'grad_norm': 2.1478421688079834, 'learning_rate': 2.7043188905930664e-06, 'epoch': 0.88}
{'loss': 0.0515, 'grad_norm': 5.36262845993042, 'learning_rate': 2.8272424765291145e-06, 'epoch': 0.92}
{'loss': 0.0502, 'grad_norm': 0.7753049731254578, 'learning_rate': 2.950166062465163e-06, 'epoch': 0.96}
{'loss': 0.043, 'grad_norm': 0.7159973382949829, 'learning_rate': 3.0730896484012115e-06, 'epoch': 1.0}
{'eval_loss': 0.004054090939462185, 'eval_score': 0.003939808496872822, 'eval_err_F': 0.002659993192221047, 'eval_err_M': 0.0035132033953222306, 'eval_err_diff': 0.0008532102031011835, 'eval_mse': 0.0019426404010448024, 'eval_mae': 0.03395694325027798, 'eval_runtime': 30.8848, 'eval_samples_per_second': 647.568, 'eval_steps_per_second': 5.083, 'epoch': 1.0}
{'loss': 0.0496, 'grad_norm': 0.5840505361557007, 'learning_rate': 3.19601323433726e-06, 'epoch': 1.04}
{'loss': 0.042, 'grad_norm': 1.5463881492614746, 'learning_rate': 3.3189368202733086e-06, 'epoch': 1.08}
{'loss': 0.0378, 'grad_norm': 1.8147367238998413, 'learning_rate': 3.441860406209357e-06, 'epoch': 1.12}
{'loss': 0.0327, 'grad_norm': 1.7987595796585083, 'learning_rate': 3.5647839921454056e-06, 'epoch': 1.16}
{'loss': 0.0422, 'grad_norm': 0.9885954260826111, 'learning_rate': 3.687707578081454e-06, 'epoch': 1.2}
{'loss': 0.0266, 'grad_norm': 0.550894558429718, 'learning_rate': 3.8106311640175026e-06, 'epoch': 1.24}
{'loss': 0.0244, 'grad_norm': 0.236176535487175, 'learning_rate': 3.933554749953551e-06, 'epoch': 1.28}
{'loss': 0.0233, 'grad_norm': 0.4555113911628723, 'learning_rate': 4.056478335889599e-06, 'epoch': 1.32}
{'loss': 0.0236, 'grad_norm': 1.6572765111923218, 'learning_rate': 4.179401921825648e-06, 'epoch': 1.36}
{'loss': 0.0225, 'grad_norm': 0.5658813714981079, 'learning_rate': 4.302325507761696e-06, 'epoch': 1.4}
{'loss': 0.0207, 'grad_norm': 0.26972001791000366, 'learning_rate': 4.422790459722374e-06, 'epoch': 1.44}
{'loss': 0.0236, 'grad_norm': 0.49725672602653503, 'learning_rate': 4.422368605850761e-06, 'epoch': 1.48}
{'loss': 0.02, 'grad_norm': 0.2930760681629181, 'learning_rate': 4.42113564833998e-06, 'epoch': 1.52}
{'loss': 0.0184, 'grad_norm': 0.39896082878112793, 'learning_rate': 4.419092039505001e-06, 'epoch': 1.56}
{'loss': 0.0232, 'grad_norm': 0.5238602161407471, 'learning_rate': 4.416238529051199e-06, 'epoch': 1.6}
{'loss': 0.0181, 'grad_norm': 0.7023321390151978, 'learning_rate': 4.412576163799322e-06, 'epoch': 1.64}
{'loss': 0.0164, 'grad_norm': 0.24048495292663574, 'learning_rate': 4.408106287301455e-06, 'epoch': 1.68}
{'loss': 0.0188, 'grad_norm': 1.4837056398391724, 'learning_rate': 4.402830539348138e-06, 'epoch': 1.72}
{'loss': 0.0159, 'grad_norm': 1.6436907052993774, 'learning_rate': 4.396750855366802e-06, 'epoch': 1.76}
{'loss': 0.015, 'grad_norm': 0.11400356143712997, 'learning_rate': 4.389869465711751e-06, 'epoch': 1.8}
{'loss': 0.0136, 'grad_norm': 0.477132111787796, 'learning_rate': 4.382188894845946e-06, 'epoch': 1.84}
{'loss': 0.0124, 'grad_norm': 0.3882797360420227, 'learning_rate': 4.373711960414899e-06, 'epoch': 1.88}
{'loss': 0.0118, 'grad_norm': 0.5294095277786255, 'learning_rate': 4.364441772213007e-06, 'epoch': 1.92}
{'loss': 0.0106, 'grad_norm': 0.38756266236305237, 'learning_rate': 4.354381731042716e-06, 'epoch': 1.96}
{'loss': 0.0118, 'grad_norm': 1.7102411985397339, 'learning_rate': 4.34353552746692e-06, 'epoch': 2.0}
{'eval_loss': 0.006478889379650354, 'eval_score': 0.0068474900222741065, 'eval_err_F': 0.005736330030998765, 'eval_err_M': 0.0064771033585156595, 'eval_err_diff': 0.0007407733275168948, 'eval_mse': 0.0023640967116336105, 'eval_mae': 0.03461249110299905, 'eval_runtime': 23.9035, 'eval_samples_per_second': 836.696, 'eval_steps_per_second': 6.568, 'epoch': 2.0}
{'loss': 0.0149, 'grad_norm': 1.5547891855239868, 'learning_rate': 4.331907140455067e-06, 'epoch': 2.04}
{'loss': 0.0141, 'grad_norm': 0.4986203908920288, 'learning_rate': 4.319500835923459e-06, 'epoch': 2.08}
{'loss': 0.0107, 'grad_norm': 0.26786500215530396, 'learning_rate': 4.306321165170287e-06, 'epoch': 2.12}
{'loss': 0.0098, 'grad_norm': 1.4649426937103271, 'learning_rate': 4.292372963205967e-06, 'epoch': 2.16}
{'loss': 0.0107, 'grad_norm': 0.8303126096725464, 'learning_rate': 4.2776613469794e-06, 'epoch': 2.2}
{'loss': 0.0108, 'grad_norm': 1.2896345853805542, 'learning_rate': 4.2621917135008035e-06, 'epoch': 2.24}
{'loss': 0.0109, 'grad_norm': 0.30984407663345337, 'learning_rate': 4.245969737861793e-06, 'epoch': 2.28}
{'loss': 0.0108, 'grad_norm': 1.2038249969482422, 'learning_rate': 4.229001371153459e-06, 'epoch': 2.32}
{'loss': 0.0101, 'grad_norm': 0.39888209104537964, 'learning_rate': 4.2112928382831854e-06, 'epoch': 2.36}
{'loss': 0.0105, 'grad_norm': 0.5048521757125854, 'learning_rate': 4.1928506356910195e-06, 'epoch': 2.4}
{'loss': 0.0109, 'grad_norm': 0.8805450797080994, 'learning_rate': 4.173681528966428e-06, 'epoch': 2.44}
{'loss': 0.0116, 'grad_norm': 0.580014169216156, 'learning_rate': 4.153792550366317e-06, 'epoch': 2.48}
{'loss': 0.0106, 'grad_norm': 0.37121573090553284, 'learning_rate': 4.133190996235226e-06, 'epoch': 2.52}
{'loss': 0.0099, 'grad_norm': 0.7789284586906433, 'learning_rate': 4.11188442432863e-06, 'epoch': 2.56}
{'loss': 0.0104, 'grad_norm': 1.0937002897262573, 'learning_rate': 4.089880651040356e-06, 'epoch': 2.6}
{'loss': 0.009, 'grad_norm': 0.13998983800411224, 'learning_rate': 4.067187748535106e-06, 'epoch': 2.64}
{'loss': 0.0084, 'grad_norm': 0.775994062423706, 'learning_rate': 4.043814041787158e-06, 'epoch': 2.68}
{'loss': 0.0091, 'grad_norm': 0.1799776554107666, 'learning_rate': 4.019768105526311e-06, 'epoch': 2.72}
{'loss': 0.008, 'grad_norm': 0.5981305241584778, 'learning_rate': 3.995058761092227e-06, 'epoch': 2.76}
{'loss': 0.0063, 'grad_norm': 0.7068405151367188, 'learning_rate': 3.9696950731982765e-06, 'epoch': 2.8}
{'loss': 0.0048, 'grad_norm': 1.190476655960083, 'learning_rate': 3.9436863466061235e-06, 'epoch': 2.84}
{'loss': 0.0057, 'grad_norm': 0.14637728035449982, 'learning_rate': 3.917042122712236e-06, 'epoch': 2.88}
{'loss': 0.0046, 'grad_norm': 0.3425595462322235, 'learning_rate': 3.889772176047595e-06, 'epoch': 2.92}
{'loss': 0.0047, 'grad_norm': 0.5983043909072876, 'learning_rate': 3.861886510691864e-06, 'epoch': 2.96}
{'loss': 0.0044, 'grad_norm': 0.3784904479980469, 'learning_rate': 3.833395356603361e-06, 'epoch': 3.0}
{'eval_loss': 0.002347164088860154, 'eval_score': 0.0021043585980110987, 'eval_err_F': 0.0012474634298296533, 'eval_err_M': 0.0018187268752839505, 'eval_err_diff': 0.0005712634454542972, 'eval_mse': 0.001034309095551069, 'eval_mae': 0.023334343029575395, 'eval_runtime': 20.79, 'eval_samples_per_second': 962.001, 'eval_steps_per_second': 7.552, 'epoch': 3.0}
{'loss': 0.0058, 'grad_norm': 0.2676115036010742, 'learning_rate': 3.8043091658661634e-06, 'epoch': 3.04}
{'loss': 0.0038, 'grad_norm': 0.8586789965629578, 'learning_rate': 3.774638608855715e-06, 'epoch': 3.08}
{'loss': 0.0044, 'grad_norm': 0.128800630569458, 'learning_rate': 3.744394570324367e-06, 'epoch': 3.12}
{'loss': 0.0047, 'grad_norm': 0.4678444266319275, 'learning_rate': 3.713588145408262e-06, 'epoch': 3.16}
{'loss': 0.0048, 'grad_norm': 0.09427738189697266, 'learning_rate': 3.6822306355570465e-06, 'epoch': 3.2}
{'loss': 0.006, 'grad_norm': 0.15746678411960602, 'learning_rate': 3.6503335443878887e-06, 'epoch': 3.24}
{'loss': 0.0033, 'grad_norm': 0.6649537086486816, 'learning_rate': 3.6179085734653377e-06, 'epoch': 3.28}
{'loss': 0.0038, 'grad_norm': 0.40890318155288696, 'learning_rate': 3.584967618008562e-06, 'epoch': 3.32}
{'loss': 0.0033, 'grad_norm': 0.40569958090782166, 'learning_rate': 3.551522762527541e-06, 'epoch': 3.36}
{'loss': 0.0028, 'grad_norm': 0.6585578918457031, 'learning_rate': 3.517586276389823e-06, 'epoch': 3.4}
{'loss': 0.0023, 'grad_norm': 0.21840839087963104, 'learning_rate': 3.4831706093194584e-06, 'epoch': 3.44}
{'loss': 0.0029, 'grad_norm': 0.5440753698348999, 'learning_rate': 3.448288386829778e-06, 'epoch': 3.48}
{'loss': 0.0031, 'grad_norm': 0.5832611322402954, 'learning_rate': 3.412952405591673e-06, 'epoch': 3.52}
{'loss': 0.0034, 'grad_norm': 0.5150777697563171, 'learning_rate': 3.37717562873909e-06, 'epoch': 3.56}
{'loss': 0.0023, 'grad_norm': 0.5845401287078857, 'learning_rate': 3.3409711811134607e-06, 'epoch': 3.6}
{'loss': 0.0072, 'grad_norm': 0.6775736808776855, 'learning_rate': 3.3043523444488025e-06, 'epoch': 3.64}
{'loss': 0.0034, 'grad_norm': 1.3038381338119507, 'learning_rate': 3.2673325524992687e-06, 'epoch': 3.68}
{'loss': 0.0029, 'grad_norm': 0.34792476892471313, 'learning_rate': 3.2299253861109234e-06, 'epoch': 3.72}
{'loss': 0.0032, 'grad_norm': 0.29772892594337463, 'learning_rate': 3.192144568239562e-06, 'epoch': 3.76}
{'loss': 0.0054, 'grad_norm': 0.12690074741840363, 'learning_rate': 3.154003958916392e-06, 'epoch': 3.8}
{'loss': 0.0027, 'grad_norm': 0.5200760960578918, 'learning_rate': 3.115517550163431e-06, 'epoch': 3.84}
{'loss': 0.0031, 'grad_norm': 0.3394339382648468, 'learning_rate': 3.076699460860483e-06, 'epoch': 3.88}
{'loss': 0.0073, 'grad_norm': 0.34551990032196045, 'learning_rate': 3.0375639315655716e-06, 'epoch': 3.92}
{'loss': 0.0028, 'grad_norm': 0.4455270767211914, 'learning_rate': 2.9981253192907472e-06, 'epoch': 3.96}
{'loss': 0.0032, 'grad_norm': 0.5984065532684326, 'learning_rate': 2.958398092235156e-06, 'epoch': 4.0}
{'eval_loss': 0.0028593777678906918, 'eval_score': 0.00316822893784736, 'eval_err_F': 0.0016660605721287257, 'eval_err_M': 0.0026675061492744817, 'eval_err_diff': 0.001001445577145756, 'eval_mse': 0.0010334328161113156, 'eval_mae': 0.022179567902086274, 'eval_runtime': 20.5859, 'eval_samples_per_second': 971.537, 'eval_steps_per_second': 7.627, 'epoch': 4.0}
{'loss': 0.0054, 'grad_norm': 0.6338564157485962, 'learning_rate': 2.9183968244773346e-06, 'epoch': 4.04}
{'loss': 0.0027, 'grad_norm': 1.0522444248199463, 'learning_rate': 2.8781361906286503e-06, 'epoch': 4.08}
{'loss': 0.0023, 'grad_norm': 0.36527368426322937, 'learning_rate': 2.8376309604498726e-06, 'epoch': 4.12}
{'loss': 0.0025, 'grad_norm': 0.2052595317363739, 'learning_rate': 2.7968959934328275e-06, 'epoch': 4.16}
{'loss': 0.0029, 'grad_norm': 0.08450201153755188, 'learning_rate': 2.755946233349141e-06, 'epoch': 4.2}
{'loss': 0.0032, 'grad_norm': 0.9038270115852356, 'learning_rate': 2.7147967027680606e-06, 'epoch': 4.24}
{'loss': 0.0019, 'grad_norm': 0.10526774823665619, 'learning_rate': 2.6734624975453716e-06, 'epoch': 4.28}
{'loss': 0.0048, 'grad_norm': 0.6468470692634583, 'learning_rate': 2.6319587812854275e-06, 'epoch': 4.32}
{'loss': 0.0034, 'grad_norm': 0.33068934082984924, 'learning_rate': 2.590300779778325e-06, 'epoch': 4.36}
{'loss': 0.0035, 'grad_norm': 1.0510250329971313, 'learning_rate': 2.548503775414267e-06, 'epoch': 4.4}
{'loss': 0.0021, 'grad_norm': 0.24251686036586761, 'learning_rate': 2.506583101577166e-06, 'epoch': 4.44}
{'loss': 0.0031, 'grad_norm': 0.2784241735935211, 'learning_rate': 2.4645541370195297e-06, 'epoch': 4.48}
{'loss': 0.0022, 'grad_norm': 0.26025304198265076, 'learning_rate': 2.4224323002207145e-06, 'epoch': 4.52}
{'loss': 0.0047, 'grad_norm': 0.5931262373924255, 'learning_rate': 2.380233043730597e-06, 'epoch': 4.56}
{'loss': 0.0032, 'grad_norm': 0.20246151089668274, 'learning_rate': 2.337971848500752e-06, 'epoch': 4.6}
{'loss': 0.002, 'grad_norm': 0.7606001496315002, 'learning_rate': 2.2956642182052063e-06, 'epoch': 4.64}
{'loss': 0.0029, 'grad_norm': 0.2783019244670868, 'learning_rate': 2.253325673552862e-06, 'epoch': 4.68}
{'loss': 0.0023, 'grad_norm': 0.11257711797952652, 'learning_rate': 2.2109717465936632e-06, 'epoch': 4.72}
{'loss': 0.003, 'grad_norm': 0.11051984131336212, 'learning_rate': 2.1686179750206125e-06, 'epoch': 4.76}
{'loss': 0.0019, 'grad_norm': 0.101315937936306, 'learning_rate': 2.1262798964697067e-06, 'epoch': 4.8}
{'loss': 0.0021, 'grad_norm': 0.12346874922513962, 'learning_rate': 2.0839730428199005e-06, 'epoch': 4.84}
{'loss': 0.0021, 'grad_norm': 0.31817492842674255, 'learning_rate': 2.04171293449518e-06, 'epoch': 4.88}
{'loss': 0.0017, 'grad_norm': 0.129100039601326, 'learning_rate': 1.999515074770837e-06, 'epoch': 4.92}
{'loss': 0.0021, 'grad_norm': 1.328992486000061, 'learning_rate': 1.957394944086037e-06, 'epoch': 4.96}
{'loss': 0.0021, 'grad_norm': 0.4890350103378296, 'learning_rate': 1.9153679943647634e-06, 'epoch': 5.0}
{'eval_loss': 0.0017915844218805432, 'eval_score': 0.0014486371263701223, 'eval_err_F': 0.0008044514178098338, 'eval_err_M': 0.001233908556850026, 'eval_err_diff': 0.0004294571390401923, 'eval_mse': 0.0007808427308014313, 'eval_mae': 0.018655230309551553, 'eval_runtime': 20.6848, 'eval_samples_per_second': 966.895, 'eval_steps_per_second': 7.59, 'epoch': 5.0}
{'loss': 0.0025, 'grad_norm': 0.21562716364860535, 'learning_rate': 1.8734496433472218e-06, 'epoch': 5.04}
{'loss': 0.0022, 'grad_norm': 0.4317803382873535, 'learning_rate': 1.8316552689337862e-06, 'epoch': 5.08}
{'loss': 0.0027, 'grad_norm': 0.14786747097969055, 'learning_rate': 1.7900002035435601e-06, 'epoch': 5.12}
{'loss': 0.0016, 'grad_norm': 0.21132270991802216, 'learning_rate': 1.7484997284896229e-06, 'epoch': 5.16}
{'loss': 0.0034, 'grad_norm': 0.1818571388721466, 'learning_rate': 1.7071690683730225e-06, 'epoch': 5.2}
{'loss': 0.0019, 'grad_norm': 0.2556065618991852, 'learning_rate': 1.6660233854975773e-06, 'epoch': 5.24}
{'loss': 0.0048, 'grad_norm': 0.2000669538974762, 'learning_rate': 1.6250777743075276e-06, 'epoch': 5.28}
{'loss': 0.0035, 'grad_norm': 0.2840767502784729, 'learning_rate': 1.5843472558500846e-06, 'epoch': 5.32}
{'loss': 0.0026, 'grad_norm': 0.16190999746322632, 'learning_rate': 1.543846772264903e-06, 'epoch': 5.36}
{'loss': 0.0017, 'grad_norm': 1.1102385520935059, 'learning_rate': 1.5035911813025047e-06, 'epoch': 5.4}
{'loss': 0.0019, 'grad_norm': 0.47989270091056824, 'learning_rate': 1.463595250873656e-06, 'epoch': 5.44}
{'loss': 0.0019, 'grad_norm': 0.40879613161087036, 'learning_rate': 1.4238736536317075e-06, 'epoch': 5.48}
{'loss': 0.0049, 'grad_norm': 0.15308600664138794, 'learning_rate': 1.3844409615898774e-06, 'epoch': 5.52}
{'loss': 0.002, 'grad_norm': 0.45390889048576355, 'learning_rate': 1.345311640775454e-06, 'epoch': 5.56}
{'loss': 0.0018, 'grad_norm': 0.4611698389053345, 'learning_rate': 1.3065000459228809e-06, 'epoch': 5.6}
{'loss': 0.0014, 'grad_norm': 0.2925136983394623, 'learning_rate': 1.2680204152076713e-06, 'epoch': 5.64}
{'loss': 0.0026, 'grad_norm': 0.19697082042694092, 'learning_rate': 1.2298868650230808e-06, 'epoch': 5.68}
{'loss': 0.0021, 'grad_norm': 0.0888119488954544, 'learning_rate': 1.1921133848014556e-06, 'epoch': 5.72}
{'loss': 0.0023, 'grad_norm': 0.18774990737438202, 'learning_rate': 1.1547138318821607e-06, 'epoch': 5.76}
{'loss': 0.0017, 'grad_norm': 0.4433150291442871, 'learning_rate': 1.117701926427961e-06, 'epoch': 5.8}
{'loss': 0.0017, 'grad_norm': 0.21217244863510132, 'learning_rate': 1.0810912463917321e-06, 'epoch': 5.84}
{'loss': 0.0015, 'grad_norm': 0.4422764182090759, 'learning_rate': 1.044895222535338e-06, 'epoch': 5.88}
{'loss': 0.0029, 'grad_norm': 0.3678956925868988, 'learning_rate': 1.0091271335025053e-06, 'epoch': 5.92}
{'loss': 0.0017, 'grad_norm': 0.09703703224658966, 'learning_rate': 9.738001009475072e-07, 'epoch': 5.96}
{'loss': 0.0016, 'grad_norm': 0.19323840737342834, 'learning_rate': 9.389270847214342e-07, 'epoch': 6.0}
{'eval_loss': 0.0017540673725306988, 'eval_score': 0.0014992327910471658, 'eval_err_F': 0.0007987790340417195, 'eval_err_M': 0.0012657482053786836, 'eval_err_diff': 0.00046696917133696406, 'eval_mse': 0.0007133007913103547, 'eval_mae': 0.017412058672511922, 'eval_runtime': 20.6519, 'eval_samples_per_second': 968.433, 'eval_steps_per_second': 7.602, 'epoch': 6.0}
{'loss': 0.0014, 'grad_norm': 0.15054498612880707, 'learning_rate': 9.045208781178252e-07, 'epoch': 6.04}
{'loss': 0.0017, 'grad_norm': 0.06791488081216812, 'learning_rate': 8.705941031794036e-07, 'epoch': 6.08}
{'loss': 0.0015, 'grad_norm': 0.4309732913970947, 'learning_rate': 8.371592060676318e-07, 'epoch': 6.12}
{'loss': 0.0021, 'grad_norm': 0.31878232955932617, 'learning_rate': 8.042284524967932e-07, 'epoch': 6.16}
{'loss': 0.0016, 'grad_norm': 0.10585376620292664, 'learning_rate': 7.718139232342694e-07, 'epoch': 6.2}
{'loss': 0.0016, 'grad_norm': 0.18262457847595215, 'learning_rate': 7.399275096686663e-07, 'epoch': 6.24}
{'loss': 0.0018, 'grad_norm': 0.9684079885482788, 'learning_rate': 7.085809094474147e-07, 'epoch': 6.28}
{'loss': 0.0014, 'grad_norm': 0.064012311398983, 'learning_rate': 6.77785622185447e-07, 'epoch': 6.32}
{'loss': 0.0016, 'grad_norm': 0.506973922252655, 'learning_rate': 6.475529452465192e-07, 'epoch': 6.36}
{'loss': 0.0015, 'grad_norm': 0.05610772967338562, 'learning_rate': 6.178939695987328e-07, 'epoch': 6.4}
{'loss': 0.0017, 'grad_norm': 0.10660745948553085, 'learning_rate': 5.88819575745773e-07, 'epoch': 6.44}
{'loss': 0.0016, 'grad_norm': 0.14907638728618622, 'learning_rate': 5.603404297353549e-07, 'epoch': 6.48}
{'loss': 0.0017, 'grad_norm': 0.22798706591129303, 'learning_rate': 5.324669792463462e-07, 'epoch': 6.52}
{'loss': 0.0013, 'grad_norm': 0.14529450237751007, 'learning_rate': 5.052094497559977e-07, 'epoch': 6.56}
{'loss': 0.0029, 'grad_norm': 0.29439884424209595, 'learning_rate': 4.785778407886887e-07, 'epoch': 6.6}
{'loss': 0.0021, 'grad_norm': 0.11319078505039215, 'learning_rate': 4.525819222475656e-07, 'epoch': 6.64}
{'loss': 0.0019, 'grad_norm': 0.37306252121925354, 'learning_rate': 4.2723123083041703e-07, 'epoch': 6.68}
{'loss': 0.0017, 'grad_norm': 0.33492404222488403, 'learning_rate': 4.0253506653110215e-07, 'epoch': 6.72}
{'loss': 0.0023, 'grad_norm': 0.04178905114531517, 'learning_rate': 3.7850248922781225e-07, 'epoch': 6.76}
{'loss': 0.0019, 'grad_norm': 0.6373245120048523, 'learning_rate': 3.551423153594226e-07, 'epoch': 6.8}
{'loss': 0.0015, 'grad_norm': 0.2610197365283966, 'learning_rate': 3.3246311469115016e-07, 'epoch': 6.84}
{'loss': 0.0021, 'grad_norm': 0.16029301285743713, 'learning_rate': 3.1047320717070217e-07, 'epoch': 6.88}
{'loss': 0.0023, 'grad_norm': 0.24761131405830383, 'learning_rate': 2.8918065987607316e-07, 'epoch': 6.92}
{'loss': 0.0031, 'grad_norm': 0.09127496927976608, 'learning_rate': 2.6859328405610963e-07, 'epoch': 6.96}
{'loss': 0.0016, 'grad_norm': 0.23387007415294647, 'learning_rate': 2.4871863226492256e-07, 'epoch': 7.0}
{'eval_loss': 0.0016883985372260213, 'eval_score': 0.0013538280969539543, 'eval_err_F': 0.0007929142401624611, 'eval_err_M': 0.0011668568113567899, 'eval_err_diff': 0.00037394257119432875, 'eval_mse': 0.0006802109523454376, 'eval_mae': 0.017194035795999662, 'eval_runtime': 20.7268, 'eval_samples_per_second': 964.933, 'eval_steps_per_second': 7.575, 'epoch': 7.0}
{'loss': 0.0019, 'grad_norm': 0.39431312680244446, 'learning_rate': 2.2956399559120717e-07, 'epoch': 7.04}
{'loss': 0.0017, 'grad_norm': 0.2213517129421234, 'learning_rate': 2.1113640098347962e-07, 'epoch': 7.08}
{'loss': 0.0028, 'grad_norm': 0.27768921852111816, 'learning_rate': 1.934426086722146e-07, 'epoch': 7.12}
{'loss': 0.0017, 'grad_norm': 0.06723389029502869, 'learning_rate': 1.7648910968983106e-07, 'epoch': 7.16}
{'loss': 0.0013, 'grad_norm': 0.20704548060894012, 'learning_rate': 1.6028212348943298e-07, 'epoch': 7.2}
{'loss': 0.0013, 'grad_norm': 0.08800453692674637, 'learning_rate': 1.4482759566318018e-07, 'epoch': 7.24}
{'loss': 0.002, 'grad_norm': 0.18498316407203674, 'learning_rate': 1.301311957611256e-07, 'epoch': 7.28}
{'loss': 0.0024, 'grad_norm': 0.10241959989070892, 'learning_rate': 1.1619831521132086e-07, 'epoch': 7.32}
{'loss': 0.0019, 'grad_norm': 0.1800055354833603, 'learning_rate': 1.0303406534195087e-07, 'epoch': 7.36}
{'loss': 0.0016, 'grad_norm': 0.21056050062179565, 'learning_rate': 9.064327550622432e-08, 'epoch': 7.4}
{'loss': 0.0026, 'grad_norm': 0.34449321031570435, 'learning_rate': 7.903049131070816e-08, 'epoch': 7.44}
{'loss': 0.0016, 'grad_norm': 0.5771102905273438, 'learning_rate': 6.819997294775451e-08, 'epoch': 7.48}
{'loss': 0.0016, 'grad_norm': 0.2647838592529297, 'learning_rate': 5.815569363263413e-08, 'epoch': 7.52}
{'loss': 0.0013, 'grad_norm': 0.13121844828128815, 'learning_rate': 4.890133814594748e-08, 'epoch': 7.56}
{'loss': 0.0018, 'grad_norm': 0.3771836757659912, 'learning_rate': 4.044030148184991e-08, 'epoch': 7.6}
{'loss': 0.0014, 'grad_norm': 0.107320137321949, 'learning_rate': 3.2775687602585106e-08, 'epoch': 7.64}
{'loss': 0.0028, 'grad_norm': 0.29486459493637085, 'learning_rate': 2.5910308299786047e-08, 'epoch': 7.68}
{'loss': 0.0015, 'grad_norm': 0.17124181985855103, 'learning_rate': 1.9846682162957436e-08, 'epoch': 7.72}
{'loss': 0.0016, 'grad_norm': 0.32681024074554443, 'learning_rate': 1.4587033655523737e-08, 'epoch': 7.76}
{'loss': 0.0023, 'grad_norm': 0.1228085458278656, 'learning_rate': 1.0133292298775104e-08, 'epoch': 7.8}
{'loss': 0.0039, 'grad_norm': 1.6973892450332642, 'learning_rate': 6.487091964016793e-09, 'epoch': 7.84}
{'loss': 0.0018, 'grad_norm': 0.11346115916967392, 'learning_rate': 3.6497702731764534e-09, 'epoch': 7.88}
{'loss': 0.0015, 'grad_norm': 0.2549644112586975, 'learning_rate': 1.6223681080926782e-09, 'epoch': 7.92}
{'loss': 0.0014, 'grad_norm': 0.10213784128427505, 'learning_rate': 4.0562922866481025e-10, 'epoch': 7.96}
{'loss': 0.0017, 'grad_norm': 0.07588956505060196, 'learning_rate': 0.0, 'epoch': 8.0}
{'eval_loss': 0.0016300115967169404, 'eval_score': 0.0013073302786734968, 'eval_err_F': 0.0007132702774511425, 'eval_err_M': 0.0011093102782660453, 'eval_err_diff': 0.0003960400008149028, 'eval_mse': 0.0006819809728156832, 'eval_mae': 0.01706427878161703, 'eval_runtime': 31.7734, 'eval_samples_per_second': 629.457, 'eval_steps_per_second': 4.941, 'epoch': 8.0}
[EMA] Swapped EMA weights into model (decay=0.9998)
{'train_runtime': 2237.6706, 'train_samples_per_second': 286.012, 'train_steps_per_second': 4.469, 'train_loss': 0.016985195248574017, 'epoch': 8.0}
[EMA] Swapped EMA weights into model (decay=0.9998)
score=0.00291 | err_diff=0.00077 | loss=0.00276
score=0.00291 | err_diff=0.00077 | loss=0.00276
Saved 30 worst predictions: results/optuna_dinov3-vitb16-3090-v2_trial_19/worst/worst.csv + results/optuna_dinov3-vitb16-3090-v2_trial_19/worst/images
Model saved: models:/m-99832cc189234a0088b5116bad49ae1b
Trial 19: score=inf err_F=inf err_M=inf err_diff=inf
Loaded 100,000 samples from data/raw/train.csv
Train: 80,000 | Val: 20,000
PMF ratios test/train (20 bins of 0.025): [0.215, 0.339, 0.564, 0.734, 0.922, 1.073, 1.311, 1.467, 1.649, 1.889, 2.01, 1.908, 1.547, 1.296, 1.301, 0.605, 0.968, 0.067, 0.067, 0.067]
loss_importance_reweight ON (applied in training loss)
eval_importance_reweight ON (eval_score reweighted to test distribution)
Gender reweight: F=1.352, M=0.648 (mean=1.0)
DINOv3 drop_path_rate=0.030847830637086793 applied (linear 0 → 0.031 across 12 blocks via sample_drop_ratio)
Loaded DINOv3 weights: dinov3_vitb16_pretrain_lvd1689m-73cec8be.pth
EMA enabled: decay=0.9998, warmup_steps=200
WeightedMSELoss: focal_gamma=0.0, fairness_lambda=0.9335990866619659, importance_reweight=on (mean=1.00), gender_reweight=on (F=1.35, M=0.65)
Training dinov3-vitb16-3090-v2_trial20 (best_metric=eval_score)
LLRD: 14 groups, LR ∈ [4.21e-06, 1.88e-05]
Loaded 100,000 samples from data/raw/train.csv
Train: 80,000 | Val: 20,000
PMF ratios test/train (20 bins of 0.025): [0.215, 0.339, 0.564, 0.734, 0.922, 1.073, 1.311, 1.467, 1.649, 1.889, 2.01, 1.908, 1.547, 1.296, 1.301, 0.605, 0.968, 0.067, 0.067, 0.067]
loss_importance_reweight ON (applied in training loss)
eval_importance_reweight ON (eval_score reweighted to test distribution)
Gender reweight: F=1.352, M=0.648 (mean=1.0)
DINOv3 drop_path_rate=0.030847830637086793 applied (linear 0 → 0.031 across 12 blocks via sample_drop_ratio)
Loaded DINOv3 weights: dinov3_vitb16_pretrain_lvd1689m-73cec8be.pth
EMA enabled: decay=0.9998, warmup_steps=200
WeightedMSELoss: focal_gamma=0.0, fairness_lambda=0.9335990866619659, importance_reweight=on (mean=1.00), gender_reweight=on (F=1.35, M=0.65)
Training dinov3-vitb16-3090-v2_trial20 (best_metric=eval_score)
LLRD: 14 groups, LR ∈ [4.21e-06, 1.88e-05]
{'loss': 0.1716, 'grad_norm': 3.926171064376831, 'learning_rate': 1.7697840579807338e-07, 'epoch': 0.04}
{'loss': 0.1471, 'grad_norm': 4.421696662902832, 'learning_rate': 3.5395681159614676e-07, 'epoch': 0.08}
{'loss': 0.1393, 'grad_norm': 2.3753788471221924, 'learning_rate': 5.309352173942202e-07, 'epoch': 0.12}
{'loss': 0.1337, 'grad_norm': 6.018555641174316, 'learning_rate': 7.079136231922935e-07, 'epoch': 0.16}
{'loss': 0.1269, 'grad_norm': 4.054216384887695, 'learning_rate': 8.848920289903669e-07, 'epoch': 0.2}
{'loss': 0.1246, 'grad_norm': 1.8796466588974, 'learning_rate': 1.0618704347884403e-06, 'epoch': 0.24}
{'loss': 0.1238, 'grad_norm': 7.151886463165283, 'learning_rate': 1.2388488405865138e-06, 'epoch': 0.28}
{'loss': 0.1231, 'grad_norm': 2.2173750400543213, 'learning_rate': 1.415827246384587e-06, 'epoch': 0.32}
{'loss': 0.1226, 'grad_norm': 2.178940534591675, 'learning_rate': 1.5928056521826605e-06, 'epoch': 0.36}
{'loss': 0.1209, 'grad_norm': 2.2479333877563477, 'learning_rate': 1.7697840579807338e-06, 'epoch': 0.4}
{'loss': 0.1191, 'grad_norm': 1.1978479623794556, 'learning_rate': 1.946762463778807e-06, 'epoch': 0.44}
{'loss': 0.1171, 'grad_norm': 3.1422019004821777, 'learning_rate': 2.1237408695768807e-06, 'epoch': 0.48}
{'loss': 0.111, 'grad_norm': 1.8542847633361816, 'learning_rate': 2.300719275374954e-06, 'epoch': 0.52}
{'loss': 0.1057, 'grad_norm': 2.382394552230835, 'learning_rate': 2.4776976811730276e-06, 'epoch': 0.56}
{'loss': 0.0964, 'grad_norm': 3.0435495376586914, 'learning_rate': 2.6546760869711004e-06, 'epoch': 0.6}
{'loss': 0.0948, 'grad_norm': 1.4320148229599, 'learning_rate': 2.831654492769174e-06, 'epoch': 0.64}
{'loss': 0.0853, 'grad_norm': 6.3636393547058105, 'learning_rate': 3.008632898567248e-06, 'epoch': 0.68}
{'loss': 0.0822, 'grad_norm': 2.052642345428467, 'learning_rate': 3.185611304365321e-06, 'epoch': 0.72}
{'loss': 0.0772, 'grad_norm': 1.325684905052185, 'learning_rate': 3.3625897101633943e-06, 'epoch': 0.76}
{'loss': 0.0734, 'grad_norm': 2.816556692123413, 'learning_rate': 3.5395681159614675e-06, 'epoch': 0.8}
{'loss': 0.0721, 'grad_norm': 7.209435939788818, 'learning_rate': 3.7165465217595412e-06, 'epoch': 0.84}
{'loss': 0.0707, 'grad_norm': 1.9698070287704468, 'learning_rate': 3.893524927557614e-06, 'epoch': 0.88}
{'loss': 0.0685, 'grad_norm': 0.9144017696380615, 'learning_rate': 4.070503333355688e-06, 'epoch': 0.92}
{'loss': 0.0661, 'grad_norm': 3.0738868713378906, 'learning_rate': 4.208534076941837e-06, 'epoch': 0.96}
{'loss': 0.0673, 'grad_norm': 1.4656271934509277, 'learning_rate': 4.208164777604533e-06, 'epoch': 1.0}
{'eval_loss': 0.0063287257216870785, 'eval_score': 0.005036280410652855, 'eval_err_F': 0.004587045027588456, 'eval_err_M': 0.0036885742614596578, 'eval_err_diff': 0.0008984707661287986, 'eval_mse': 0.002304322070139771, 'eval_mae': 0.03798638338746005, 'eval_runtime': 21.0193, 'eval_samples_per_second': 951.505, 'eval_steps_per_second': 7.469, 'epoch': 1.0}
{'loss': 0.065, 'grad_norm': 4.2243757247924805, 'learning_rate': 4.207282649971263e-06, 'epoch': 1.04}
{'loss': 0.0658, 'grad_norm': 1.9046189785003662, 'learning_rate': 4.205887909062623e-06, 'epoch': 1.08}
{'loss': 0.063, 'grad_norm': 3.381387948989868, 'learning_rate': 4.203980894849848e-06, 'epoch': 1.12}
{'loss': 0.0618, 'grad_norm': 2.229409694671631, 'learning_rate': 4.2015620721719445e-06, 'epoch': 1.16}
{'loss': 0.058, 'grad_norm': 0.6130192279815674, 'learning_rate': 4.198632030622385e-06, 'epoch': 1.2}
{'loss': 0.0583, 'grad_norm': 2.3213977813720703, 'learning_rate': 4.195191484405389e-06, 'epoch': 1.24}
{'loss': 0.0598, 'grad_norm': 2.033299207687378, 'learning_rate': 4.191241272161842e-06, 'epoch': 1.28}
{'loss': 0.058, 'grad_norm': 1.5474882125854492, 'learning_rate': 4.186782356764868e-06, 'epoch': 1.32}
{'loss': 0.0573, 'grad_norm': 1.0261263847351074, 'learning_rate': 4.181815825085129e-06, 'epoch': 1.36}
{'loss': 0.0561, 'grad_norm': 0.7822535037994385, 'learning_rate': 4.1763428877259e-06, 'epoch': 1.4}
{'loss': 0.0547, 'grad_norm': 1.4911887645721436, 'learning_rate': 4.17036487872798e-06, 'epoch': 1.44}
{'loss': 0.0547, 'grad_norm': 0.48636406660079956, 'learning_rate': 4.163883255244514e-06, 'epoch': 1.48}
{'loss': 0.0537, 'grad_norm': 1.1808308362960815, 'learning_rate': 4.156899597185815e-06, 'epoch': 1.52}
{'loss': 0.0531, 'grad_norm': 1.5206246376037598, 'learning_rate': 4.149415606834252e-06, 'epoch': 1.56}
{'loss': 0.0541, 'grad_norm': 0.7073268294334412, 'learning_rate': 4.1414331084293145e-06, 'epoch': 1.6}
{'loss': 0.0522, 'grad_norm': 1.0263150930404663, 'learning_rate': 4.132954047722955e-06, 'epoch': 1.64}
{'loss': 0.0516, 'grad_norm': 1.9423670768737793, 'learning_rate': 4.123980491505302e-06, 'epoch': 1.68}
{'loss': 0.0522, 'grad_norm': 0.7104746103286743, 'learning_rate': 4.11451462710088e-06, 'epoch': 1.72}
{'loss': 0.0509, 'grad_norm': 0.9803428649902344, 'learning_rate': 4.10455876183544e-06, 'epoch': 1.76}
{'loss': 0.0509, 'grad_norm': 2.0923984050750732, 'learning_rate': 4.094115322473546e-06, 'epoch': 1.8}
{'loss': 0.0507, 'grad_norm': 1.286919116973877, 'learning_rate': 4.083186854627048e-06, 'epoch': 1.84}
{'loss': 0.0503, 'grad_norm': 1.4365650415420532, 'learning_rate': 4.071776022134575e-06, 'epoch': 1.88}
{'loss': 0.0501, 'grad_norm': 4.395000457763672, 'learning_rate': 4.05988560641223e-06, 'epoch': 1.92}
{'loss': 0.0489, 'grad_norm': 0.7095963954925537, 'learning_rate': 4.0475185057756055e-06, 'epoch': 1.96}
{'loss': 0.0477, 'grad_norm': 1.8363282680511475, 'learning_rate': 4.0346777347333124e-06, 'epoch': 2.0}
{'eval_loss': 0.0036508862394839525, 'eval_score': 0.002539725218731173, 'eval_err_F': 0.002396559247976227, 'eval_err_M': 0.0024920032284795244, 'eval_err_diff': 9.544398050329722e-05, 'eval_mse': 0.003235134866890303, 'eval_mae': 0.048191436660303406, 'eval_runtime': 21.2695, 'eval_samples_per_second': 940.313, 'eval_steps_per_second': 7.381, 'epoch': 2.0}
{'loss': 0.0487, 'grad_norm': 1.1057332754135132, 'learning_rate': 4.021366423252192e-06, 'epoch': 2.04}
{'loss': 0.0485, 'grad_norm': 0.6296846866607666, 'learning_rate': 4.007587815994375e-06, 'epoch': 2.08}
{'loss': 0.048, 'grad_norm': 0.33550071716308594, 'learning_rate': 3.99334527152639e-06, 'epoch': 2.12}
{'loss': 0.0477, 'grad_norm': 0.5596659779548645, 'learning_rate': 3.978642261500504e-06, 'epoch': 2.16}
{'loss': 0.0479, 'grad_norm': 1.0511986017227173, 'learning_rate': 3.963482369808501e-06, 'epoch': 2.2}
{'loss': 0.0453, 'grad_norm': 1.3436576128005981, 'learning_rate': 3.947869291708098e-06, 'epoch': 2.24}
{'loss': 0.0449, 'grad_norm': 1.1252257823944092, 'learning_rate': 3.93180683292222e-06, 'epoch': 2.28}
{'loss': 0.0432, 'grad_norm': 0.9797097444534302, 'learning_rate': 3.915298908711346e-06, 'epoch': 2.32}
{'loss': 0.0421, 'grad_norm': 1.160408854484558, 'learning_rate': 3.898349542919153e-06, 'epoch': 2.36}
{'loss': 0.0418, 'grad_norm': 2.2124316692352295, 'learning_rate': 3.880962866991698e-06, 'epoch': 2.4}
{'loss': 0.0393, 'grad_norm': 1.3837077617645264, 'learning_rate': 3.863143118970369e-06, 'epoch': 2.44}
{'loss': 0.035, 'grad_norm': 1.4052523374557495, 'learning_rate': 3.844894642458848e-06, 'epoch': 2.48}
{'loss': 0.0358, 'grad_norm': 1.9541419744491577, 'learning_rate': 3.826221885564355e-06, 'epoch': 2.52}
{'loss': 0.0335, 'grad_norm': 0.6445516347885132, 'learning_rate': 3.8071293998134057e-06, 'epoch': 2.56}
{'loss': 0.0319, 'grad_norm': 0.3998560607433319, 'learning_rate': 3.787621839042371e-06, 'epoch': 2.6}
{'loss': 0.0321, 'grad_norm': 2.3061769008636475, 'learning_rate': 3.7677039582630907e-06, 'epoch': 2.64}
{'loss': 0.0304, 'grad_norm': 0.7775550484657288, 'learning_rate': 3.747380612503831e-06, 'epoch': 2.68}
{'loss': 0.029, 'grad_norm': 0.45976904034614563, 'learning_rate': 3.7266567556258593e-06, 'epoch': 2.72}
{'loss': 0.028, 'grad_norm': 0.7727861404418945, 'learning_rate': 3.7055374391159295e-06, 'epoch': 2.76}
{'loss': 0.029, 'grad_norm': 1.142993450164795, 'learning_rate': 3.6840278108549697e-06, 'epoch': 2.8}
{'loss': 0.0282, 'grad_norm': 1.489713191986084, 'learning_rate': 3.6621331138632767e-06, 'epoch': 2.84}
{'loss': 0.027, 'grad_norm': 0.40520286560058594, 'learning_rate': 3.639858685022518e-06, 'epoch': 2.88}
{'loss': 0.0267, 'grad_norm': 1.8134984970092773, 'learning_rate': 3.6172099537748525e-06, 'epoch': 2.92}
{'loss': 0.026, 'grad_norm': 1.048958659172058, 'learning_rate': 3.5941924407994927e-06, 'epoch': 2.96}
{'loss': 0.0262, 'grad_norm': 1.3233387470245361, 'learning_rate': 3.5708117566670288e-06, 'epoch': 3.0}
{'eval_loss': 0.0031812407542020082, 'eval_score': 0.002738390295952663, 'eval_err_F': 0.0017088808310582518, 'eval_err_M': 0.0023952204743211926, 'eval_err_diff': 0.0006863396432629407, 'eval_mse': 0.0015587104231866633, 'eval_mae': 0.03133947697786116, 'eval_runtime': 20.9261, 'eval_samples_per_second': 955.744, 'eval_steps_per_second': 7.503, 'epoch': 3.0}
{'loss': 0.0251, 'grad_norm': 1.3040053844451904, 'learning_rate': 3.547073600471837e-06, 'epoch': 3.04}
{'loss': 0.025, 'grad_norm': 2.059951066970825, 'learning_rate': 3.5229837584429137e-06, 'epoch': 3.08}
{'loss': 0.0232, 'grad_norm': 1.3006399869918823, 'learning_rate': 3.4985481025334675e-06, 'epoch': 3.12}
{'loss': 0.0237, 'grad_norm': 1.0185019969940186, 'learning_rate': 3.4737725889896205e-06, 'epoch': 3.16}
{'loss': 0.0234, 'grad_norm': 0.49497583508491516, 'learning_rate': 3.448663256898557e-06, 'epoch': 3.2}
{'loss': 0.0218, 'grad_norm': 0.7493051886558533, 'learning_rate': 3.423226226716483e-06, 'epoch': 3.24}
{'loss': 0.0205, 'grad_norm': 0.9041327834129333, 'learning_rate': 3.3974676987767538e-06, 'epoch': 3.28}
{'loss': 0.0205, 'grad_norm': 0.7702484130859375, 'learning_rate': 3.3713939517785226e-06, 'epoch': 3.32}
{'loss': 0.0187, 'grad_norm': 0.6836340427398682, 'learning_rate': 3.345011341256302e-06, 'epoch': 3.36}
{'loss': 0.0182, 'grad_norm': 0.296419233083725, 'learning_rate': 3.3183262980307816e-06, 'epoch': 3.4}
{'loss': 0.0181, 'grad_norm': 0.3962670564651489, 'learning_rate': 3.2913453266413027e-06, 'epoch': 3.44}
{'loss': 0.0165, 'grad_norm': 1.2360469102859497, 'learning_rate': 3.2640750037603636e-06, 'epoch': 3.48}
{'loss': 0.0168, 'grad_norm': 0.48393791913986206, 'learning_rate': 3.2365219765905386e-06, 'epoch': 3.52}
{'loss': 0.0172, 'grad_norm': 0.6013224124908447, 'learning_rate': 3.20869296124421e-06, 'epoch': 3.56}
{'loss': 0.0162, 'grad_norm': 1.436481237411499, 'learning_rate': 3.180594741106498e-06, 'epoch': 3.6}
{'loss': 0.0163, 'grad_norm': 0.46068739891052246, 'learning_rate': 3.152234165181797e-06, 'epoch': 3.64}
{'loss': 0.015, 'grad_norm': 1.0168684720993042, 'learning_rate': 3.1236181464243157e-06, 'epoch': 3.68}
{'loss': 0.0144, 'grad_norm': 0.3418627083301544, 'learning_rate': 3.0947536600530277e-06, 'epoch': 3.72}
{'loss': 0.0135, 'grad_norm': 0.7366945147514343, 'learning_rate': 3.0656477418514466e-06, 'epoch': 3.76}
{'loss': 0.0146, 'grad_norm': 1.850462794303894, 'learning_rate': 3.036307486452637e-06, 'epoch': 3.8}
{'loss': 0.0147, 'grad_norm': 1.795432686805725, 'learning_rate': 3.0067400456098835e-06, 'epoch': 3.84}
{'loss': 0.0144, 'grad_norm': 0.6043486595153809, 'learning_rate': 2.9769526264534357e-06, 'epoch': 3.88}
{'loss': 0.0137, 'grad_norm': 0.22935563325881958, 'learning_rate': 2.9469524897337485e-06, 'epoch': 3.92}
{'loss': 0.0123, 'grad_norm': 1.7707459926605225, 'learning_rate': 2.9167469480516656e-06, 'epoch': 3.96}
{'loss': 0.0131, 'grad_norm': 0.9092093110084534, 'learning_rate': 2.8863433640759496e-06, 'epoch': 4.0}
{'eval_loss': 0.002975264098495245, 'eval_score': 0.0025714515435432865, 'eval_err_F': 0.0016728954115169572, 'eval_err_M': 0.0022719328328678436, 'eval_err_diff': 0.0005990374213508864, 'eval_mse': 0.0013788067658460636, 'eval_mae': 0.02941936779060834, 'eval_runtime': 20.8481, 'eval_samples_per_second': 959.318, 'eval_steps_per_second': 7.531, 'epoch': 4.0}
{'loss': 0.0126, 'grad_norm': 0.3765445351600647, 'learning_rate': 2.855749148748618e-06, 'epoch': 4.04}
{'loss': 0.0122, 'grad_norm': 0.6756231784820557, 'learning_rate': 2.8249717594785116e-06, 'epoch': 4.08}
{'loss': 0.0118, 'grad_norm': 0.4829062521457672, 'learning_rate': 2.79401869832353e-06, 'epoch': 4.12}
{'loss': 0.0126, 'grad_norm': 1.2250568866729736, 'learning_rate': 2.7628975101619903e-06, 'epoch': 4.16}
{'loss': 0.0116, 'grad_norm': 0.5041548609733582, 'learning_rate': 2.731615780853546e-06, 'epoch': 4.2}
{'loss': 0.0123, 'grad_norm': 1.2846657037734985, 'learning_rate': 2.7001811353901182e-06, 'epoch': 4.24}
{'loss': 0.0121, 'grad_norm': 0.9038313627243042, 'learning_rate': 2.6686012360372817e-06, 'epoch': 4.28}
{'loss': 0.0112, 'grad_norm': 0.791935384273529, 'learning_rate': 2.6368837804665755e-06, 'epoch': 4.32}
{'loss': 0.0116, 'grad_norm': 0.7040854692459106, 'learning_rate': 2.6050364998791774e-06, 'epoch': 4.36}
{'loss': 0.0106, 'grad_norm': 1.1754285097122192, 'learning_rate': 2.5730671571214024e-06, 'epoch': 4.4}
{'loss': 0.0112, 'grad_norm': 0.5507426857948303, 'learning_rate': 2.5409835447924966e-06, 'epoch': 4.44}
{'loss': 0.0107, 'grad_norm': 0.7761163711547852, 'learning_rate': 2.50879348334517e-06, 'epoch': 4.48}
{'loss': 0.0108, 'grad_norm': 2.463804244995117, 'learning_rate': 2.4765048191793462e-06, 'epoch': 4.52}
{'loss': 0.0102, 'grad_norm': 0.3247867822647095, 'learning_rate': 2.444125422729582e-06, 'epoch': 4.56}
{'loss': 0.0098, 'grad_norm': 1.491517186164856, 'learning_rate': 2.4116631865466312e-06, 'epoch': 4.6}
{'loss': 0.0093, 'grad_norm': 0.3382636308670044, 'learning_rate': 2.3791260233736236e-06, 'epoch': 4.64}
{'loss': 0.0099, 'grad_norm': 1.0098425149917603, 'learning_rate': 2.3465218642173063e-06, 'epoch': 4.68}
{'loss': 0.0095, 'grad_norm': 1.9210031032562256, 'learning_rate': 2.3138586564148517e-06, 'epoch': 4.72}
{'loss': 0.0087, 'grad_norm': 0.4038766026496887, 'learning_rate': 2.28114436169667e-06, 'epoch': 4.76}
{'loss': 0.0086, 'grad_norm': 0.34898510575294495, 'learning_rate': 2.248386954245725e-06, 'epoch': 4.8}
{'loss': 0.008, 'grad_norm': 0.9397317171096802, 'learning_rate': 2.215594418753804e-06, 'epoch': 4.84}
{'loss': 0.0082, 'grad_norm': 0.932715117931366, 'learning_rate': 2.182774748475233e-06, 'epoch': 4.88}
{'loss': 0.0072, 'grad_norm': 0.5417894124984741, 'learning_rate': 2.1499359432785053e-06, 'epoch': 4.92}
{'loss': 0.0073, 'grad_norm': 0.8163979053497314, 'learning_rate': 2.1170860076962913e-06, 'epoch': 4.96}
{'loss': 0.0072, 'grad_norm': 0.20764438807964325, 'learning_rate': 2.0842329489743204e-06, 'epoch': 5.0}
{'eval_loss': 0.002035193145275116, 'eval_score': 0.0016033834591777012, 'eval_err_F': 0.0011043462654395182, 'eval_err_M': 0.0014370377279316403, 'eval_err_diff': 0.00033269146249212205, 'eval_mse': 0.0011286107588240263, 'eval_mae': 0.025677672884440655, 'eval_runtime': 20.9029, 'eval_samples_per_second': 956.804, 'eval_steps_per_second': 7.511, 'epoch': 5.0}
{'loss': 0.0062, 'grad_norm': 0.7011860013008118, 'learning_rate': 2.051384775119592e-06, 'epoch': 5.04}
{'loss': 0.0062, 'grad_norm': 1.3352645635604858, 'learning_rate': 2.0185494929484094e-06, 'epoch': 5.08}
{'loss': 0.0059, 'grad_norm': 0.35404646396636963, 'learning_rate': 1.9857351061346985e-06, 'epoch': 5.12}
{'loss': 0.0051, 'grad_norm': 0.7218017578125, 'learning_rate': 1.9529496132590954e-06, 'epoch': 5.16}
{'loss': 0.006, 'grad_norm': 0.19333665072917938, 'learning_rate': 1.920201005859274e-06, 'epoch': 5.2}
{'loss': 0.0048, 'grad_norm': 0.7238950133323669, 'learning_rate': 1.8874972664819873e-06, 'epoch': 5.24}
{'loss': 0.0057, 'grad_norm': 1.0922006368637085, 'learning_rate': 1.8548463667373124e-06, 'epoch': 5.28}
{'loss': 0.005, 'grad_norm': 2.2374427318573, 'learning_rate': 1.8222562653555427e-06, 'epoch': 5.32}
{'loss': 0.0054, 'grad_norm': 0.3217969238758087, 'learning_rate': 1.7897349062472351e-06, 'epoch': 5.36}
{'loss': 0.0045, 'grad_norm': 0.5647985935211182, 'learning_rate': 1.757290216566862e-06, 'epoch': 5.4}
{'loss': 0.0053, 'grad_norm': 0.45968517661094666, 'learning_rate': 1.7249301047805524e-06, 'epoch': 5.44}
{'loss': 0.0052, 'grad_norm': 1.5459825992584229, 'learning_rate': 1.6926624587383812e-06, 'epoch': 5.48}
{'loss': 0.0051, 'grad_norm': 0.5833361148834229, 'learning_rate': 1.6604951437516895e-06, 'epoch': 5.52}
{'loss': 0.005, 'grad_norm': 0.13658462464809418, 'learning_rate': 1.6284360006759006e-06, 'epoch': 5.56}
{'loss': 0.0046, 'grad_norm': 0.5646988749504089, 'learning_rate': 1.5964928439992885e-06, 'epoch': 5.6}
{'loss': 0.0044, 'grad_norm': 0.9416518807411194, 'learning_rate': 1.5646734599381815e-06, 'epoch': 5.64}
{'loss': 0.0041, 'grad_norm': 1.4050847291946411, 'learning_rate': 1.5329856045390565e-06, 'epoch': 5.68}
{'loss': 0.0043, 'grad_norm': 0.5082467198371887, 'learning_rate': 1.5014370017879812e-06, 'epoch': 5.72}
{'loss': 0.0047, 'grad_norm': 0.44893598556518555, 'learning_rate': 1.4700353417278773e-06, 'epoch': 5.76}
{'loss': 0.0041, 'grad_norm': 0.8268597722053528, 'learning_rate': 1.438788278584054e-06, 'epoch': 5.8}
{'loss': 0.0037, 'grad_norm': 0.18919751048088074, 'learning_rate': 1.4077034288984769e-06, 'epoch': 5.84}
{'loss': 0.0042, 'grad_norm': 0.20053668320178986, 'learning_rate': 1.3767883696732133e-06, 'epoch': 5.88}
{'loss': 0.005, 'grad_norm': 0.9319573640823364, 'learning_rate': 1.346050636523525e-06, 'epoch': 5.92}
{'loss': 0.0044, 'grad_norm': 0.31535908579826355, 'learning_rate': 1.315497721841043e-06, 'epoch': 5.96}
{'loss': 0.0041, 'grad_norm': 1.0705002546310425, 'learning_rate': 1.2851370729674825e-06, 'epoch': 6.0}
{'eval_loss': 0.001602196367457509, 'eval_score': 0.0013626550219433408, 'eval_err_F': 0.0007923448484262033, 'eval_err_M': 0.0011725516307709617, 'eval_err_diff': 0.00038020678234475843, 'eval_mse': 0.0012711588362045842, 'eval_mae': 0.02751820984297865, 'eval_runtime': 20.9582, 'eval_samples_per_second': 954.281, 'eval_steps_per_second': 7.491, 'epoch': 6.0}
{'loss': 0.0046, 'grad_norm': 1.0443651676177979, 'learning_rate': 1.2549760903793337e-06, 'epoch': 6.04}
{'loss': 0.0049, 'grad_norm': 0.49782148003578186, 'learning_rate': 1.2250221258839803e-06, 'epoch': 6.08}
{'loss': 0.004, 'grad_norm': 0.3231436312198639, 'learning_rate': 1.1952824808276808e-06, 'epoch': 6.12}
{'loss': 0.0033, 'grad_norm': 0.3161698579788208, 'learning_rate': 1.1657644043158484e-06, 'epoch': 6.16}
{'loss': 0.0036, 'grad_norm': 0.5208842754364014, 'learning_rate': 1.1364750914460622e-06, 'epoch': 6.2}
{'loss': 0.004, 'grad_norm': 1.2335143089294434, 'learning_rate': 1.1074216815542534e-06, 'epoch': 6.24}
{'loss': 0.004, 'grad_norm': 0.20023927092552185, 'learning_rate': 1.0786112564744673e-06, 'epoch': 6.28}
{'loss': 0.0036, 'grad_norm': 1.1790673732757568, 'learning_rate': 1.0500508388126568e-06, 'epoch': 6.32}
{'loss': 0.0035, 'grad_norm': 0.3080981969833374, 'learning_rate': 1.021747390234902e-06, 'epoch': 6.36}
{'loss': 0.0037, 'grad_norm': 0.4534999132156372, 'learning_rate': 9.93707809770492e-07, 'epoch': 6.4}
{'loss': 0.0038, 'grad_norm': 0.7969626784324646, 'learning_rate': 9.6593893213027e-07, 'epoch': 6.44}
{'loss': 0.0037, 'grad_norm': 0.1885961890220642, 'learning_rate': 9.384475260406535e-07, 'epoch': 6.48}
{'loss': 0.0034, 'grad_norm': 0.26289060711860657, 'learning_rate': 9.1124029259375e-07, 'epoch': 6.52}
{'loss': 0.0039, 'grad_norm': 0.3054344356060028, 'learning_rate': 8.843238636139406e-07, 'epoch': 6.56}
{'loss': 0.0037, 'grad_norm': 0.48135462403297424, 'learning_rate': 8.57704800041367e-07, 'epoch': 6.6}
{'loss': 0.0032, 'grad_norm': 0.3918456733226776, 'learning_rate': 8.313895903326801e-07, 'epoch': 6.64}
{'loss': 0.0033, 'grad_norm': 0.8280069231987, 'learning_rate': 8.053846488794722e-07, 'epoch': 6.68}
{'loss': 0.0037, 'grad_norm': 0.8091805577278137, 'learning_rate': 7.796963144447457e-07, 'epoch': 6.72}
{'loss': 0.0032, 'grad_norm': 0.49535274505615234, 'learning_rate': 7.543308486178322e-07, 'epoch': 6.76}
{'loss': 0.0034, 'grad_norm': 0.3130617141723633, 'learning_rate': 7.292944342881128e-07, 'epoch': 6.8}
{'loss': 0.0034, 'grad_norm': 0.17800270020961761, 'learning_rate': 7.045931741379264e-07, 'epoch': 6.84}
{'loss': 0.0034, 'grad_norm': 1.0238187313079834, 'learning_rate': 6.80233089155024e-07, 'epoch': 6.88}
{'loss': 0.0036, 'grad_norm': 0.6287761926651001, 'learning_rate': 6.562201171649444e-07, 'epoch': 6.92}
{'loss': 0.0032, 'grad_norm': 0.6044337749481201, 'learning_rate': 6.325601113836526e-07, 'epoch': 6.96}
{'loss': 0.005, 'grad_norm': 0.9754940271377563, 'learning_rate': 6.092588389908042e-07, 'epoch': 7.0}
{'eval_loss': 0.001848846790380776, 'eval_score': 0.001537342661258464, 'eval_err_F': 0.0009608247324310156, 'eval_err_M': 0.001345170018315981, 'eval_err_diff': 0.00038434528588496546, 'eval_mse': 0.0010142080708616936, 'eval_mae': 0.02384184211475276, 'eval_runtime': 21.0321, 'eval_samples_per_second': 950.927, 'eval_steps_per_second': 7.465, 'epoch': 7.0}
{'loss': 0.0033, 'grad_norm': 0.37689411640167236, 'learning_rate': 5.86321979723986e-07, 'epoch': 7.04}
{'loss': 0.0033, 'grad_norm': 0.35576584935188293, 'learning_rate': 5.637551244942641e-07, 'epoch': 7.08}
{'loss': 0.0032, 'grad_norm': 0.2563008964061737, 'learning_rate': 5.415637740233892e-07, 'epoch': 7.12}
{'loss': 0.0032, 'grad_norm': 0.7429600954055786, 'learning_rate': 5.19753337502979e-07, 'epoch': 7.16}
{'loss': 0.0035, 'grad_norm': 0.3291741907596588, 'learning_rate': 4.98329131276023e-07, 'epoch': 7.2}
{'loss': 0.0029, 'grad_norm': 0.5319520831108093, 'learning_rate': 4.772963775410032e-07, 'epoch': 7.24}
{'loss': 0.0032, 'grad_norm': 0.3100980520248413, 'learning_rate': 4.5666020307897805e-07, 'epoch': 7.28}
{'loss': 0.0034, 'grad_norm': 0.2673383057117462, 'learning_rate': 4.3642563800391393e-07, 'epoch': 7.32}
{'loss': 0.0029, 'grad_norm': 0.3855368196964264, 'learning_rate': 4.165976145365884e-07, 'epoch': 7.36}
{'loss': 0.0032, 'grad_norm': 0.513881504535675, 'learning_rate': 3.9718096580234393e-07, 'epoch': 7.4}
{'loss': 0.0035, 'grad_norm': 0.39313578605651855, 'learning_rate': 3.781804246530074e-07, 'epoch': 7.44}
{'loss': 0.0032, 'grad_norm': 0.4532579779624939, 'learning_rate': 3.596006225132463e-07, 'epoch': 7.48}
{'loss': 0.0029, 'grad_norm': 0.5431603789329529, 'learning_rate': 3.414460882516452e-07, 'epoch': 7.52}
{'loss': 0.0032, 'grad_norm': 0.7457514405250549, 'learning_rate': 3.2372124707678916e-07, 'epoch': 7.56}
{'loss': 0.0031, 'grad_norm': 0.4965505301952362, 'learning_rate': 3.064304194586032e-07, 'epoch': 7.6}
{'loss': 0.0032, 'grad_norm': 0.38971930742263794, 'learning_rate': 2.895778200752347e-07, 'epoch': 7.64}
{'loss': 0.003, 'grad_norm': 0.40079084038734436, 'learning_rate': 2.7316755678570943e-07, 'epoch': 7.68}
{'loss': 0.003, 'grad_norm': 0.32762059569358826, 'learning_rate': 2.572036296286366e-07, 'epoch': 7.72}
{'loss': 0.003, 'grad_norm': 0.48614224791526794, 'learning_rate': 2.416899298471878e-07, 'epoch': 7.76}
{'loss': 0.0043, 'grad_norm': 0.658967912197113, 'learning_rate': 2.2663023894059952e-07, 'epoch': 7.8}
{'loss': 0.0029, 'grad_norm': 0.485512375831604, 'learning_rate': 2.1202822774242192e-07, 'epoch': 7.84}
{'loss': 0.0034, 'grad_norm': 0.23526769876480103, 'learning_rate': 1.9788745552574693e-07, 'epoch': 7.88}
{'loss': 0.0031, 'grad_norm': 0.8384560346603394, 'learning_rate': 1.8421136913562665e-07, 'epoch': 7.92}
{'loss': 0.0028, 'grad_norm': 0.47629228234291077, 'learning_rate': 1.710033021488979e-07, 'epoch': 7.96}
{'loss': 0.003, 'grad_norm': 0.3320068418979645, 'learning_rate': 1.582664740616127e-07, 'epoch': 8.0}
{'eval_loss': 0.001930820057168603, 'eval_score': 0.001620079635312139, 'eval_err_F': 0.0010046764784234568, 'eval_err_M': 0.0014149452496825784, 'eval_err_diff': 0.00041026877125912155, 'eval_mse': 0.0009733870786350334, 'eval_mae': 0.023247387611693374, 'eval_runtime': 20.1449, 'eval_samples_per_second': 992.806, 'eval_steps_per_second': 7.794, 'epoch': 8.0}
{'loss': 0.003, 'grad_norm': 0.41720277070999146, 'learning_rate': 1.4600398950428265e-07, 'epoch': 8.04}
{'loss': 0.0037, 'grad_norm': 0.4621944725513458, 'learning_rate': 1.3421883748511624e-07, 'epoch': 8.08}
{'loss': 0.003, 'grad_norm': 0.2820484936237335, 'learning_rate': 1.2291389066143957e-07, 'epoch': 8.12}
{'loss': 0.0028, 'grad_norm': 0.2905254065990448, 'learning_rate': 1.1209190463948453e-07, 'epoch': 8.16}
{'loss': 0.0028, 'grad_norm': 0.4745287597179413, 'learning_rate': 1.0175551730269847e-07, 'epoch': 8.2}
{'loss': 0.0032, 'grad_norm': 0.45590296387672424, 'learning_rate': 9.190724816875749e-08, 'epoch': 8.24}
{'loss': 0.0029, 'grad_norm': 0.34375298023223877, 'learning_rate': 8.254949777542604e-08, 'epoch': 8.28}
{'loss': 0.0031, 'grad_norm': 0.7575730085372925, 'learning_rate': 7.368454709542374e-08, 'epoch': 8.32}
{'loss': 0.0031, 'grad_norm': 0.26632004976272583, 'learning_rate': 6.531455698042849e-08, 'epoch': 8.36}
{'loss': 0.0031, 'grad_norm': 0.23694781959056854, 'learning_rate': 5.744156763436866e-08, 'epoch': 8.4}
{'loss': 0.003, 'grad_norm': 0.9046044945716858, 'learning_rate': 5.006749811611518e-08, 'epoch': 8.44}
{'loss': 0.0033, 'grad_norm': 0.2562088966369629, 'learning_rate': 4.319414587170895e-08, 'epoch': 8.48}
{'loss': 0.0028, 'grad_norm': 0.4113594889640808, 'learning_rate': 3.6823186296228185e-08, 'epoch': 8.52}
{'loss': 0.0031, 'grad_norm': 1.053170919418335, 'learning_rate': 3.095617232540773e-08, 'epoch': 8.56}
{'loss': 0.003, 'grad_norm': 0.4409184753894806, 'learning_rate': 2.5594534057106497e-08, 'epoch': 8.6}
{'loss': 0.0029, 'grad_norm': 0.4897322654724121, 'learning_rate': 2.073957840271909e-08, 'epoch': 8.64}
{'loss': 0.0027, 'grad_norm': 0.26595163345336914, 'learning_rate': 1.639248876861264e-08, 'epoch': 8.68}
{'loss': 0.0029, 'grad_norm': 0.2958078384399414, 'learning_rate': 1.255432476766834e-08, 'epoch': 8.72}
{'loss': 0.003, 'grad_norm': 0.4939572811126709, 'learning_rate': 9.226021961000047e-09, 'epoch': 8.76}
{'loss': 0.0031, 'grad_norm': 0.73074871301651, 'learning_rate': 6.408391629906539e-09, 'epoch': 8.8}
{'loss': 0.0028, 'grad_norm': 0.35048502683639526, 'learning_rate': 4.102120578122783e-09, 'epoch': 8.84}
{'loss': 0.0032, 'grad_norm': 0.7677118182182312, 'learning_rate': 2.3077709644076525e-09, 'epoch': 8.88}
{'loss': 0.0032, 'grad_norm': 0.7809607982635498, 'learning_rate': 1.0257801655178086e-09, 'epoch': 8.92}
{'loss': 0.0032, 'grad_norm': 0.5143365263938904, 'learning_rate': 2.5646066959580977e-10, 'epoch': 8.96}
{'loss': 0.0034, 'grad_norm': 0.275895893573761, 'learning_rate': 0.0, 'epoch': 9.0}
{'eval_loss': 0.001719666295684874, 'eval_score': 0.0014753684910921027, 'eval_err_F': 0.0008322506981500395, 'eval_err_M': 0.0012609958934447483, 'eval_err_diff': 0.0004287451952947088, 'eval_mse': 0.0009850755775268757, 'eval_mae': 0.023261347636780373, 'eval_runtime': 20.6148, 'eval_samples_per_second': 970.175, 'eval_steps_per_second': 7.616, 'epoch': 9.0}
[EMA] Swapped EMA weights into model (decay=0.9998)
{'train_runtime': 2518.2399, 'train_samples_per_second': 285.914, 'train_steps_per_second': 4.467, 'train_loss': 0.026709537574979993, 'epoch': 9.0}
[EMA] Swapped EMA weights into model (decay=0.9998)
score=0.00176 | err_diff=0.00055 | loss=0.00202
score=0.00176 | err_diff=0.00055 | loss=0.00202
Saved 30 worst predictions: results/optuna_dinov3-vitb16-3090-v2_trial_20/worst/worst.csv + results/optuna_dinov3-vitb16-3090-v2_trial_20/worst/images
Model saved: models:/m-63ecf69d4e994468ab9488349e2eaad3
Trial 20: score=inf err_F=inf err_M=inf err_diff=inf
Loaded 100,000 samples from data/raw/train.csv
Loaded 100,000 samples from data/raw/train.csv
Train: 80,000 | Val: 20,000
PMF ratios test/train (20 bins of 0.025): [0.214, 0.339, 0.562, 0.732, 0.914, 1.074, 1.298, 1.473, 1.618, 1.867, 1.932, 1.913, 1.54, 1.349, 1.345, 0.66, 0.973, 0.066, 0.066, 0.066]
Train: 80,000 | Val: 20,000
loss_importance_reweight ON (applied in training loss)
eval_importance_reweight ON (eval_score reweighted to test distribution)
PMF ratios test/train (20 bins of 0.025): [0.214, 0.339, 0.562, 0.732, 0.914, 1.074, 1.298, 1.473, 1.618, 1.867, 1.932, 1.913, 1.54, 1.349, 1.345, 0.66, 0.973, 0.066, 0.066, 0.066]
loss_importance_reweight ON (applied in training loss)
eval_importance_reweight ON (eval_score reweighted to test distribution)
Gender reweight: F=1.352, M=0.648 (mean=1.0)
Gender reweight: F=1.352, M=0.648 (mean=1.0)
DINOv3 drop_path_rate=0.1250037038025955 applied (linear 0 → 0.125 across 12 blocks via sample_drop_ratio)
DINOv3 drop_path_rate=0.1250037038025955 applied (linear 0 → 0.125 across 12 blocks via sample_drop_ratio)
Loaded DINOv3 weights: dinov3_vitb16_pretrain_lvd1689m-73cec8be.pth
EMA enabled: decay=0.9998, warmup_steps=200
Loaded DINOv3 weights: dinov3_vitb16_pretrain_lvd1689m-73cec8be.pth
WeightedMSELoss: focal_gamma=0.0, fairness_lambda=1.3397522441546317, importance_reweight=on (mean=1.00), gender_reweight=on (F=1.35, M=0.65)
Training dinov3-vitb16-3090-v2_trial21 (best_metric=eval_score)
EMA enabled: decay=0.9998, warmup_steps=200
WeightedMSELoss: focal_gamma=0.0, fairness_lambda=1.3397522441546317, importance_reweight=on (mean=1.00), gender_reweight=on (F=1.35, M=0.65)
Training dinov3-vitb16-3090-v2_trial21 (best_metric=eval_score)
LLRD: 14 groups, LR ∈ [3.31e-06, 2.89e-05]
LLRD: 14 groups, LR ∈ [3.31e-06, 2.89e-05]
{'loss': 0.1864, 'grad_norm': 10.526588439941406, 'learning_rate': 1.260006160786115e-07, 'epoch': 0.04}
{'loss': 0.145, 'grad_norm': 9.124454498291016, 'learning_rate': 2.52001232157223e-07, 'epoch': 0.08}
{'loss': 0.1367, 'grad_norm': 1.9056519269943237, 'learning_rate': 3.780018482358345e-07, 'epoch': 0.12}
{'loss': 0.1314, 'grad_norm': 6.684424877166748, 'learning_rate': 5.04002464314446e-07, 'epoch': 0.16}
{'loss': 0.1318, 'grad_norm': 10.087376594543457, 'learning_rate': 6.300030803930575e-07, 'epoch': 0.2}
{'loss': 0.1272, 'grad_norm': 6.763167381286621, 'learning_rate': 7.56003696471669e-07, 'epoch': 0.24}
{'loss': 0.1296, 'grad_norm': 5.548191070556641, 'learning_rate': 8.820043125502805e-07, 'epoch': 0.28}
{'loss': 0.1241, 'grad_norm': 4.195847511291504, 'learning_rate': 1.008004928628892e-06, 'epoch': 0.32}
{'loss': 0.1233, 'grad_norm': 2.8636972904205322, 'learning_rate': 1.1340055447075034e-06, 'epoch': 0.36}
{'loss': 0.1265, 'grad_norm': 3.961681842803955, 'learning_rate': 1.260006160786115e-06, 'epoch': 0.4}
{'loss': 0.1266, 'grad_norm': 4.255748748779297, 'learning_rate': 1.3860067768647266e-06, 'epoch': 0.44}
{'loss': 0.1289, 'grad_norm': 10.104948997497559, 'learning_rate': 1.512007392943338e-06, 'epoch': 0.48}
{'loss': 0.1295, 'grad_norm': 2.470489025115967, 'learning_rate': 1.6380080090219496e-06, 'epoch': 0.52}
{'loss': 0.1255, 'grad_norm': 3.643671989440918, 'learning_rate': 1.764008625100561e-06, 'epoch': 0.56}
{'loss': 0.12, 'grad_norm': 6.218257427215576, 'learning_rate': 1.8900092411791725e-06, 'epoch': 0.6}
{'loss': 0.1273, 'grad_norm': 4.878061771392822, 'learning_rate': 2.016009857257784e-06, 'epoch': 0.64}
{'loss': 0.1214, 'grad_norm': 1.4486273527145386, 'learning_rate': 2.1420104733363955e-06, 'epoch': 0.68}
{'loss': 0.1203, 'grad_norm': 2.6217589378356934, 'learning_rate': 2.2680110894150068e-06, 'epoch': 0.72}
{'loss': 0.1227, 'grad_norm': 1.4460160732269287, 'learning_rate': 2.394011705493619e-06, 'epoch': 0.76}
{'loss': 0.1193, 'grad_norm': 4.951945781707764, 'learning_rate': 2.52001232157223e-06, 'epoch': 0.8}
{'loss': 0.1198, 'grad_norm': 2.758056879043579, 'learning_rate': 2.646012937650842e-06, 'epoch': 0.84}
{'loss': 0.1174, 'grad_norm': 4.868034362792969, 'learning_rate': 2.772013553729453e-06, 'epoch': 0.88}
{'loss': 0.119, 'grad_norm': 3.871351480484009, 'learning_rate': 2.898014169808065e-06, 'epoch': 0.92}
{'loss': 0.1153, 'grad_norm': 4.745146751403809, 'learning_rate': 3.024014785886676e-06, 'epoch': 0.96}
{'loss': 0.1053, 'grad_norm': 2.8646299839019775, 'learning_rate': 3.150015401965288e-06, 'epoch': 1.0}
{'eval_loss': 0.0396430641412735, 'eval_score': 0.033662619044810035, 'eval_err_F': 0.030924988845285464, 'eval_err_M': 0.025449728446236324, 'eval_err_diff': 0.00547526039904914, 'eval_mse': 0.009211110896259265, 'eval_mae': 0.06619787237595065, 'eval_runtime': 20.6481, 'eval_samples_per_second': 968.612, 'eval_steps_per_second': 7.604, 'epoch': 1.0}
{'loss': 0.1018, 'grad_norm': 1.4259943962097168, 'learning_rate': 3.276016018043899e-06, 'epoch': 1.04}
{'loss': 0.0943, 'grad_norm': 3.104513645172119, 'learning_rate': 3.308739419075291e-06, 'epoch': 1.08}
{'loss': 0.0935, 'grad_norm': 7.6744890213012695, 'learning_rate': 3.308572945694838e-06, 'epoch': 1.12}
{'loss': 0.089, 'grad_norm': 3.0503861904144287, 'learning_rate': 3.308272233742658e-06, 'epoch': 1.16}
{'loss': 0.0834, 'grad_norm': 2.0660626888275146, 'learning_rate': 3.3078373076217927e-06, 'epoch': 1.2}
{'loss': 0.0821, 'grad_norm': 7.557947635650635, 'learning_rate': 3.3072682026268837e-06, 'epoch': 1.24}
{'loss': 0.0846, 'grad_norm': 8.857976913452148, 'learning_rate': 3.306564964941307e-06, 'epoch': 1.28}
{'loss': 0.0802, 'grad_norm': 2.4590024948120117, 'learning_rate': 3.3057276516334265e-06, 'epoch': 1.32}
{'loss': 0.074, 'grad_norm': 1.96136474609375, 'learning_rate': 3.3047563306519607e-06, 'epoch': 1.36}
{'loss': 0.0817, 'grad_norm': 4.051455020904541, 'learning_rate': 3.3036510808204723e-06, 'epoch': 1.4}
{'loss': 0.0704, 'grad_norm': 3.538236141204834, 'learning_rate': 3.302411991830966e-06, 'epoch': 1.44}
{'loss': 0.0715, 'grad_norm': 2.117776870727539, 'learning_rate': 3.3010391642366157e-06, 'epoch': 1.48}
{'loss': 0.0733, 'grad_norm': 4.684805870056152, 'learning_rate': 3.2995327094436016e-06, 'epoch': 1.52}
{'loss': 0.0714, 'grad_norm': 1.6812307834625244, 'learning_rate': 3.297892749702068e-06, 'epoch': 1.56}
{'loss': 0.0712, 'grad_norm': 2.133758306503296, 'learning_rate': 3.2961194180962077e-06, 'epoch': 1.6}
{'loss': 0.068, 'grad_norm': 2.000135898590088, 'learning_rate': 3.294212858533456e-06, 'epoch': 1.64}
{'loss': 0.0688, 'grad_norm': 0.9688156247138977, 'learning_rate': 3.2921732257328162e-06, 'epoch': 1.68}
{'loss': 0.0647, 'grad_norm': 3.550539255142212, 'learning_rate': 3.2900006852123043e-06, 'epoch': 1.72}
{'loss': 0.0697, 'grad_norm': 3.0065488815307617, 'learning_rate': 3.287695413275514e-06, 'epoch': 1.76}
{'loss': 0.0624, 'grad_norm': 0.6271073222160339, 'learning_rate': 3.2852575969973127e-06, 'epoch': 1.8}
{'loss': 0.0644, 'grad_norm': 2.9001097679138184, 'learning_rate': 3.2826874342086597e-06, 'epoch': 1.84}
{'loss': 0.0614, 'grad_norm': 3.6554043292999268, 'learning_rate': 3.2799851334805486e-06, 'epoch': 1.88}
{'loss': 0.0612, 'grad_norm': 0.9190158843994141, 'learning_rate': 3.2771509141070867e-06, 'epoch': 1.92}
{'loss': 0.0599, 'grad_norm': 1.3943313360214233, 'learning_rate': 3.2741850060876962e-06, 'epoch': 1.96}
{'loss': 0.063, 'grad_norm': 2.3245630264282227, 'learning_rate': 3.2710876501084492e-06, 'epoch': 2.0}
{'eval_loss': 0.006024027708917856, 'eval_score': 0.004368159182788641, 'eval_err_F': 0.002598826318852484, 'eval_err_M': 0.0037783815614765887, 'eval_err_diff': 0.0011795552426241045, 'eval_mse': 0.0021609888170458554, 'eval_mae': 0.03584732743906552, 'eval_runtime': 20.888, 'eval_samples_per_second': 957.489, 'eval_steps_per_second': 7.516, 'epoch': 2.0}
{'loss': 0.0598, 'grad_norm': 6.04021692276001, 'learning_rate': 3.267859097522537e-06, 'epoch': 2.04}
{'loss': 0.0572, 'grad_norm': 2.413907766342163, 'learning_rate': 3.264499610329872e-06, 'epoch': 2.08}
{'loss': 0.0587, 'grad_norm': 4.00234842300415, 'learning_rate': 3.2610094611558275e-06, 'epoch': 2.12}
{'loss': 0.0574, 'grad_norm': 1.4694923162460327, 'learning_rate': 3.257388933229111e-06, 'epoch': 2.16}
{'loss': 0.0543, 'grad_norm': 2.1461892127990723, 'learning_rate': 3.2536383203587826e-06, 'epoch': 2.2}
{'loss': 0.0548, 'grad_norm': 1.2632319927215576, 'learning_rate': 3.249757926910411e-06, 'epoch': 2.24}
{'loss': 0.0512, 'grad_norm': 1.7841624021530151, 'learning_rate': 3.245748067781375e-06, 'epoch': 2.28}
{'loss': 0.0525, 'grad_norm': 2.3698554039001465, 'learning_rate': 3.2416090683753075e-06, 'epoch': 2.32}
{'loss': 0.0502, 'grad_norm': 2.250044822692871, 'learning_rate': 3.237341264575689e-06, 'epoch': 2.36}
{'loss': 0.0507, 'grad_norm': 1.6034390926361084, 'learning_rate': 3.2329450027185935e-06, 'epoch': 2.4}
{'loss': 0.048, 'grad_norm': 1.6814801692962646, 'learning_rate': 3.2284206395645783e-06, 'epoch': 2.44}
{'loss': 0.0468, 'grad_norm': 1.4328806400299072, 'learning_rate': 3.223768542269736e-06, 'epoch': 2.48}
{'loss': 0.0426, 'grad_norm': 2.7129647731781006, 'learning_rate': 3.2189890883558976e-06, 'epoch': 2.52}
{'loss': 0.0424, 'grad_norm': 1.4263997077941895, 'learning_rate': 3.214082665679997e-06, 'epoch': 2.56}
{'loss': 0.042, 'grad_norm': 3.05238938331604, 'learning_rate': 3.209049672402597e-06, 'epoch': 2.6}
{'loss': 0.0393, 'grad_norm': 1.1849815845489502, 'learning_rate': 3.2038905169555762e-06, 'epoch': 2.64}
{'loss': 0.0401, 'grad_norm': 2.802776575088501, 'learning_rate': 3.198605618008986e-06, 'epoch': 2.68}
{'loss': 0.0374, 'grad_norm': 5.040288925170898, 'learning_rate': 3.1931954044370737e-06, 'epoch': 2.72}
{'loss': 0.0388, 'grad_norm': 1.7639992237091064, 'learning_rate': 3.1876603152834813e-06, 'epoch': 2.76}
{'loss': 0.0359, 'grad_norm': 1.0977429151535034, 'learning_rate': 3.182000799725614e-06, 'epoch': 2.8}
{'loss': 0.0347, 'grad_norm': 2.4142870903015137, 'learning_rate': 3.1762173170381904e-06, 'epoch': 2.84}
{'loss': 0.0337, 'grad_norm': 0.8881784081459045, 'learning_rate': 3.170310336555973e-06, 'epoch': 2.88}
{'loss': 0.0328, 'grad_norm': 2.318979024887085, 'learning_rate': 3.1642803376356792e-06, 'epoch': 2.92}
{'loss': 0.0304, 'grad_norm': 6.78767204284668, 'learning_rate': 3.158127809617082e-06, 'epoch': 2.96}
{'loss': 0.0329, 'grad_norm': 2.2637665271759033, 'learning_rate': 3.1518532517833003e-06, 'epoch': 3.0}
{'eval_loss': 0.004170799162238836, 'eval_score': 0.002951608934905354, 'eval_err_F': 0.0018026336455207422, 'eval_err_M': 0.0025686171717771503, 'eval_err_diff': 0.000765983526256408, 'eval_mse': 0.002307743307977964, 'eval_mae': 0.038659152172456926, 'eval_runtime': 21.0203, 'eval_samples_per_second': 951.462, 'eval_steps_per_second': 7.469, 'epoch': 3.0}
{'loss': 0.0303, 'grad_norm': 3.4348714351654053, 'learning_rate': 3.14545717332028e-06, 'epoch': 3.04}
{'loss': 0.0301, 'grad_norm': 1.142576813697815, 'learning_rate': 3.138940093275475e-06, 'epoch': 3.08}
{'loss': 0.0281, 'grad_norm': 2.4672627449035645, 'learning_rate': 3.1323025405157244e-06, 'epoch': 3.12}
{'loss': 0.0291, 'grad_norm': 0.6352027654647827, 'learning_rate': 3.125545053684336e-06, 'epoch': 3.16}
{'loss': 0.0264, 'grad_norm': 2.2934536933898926, 'learning_rate': 3.118668181157374e-06, 'epoch': 3.2}
{'loss': 0.0277, 'grad_norm': 1.2463500499725342, 'learning_rate': 3.111672480999157e-06, 'epoch': 3.24}
{'loss': 0.0273, 'grad_norm': 2.149294376373291, 'learning_rate': 3.104558520916973e-06, 'epoch': 3.28}
{'loss': 0.0256, 'grad_norm': 3.6681582927703857, 'learning_rate': 3.0973268782150065e-06, 'epoch': 3.32}
{'loss': 0.0238, 'grad_norm': 0.8198888301849365, 'learning_rate': 3.0899781397474922e-06, 'epoch': 3.36}
{'loss': 0.0256, 'grad_norm': 1.2248393297195435, 'learning_rate': 3.0825129018710898e-06, 'epoch': 3.4}
{'loss': 0.0228, 'grad_norm': 1.0607635974884033, 'learning_rate': 3.07493177039649e-06, 'epoch': 3.44}
{'loss': 0.0227, 'grad_norm': 1.6953470706939697, 'learning_rate': 3.067235360539252e-06, 'epoch': 3.48}
{'loss': 0.0211, 'grad_norm': 1.710853099822998, 'learning_rate': 3.0594242968698773e-06, 'epoch': 3.52}
{'loss': 0.0195, 'grad_norm': 2.710620880126953, 'learning_rate': 3.0514992132631277e-06, 'epoch': 3.56}
{'loss': 0.0196, 'grad_norm': 2.9584667682647705, 'learning_rate': 3.0434607528465833e-06, 'epoch': 3.6}
{'loss': 0.0196, 'grad_norm': 1.2207787036895752, 'learning_rate': 3.0353095679484525e-06, 'epoch': 3.64}
{'loss': 0.0183, 'grad_norm': 2.0384509563446045, 'learning_rate': 3.0270463200446377e-06, 'epoch': 3.68}
{'loss': 0.0191, 'grad_norm': 1.112054705619812, 'learning_rate': 3.018671679705052e-06, 'epoch': 3.72}
{'loss': 0.0182, 'grad_norm': 0.7700137495994568, 'learning_rate': 3.010186326539204e-06, 'epoch': 3.76}
{'loss': 0.0168, 'grad_norm': 1.1986758708953857, 'learning_rate': 3.0015909491410465e-06, 'epoch': 3.8}
{'loss': 0.0167, 'grad_norm': 0.7171835899353027, 'learning_rate': 2.9928862450330975e-06, 'epoch': 3.84}
{'loss': 0.0157, 'grad_norm': 0.8453586101531982, 'learning_rate': 2.984072920609835e-06, 'epoch': 3.88}
{'loss': 0.017, 'grad_norm': 1.7259451150894165, 'learning_rate': 2.975151691080369e-06, 'epoch': 3.92}
{'loss': 0.0164, 'grad_norm': 2.4660542011260986, 'learning_rate': 2.9661232804104087e-06, 'epoch': 3.96}
{'loss': 0.0154, 'grad_norm': 0.8119799494743347, 'learning_rate': 2.9569884212635057e-06, 'epoch': 4.0}
{'eval_loss': 0.0035316837020218372, 'eval_score': 0.0027701649735130925, 'eval_err_F': 0.001285854135048328, 'eval_err_M': 0.0022753946940248376, 'eval_err_diff': 0.0009895405589765097, 'eval_mse': 0.002082025596480301, 'eval_mae': 0.03749285216661865, 'eval_runtime': 20.6051, 'eval_samples_per_second': 970.631, 'eval_steps_per_second': 7.619, 'epoch': 4.0}
{'loss': 0.014, 'grad_norm': 1.442152738571167, 'learning_rate': 2.9477478549416015e-06, 'epoch': 4.04}
{'loss': 0.0132, 'grad_norm': 1.1627068519592285, 'learning_rate': 2.938402331324868e-06, 'epoch': 4.08}
{'loss': 0.0143, 'grad_norm': 0.7040023803710938, 'learning_rate': 2.9289526088108548e-06, 'epoch': 4.12}
{'loss': 0.0139, 'grad_norm': 0.7561631202697754, 'learning_rate': 2.919399454252945e-06, 'epoch': 4.16}
{'loss': 0.0141, 'grad_norm': 1.3205645084381104, 'learning_rate': 2.909743642898125e-06, 'epoch': 4.2}
{'loss': 0.0137, 'grad_norm': 0.48938626050949097, 'learning_rate': 2.89998595832407e-06, 'epoch': 4.24}
{'loss': 0.013, 'grad_norm': 1.5379865169525146, 'learning_rate': 2.8901271923755567e-06, 'epoch': 4.28}
{'loss': 0.0138, 'grad_norm': 0.5324442982673645, 'learning_rate': 2.880168145100208e-06, 'epoch': 4.32}
{'loss': 0.0129, 'grad_norm': 0.5749530792236328, 'learning_rate': 2.8701096246835645e-06, 'epoch': 4.36}
{'loss': 0.0121, 'grad_norm': 0.893075168132782, 'learning_rate': 2.859952447383499e-06, 'epoch': 4.4}
{'loss': 0.0127, 'grad_norm': 0.23673859238624573, 'learning_rate': 2.84969743746398e-06, 'epoch': 4.44}
{'loss': 0.0148, 'grad_norm': 0.4847009479999542, 'learning_rate': 2.8393454271281796e-06, 'epoch': 4.48}
{'loss': 0.0122, 'grad_norm': 0.7292841076850891, 'learning_rate': 2.8288972564509395e-06, 'epoch': 4.52}
{'loss': 0.0133, 'grad_norm': 1.896828293800354, 'learning_rate': 2.8183537733105993e-06, 'epoch': 4.56}
{'loss': 0.0128, 'grad_norm': 1.6225439310073853, 'learning_rate': 2.8077158333201886e-06, 'epoch': 4.6}
{'loss': 0.0118, 'grad_norm': 2.1659111976623535, 'learning_rate': 2.7969842997579958e-06, 'epoch': 4.64}
{'loss': 0.0111, 'grad_norm': 1.09446120262146, 'learning_rate': 2.7861600434975096e-06, 'epoch': 4.68}
{'loss': 0.0127, 'grad_norm': 0.8569591045379639, 'learning_rate': 2.775243942936749e-06, 'epoch': 4.72}
{'loss': 0.0116, 'grad_norm': 0.4367520809173584, 'learning_rate': 2.7642368839269787e-06, 'epoch': 4.76}
{'loss': 0.0116, 'grad_norm': 1.2415064573287964, 'learning_rate': 2.753139759700823e-06, 'epoch': 4.8}
{'loss': 0.0114, 'grad_norm': 1.14601731300354, 'learning_rate': 2.741953470799779e-06, 'epoch': 4.84}
{'loss': 0.0109, 'grad_norm': 0.5774309039115906, 'learning_rate': 2.730678925001135e-06, 'epoch': 4.88}
{'loss': 0.0116, 'grad_norm': 0.9957120418548584, 'learning_rate': 2.719317037244307e-06, 'epoch': 4.92}
{'loss': 0.0117, 'grad_norm': 1.5322537422180176, 'learning_rate': 2.7078687295565874e-06, 'epoch': 4.96}
{'loss': 0.0118, 'grad_norm': 1.2527480125427246, 'learning_rate': 2.696334930978322e-06, 'epoch': 5.0}
{'eval_loss': 0.0037293110508471727, 'eval_score': 0.0028360331811688767, 'eval_err_F': 0.0015433686297388627, 'eval_err_M': 0.002405144997358872, 'eval_err_diff': 0.0008617763676200092, 'eval_mse': 0.001419206529986043, 'eval_mae': 0.028702554728041833, 'eval_runtime': 26.2019, 'eval_samples_per_second': 763.305, 'eval_steps_per_second': 5.992, 'epoch': 5.0}
{'loss': 0.011, 'grad_norm': 0.3318062126636505, 'learning_rate': 2.68471657748752e-06, 'epoch': 5.04}
{'loss': 0.0119, 'grad_norm': 0.912065863609314, 'learning_rate': 2.6730146119238963e-06, 'epoch': 5.08}
{'loss': 0.0114, 'grad_norm': 0.520295262336731, 'learning_rate': 2.6612299839123587e-06, 'epoch': 5.12}
{'loss': 0.0117, 'grad_norm': 1.820419430732727, 'learning_rate': 2.6493636497859493e-06, 'epoch': 5.16}
{'loss': 0.0102, 'grad_norm': 0.8023878335952759, 'learning_rate': 2.63741657250823e-06, 'epoch': 5.2}
{'loss': 0.0107, 'grad_norm': 1.9947888851165771, 'learning_rate': 2.6253897215951437e-06, 'epoch': 5.24}
{'loss': 0.0115, 'grad_norm': 3.2162981033325195, 'learning_rate': 2.6132840730363345e-06, 'epoch': 5.28}
{'loss': 0.0111, 'grad_norm': 0.6357704997062683, 'learning_rate': 2.6011006092159455e-06, 'epoch': 5.32}
{'loss': 0.0103, 'grad_norm': 1.602484107017517, 'learning_rate': 2.5888403188328956e-06, 'epoch': 5.36}
{'loss': 0.0103, 'grad_norm': 0.4079922139644623, 'learning_rate': 2.576504196820651e-06, 'epoch': 5.4}
{'loss': 0.0101, 'grad_norm': 0.622835636138916, 'learning_rate': 2.5640932442664793e-06, 'epoch': 5.44}
{'loss': 0.0112, 'grad_norm': 0.896245539188385, 'learning_rate': 2.5516084683302137e-06, 'epoch': 5.48}
{'loss': 0.0113, 'grad_norm': 0.5509616732597351, 'learning_rate': 2.5390508821625218e-06, 'epoch': 5.52}
{'loss': 0.0106, 'grad_norm': 0.5441460609436035, 'learning_rate': 2.5264215048226834e-06, 'epoch': 5.56}
{'loss': 0.0102, 'grad_norm': 0.2944037616252899, 'learning_rate': 2.513721361195899e-06, 'epoch': 5.6}
{'loss': 0.0096, 'grad_norm': 1.6300077438354492, 'learning_rate': 2.500951481910114e-06, 'epoch': 5.64}
{'loss': 0.0115, 'grad_norm': 1.1215609312057495, 'learning_rate': 2.4881129032523856e-06, 'epoch': 5.68}
{'loss': 0.0101, 'grad_norm': 1.24880051612854, 'learning_rate': 2.4752066670847852e-06, 'epoch': 5.72}
{'loss': 0.0099, 'grad_norm': 1.770277976989746, 'learning_rate': 2.4622338207598527e-06, 'epoch': 5.76}
{'loss': 0.0102, 'grad_norm': 0.9878891706466675, 'learning_rate': 2.449195417035599e-06, 'epoch': 5.8}
{'loss': 0.0097, 'grad_norm': 0.9090195894241333, 'learning_rate': 2.4360925139900796e-06, 'epoch': 5.84}
{'loss': 0.0097, 'grad_norm': 1.0456911325454712, 'learning_rate': 2.4229261749355246e-06, 'epoch': 5.88}
{'loss': 0.0107, 'grad_norm': 0.8627341985702515, 'learning_rate': 2.4096974683320535e-06, 'epoch': 5.92}
{'loss': 0.0096, 'grad_norm': 0.6014176607131958, 'learning_rate': 2.396407467700968e-06, 'epoch': 5.96}
{'loss': 0.0093, 'grad_norm': 0.3948298990726471, 'learning_rate': 2.383057251537634e-06, 'epoch': 6.0}
{'eval_loss': 0.002676776610314846, 'eval_score': 0.0020304460465993173, 'eval_err_F': 0.0009444709345846919, 'eval_err_M': 0.0016684543425944422, 'eval_err_diff': 0.0007239834080097503, 'eval_mse': 0.0013597122223848745, 'eval_mae': 0.02786221751919711, 'eval_runtime': 20.806, 'eval_samples_per_second': 961.261, 'eval_steps_per_second': 7.546, 'epoch': 6.0}
{'loss': 0.0096, 'grad_norm': 0.5323918461799622, 'learning_rate': 2.3696479032239627e-06, 'epoch': 6.04}
{'loss': 0.0096, 'grad_norm': 0.3511520028114319, 'learning_rate': 2.356180510940491e-06, 'epoch': 6.08}
{'loss': 0.0097, 'grad_norm': 1.9787952899932861, 'learning_rate': 2.342656167578075e-06, 'epoch': 6.12}
{'loss': 0.01, 'grad_norm': 0.5372493267059326, 'learning_rate': 2.329075970649202e-06, 'epoch': 6.16}
{'loss': 0.0089, 'grad_norm': 0.8906115889549255, 'learning_rate': 2.3154410221989264e-06, 'epoch': 6.2}
{'loss': 0.0094, 'grad_norm': 1.0835585594177246, 'learning_rate': 2.3017524287154366e-06, 'epoch': 6.24}
{'loss': 0.008, 'grad_norm': 1.0276215076446533, 'learning_rate': 2.2880113010402635e-06, 'epoch': 6.28}
{'loss': 0.0067, 'grad_norm': 0.38742971420288086, 'learning_rate': 2.2742187542781337e-06, 'epoch': 6.32}
{'loss': 0.0064, 'grad_norm': 0.9663340449333191, 'learning_rate': 2.2603759077064796e-06, 'epoch': 6.36}
{'loss': 0.0062, 'grad_norm': 0.7190751433372498, 'learning_rate': 2.2464838846846067e-06, 'epoch': 6.4}
{'loss': 0.0063, 'grad_norm': 0.442277193069458, 'learning_rate': 2.2325438125625335e-06, 'epoch': 6.44}
{'loss': 0.0058, 'grad_norm': 0.8035479784011841, 'learning_rate': 2.2185568225895062e-06, 'epoch': 6.48}
{'loss': 0.0062, 'grad_norm': 2.0809414386749268, 'learning_rate': 2.204524049822195e-06, 'epoch': 6.52}
{'loss': 0.0054, 'grad_norm': 0.5458065867424011, 'learning_rate': 2.1904466330325878e-06, 'epoch': 6.56}
{'loss': 0.0054, 'grad_norm': 0.6834784746170044, 'learning_rate': 2.1763257146155695e-06, 'epoch': 6.6}
{'loss': 0.0051, 'grad_norm': 0.9141687154769897, 'learning_rate': 2.1621624404962253e-06, 'epoch': 6.64}
{'loss': 0.0056, 'grad_norm': 1.1475673913955688, 'learning_rate': 2.147957960036841e-06, 'epoch': 6.68}
{'loss': 0.005, 'grad_norm': 0.794261634349823, 'learning_rate': 2.1337134259436336e-06, 'epoch': 6.72}
{'loss': 0.0053, 'grad_norm': 0.47233664989471436, 'learning_rate': 2.119429994173209e-06, 'epoch': 6.76}
{'loss': 0.0049, 'grad_norm': 2.220132350921631, 'learning_rate': 2.105108823838754e-06, 'epoch': 6.8}
{'loss': 0.0055, 'grad_norm': 0.29392191767692566, 'learning_rate': 2.0907510771159726e-06, 'epoch': 6.84}
{'loss': 0.0045, 'grad_norm': 0.5422473549842834, 'learning_rate': 2.0763579191487763e-06, 'epoch': 6.88}
{'loss': 0.0042, 'grad_norm': 0.935793399810791, 'learning_rate': 2.0619305179547295e-06, 'epoch': 6.92}
{'loss': 0.0048, 'grad_norm': 1.0168598890304565, 'learning_rate': 2.0474700443302654e-06, 'epoch': 6.96}
{'loss': 0.0047, 'grad_norm': 0.7169721722602844, 'learning_rate': 2.0329776717556756e-06, 'epoch': 7.0}
{'eval_loss': 0.003261907259002328, 'eval_score': 0.0025000699747303257, 'eval_err_F': 0.0013287620141593508, 'eval_err_M': 0.002109633987873334, 'eval_err_diff': 0.0007808719737139832, 'eval_mse': 0.0011082258908114166, 'eval_mae': 0.024060124091755095, 'eval_runtime': 20.7957, 'eval_samples_per_second': 961.739, 'eval_steps_per_second': 7.55, 'epoch': 7.0}
{'loss': 0.0053, 'grad_norm': 0.8965590596199036, 'learning_rate': 2.018454576299877e-06, 'epoch': 7.04}
{'loss': 0.0048, 'grad_norm': 0.8329782485961914, 'learning_rate': 2.0039019365249786e-06, 'epoch': 7.08}
{'loss': 0.0049, 'grad_norm': 1.1183178424835205, 'learning_rate': 1.989320933390635e-06, 'epoch': 7.12}
{'loss': 0.0036, 'grad_norm': 0.38218799233436584, 'learning_rate': 1.9747127501582133e-06, 'epoch': 7.16}
{'loss': 0.0041, 'grad_norm': 0.6533291339874268, 'learning_rate': 1.960078572294771e-06, 'epoch': 7.2}
{'loss': 0.006, 'grad_norm': 0.5200890302658081, 'learning_rate': 1.945419587376851e-06, 'epoch': 7.24}
{'loss': 0.0045, 'grad_norm': 0.4480400085449219, 'learning_rate': 1.9307369849941116e-06, 'epoch': 7.28}
{'loss': 0.0045, 'grad_norm': 1.9791415929794312, 'learning_rate': 1.91603195665279e-06, 'epoch': 7.32}
{'loss': 0.004, 'grad_norm': 0.7416850328445435, 'learning_rate': 1.9013056956790088e-06, 'epoch': 7.36}
{'loss': 0.0038, 'grad_norm': 0.7871008515357971, 'learning_rate': 1.886559397121938e-06, 'epoch': 7.4}
{'loss': 0.0036, 'grad_norm': 1.175984501838684, 'learning_rate': 1.8717942576568159e-06, 'epoch': 7.44}
{'loss': 0.0042, 'grad_norm': 1.2578762769699097, 'learning_rate': 1.8570114754878361e-06, 'epoch': 7.48}
{'loss': 0.0037, 'grad_norm': 0.9212028384208679, 'learning_rate': 1.8422122502509137e-06, 'epoch': 7.52}
{'loss': 0.004, 'grad_norm': 0.5139301419258118, 'learning_rate': 1.8273977829163347e-06, 'epoch': 7.56}
{'loss': 0.0036, 'grad_norm': 0.3456082046031952, 'learning_rate': 1.8125692756912927e-06, 'epoch': 7.6}
{'loss': 0.0042, 'grad_norm': 0.9413065314292908, 'learning_rate': 1.7977279319223326e-06, 'epoch': 7.64}
{'loss': 0.0039, 'grad_norm': 0.5913417935371399, 'learning_rate': 1.7828749559976962e-06, 'epoch': 7.68}
{'loss': 0.0037, 'grad_norm': 0.27640336751937866, 'learning_rate': 1.7680115532495826e-06, 'epoch': 7.72}
{'loss': 0.004, 'grad_norm': 0.3868301808834076, 'learning_rate': 1.7531389298563402e-06, 'epoch': 7.76}
{'loss': 0.0037, 'grad_norm': 1.1407191753387451, 'learning_rate': 1.7382582927445789e-06, 'epoch': 7.8}
{'loss': 0.0043, 'grad_norm': 1.5802537202835083, 'learning_rate': 1.7233708494912303e-06, 'epoch': 7.84}
{'loss': 0.0037, 'grad_norm': 0.5475402474403381, 'learning_rate': 1.7084778082255494e-06, 'epoch': 7.88}
{'loss': 0.0043, 'grad_norm': 0.9316297173500061, 'learning_rate': 1.6935803775310755e-06, 'epoch': 7.92}
{'loss': 0.0036, 'grad_norm': 0.48928895592689514, 'learning_rate': 1.6786797663475529e-06, 'epoch': 7.96}
{'loss': 0.0042, 'grad_norm': 1.0151424407958984, 'learning_rate': 1.6637771838728266e-06, 'epoch': 8.0}
{'eval_loss': 0.0026558805257081985, 'eval_score': 0.002022914947717817, 'eval_err_F': 0.0009942926755570063, 'eval_err_M': 0.0016800408569975468, 'eval_err_diff': 0.0006857481814405405, 'eval_mse': 0.0010569378222599313, 'eval_mae': 0.023080455267194155, 'eval_runtime': 20.5175, 'eval_samples_per_second': 974.777, 'eval_steps_per_second': 7.652, 'epoch': 8.0}
{'loss': 0.0039, 'grad_norm': 0.35700321197509766, 'learning_rate': 1.648873839464714e-06, 'epoch': 8.04}
{'loss': 0.0038, 'grad_norm': 0.5219603180885315, 'learning_rate': 1.6339709425428621e-06, 'epoch': 8.08}
{'loss': 0.003, 'grad_norm': 0.7858656048774719, 'learning_rate': 1.6190697024906056e-06, 'epoch': 8.12}
{'loss': 0.0032, 'grad_norm': 0.7116470336914062, 'learning_rate': 1.6041713285568225e-06, 'epoch': 8.16}
{'loss': 0.0035, 'grad_norm': 1.3441388607025146, 'learning_rate': 1.5892770297578022e-06, 'epoch': 8.2}
{'loss': 0.0032, 'grad_norm': 0.2636074125766754, 'learning_rate': 1.5743880147791346e-06, 'epoch': 8.24}
{'loss': 0.0036, 'grad_norm': 0.713978111743927, 'learning_rate': 1.5595054918776214e-06, 'epoch': 8.28}
{'loss': 0.0037, 'grad_norm': 1.1689561605453491, 'learning_rate': 1.5446306687832265e-06, 'epoch': 8.32}
{'loss': 0.0043, 'grad_norm': 0.8753308057785034, 'learning_rate': 1.5297647526010692e-06, 'epoch': 8.36}
{'loss': 0.0035, 'grad_norm': 0.4232136309146881, 'learning_rate': 1.5149089497134631e-06, 'epoch': 8.4}
{'loss': 0.0037, 'grad_norm': 0.7651140689849854, 'learning_rate': 1.5000644656820197e-06, 'epoch': 8.44}
{'loss': 0.0035, 'grad_norm': 0.36372503638267517, 'learning_rate': 1.4852325051498167e-06, 'epoch': 8.48}
{'loss': 0.0035, 'grad_norm': 1.0196866989135742, 'learning_rate': 1.4704142717436351e-06, 'epoch': 8.52}
{'loss': 0.0035, 'grad_norm': 0.8277320265769958, 'learning_rate': 1.4556109679762912e-06, 'epoch': 8.56}
{'loss': 0.0032, 'grad_norm': 0.6707209944725037, 'learning_rate': 1.4408237951490455e-06, 'epoch': 8.6}
{'loss': 0.003, 'grad_norm': 1.5473300218582153, 'learning_rate': 1.4260539532541193e-06, 'epoch': 8.64}
{'loss': 0.0033, 'grad_norm': 0.7211964726448059, 'learning_rate': 1.4113026408773137e-06, 'epoch': 8.68}
{'loss': 0.003, 'grad_norm': 1.6956568956375122, 'learning_rate': 1.3965710551007415e-06, 'epoch': 8.72}
{'loss': 0.0036, 'grad_norm': 1.1305702924728394, 'learning_rate': 1.3818603914056863e-06, 'epoch': 8.76}
{'loss': 0.0032, 'grad_norm': 0.7127525210380554, 'learning_rate': 1.3671718435755841e-06, 'epoch': 8.8}
{'loss': 0.0038, 'grad_norm': 0.4483374357223511, 'learning_rate': 1.3525066035991503e-06, 'epoch': 8.84}
{'loss': 0.0033, 'grad_norm': 0.5474356412887573, 'learning_rate': 1.3378658615736472e-06, 'epoch': 8.88}
{'loss': 0.0036, 'grad_norm': 0.6692298650741577, 'learning_rate': 1.323250805608306e-06, 'epoch': 8.92}
{'loss': 0.0036, 'grad_norm': 0.4085868000984192, 'learning_rate': 1.308662621727911e-06, 'epoch': 8.96}
{'loss': 0.0033, 'grad_norm': 0.5458372831344604, 'learning_rate': 1.2941024937765533e-06, 'epoch': 9.0}
{'eval_loss': 0.002234577899798751, 'eval_score': 0.0016571388511454075, 'eval_err_F': 0.0008146480327812187, 'eval_err_M': 0.0013763085783573446, 'eval_err_diff': 0.0005616605455761259, 'eval_mse': 0.0012258524134023262, 'eval_mae': 0.025738143258679156, 'eval_runtime': 20.7397, 'eval_samples_per_second': 964.334, 'eval_steps_per_second': 7.57, 'epoch': 9.0}
{'loss': 0.0036, 'grad_norm': 0.662117600440979, 'learning_rate': 1.2795716033215612e-06, 'epoch': 9.04}
{'loss': 0.0035, 'grad_norm': 0.9463805556297302, 'learning_rate': 1.2650711295576132e-06, 'epoch': 9.08}
{'loss': 0.0037, 'grad_norm': 1.206221580505371, 'learning_rate': 1.2506022492110458e-06, 'epoch': 9.12}
{'loss': 0.0033, 'grad_norm': 0.5351116061210632, 'learning_rate': 1.236166136444364e-06, 'epoch': 9.16}
{'loss': 0.003, 'grad_norm': 0.37593093514442444, 'learning_rate': 1.2217639627609516e-06, 'epoch': 9.2}
{'loss': 0.0033, 'grad_norm': 0.763970673084259, 'learning_rate': 1.207396896910007e-06, 'epoch': 9.24}
{'loss': 0.0028, 'grad_norm': 0.4768526256084442, 'learning_rate': 1.193066104791697e-06, 'epoch': 9.28}
{'loss': 0.0032, 'grad_norm': 0.5055801868438721, 'learning_rate': 1.1787727493625432e-06, 'epoch': 9.32}
{'loss': 0.0031, 'grad_norm': 0.8289039731025696, 'learning_rate': 1.1645179905410451e-06, 'epoch': 9.36}
{'loss': 0.0028, 'grad_norm': 1.855652928352356, 'learning_rate': 1.1503029851135534e-06, 'epoch': 9.4}
{'loss': 0.0029, 'grad_norm': 0.9918014407157898, 'learning_rate': 1.1361288866403967e-06, 'epoch': 9.44}
{'loss': 0.003, 'grad_norm': 0.5617395043373108, 'learning_rate': 1.1219968453622678e-06, 'epoch': 9.48}
{'loss': 0.003, 'grad_norm': 1.0889791250228882, 'learning_rate': 1.1079080081068789e-06, 'epoch': 9.52}
{'loss': 0.0023, 'grad_norm': 0.9257225394248962, 'learning_rate': 1.0938635181959e-06, 'epoch': 9.56}
{'loss': 0.0032, 'grad_norm': 0.3231307566165924, 'learning_rate': 1.0798645153521721e-06, 'epoch': 9.6}
{'loss': 0.0028, 'grad_norm': 0.4837152063846588, 'learning_rate': 1.0659121356072222e-06, 'epoch': 9.64}
{'loss': 0.0032, 'grad_norm': 0.4775671362876892, 'learning_rate': 1.0520075112090707e-06, 'epoch': 9.68}
{'loss': 0.003, 'grad_norm': 0.7196783423423767, 'learning_rate': 1.0381517705303487e-06, 'epoch': 9.72}
{'loss': 0.0033, 'grad_norm': 0.9830573797225952, 'learning_rate': 1.0243460379767305e-06, 'epoch': 9.76}
{'loss': 0.0032, 'grad_norm': 0.8306887745857239, 'learning_rate': 1.0105914338956868e-06, 'epoch': 9.8}
{'loss': 0.003, 'grad_norm': 0.9071217775344849, 'learning_rate': 9.96889074485567e-07, 'epoch': 9.84}
{'loss': 0.0029, 'grad_norm': 0.3201127052307129, 'learning_rate': 9.83240071705019e-07, 'epoch': 9.88}
{'loss': 0.0029, 'grad_norm': 0.5987184643745422, 'learning_rate': 9.696455331827515e-07, 'epoch': 9.92}
{'loss': 0.003, 'grad_norm': 0.46095243096351624, 'learning_rate': 9.561065621276535e-07, 'epoch': 9.96}
{'loss': 0.0035, 'grad_norm': 1.2138525247573853, 'learning_rate': 9.426242572392614e-07, 'epoch': 10.0}
{'eval_loss': 0.0022996608167886734, 'eval_score': 0.0017102747955829527, 'eval_err_F': 0.0008568247948911393, 'eval_err_M': 0.0014257914620190149, 'eval_err_diff': 0.0005689666671278756, 'eval_mse': 0.0010469399584141115, 'eval_mae': 0.02262429212587649, 'eval_runtime': 20.7587, 'eval_samples_per_second': 963.451, 'eval_steps_per_second': 7.563, 'epoch': 10.0}
{'loss': 0.0028, 'grad_norm': 0.25291067361831665, 'learning_rate': 9.291997126186034e-07, 'epoch': 10.04}
{'loss': 0.0027, 'grad_norm': 0.7898802161216736, 'learning_rate': 9.158340176794097e-07, 'epoch': 10.08}
{'loss': 0.0031, 'grad_norm': 0.40071165561676025, 'learning_rate': 9.025282570597081e-07, 'epoch': 10.12}
{'loss': 0.0026, 'grad_norm': 0.5703047513961792, 'learning_rate': 8.892835105338015e-07, 'epoch': 10.16}
{'loss': 0.0026, 'grad_norm': 0.5118541121482849, 'learning_rate': 8.761008529246457e-07, 'epoch': 10.2}
{'loss': 0.0029, 'grad_norm': 0.6320213675498962, 'learning_rate': 8.629813540166249e-07, 'epoch': 10.24}
{'loss': 0.0031, 'grad_norm': 0.71284419298172, 'learning_rate': 8.499260784687398e-07, 'epoch': 10.28}
{'loss': 0.0028, 'grad_norm': 0.528184175491333, 'learning_rate': 8.369360857282068e-07, 'epoch': 10.32}
{'loss': 0.0034, 'grad_norm': 0.4450998604297638, 'learning_rate': 8.240124299444858e-07, 'epoch': 10.36}
{'loss': 0.0033, 'grad_norm': 1.3693428039550781, 'learning_rate': 8.11156159883733e-07, 'epoch': 10.4}
{'loss': 0.0023, 'grad_norm': 0.5919016599655151, 'learning_rate': 7.983683188436933e-07, 'epoch': 10.44}
{'loss': 0.0034, 'grad_norm': 0.30715781450271606, 'learning_rate': 7.856499445690354e-07, 'epoch': 10.48}
{'loss': 0.0029, 'grad_norm': 1.104295253753662, 'learning_rate': 7.730020691671399e-07, 'epoch': 10.52}
{'loss': 0.0031, 'grad_norm': 0.8323329091072083, 'learning_rate': 7.604257190243392e-07, 'epoch': 10.56}
{'loss': 0.0027, 'grad_norm': 0.44494929909706116, 'learning_rate': 7.479219147226281e-07, 'epoch': 10.6}
{'loss': 0.0028, 'grad_norm': 0.521084725856781, 'learning_rate': 7.35491670956842e-07, 'epoch': 10.64}
{'loss': 0.0031, 'grad_norm': 0.6791008114814758, 'learning_rate': 7.231359964523134e-07, 'epoch': 10.68}
{'loss': 0.0033, 'grad_norm': 0.6627182364463806, 'learning_rate': 7.108558938830127e-07, 'epoch': 10.72}
{'loss': 0.0028, 'grad_norm': 0.7443814277648926, 'learning_rate': 6.986523597901811e-07, 'epoch': 10.76}
{'loss': 0.0028, 'grad_norm': 0.4910219609737396, 'learning_rate': 6.86526384501459e-07, 'epoch': 10.8}
{'loss': 0.0024, 'grad_norm': 0.5330210328102112, 'learning_rate': 6.744789520505215e-07, 'epoch': 10.84}
{'loss': 0.0023, 'grad_norm': 0.9860672950744629, 'learning_rate': 6.625110400972224e-07, 'epoch': 10.88}
{'loss': 0.0029, 'grad_norm': 0.4802848696708679, 'learning_rate': 6.506236198482572e-07, 'epoch': 10.92}
{'loss': 0.0028, 'grad_norm': 0.7560299634933472, 'learning_rate': 6.388176559783468e-07, 'epoch': 10.96}
{'loss': 0.0031, 'grad_norm': 0.6033058762550354, 'learning_rate': 6.270941065519553e-07, 'epoch': 11.0}
{'eval_loss': 0.0022140243090689182, 'eval_score': 0.0016495287397579647, 'eval_err_F': 0.0007496589567142337, 'eval_err_M': 0.0013495721454100543, 'eval_err_diff': 0.0005999131886958206, 'eval_mse': 0.000956362713098397, 'eval_mae': 0.02067344070463205, 'eval_runtime': 20.6489, 'eval_samples_per_second': 968.577, 'eval_steps_per_second': 7.603, 'epoch': 11.0}
{'loss': 0.0028, 'grad_norm': 0.4281931221485138, 'learning_rate': 6.154539229455409e-07, 'epoch': 11.04}
{'loss': 0.0027, 'grad_norm': 0.6005432605743408, 'learning_rate': 6.038980497703521e-07, 'epoch': 11.08}
{'loss': 0.003, 'grad_norm': 0.3739374279975891, 'learning_rate': 5.924274247957696e-07, 'epoch': 11.12}
{'loss': 0.0025, 'grad_norm': 0.3436617851257324, 'learning_rate': 5.810429788732096e-07, 'epoch': 11.16}
{'loss': 0.0029, 'grad_norm': 0.4903002381324768, 'learning_rate': 5.697456358605784e-07, 'epoch': 11.2}
{'loss': 0.0032, 'grad_norm': 0.43329286575317383, 'learning_rate': 5.585363125473053e-07, 'epoch': 11.24}
{'loss': 0.0027, 'grad_norm': 1.1091586351394653, 'learning_rate': 5.474159185799422e-07, 'epoch': 11.28}
{'loss': 0.003, 'grad_norm': 0.9188036322593689, 'learning_rate': 5.363853563883468e-07, 'epoch': 11.32}
{'loss': 0.0028, 'grad_norm': 1.015844464302063, 'learning_rate': 5.254455211124472e-07, 'epoch': 11.36}
{'loss': 0.0029, 'grad_norm': 1.0215092897415161, 'learning_rate': 5.145973005296016e-07, 'epoch': 11.4}
{'loss': 0.0029, 'grad_norm': 0.24019433557987213, 'learning_rate': 5.038415749825546e-07, 'epoch': 11.44}
{'loss': 0.0024, 'grad_norm': 0.6346224546432495, 'learning_rate': 4.931792173079967e-07, 'epoch': 11.48}
{'loss': 0.0026, 'grad_norm': 0.6455061435699463, 'learning_rate': 4.826110927657319e-07, 'epoch': 11.52}
{'loss': 0.0023, 'grad_norm': 1.1399378776550293, 'learning_rate': 4.721380589684628e-07, 'epoch': 11.56}
{'loss': 0.003, 'grad_norm': 0.9661327004432678, 'learning_rate': 4.6176096581219256e-07, 'epoch': 11.6}
{'loss': 0.0025, 'grad_norm': 0.44017747044563293, 'learning_rate': 4.5148065540725695e-07, 'epoch': 11.64}
{'loss': 0.0023, 'grad_norm': 0.5820392370223999, 'learning_rate': 4.412979620099831e-07, 'epoch': 11.68}
{'loss': 0.0029, 'grad_norm': 0.16295994818210602, 'learning_rate': 4.312137119549945e-07, 'epoch': 11.72}
{'loss': 0.0028, 'grad_norm': 0.7715794444084167, 'learning_rate': 4.2122872358814775e-07, 'epoch': 11.76}
{'loss': 0.0023, 'grad_norm': 0.5321975350379944, 'learning_rate': 4.113438072001257e-07, 'epoch': 11.8}
{'loss': 0.0026, 'grad_norm': 0.20291438698768616, 'learning_rate': 4.0155976496068126e-07, 'epoch': 11.84}
{'loss': 0.0023, 'grad_norm': 0.6250896453857422, 'learning_rate': 3.918773908535404e-07, 'epoch': 11.88}
{'loss': 0.0027, 'grad_norm': 0.309322714805603, 'learning_rate': 3.8229747061196946e-07, 'epoch': 11.92}
{'loss': 0.0023, 'grad_norm': 0.6545987725257874, 'learning_rate': 3.7282078165501375e-07, 'epoch': 11.96}
{'loss': 0.0024, 'grad_norm': 0.7278813123703003, 'learning_rate': 3.634480930244067e-07, 'epoch': 12.0}
{'eval_loss': 0.002224672120064497, 'eval_score': 0.0016348469592530278, 'eval_err_F': 0.0007948431082956491, 'eval_err_M': 0.0013548456756005682, 'eval_err_diff': 0.0005600025673049192, 'eval_mse': 0.0008956898657823498, 'eval_mae': 0.0201886415457795, 'eval_runtime': 20.8839, 'eval_samples_per_second': 957.677, 'eval_steps_per_second': 7.518, 'epoch': 12.0}
{'loss': 0.0029, 'grad_norm': 0.3049272298812866, 'learning_rate': 3.5418016532216303e-07, 'epoch': 12.04}
{'loss': 0.0024, 'grad_norm': 0.37320825457572937, 'learning_rate': 3.450177506488556e-07, 'epoch': 12.08}
{'loss': 0.0027, 'grad_norm': 0.5266320109367371, 'learning_rate': 3.359615925425805e-07, 'epoch': 12.12}
{'loss': 0.0024, 'grad_norm': 0.43706291913986206, 'learning_rate': 3.2701242591861927e-07, 'epoch': 12.16}
{'loss': 0.0025, 'grad_norm': 0.3860294222831726, 'learning_rate': 3.181709770097996e-07, 'epoch': 12.2}
{'loss': 0.0027, 'grad_norm': 0.4863574206829071, 'learning_rate': 3.0943796330756075e-07, 'epoch': 12.24}
{'loss': 0.0022, 'grad_norm': 0.8282097578048706, 'learning_rate': 3.00814093503728e-07, 'epoch': 12.28}
{'loss': 0.0025, 'grad_norm': 0.8718740344047546, 'learning_rate': 2.923000674330037e-07, 'epoch': 12.32}
{'loss': 0.0023, 'grad_norm': 0.3477015793323517, 'learning_rate': 2.838965760161722e-07, 'epoch': 12.36}
{'loss': 0.0025, 'grad_norm': 0.6687954068183899, 'learning_rate': 2.7560430120403297e-07, 'epoch': 12.4}
{'loss': 0.0024, 'grad_norm': 0.30336689949035645, 'learning_rate': 2.6742391592205906e-07, 'epoch': 12.44}
{'loss': 0.0031, 'grad_norm': 0.8257339000701904, 'learning_rate': 2.5935608401578885e-07, 'epoch': 12.48}
{'loss': 0.0026, 'grad_norm': 0.4078195095062256, 'learning_rate': 2.5140146019695373e-07, 'epoch': 12.52}
{'loss': 0.0026, 'grad_norm': 0.8832635283470154, 'learning_rate': 2.4356068999034865e-07, 'epoch': 12.56}
{'loss': 0.0022, 'grad_norm': 0.5353155136108398, 'learning_rate': 2.3583440968144681e-07, 'epoch': 12.6}
{'loss': 0.0027, 'grad_norm': 0.5733218789100647, 'learning_rate': 2.282232462647637e-07, 'epoch': 12.64}
{'loss': 0.0027, 'grad_norm': 1.1205710172653198, 'learning_rate': 2.207278173929768e-07, 'epoch': 12.68}
{'loss': 0.0025, 'grad_norm': 0.7565849423408508, 'learning_rate': 2.133487313268038e-07, 'epoch': 12.72}
{'loss': 0.0024, 'grad_norm': 0.2632328271865845, 'learning_rate': 2.0608658688563842e-07, 'epoch': 12.76}
{'loss': 0.0027, 'grad_norm': 0.7642392516136169, 'learning_rate': 1.989419733989585e-07, 'epoch': 12.8}
{'loss': 0.0024, 'grad_norm': 0.19557219743728638, 'learning_rate': 1.9191547065850021e-07, 'epoch': 12.84}
{'loss': 0.0024, 'grad_norm': 0.4354396462440491, 'learning_rate': 1.850076488712077e-07, 'epoch': 12.88}
{'loss': 0.0026, 'grad_norm': 0.5210030674934387, 'learning_rate': 1.782190686129598e-07, 'epoch': 12.92}
{'loss': 0.0024, 'grad_norm': 0.38643401861190796, 'learning_rate': 1.7155028078308064e-07, 'epoch': 12.96}
{'loss': 0.0021, 'grad_norm': 0.8271500468254089, 'learning_rate': 1.650018265596311e-07, 'epoch': 13.0}
{'eval_loss': 0.0022152001038193703, 'eval_score': 0.0016625400059587284, 'eval_err_F': 0.0007322701972592896, 'eval_err_M': 0.0013524500697255821, 'eval_err_diff': 0.0006201798724662926, 'eval_mse': 0.0008762371164696365, 'eval_mae': 0.01974439524155805, 'eval_runtime': 20.5667, 'eval_samples_per_second': 972.445, 'eval_steps_per_second': 7.634, 'epoch': 13.0}
{'loss': 0.0028, 'grad_norm': 0.43226358294487, 'learning_rate': 1.5857423735549254e-07, 'epoch': 13.04}
{'loss': 0.0023, 'grad_norm': 0.2328338474035263, 'learning_rate': 1.5226803477524343e-07, 'epoch': 13.08}
{'loss': 0.0027, 'grad_norm': 0.8009675741195679, 'learning_rate': 1.4608373057282975e-07, 'epoch': 13.12}
{'loss': 0.0023, 'grad_norm': 0.5501545071601868, 'learning_rate': 1.4002182661003555e-07, 'epoch': 13.16}
{'loss': 0.0025, 'grad_norm': 0.4153289794921875, 'learning_rate': 1.3408281481575664e-07, 'epoch': 13.2}
{'loss': 0.0024, 'grad_norm': 0.37496674060821533, 'learning_rate': 1.2826717714607973e-07, 'epoch': 13.24}
{'loss': 0.0023, 'grad_norm': 0.37883996963500977, 'learning_rate': 1.2257538554517229e-07, 'epoch': 13.28}
{'loss': 0.0022, 'grad_norm': 0.4046024978160858, 'learning_rate': 1.1700790190698268e-07, 'epoch': 13.32}
{'loss': 0.0027, 'grad_norm': 0.6242550015449524, 'learning_rate': 1.1156517803775798e-07, 'epoch': 13.36}
{'loss': 0.0023, 'grad_norm': 0.14865198731422424, 'learning_rate': 1.0624765561937885e-07, 'epoch': 13.4}
{'loss': 0.0024, 'grad_norm': 0.26467353105545044, 'learning_rate': 1.010557661735173e-07, 'epoch': 13.44}
{'loss': 0.0021, 'grad_norm': 0.44936829805374146, 'learning_rate': 9.598993102661664e-08, 'epoch': 13.48}
{'loss': 0.0024, 'grad_norm': 0.785240650177002, 'learning_rate': 9.10505612757037e-08, 'epoch': 13.52}
{'loss': 0.0032, 'grad_norm': 0.5128569602966309, 'learning_rate': 8.623805775502439e-08, 'epoch': 13.56}
{'loss': 0.0021, 'grad_norm': 0.4145488142967224, 'learning_rate': 8.155281100351816e-08, 'epoch': 13.6}
{'loss': 0.0021, 'grad_norm': 0.5886027812957764, 'learning_rate': 7.69952012331242e-08, 'epoch': 13.64}
{'loss': 0.0024, 'grad_norm': 0.5708279013633728, 'learning_rate': 7.256559829792715e-08, 'epoch': 13.68}
{'loss': 0.0022, 'grad_norm': 1.1424130201339722, 'learning_rate': 6.826436166414295e-08, 'epoch': 13.72}
{'loss': 0.0036, 'grad_norm': 0.43238329887390137, 'learning_rate': 6.409184038094897e-08, 'epoch': 13.76}
{'loss': 0.0028, 'grad_norm': 0.4320725202560425, 'learning_rate': 6.004837305215644e-08, 'epoch': 13.8}
{'loss': 0.0024, 'grad_norm': 0.7267889380455017, 'learning_rate': 5.613428780873377e-08, 'epoch': 13.84}
{'loss': 0.0023, 'grad_norm': 0.7230299711227417, 'learning_rate': 5.234990228217843e-08, 'epoch': 13.88}
{'loss': 0.0022, 'grad_norm': 0.7221282124519348, 'learning_rate': 4.8695523578740117e-08, 'epoch': 13.92}
{'loss': 0.0025, 'grad_norm': 0.8135603666305542, 'learning_rate': 4.517144825449971e-08, 'epoch': 13.96}
{'loss': 0.0022, 'grad_norm': 0.6730709671974182, 'learning_rate': 4.177796229130246e-08, 'epoch': 14.0}
{'eval_loss': 0.0021270583383738995, 'eval_score': 0.0015872944904473689, 'eval_err_F': 0.0007102013246579501, 'eval_err_M': 0.001294930101850896, 'eval_err_diff': 0.0005847287771929458, 'eval_mse': 0.0009084720920269536, 'eval_mae': 0.020207918693821374, 'eval_runtime': 20.7394, 'eval_samples_per_second': 964.347, 'eval_steps_per_second': 7.57, 'epoch': 14.0}
{'loss': 0.0027, 'grad_norm': 0.5270342826843262, 'learning_rate': 3.851534107355151e-08, 'epoch': 14.04}
{'loss': 0.0023, 'grad_norm': 1.502852439880371, 'learning_rate': 3.538384936585882e-08, 'epoch': 14.08}
{'loss': 0.0029, 'grad_norm': 0.4721554219722748, 'learning_rate': 3.238374129156083e-08, 'epoch': 14.12}
{'loss': 0.0024, 'grad_norm': 1.202427625656128, 'learning_rate': 2.9515260312094812e-08, 'epoch': 14.16}
{'loss': 0.0031, 'grad_norm': 0.3824096620082855, 'learning_rate': 2.6778639207242312e-08, 'epoch': 14.2}
{'loss': 0.0025, 'grad_norm': 1.066847562789917, 'learning_rate': 2.4174100056239064e-08, 'epoch': 14.24}
{'loss': 0.0026, 'grad_norm': 0.35312891006469727, 'learning_rate': 2.1701854219752687e-08, 'epoch': 14.28}
{'loss': 0.0023, 'grad_norm': 0.4524964392185211, 'learning_rate': 1.9362102322730665e-08, 'epoch': 14.32}
{'loss': 0.0025, 'grad_norm': 0.8752115964889526, 'learning_rate': 1.7155034238119674e-08, 'epoch': 14.36}
{'loss': 0.0025, 'grad_norm': 0.47601428627967834, 'learning_rate': 1.5080829071456612e-08, 'epoch': 14.4}
{'loss': 0.003, 'grad_norm': 0.4838765263557434, 'learning_rate': 1.313965514633486e-08, 'epoch': 14.44}
{'loss': 0.0021, 'grad_norm': 0.3037399649620056, 'learning_rate': 1.1331669990744427e-08, 'epoch': 14.48}
{'loss': 0.0024, 'grad_norm': 0.4866677522659302, 'learning_rate': 9.65702032428771e-09, 'epoch': 14.52}
{'loss': 0.0023, 'grad_norm': 0.2682507634162903, 'learning_rate': 8.115842046274287e-09, 'epoch': 14.56}
{'loss': 0.0023, 'grad_norm': 0.759565532207489, 'learning_rate': 6.708260224691482e-09, 'epoch': 14.6}
{'loss': 0.0021, 'grad_norm': 0.21824152767658234, 'learning_rate': 5.434389086055458e-09, 'epoch': 14.64}
{'loss': 0.0022, 'grad_norm': 0.9294953942298889, 'learning_rate': 4.2943320061415615e-09, 'epoch': 14.68}
{'loss': 0.0026, 'grad_norm': 0.22961829602718353, 'learning_rate': 3.288181501595196e-09, 'epoch': 14.72}
{'loss': 0.0022, 'grad_norm': 0.6678709387779236, 'learning_rate': 2.416019222424697e-09, 'epoch': 14.76}
{'loss': 0.0028, 'grad_norm': 0.6356822848320007, 'learning_rate': 1.6779159453741952e-09, 'epoch': 14.8}
{'loss': 0.0023, 'grad_norm': 0.6335115432739258, 'learning_rate': 1.0739315681808632e-09, 'epoch': 14.84}
{'loss': 0.0027, 'grad_norm': 1.5804287195205688, 'learning_rate': 6.041151047138013e-10, 'epoch': 14.88}
{'loss': 0.0024, 'grad_norm': 0.35349035263061523, 'learning_rate': 2.6850468099676113e-10, 'epoch': 14.92}
{'loss': 0.0021, 'grad_norm': 0.17214953899383545, 'learning_rate': 6.712753211397356e-11, 'epoch': 14.96}
{'loss': 0.0024, 'grad_norm': 0.6711994409561157, 'learning_rate': 0.0, 'epoch': 15.0}
{'eval_loss': 0.002107648178935051, 'eval_score': 0.0015718621766570217, 'eval_err_F': 0.0007080087434798104, 'eval_err_M': 0.001283911032264618, 'eval_err_diff': 0.0005759022887848077, 'eval_mse': 0.000919134973616322, 'eval_mae': 0.020383412270478404, 'eval_runtime': 20.2937, 'eval_samples_per_second': 985.528, 'eval_steps_per_second': 7.736, 'epoch': 15.0}
{'train_runtime': 4258.1403, 'train_samples_per_second': 281.813, 'train_steps_per_second': 4.403, 'train_loss': 0.021495074847539267, 'epoch': 15.0}
[EMA] Swapped EMA weights into model (decay=0.9998)
[EMA] Swapped EMA weights into model (decay=0.9998)
score=0.00190 | err_diff=0.00072 | loss=0.00248
score=0.00190 | err_diff=0.00072 | loss=0.00248
Saved 30 worst predictions: results/optuna_dinov3-vitb16-3090-v2_trial_21/worst/worst.csv + results/optuna_dinov3-vitb16-3090-v2_trial_21/worst/images
Model saved: models:/m-36857bf17d7b4e63bcb6c97079925582
Trial 21: score=inf err_F=inf err_M=inf err_diff=inf
Loaded 100,000 samples from data/raw/train.csv
Loaded 100,000 samples from data/raw/train.csv
Train: 80,000 | Val: 20,000
Train: 80,000 | Val: 20,000
PMF ratios test/train (20 bins of 0.025): [0.214, 0.337, 0.563, 0.732, 0.92, 1.072, 1.31, 1.449, 1.624, 1.867, 1.999, 1.875, 1.57, 1.328, 1.34, 0.66, 0.939, 0.066, 0.066, 0.066]
loss_importance_reweight ON (applied in training loss)
eval_importance_reweight ON (eval_score reweighted to test distribution)
Gender reweight: F=1.352, M=0.648 (mean=1.0)
PMF ratios test/train (20 bins of 0.025): [0.214, 0.337, 0.563, 0.732, 0.92, 1.072, 1.31, 1.449, 1.624, 1.867, 1.999, 1.875, 1.57, 1.328, 1.34, 0.66, 0.939, 0.066, 0.066, 0.066]
loss_importance_reweight ON (applied in training loss)
eval_importance_reweight ON (eval_score reweighted to test distribution)
Gender reweight: F=1.352, M=0.648 (mean=1.0)
DINOv3 drop_path_rate=0.10260845183062595 applied (linear 0 → 0.103 across 12 blocks via sample_drop_ratio)
DINOv3 drop_path_rate=0.10260845183062595 applied (linear 0 → 0.103 across 12 blocks via sample_drop_ratio)
Loaded DINOv3 weights: dinov3_vitb16_pretrain_lvd1689m-73cec8be.pth
EMA enabled: decay=0.9998, warmup_steps=200
WeightedMSELoss: focal_gamma=0.0, fairness_lambda=1.5094442944543336, importance_reweight=on (mean=1.00), gender_reweight=on (F=1.35, M=0.65)
Training dinov3-vitb16-3090-v2_trial22 (best_metric=eval_score)
Loaded DINOv3 weights: dinov3_vitb16_pretrain_lvd1689m-73cec8be.pth
EMA enabled: decay=0.9998, warmup_steps=200
WeightedMSELoss: focal_gamma=0.0, fairness_lambda=1.5094442944543336, importance_reweight=on (mean=1.00), gender_reweight=on (F=1.35, M=0.65)
Training dinov3-vitb16-3090-v2_trial22 (best_metric=eval_score)
LLRD: 14 groups, LR ∈ [1.22e-05, 2.32e-05]
LLRD: 14 groups, LR ∈ [1.22e-05, 2.32e-05]
{'loss': 0.268, 'grad_norm': 14.77941608428955, 'learning_rate': 3.7957609439206003e-07, 'epoch': 0.04}
{'loss': 0.1897, 'grad_norm': 5.929289817810059, 'learning_rate': 7.591521887841201e-07, 'epoch': 0.08}
{'loss': 0.153, 'grad_norm': 4.551548957824707, 'learning_rate': 1.13872828317618e-06, 'epoch': 0.12}
{'loss': 0.1445, 'grad_norm': 3.991722583770752, 'learning_rate': 1.5183043775682401e-06, 'epoch': 0.16}
{'loss': 0.1417, 'grad_norm': 6.748783111572266, 'learning_rate': 1.8978804719603004e-06, 'epoch': 0.2}
{'loss': 0.1337, 'grad_norm': 11.691840171813965, 'learning_rate': 2.27745656635236e-06, 'epoch': 0.24}
{'loss': 0.1378, 'grad_norm': 8.97651195526123, 'learning_rate': 2.6570326607444204e-06, 'epoch': 0.28}
{'loss': 0.1352, 'grad_norm': 4.525932312011719, 'learning_rate': 3.0366087551364803e-06, 'epoch': 0.32}
{'loss': 0.1356, 'grad_norm': 3.751126527786255, 'learning_rate': 3.4161848495285405e-06, 'epoch': 0.36}
{'loss': 0.1284, 'grad_norm': 7.761202812194824, 'learning_rate': 3.7957609439206008e-06, 'epoch': 0.4}
{'loss': 0.1299, 'grad_norm': 1.8118818998336792, 'learning_rate': 4.1753370383126606e-06, 'epoch': 0.44}
{'loss': 0.1294, 'grad_norm': 5.361355304718018, 'learning_rate': 4.55491313270472e-06, 'epoch': 0.48}
{'loss': 0.1329, 'grad_norm': 3.347658634185791, 'learning_rate': 4.934489227096781e-06, 'epoch': 0.52}
{'loss': 0.1351, 'grad_norm': 17.74262237548828, 'learning_rate': 5.314065321488841e-06, 'epoch': 0.56}
{'loss': 0.1316, 'grad_norm': 2.2396936416625977, 'learning_rate': 5.693641415880901e-06, 'epoch': 0.6}
{'loss': 0.1307, 'grad_norm': 7.920942306518555, 'learning_rate': 6.0732175102729605e-06, 'epoch': 0.64}
{'loss': 0.133, 'grad_norm': 2.514065742492676, 'learning_rate': 6.452793604665021e-06, 'epoch': 0.68}
{'loss': 0.1347, 'grad_norm': 6.253156661987305, 'learning_rate': 6.832369699057081e-06, 'epoch': 0.72}
{'loss': 0.1305, 'grad_norm': 2.863525629043579, 'learning_rate': 7.211945793449142e-06, 'epoch': 0.76}
{'loss': 0.1238, 'grad_norm': 1.3328070640563965, 'learning_rate': 7.5915218878412015e-06, 'epoch': 0.8}
{'loss': 0.128, 'grad_norm': 6.578140735626221, 'learning_rate': 7.97109798223326e-06, 'epoch': 0.84}
{'loss': 0.1292, 'grad_norm': 1.5100457668304443, 'learning_rate': 8.350674076625321e-06, 'epoch': 0.88}
{'loss': 0.1242, 'grad_norm': 6.2076921463012695, 'learning_rate': 8.730250171017382e-06, 'epoch': 0.92}
{'loss': 0.1276, 'grad_norm': 3.1573641300201416, 'learning_rate': 9.10982626540944e-06, 'epoch': 0.96}
{'loss': 0.1261, 'grad_norm': 1.76145339012146, 'learning_rate': 9.489402359801501e-06, 'epoch': 1.0}
{'eval_loss': 0.017089543864130974, 'eval_score': 0.012191622542053181, 'eval_err_F': 0.011510780725604722, 'eval_err_M': 0.010149097092707806, 'eval_err_diff': 0.0013616836328969161, 'eval_mse': 0.003872113497713656, 'eval_mae': 0.043111269153136164, 'eval_runtime': 20.7656, 'eval_samples_per_second': 963.131, 'eval_steps_per_second': 7.561, 'epoch': 1.0}
{'loss': 0.1224, 'grad_norm': 1.4385050535202026, 'learning_rate': 9.868978454193562e-06, 'epoch': 1.04}
{'loss': 0.1147, 'grad_norm': 4.855154514312744, 'learning_rate': 1.0248554548585623e-05, 'epoch': 1.08}
{'loss': 0.1098, 'grad_norm': 7.338670253753662, 'learning_rate': 1.0628130642977682e-05, 'epoch': 1.12}
{'loss': 0.1052, 'grad_norm': 2.7700326442718506, 'learning_rate': 1.100770673736974e-05, 'epoch': 1.16}
{'loss': 0.0994, 'grad_norm': 1.4887094497680664, 'learning_rate': 1.1387282831761801e-05, 'epoch': 1.2}
{'loss': 0.0977, 'grad_norm': 2.2206928730010986, 'learning_rate': 1.1766858926153862e-05, 'epoch': 1.24}
{'loss': 0.0963, 'grad_norm': 1.224731206893921, 'learning_rate': 1.2146435020545921e-05, 'epoch': 1.28}
{'loss': 0.0879, 'grad_norm': 3.444753646850586, 'learning_rate': 1.2191753609721533e-05, 'epoch': 1.32}
{'loss': 0.0837, 'grad_norm': 1.8247499465942383, 'learning_rate': 1.2190931969699303e-05, 'epoch': 1.36}
{'loss': 0.079, 'grad_norm': 3.385669708251953, 'learning_rate': 1.2189515025090105e-05, 'epoch': 1.4}
{'loss': 0.0791, 'grad_norm': 2.9793787002563477, 'learning_rate': 1.218750291428966e-05, 'epoch': 1.44}
{'loss': 0.0772, 'grad_norm': 1.6198924779891968, 'learning_rate': 1.2184895833824734e-05, 'epoch': 1.48}
{'loss': 0.0767, 'grad_norm': 5.293365955352783, 'learning_rate': 1.218169403833392e-05, 'epoch': 1.52}
{'loss': 0.0765, 'grad_norm': 2.0785200595855713, 'learning_rate': 1.2177897840542789e-05, 'epoch': 1.56}
{'loss': 0.0708, 'grad_norm': 1.5843271017074585, 'learning_rate': 1.2173507611233332e-05, 'epoch': 1.6}
{'loss': 0.0747, 'grad_norm': 3.2009286880493164, 'learning_rate': 1.2168523779207753e-05, 'epoch': 1.64}
{'loss': 0.0732, 'grad_norm': 2.9571473598480225, 'learning_rate': 1.2162946831246578e-05, 'epoch': 1.68}
{'loss': 0.0685, 'grad_norm': 1.1856036186218262, 'learning_rate': 1.2156777312061125e-05, 'epoch': 1.72}
{'loss': 0.0678, 'grad_norm': 2.2608561515808105, 'learning_rate': 1.2150015824240277e-05, 'epoch': 1.76}
{'loss': 0.0653, 'grad_norm': 2.0161988735198975, 'learning_rate': 1.214266302819165e-05, 'epoch': 1.8}
{'loss': 0.0675, 'grad_norm': 3.4598865509033203, 'learning_rate': 1.2134719642077082e-05, 'epoch': 1.84}
{'loss': 0.0666, 'grad_norm': 2.06052827835083, 'learning_rate': 1.2126186441742482e-05, 'epoch': 1.88}
{'loss': 0.0635, 'grad_norm': 2.306756019592285, 'learning_rate': 1.2117064260642058e-05, 'epoch': 1.92}
{'loss': 0.064, 'grad_norm': 2.9274463653564453, 'learning_rate': 1.2107353989756908e-05, 'epoch': 1.96}
{'loss': 0.0674, 'grad_norm': 1.3097577095031738, 'learning_rate': 1.2097056577508001e-05, 'epoch': 2.0}
{'eval_loss': 0.008862939663231373, 'eval_score': 0.005390904589666493, 'eval_err_F': 0.005282084228804763, 'eval_err_M': 0.005064443507081302, 'eval_err_diff': 0.00021764072172346036, 'eval_mse': 0.002237287410154648, 'eval_mae': 0.035994254126533266, 'eval_runtime': 20.9202, 'eval_samples_per_second': 956.014, 'eval_steps_per_second': 7.505, 'epoch': 2.0}
{'loss': 0.066, 'grad_norm': 5.439779281616211, 'learning_rate': 1.2086173029663542e-05, 'epoch': 2.04}
{'loss': 0.067, 'grad_norm': 7.76570463180542, 'learning_rate': 1.2074704409240732e-05, 'epoch': 2.08}
{'loss': 0.062, 'grad_norm': 5.3325395584106445, 'learning_rate': 1.2062651836401947e-05, 'epoch': 2.12}
{'loss': 0.0633, 'grad_norm': 4.733510494232178, 'learning_rate': 1.2050016488345325e-05, 'epoch': 2.16}
{'loss': 0.0632, 'grad_norm': 1.4540081024169922, 'learning_rate': 1.2036799599189787e-05, 'epoch': 2.2}
{'loss': 0.059, 'grad_norm': 1.9304555654525757, 'learning_rate': 1.2023002459854504e-05, 'epoch': 2.24}
{'loss': 0.0611, 'grad_norm': 2.270822525024414, 'learning_rate': 1.20086264179328e-05, 'epoch': 2.28}
{'loss': 0.0597, 'grad_norm': 2.089592218399048, 'learning_rate': 1.1993672877560545e-05, 'epoch': 2.32}
{'loss': 0.0574, 'grad_norm': 2.957821846008301, 'learning_rate': 1.197814329927899e-05, 'epoch': 2.36}
{'loss': 0.0615, 'grad_norm': 1.8399343490600586, 'learning_rate': 1.1962039199892137e-05, 'epoch': 2.4}
{'loss': 0.0592, 'grad_norm': 2.2325031757354736, 'learning_rate': 1.1945362152318569e-05, 'epoch': 2.44}
{'loss': 0.0571, 'grad_norm': 7.138041973114014, 'learning_rate': 1.1928113785437827e-05, 'epoch': 2.48}
{'loss': 0.0563, 'grad_norm': 4.334555625915527, 'learning_rate': 1.1910295783931323e-05, 'epoch': 2.52}
{'loss': 0.056, 'grad_norm': 4.476174831390381, 'learning_rate': 1.1891909888117779e-05, 'epoch': 2.56}
{'loss': 0.0565, 'grad_norm': 1.3222965002059937, 'learning_rate': 1.1872957893783262e-05, 'epoch': 2.6}
{'loss': 0.059, 'grad_norm': 3.882056713104248, 'learning_rate': 1.185344165200577e-05, 'epoch': 2.64}
{'loss': 0.0547, 'grad_norm': 2.0934932231903076, 'learning_rate': 1.1833363068974448e-05, 'epoch': 2.68}
{'loss': 0.0543, 'grad_norm': 1.8973618745803833, 'learning_rate': 1.1812724105803396e-05, 'epoch': 2.72}
{'loss': 0.051, 'grad_norm': 0.8524155616760254, 'learning_rate': 1.1791526778340134e-05, 'epoch': 2.76}
{'loss': 0.051, 'grad_norm': 2.3202943801879883, 'learning_rate': 1.1769773156968697e-05, 'epoch': 2.8}
{'loss': 0.0466, 'grad_norm': 2.366377115249634, 'learning_rate': 1.1747465366407427e-05, 'epoch': 2.84}
{'loss': 0.0445, 'grad_norm': 3.7032251358032227, 'learning_rate': 1.1724605585501445e-05, 'epoch': 2.88}
{'loss': 0.0429, 'grad_norm': 0.9311922192573547, 'learning_rate': 1.1701196047009837e-05, 'epoch': 2.92}
{'loss': 0.0396, 'grad_norm': 5.023175239562988, 'learning_rate': 1.1677239037387581e-05, 'epoch': 2.96}
{'loss': 0.0386, 'grad_norm': 1.4029682874679565, 'learning_rate': 1.1652736896562216e-05, 'epoch': 3.0}
{'eval_loss': 0.012057480402290821, 'eval_score': 0.008323655212641072, 'eval_err_F': 0.007358590300422624, 'eval_err_M': 0.008001966908568256, 'eval_err_diff': 0.0006433766081456321, 'eval_mse': 0.002651569527316495, 'eval_mae': 0.03763087437408358, 'eval_runtime': 20.8328, 'eval_samples_per_second': 960.023, 'eval_steps_per_second': 7.536, 'epoch': 3.0}
{'loss': 0.039, 'grad_norm': 1.1339879035949707, 'learning_rate': 1.1627692017705301e-05, 'epoch': 3.04}
{'loss': 0.036, 'grad_norm': 1.0416024923324585, 'learning_rate': 1.1602106846998678e-05, 'epoch': 3.08}
{'loss': 0.0383, 'grad_norm': 1.9064805507659912, 'learning_rate': 1.1575983883395532e-05, 'epoch': 3.12}
{'loss': 0.0365, 'grad_norm': 0.9220705628395081, 'learning_rate': 1.1549325678376324e-05, 'epoch': 3.16}
{'loss': 0.0349, 'grad_norm': 2.6737630367279053, 'learning_rate': 1.1522134835699586e-05, 'epoch': 3.2}
{'loss': 0.0348, 'grad_norm': 3.1229407787323, 'learning_rate': 1.1494414011147595e-05, 'epoch': 3.24}
{'loss': 0.0351, 'grad_norm': 4.623743057250977, 'learning_rate': 1.1466165912266991e-05, 'epoch': 3.28}
{'loss': 0.032, 'grad_norm': 9.930957794189453, 'learning_rate': 1.1437393298104316e-05, 'epoch': 3.32}
{'loss': 0.0326, 'grad_norm': 1.5179054737091064, 'learning_rate': 1.140809897893653e-05, 'epoch': 3.36}
{'loss': 0.0305, 'grad_norm': 0.8587030172348022, 'learning_rate': 1.1378285815996542e-05, 'epoch': 3.4}
{'loss': 0.0289, 'grad_norm': 0.6923156380653381, 'learning_rate': 1.1347956721193731e-05, 'epoch': 3.44}
{'loss': 0.0265, 'grad_norm': 2.1650967597961426, 'learning_rate': 1.1317114656829543e-05, 'epoch': 3.48}
{'loss': 0.0296, 'grad_norm': 1.251142978668213, 'learning_rate': 1.1285762635308154e-05, 'epoch': 3.52}
{'loss': 0.0269, 'grad_norm': 0.5518838167190552, 'learning_rate': 1.1253903718842243e-05, 'epoch': 3.56}
{'loss': 0.0248, 'grad_norm': 1.280321478843689, 'learning_rate': 1.1221541019153898e-05, 'epoch': 3.6}
{'loss': 0.0254, 'grad_norm': 2.749546527862549, 'learning_rate': 1.1188677697170697e-05, 'epoch': 3.64}
{'loss': 0.0251, 'grad_norm': 1.2512935400009155, 'learning_rate': 1.115531696271696e-05, 'epoch': 3.68}
{'loss': 0.0248, 'grad_norm': 3.252673864364624, 'learning_rate': 1.1121462074200252e-05, 'epoch': 3.72}
{'loss': 0.0237, 'grad_norm': 3.225447654724121, 'learning_rate': 1.1087116338293119e-05, 'epoch': 3.76}
{'loss': 0.0218, 'grad_norm': 0.6548418402671814, 'learning_rate': 1.1052283109610125e-05, 'epoch': 3.8}
{'loss': 0.0221, 'grad_norm': 1.1559226512908936, 'learning_rate': 1.1016965790380194e-05, 'epoch': 3.84}
{'loss': 0.0213, 'grad_norm': 1.3927512168884277, 'learning_rate': 1.0981167830114322e-05, 'epoch': 3.88}
{'loss': 0.0206, 'grad_norm': 1.1527382135391235, 'learning_rate': 1.0944892725268631e-05, 'epoch': 3.92}
{'loss': 0.0199, 'grad_norm': 4.34595251083374, 'learning_rate': 1.0908144018902887e-05, 'epoch': 3.96}
{'loss': 0.0201, 'grad_norm': 1.6660305261611938, 'learning_rate': 1.0870925300334435e-05, 'epoch': 4.0}
{'eval_loss': 0.0038728786166757345, 'eval_score': 0.002376838208705481, 'eval_err_F': 0.0019409410752206414, 'eval_err_M': 0.0022315391642105343, 'eval_err_diff': 0.0002905980889898929, 'eval_mse': 0.0026680460379710376, 'eval_mae': 0.043626155535824, 'eval_runtime': 20.7396, 'eval_samples_per_second': 964.338, 'eval_steps_per_second': 7.57, 'epoch': 4.0}
{'loss': 0.0212, 'grad_norm': 2.4543848037719727, 'learning_rate': 1.083324020478762e-05, 'epoch': 4.04}
{'loss': 0.021, 'grad_norm': 1.4943904876708984, 'learning_rate': 1.079509241303873e-05, 'epoch': 4.08}
{'loss': 0.0192, 'grad_norm': 1.0716848373413086, 'learning_rate': 1.0756485651056488e-05, 'epoch': 4.12}
{'loss': 0.0173, 'grad_norm': 0.9203281402587891, 'learning_rate': 1.0717423689638127e-05, 'epoch': 4.16}
{'loss': 0.0188, 'grad_norm': 4.026418209075928, 'learning_rate': 1.0677910344041094e-05, 'epoch': 4.2}
{'loss': 0.0179, 'grad_norm': 0.6332244277000427, 'learning_rate': 1.0637949473610401e-05, 'epoch': 4.24}
{'loss': 0.0174, 'grad_norm': 0.48844367265701294, 'learning_rate': 1.0597544981401678e-05, 'epoch': 4.28}
{'loss': 0.0164, 'grad_norm': 0.48399612307548523, 'learning_rate': 1.0556700813799952e-05, 'epoch': 4.32}
{'loss': 0.0175, 'grad_norm': 3.1020352840423584, 'learning_rate': 1.0515420960134203e-05, 'epoch': 4.36}
{'loss': 0.0163, 'grad_norm': 1.782824993133545, 'learning_rate': 1.0473709452287703e-05, 'epoch': 4.4}
{'loss': 0.016, 'grad_norm': 1.0589452981948853, 'learning_rate': 1.0431570364304234e-05, 'epoch': 4.44}
{'loss': 0.016, 'grad_norm': 1.674869179725647, 'learning_rate': 1.0389007811990153e-05, 'epoch': 4.48}
{'loss': 0.0145, 'grad_norm': 0.7718617916107178, 'learning_rate': 1.0346025952512399e-05, 'epoch': 4.52}
{'loss': 0.0166, 'grad_norm': 4.001577377319336, 'learning_rate': 1.0302628983992456e-05, 'epoch': 4.56}
{'loss': 0.0152, 'grad_norm': 2.2746543884277344, 'learning_rate': 1.0258821145096308e-05, 'epoch': 4.6}
{'loss': 0.0148, 'grad_norm': 1.6877022981643677, 'learning_rate': 1.0214606714620452e-05, 'epoch': 4.64}
{'loss': 0.016, 'grad_norm': 1.6526882648468018, 'learning_rate': 1.0169990011073967e-05, 'epoch': 4.68}
{'loss': 0.014, 'grad_norm': 0.7972506284713745, 'learning_rate': 1.012497539225672e-05, 'epoch': 4.72}
{'loss': 0.0147, 'grad_norm': 1.3063576221466064, 'learning_rate': 1.0079567254833739e-05, 'epoch': 4.76}
{'loss': 0.0135, 'grad_norm': 0.8265172839164734, 'learning_rate': 1.0033770033905772e-05, 'epoch': 4.8}
{'loss': 0.0144, 'grad_norm': 1.902084469795227, 'learning_rate': 9.98758820257611e-06, 'epoch': 4.84}
{'loss': 0.0134, 'grad_norm': 1.1853797435760498, 'learning_rate': 9.941026271513687e-06, 'epoch': 4.88}
{'loss': 0.014, 'grad_norm': 3.456637382507324, 'learning_rate': 9.89408878851251e-06, 'epoch': 4.92}
{'loss': 0.0147, 'grad_norm': 0.6594544649124146, 'learning_rate': 9.846780338047477e-06, 'epoch': 4.96}
{'loss': 0.0134, 'grad_norm': 1.9993276596069336, 'learning_rate': 9.79910554082659e-06, 'epoch': 5.0}
{'eval_loss': 0.0028135005850344896, 'eval_score': 0.0018245862727639965, 'eval_err_F': 0.0011330013301706022, 'eval_err_M': 0.0015940579585661985, 'eval_err_diff': 0.00046105662839559624, 'eval_mse': 0.0018119946098783175, 'eval_mae': 0.033931865826196374, 'eval_runtime': 20.9438, 'eval_samples_per_second': 954.937, 'eval_steps_per_second': 7.496, 'epoch': 5.0}
{'loss': 0.0127, 'grad_norm': 1.6365211009979248, 'learning_rate': 9.751069053339658e-06, 'epoch': 5.04}
{'loss': 0.014, 'grad_norm': 3.0725417137145996, 'learning_rate': 9.70267556740347e-06, 'epoch': 5.08}
{'loss': 0.0163, 'grad_norm': 1.644741415977478, 'learning_rate': 9.653929809703546e-06, 'epoch': 5.12}
{'loss': 0.0133, 'grad_norm': 2.2629549503326416, 'learning_rate': 9.604836541332482e-06, 'epoch': 5.16}
{'loss': 0.0143, 'grad_norm': 3.133371353149414, 'learning_rate': 9.555400557324903e-06, 'epoch': 5.2}
{'loss': 0.013, 'grad_norm': 0.9021856784820557, 'learning_rate': 9.505626686189135e-06, 'epoch': 5.24}
{'loss': 0.0123, 'grad_norm': 0.5247910022735596, 'learning_rate': 9.455519789435601e-06, 'epoch': 5.28}
{'loss': 0.0131, 'grad_norm': 0.9162716269493103, 'learning_rate': 9.405084761101974e-06, 'epoch': 5.32}
{'loss': 0.0125, 'grad_norm': 0.8568673729896545, 'learning_rate': 9.354326527275183e-06, 'epoch': 5.36}
{'loss': 0.013, 'grad_norm': 1.588141918182373, 'learning_rate': 9.303250045610252e-06, 'epoch': 5.4}
{'loss': 0.0115, 'grad_norm': 0.5424794554710388, 'learning_rate': 9.2518603048461e-06, 'epoch': 5.44}
{'loss': 0.0123, 'grad_norm': 0.4877665042877197, 'learning_rate': 9.20016232431826e-06, 'epoch': 5.48}
{'loss': 0.0129, 'grad_norm': 1.601273536682129, 'learning_rate': 9.148161153468641e-06, 'epoch': 5.52}
{'loss': 0.0114, 'grad_norm': 1.937064528465271, 'learning_rate': 9.095861871352344e-06, 'epoch': 5.56}
{'loss': 0.0118, 'grad_norm': 1.7017301321029663, 'learning_rate': 9.043269586141572e-06, 'epoch': 5.6}
{'loss': 0.0125, 'grad_norm': 2.177091360092163, 'learning_rate': 8.990389434626704e-06, 'epoch': 5.64}
{'loss': 0.0115, 'grad_norm': 1.1070739030838013, 'learning_rate': 8.937226581714582e-06, 'epoch': 5.68}
{'loss': 0.0112, 'grad_norm': 0.46965929865837097, 'learning_rate': 8.883786219924042e-06, 'epoch': 5.72}
{'loss': 0.0115, 'grad_norm': 0.6408254504203796, 'learning_rate': 8.830073568878747e-06, 'epoch': 5.76}
{'loss': 0.0113, 'grad_norm': 1.6657649278640747, 'learning_rate': 8.776093874797383e-06, 'epoch': 5.8}
{'loss': 0.0129, 'grad_norm': 1.7897224426269531, 'learning_rate': 8.72185240998124e-06, 'epoch': 5.84}
{'loss': 0.0108, 'grad_norm': 0.4872877597808838, 'learning_rate': 8.66735447229927e-06, 'epoch': 5.88}
{'loss': 0.0122, 'grad_norm': 0.695763111114502, 'learning_rate': 8.612605384670624e-06, 'epoch': 5.92}
{'loss': 0.0113, 'grad_norm': 0.8118607401847839, 'learning_rate': 8.557610494544755e-06, 'epoch': 5.96}
{'loss': 0.0116, 'grad_norm': 0.7434802055358887, 'learning_rate': 8.50237517337912e-06, 'epoch': 6.0}
{'eval_loss': 0.002989749889820814, 'eval_score': 0.0019862042899460378, 'eval_err_F': 0.0013499889805562825, 'eval_err_M': 0.001774132520149453, 'eval_err_diff': 0.00042414353959317037, 'eval_mse': 0.0017834704446135347, 'eval_mae': 0.032365591288677754, 'eval_runtime': 30.4697, 'eval_samples_per_second': 656.389, 'eval_steps_per_second': 5.153, 'epoch': 6.0}
{'loss': 0.0117, 'grad_norm': 1.0451077222824097, 'learning_rate': 8.446904816114542e-06, 'epoch': 6.04}
{'loss': 0.0107, 'grad_norm': 0.8074478507041931, 'learning_rate': 8.391204840648275e-06, 'epoch': 6.08}
{'loss': 0.0106, 'grad_norm': 1.2863006591796875, 'learning_rate': 8.335280687304834e-06, 'epoch': 6.12}
{'loss': 0.0118, 'grad_norm': 1.8444823026657104, 'learning_rate': 8.279137818304613e-06, 'epoch': 6.16}
{'loss': 0.0105, 'grad_norm': 1.657573938369751, 'learning_rate': 8.222781717230391e-06, 'epoch': 6.2}
{'loss': 0.0108, 'grad_norm': 0.7365196347236633, 'learning_rate': 8.166217888491739e-06, 'epoch': 6.24}
{'loss': 0.0103, 'grad_norm': 0.36536532640457153, 'learning_rate': 8.109451856787384e-06, 'epoch': 6.28}
{'loss': 0.0121, 'grad_norm': 0.47423049807548523, 'learning_rate': 8.05248916656562e-06, 'epoch': 6.32}
{'loss': 0.01, 'grad_norm': 2.036710023880005, 'learning_rate': 7.99533538148275e-06, 'epoch': 6.36}
{'loss': 0.0102, 'grad_norm': 0.6067763566970825, 'learning_rate': 7.937996083859685e-06, 'epoch': 6.4}
{'loss': 0.0109, 'grad_norm': 0.5057781338691711, 'learning_rate': 7.880476874136709e-06, 'epoch': 6.44}
{'loss': 0.0121, 'grad_norm': 0.8991108536720276, 'learning_rate': 7.822783370326461e-06, 'epoch': 6.48}
{'loss': 0.0105, 'grad_norm': 0.7631450891494751, 'learning_rate': 7.764921207465228e-06, 'epoch': 6.52}
{'loss': 0.0099, 'grad_norm': 0.7398345470428467, 'learning_rate': 7.706896037062553e-06, 'epoch': 6.56}
{'loss': 0.0106, 'grad_norm': 0.7548418045043945, 'learning_rate': 7.648713526549238e-06, 'epoch': 6.6}
{'loss': 0.0098, 'grad_norm': 0.39635542035102844, 'learning_rate': 7.590379358723802e-06, 'epoch': 6.64}
{'loss': 0.0097, 'grad_norm': 1.1154202222824097, 'learning_rate': 7.53189923119742e-06, 'epoch': 6.68}
{'loss': 0.0089, 'grad_norm': 0.7485091090202332, 'learning_rate': 7.473278855837447e-06, 'epoch': 6.72}
{'loss': 0.0088, 'grad_norm': 1.7980514764785767, 'learning_rate': 7.414523958209502e-06, 'epoch': 6.76}
{'loss': 0.0078, 'grad_norm': 1.0220717191696167, 'learning_rate': 7.355640277018265e-06, 'epoch': 6.8}
{'loss': 0.0087, 'grad_norm': 0.2857156991958618, 'learning_rate': 7.296633563546947e-06, 'epoch': 6.84}
{'loss': 0.0065, 'grad_norm': 0.9854980707168579, 'learning_rate': 7.237509581095569e-06, 'epoch': 6.88}
{'loss': 0.0074, 'grad_norm': 1.3307329416275024, 'learning_rate': 7.178274104418033e-06, 'epoch': 6.92}
{'loss': 0.0059, 'grad_norm': 1.563309907913208, 'learning_rate': 7.1189329191581015e-06, 'epoch': 6.96}
{'loss': 0.0072, 'grad_norm': 0.5154833197593689, 'learning_rate': 7.059491821284302e-06, 'epoch': 7.0}
{'eval_loss': 0.0030211114790290594, 'eval_score': 0.0020374156704041904, 'eval_err_F': 0.0013021711198574857, 'eval_err_M': 0.0017923341535552887, 'eval_err_diff': 0.0004901630336978031, 'eval_mse': 0.001096165620785577, 'eval_mae': 0.025241040321945546, 'eval_runtime': 20.8205, 'eval_samples_per_second': 960.59, 'eval_steps_per_second': 7.541, 'epoch': 7.0}
{'loss': 0.0054, 'grad_norm': 0.5564368963241577, 'learning_rate': 6.999956616523812e-06, 'epoch': 7.04}
{'loss': 0.0066, 'grad_norm': 1.0433510541915894, 'learning_rate': 6.9403331197954205e-06, 'epoch': 7.08}
{'loss': 0.0058, 'grad_norm': 0.9650235772132874, 'learning_rate': 6.880627154641559e-06, 'epoch': 7.12}
{'loss': 0.0058, 'grad_norm': 0.625393271446228, 'learning_rate': 6.8208445526595115e-06, 'epoch': 7.16}
{'loss': 0.0054, 'grad_norm': 0.6315847039222717, 'learning_rate': 6.7609911529318246e-06, 'epoch': 7.2}
{'loss': 0.0044, 'grad_norm': 1.1614413261413574, 'learning_rate': 6.7010728014560044e-06, 'epoch': 7.24}
{'loss': 0.0067, 'grad_norm': 1.1757235527038574, 'learning_rate': 6.6410953505735185e-06, 'epoch': 7.28}
{'loss': 0.006, 'grad_norm': 0.3960225582122803, 'learning_rate': 6.581064658398187e-06, 'epoch': 7.32}
{'loss': 0.0055, 'grad_norm': 0.7083041071891785, 'learning_rate': 6.52098658824401e-06, 'epoch': 7.36}
{'loss': 0.0055, 'grad_norm': 1.3065084218978882, 'learning_rate': 6.4608670080524856e-06, 'epoch': 7.4}
{'loss': 0.0049, 'grad_norm': 0.8014253377914429, 'learning_rate': 6.4007117898194805e-06, 'epoch': 7.44}
{'loss': 0.005, 'grad_norm': 0.40044447779655457, 'learning_rate': 6.340526809021697e-06, 'epoch': 7.48}
{'loss': 0.0045, 'grad_norm': 1.0011050701141357, 'learning_rate': 6.280317944042802e-06, 'epoch': 7.52}
{'loss': 0.0053, 'grad_norm': 0.5713266730308533, 'learning_rate': 6.22009107559928e-06, 'epoch': 7.56}
{'loss': 0.0041, 'grad_norm': 0.7358189225196838, 'learning_rate': 6.1598520861660466e-06, 'epoch': 7.6}
{'loss': 0.0044, 'grad_norm': 0.5031229257583618, 'learning_rate': 6.099606859401901e-06, 'epoch': 7.64}
{'loss': 0.0043, 'grad_norm': 0.6618900895118713, 'learning_rate': 6.039361279574853e-06, 'epoch': 7.68}
{'loss': 0.0041, 'grad_norm': 1.5690455436706543, 'learning_rate': 5.9791212309873924e-06, 'epoch': 7.72}
{'loss': 0.0044, 'grad_norm': 0.7113315463066101, 'learning_rate': 5.91889259740177e-06, 'epoch': 7.76}
{'loss': 0.0047, 'grad_norm': 1.3575327396392822, 'learning_rate': 5.858681261465306e-06, 'epoch': 7.8}
{'loss': 0.0045, 'grad_norm': 0.9001125693321228, 'learning_rate': 5.798493104135825e-06, 'epoch': 7.84}
{'loss': 0.0036, 'grad_norm': 1.3147120475769043, 'learning_rate': 5.738334004107258e-06, 'epoch': 7.88}
{'loss': 0.0049, 'grad_norm': 2.0638465881347656, 'learning_rate': 5.678209837235445e-06, 'epoch': 7.92}
{'loss': 0.004, 'grad_norm': 0.42339566349983215, 'learning_rate': 5.618126475964241e-06, 'epoch': 7.96}
{'loss': 0.004, 'grad_norm': 0.4497385323047638, 'learning_rate': 5.558089788751946e-06, 'epoch': 8.0}
{'eval_loss': 0.002406774554401636, 'eval_score': 0.001659099101670607, 'eval_err_F': 0.0008957497330890986, 'eval_err_M': 0.0014046493121434376, 'eval_err_diff': 0.000508899579054339, 'eval_mse': 0.0009710670656293864, 'eval_mae': 0.02289696200093567, 'eval_runtime': 39.4401, 'eval_samples_per_second': 507.098, 'eval_steps_per_second': 3.981, 'epoch': 8.0}
{'loss': 0.004, 'grad_norm': 0.4244786202907562, 'learning_rate': 5.498105639498098e-06, 'epoch': 8.04}
{'loss': 0.0043, 'grad_norm': 0.4041960835456848, 'learning_rate': 5.4381798869707675e-06, 'epoch': 8.08}
{'loss': 0.0039, 'grad_norm': 0.3771737515926361, 'learning_rate': 5.378318384234292e-06, 'epoch': 8.12}
{'loss': 0.0035, 'grad_norm': 0.914348304271698, 'learning_rate': 5.318526978077614e-06, 'epoch': 8.16}
{'loss': 0.0034, 'grad_norm': 0.7949801087379456, 'learning_rate': 5.258811508443205e-06, 'epoch': 8.2}
{'loss': 0.0034, 'grad_norm': 1.2047550678253174, 'learning_rate': 5.199177807856665e-06, 'epoch': 8.24}
{'loss': 0.0046, 'grad_norm': 1.0694247484207153, 'learning_rate': 5.13963170085706e-06, 'epoch': 8.28}
{'loss': 0.0041, 'grad_norm': 1.3974453210830688, 'learning_rate': 5.080179003428021e-06, 'epoch': 8.32}
{'loss': 0.0043, 'grad_norm': 0.4812013506889343, 'learning_rate': 5.0208255224296756e-06, 'epoch': 8.36}
{'loss': 0.0043, 'grad_norm': 0.7081266641616821, 'learning_rate': 4.9615770550315015e-06, 'epoch': 8.4}
{'loss': 0.0038, 'grad_norm': 1.3439171314239502, 'learning_rate': 4.902439388146086e-06, 'epoch': 8.44}
{'loss': 0.0042, 'grad_norm': 0.7162207961082458, 'learning_rate': 4.843418297863922e-06, 'epoch': 8.48}
{'loss': 0.0037, 'grad_norm': 0.3164413571357727, 'learning_rate': 4.784519548889238e-06, 'epoch': 8.52}
{'loss': 0.0041, 'grad_norm': 0.23387229442596436, 'learning_rate': 4.725748893976945e-06, 'epoch': 8.56}
{'loss': 0.0042, 'grad_norm': 0.764481782913208, 'learning_rate': 4.667112073370767e-06, 'epoch': 8.6}
{'loss': 0.004, 'grad_norm': 1.0811113119125366, 'learning_rate': 4.608614814242565e-06, 'epoch': 8.64}
{'loss': 0.0039, 'grad_norm': 0.8775654435157776, 'learning_rate': 4.550262830132963e-06, 'epoch': 8.68}
{'loss': 0.0043, 'grad_norm': 1.1137573719024658, 'learning_rate': 4.492061820393298e-06, 'epoch': 8.72}
{'loss': 0.0035, 'grad_norm': 0.37163498997688293, 'learning_rate': 4.4340174696289355e-06, 'epoch': 8.76}
{'loss': 0.0036, 'grad_norm': 0.8027651906013489, 'learning_rate': 4.3761354471440675e-06, 'epoch': 8.8}
{'loss': 0.0036, 'grad_norm': 1.2729426622390747, 'learning_rate': 4.3184214063879605e-06, 'epoch': 8.84}
{'loss': 0.0036, 'grad_norm': 0.6320977210998535, 'learning_rate': 4.260880984402782e-06, 'epoch': 8.88}
{'loss': 0.0038, 'grad_norm': 1.5147416591644287, 'learning_rate': 4.2035198012730205e-06, 'epoch': 8.92}
{'loss': 0.0047, 'grad_norm': 0.4583706259727478, 'learning_rate': 4.146343459576555e-06, 'epoch': 8.96}
{'loss': 0.0033, 'grad_norm': 0.43461379408836365, 'learning_rate': 4.089357543837448e-06, 'epoch': 9.0}
{'eval_loss': 0.0020746304653584957, 'eval_score': 0.0014274081928973212, 'eval_err_F': 0.0007431765887221984, 'eval_err_M': 0.0011993309915056135, 'eval_err_diff': 0.0004561544027834151, 'eval_mse': 0.0009311493631655062, 'eval_mae': 0.022498361769452094, 'eval_runtime': 21.1338, 'eval_samples_per_second': 946.352, 'eval_steps_per_second': 7.429, 'epoch': 9.0}
{'loss': 0.0036, 'grad_norm': 1.058956265449524, 'learning_rate': 4.032567619980482e-06, 'epoch': 9.04}
{'loss': 0.0033, 'grad_norm': 1.0651912689208984, 'learning_rate': 3.9759792347875394e-06, 'epoch': 9.08}
{'loss': 0.003, 'grad_norm': 0.23700983822345734, 'learning_rate': 3.9195979153558325e-06, 'epoch': 9.12}
{'loss': 0.0035, 'grad_norm': 0.5391495823860168, 'learning_rate': 3.863429168558053e-06, 'epoch': 9.16}
{'loss': 0.0031, 'grad_norm': 2.2388038635253906, 'learning_rate': 3.8074784805045147e-06, 'epoch': 9.2}
{'loss': 0.0038, 'grad_norm': 1.207044243812561, 'learning_rate': 3.751751316007312e-06, 'epoch': 9.24}
{'loss': 0.0036, 'grad_norm': 0.7775170803070068, 'learning_rate': 3.696253118046558e-06, 'epoch': 9.28}
{'loss': 0.0037, 'grad_norm': 0.6027997732162476, 'learning_rate': 3.640989307238767e-06, 'epoch': 9.32}
{'loss': 0.0032, 'grad_norm': 1.4822120666503906, 'learning_rate': 3.5859652813073957e-06, 'epoch': 9.36}
{'loss': 0.0034, 'grad_norm': 0.8654707074165344, 'learning_rate': 3.531186414555659e-06, 'epoch': 9.4}
{'loss': 0.004, 'grad_norm': 0.2899107038974762, 'learning_rate': 3.4766580573415892e-06, 'epoch': 9.44}
{'loss': 0.0035, 'grad_norm': 0.37880757451057434, 'learning_rate': 3.422385535555473e-06, 'epoch': 9.48}
{'loss': 0.003, 'grad_norm': 0.657148003578186, 'learning_rate': 3.368374150099657e-06, 'epoch': 9.52}
{'loss': 0.0028, 'grad_norm': 0.7118179202079773, 'learning_rate': 3.3146291763707886e-06, 'epoch': 9.56}
{'loss': 0.0037, 'grad_norm': 1.7796827554702759, 'learning_rate': 3.2611558637445757e-06, 'epoch': 9.6}
{'loss': 0.003, 'grad_norm': 0.5825638175010681, 'learning_rate': 3.2079594350630484e-06, 'epoch': 9.64}
{'loss': 0.0032, 'grad_norm': 0.41224533319473267, 'learning_rate': 3.1550450861244572e-06, 'epoch': 9.68}
{'loss': 0.003, 'grad_norm': 0.5768420696258545, 'learning_rate': 3.1024179851757713e-06, 'epoch': 9.72}
{'loss': 0.0029, 'grad_norm': 0.2677830755710602, 'learning_rate': 3.050083272407889e-06, 'epoch': 9.76}
{'loss': 0.0033, 'grad_norm': 0.4307466745376587, 'learning_rate': 2.998046059453596e-06, 'epoch': 9.8}
{'loss': 0.0032, 'grad_norm': 0.5328341722488403, 'learning_rate': 2.9463114288882953e-06, 'epoch': 9.84}
{'loss': 0.0039, 'grad_norm': 0.4750500023365021, 'learning_rate': 2.8948844337335714e-06, 'epoch': 9.88}
{'loss': 0.0037, 'grad_norm': 0.9215967655181885, 'learning_rate': 2.843770096963675e-06, 'epoch': 9.92}
{'loss': 0.0029, 'grad_norm': 0.649614691734314, 'learning_rate': 2.7929734110148955e-06, 'epoch': 9.96}
{'loss': 0.0033, 'grad_norm': 0.47531771659851074, 'learning_rate': 2.742499337297959e-06, 'epoch': 10.0}
{'eval_loss': 0.002048925496637821, 'eval_score': 0.0013811251519298576, 'eval_err_F': 0.0007397887548409643, 'eval_err_M': 0.0011673463529002265, 'eval_err_diff': 0.00042755759805926223, 'eval_mse': 0.000891015421734813, 'eval_mae': 0.021442622667312027, 'eval_runtime': 22.9675, 'eval_samples_per_second': 870.796, 'eval_steps_per_second': 6.836, 'epoch': 10.0}
{'loss': 0.003, 'grad_norm': 0.2324313223361969, 'learning_rate': 2.6923528057134305e-06, 'epoch': 10.04}
{'loss': 0.003, 'grad_norm': 0.6297674775123596, 'learning_rate': 2.6425387141701902e-06, 'epoch': 10.08}
{'loss': 0.0033, 'grad_norm': 0.7395027875900269, 'learning_rate': 2.59306192810707e-06, 'epoch': 10.12}
{'loss': 0.0026, 'grad_norm': 1.2443299293518066, 'learning_rate': 2.5439272800176083e-06, 'epoch': 10.16}
{'loss': 0.0036, 'grad_norm': 0.3438367545604706, 'learning_rate': 2.4951395689780736e-06, 'epoch': 10.2}
{'loss': 0.0037, 'grad_norm': 1.1777606010437012, 'learning_rate': 2.4467035601787206e-06, 'epoch': 10.24}
{'loss': 0.0028, 'grad_norm': 0.9687021970748901, 'learning_rate': 2.3986239844583596e-06, 'epoch': 10.28}
{'loss': 0.0037, 'grad_norm': 1.424561619758606, 'learning_rate': 2.350905537842293e-06, 'epoch': 10.32}
{'loss': 0.003, 'grad_norm': 1.166894555091858, 'learning_rate': 2.303552881083649e-06, 'epoch': 10.36}
{'loss': 0.0029, 'grad_norm': 0.5205530524253845, 'learning_rate': 2.2565706392081444e-06, 'epoch': 10.4}
{'loss': 0.0035, 'grad_norm': 0.8618772029876709, 'learning_rate': 2.209963401062364e-06, 'epoch': 10.44}
{'loss': 0.0035, 'grad_norm': 1.0399994850158691, 'learning_rate': 2.163735718865545e-06, 'epoch': 10.48}
