================================================================================
OPTUNA HPO - CoAtNet-1 (CNN ~30M) v16 - Baseline CNN (2x 3090, BF16)
  Backbone: timm tf_coatnet1 (ImageNet pretrained)
  Pools: attention_k_query + mil (no CLS, no MHA)
  All v16 features: tri-split + IS stratified + Lagrangian + 3 calibrators
================================================================================
Node: $(hostname) | Job ID: $SLURM_JOB_ID | GPUs: $CUDA_VISIBLE_DEVICES
Started: $(date)
================================================================================
Using device: cuda
Using device: cuda
GPU: NVIDIA GeForce RTX 3090
CUDA Version: 12.6
GPU: NVIDIA GeForce RTX 3090
CUDA Version: 12.6
Study=optuna-coatnet1-3090-v17 | Trials=100 | Mode=score | KeepTopN=3 | Dist=True
MLflow parent: 90221bd876ba474dba0fecf054c7138b
Loaded 100,000 samples from data/raw/train.csv
Loaded 100,000 samples from data/raw/train.csv
Train: 80,015 (iid P_train) | Val: 15,000 (iid P_train, IS-stratified eval) | Test holdout: 4,985 (match P_test via H_C)
Train: 80,015 (iid P_train) | Val: 15,000 (iid P_train, IS-stratified eval) | Test holdout: 4,985 (match P_test via H_C)
Loss weights summary: {'loss_weight_min': 0.35177454352378845, 'loss_weight_max': 4.813632011413574, 'loss_weight_mean': 1.0, 'loss_weight_std': 0.997620701789856, 'target_mean_weighted': 0.15805213070213786, 'target_mean_unweighted': 0.07828713513447533}
Head bias init: target_mean_weighted=0.1581  (unweighted=0.0783)  ->  bias=logit(mean)≈-1.673
Loss weights summary: {'loss_weight_min': 0.35177454352378845, 'loss_weight_max': 4.813632011413574, 'loss_weight_mean': 1.0, 'loss_weight_std': 0.997620701789856, 'target_mean_weighted': 0.15805213070213786, 'target_mean_unweighted': 0.07828713513447533}
Head bias init: target_mean_weighted=0.1581  (unweighted=0.0783)  ->  bias=logit(mean)≈-1.673
[Rank 1] Model built: coatnet_1_rw_224.sw_in1k, pooling=attention_k_query, params=42.7M
Val: iid P_train. Metric uses stratified IS with test_pmf_joint built via H_C (see docs/v12_theory.md §3 — estimate_test_pmf_joint).
correction_strength=0.91 (loss-only, no sampler — v16)
[Rank 0] Model built: coatnet_1_rw_224.sw_in1k, pooling=attention_k_query, params=42.7M
Val: iid P_train. Metric uses stratified IS with test_pmf_joint built via H_C (see docs/v12_theory.md §3 — estimate_test_pmf_joint).
correction_strength=0.91 (loss-only, no sampler — v16)
WeightedMSETrainer: focal_gamma=0.41359090448674135, λ_init=1.0, λ_lr=200.0, λ∈[1.0, 3.0], threshold=0.0003, query_div=0.021044012140104096, adv=0.0, mmd=0.0, ot=0.03551474645632875, sinkhorn=0.0, layer_decay=1.0
WeightedMSETrainer: focal_gamma=0.41359090448674135, λ_init=1.0, λ_lr=200.0, λ∈[1.0, 3.0], threshold=0.0003, query_div=0.021044012140104096, adv=0.0, mmd=0.0, ot=0.03551474645632875, sinkhorn=0.0, layer_decay=1.0
{'loss': 0.0948, 'grad_norm': 74.57591247558594, 'learning_rate': 7.739287131285211e-07, 'epoch': 0.04}
{'loss': 0.0841, 'grad_norm': 29.82916259765625, 'learning_rate': 1.7922559672449965e-06, 'epoch': 0.08}
{'loss': 0.0781, 'grad_norm': 129.89242553710938, 'learning_rate': 2.810583221361471e-06, 'epoch': 0.12}
{'loss': 0.0735, 'grad_norm': 40.821380615234375, 'learning_rate': 3.828910475477947e-06, 'epoch': 0.16}
{'loss': 0.0683, 'grad_norm': 44.9011116027832, 'learning_rate': 4.847237729594421e-06, 'epoch': 0.2}
{'loss': 0.0801, 'grad_norm': 58.187652587890625, 'learning_rate': 5.865564983710897e-06, 'epoch': 0.24}
{'loss': 0.0657, 'grad_norm': 51.981239318847656, 'learning_rate': 6.8838922378273724e-06, 'epoch': 0.28}
{'loss': 0.0694, 'grad_norm': 26.365982055664062, 'learning_rate': 7.902219491943848e-06, 'epoch': 0.32}
{'loss': 0.056, 'grad_norm': 35.8629150390625, 'learning_rate': 8.879813655895663e-06, 'epoch': 0.36}
{'loss': 0.0547, 'grad_norm': 23.576215744018555, 'learning_rate': 9.89814091001214e-06, 'epoch': 0.4}
{'loss': 0.0485, 'grad_norm': 8.759648323059082, 'learning_rate': 1.0916468164128614e-05, 'epoch': 0.44}
{'loss': 0.0357, 'grad_norm': 6.427304744720459, 'learning_rate': 1.1934795418245089e-05, 'epoch': 0.48}
{'loss': 0.0323, 'grad_norm': 6.352352142333984, 'learning_rate': 1.2953122672361565e-05, 'epoch': 0.52}
{'loss': 0.0356, 'grad_norm': 12.693751335144043, 'learning_rate': 1.397144992647804e-05, 'epoch': 0.56}
{'loss': 0.032, 'grad_norm': 5.705805778503418, 'learning_rate': 1.4989777180594516e-05, 'epoch': 0.6}
{'loss': 0.023, 'grad_norm': 3.167262554168701, 'learning_rate': 1.600810443471099e-05, 'epoch': 0.64}
{'loss': 0.0253, 'grad_norm': 3.1484787464141846, 'learning_rate': 1.7026431688827466e-05, 'epoch': 0.68}
{'loss': 0.0226, 'grad_norm': 2.205714464187622, 'learning_rate': 1.804475894294394e-05, 'epoch': 0.72}
{'loss': 0.0187, 'grad_norm': 2.2225847244262695, 'learning_rate': 1.9063086197060415e-05, 'epoch': 0.76}
{'loss': 0.0166, 'grad_norm': 4.604887008666992, 'learning_rate': 2.0081413451176893e-05, 'epoch': 0.8}
{'loss': 0.0162, 'grad_norm': 1.4207371473312378, 'learning_rate': 2.1099740705293364e-05, 'epoch': 0.84}
{'loss': 0.017, 'grad_norm': 0.9786620140075684, 'learning_rate': 2.2118067959409842e-05, 'epoch': 0.88}
{'loss': 0.0226, 'grad_norm': 0.5886637568473816, 'learning_rate': 2.3136395213526317e-05, 'epoch': 0.92}
{'loss': 0.0122, 'grad_norm': 0.884332001209259, 'learning_rate': 2.415472246764279e-05, 'epoch': 0.96}
{'loss': 0.0133, 'grad_norm': 0.7423938512802124, 'learning_rate': 2.5173049721759266e-05, 'epoch': 1.0}
{'eval_loss': 0.005964998155832291, 'eval_challenge_score': 0.005133257008160801, 'eval_err_F': 0.002638643590586271, 'eval_err_M': 0.004301719202302624, 'eval_err_diff': 0.0016630756117163533, 'eval_mae_pct': 4.782867867801445, 'eval_r2': 0.5393560362914931, 'eval_mse': 0.0032070105655523373, 'eval_mae': 0.04782867867801445, 'eval__is_stratified_skipped_cells': 0.0, 'eval_runtime': 32.418, 'eval_samples_per_second': 462.706, 'eval_steps_per_second': 1.82, 'epoch': 1.0}
  Lagrangien epoch 1: λ_adapt=1.2726  val_err_diff=0.001663
{'loss': 0.0133, 'grad_norm': 1.328758955001831, 'learning_rate': 2.619137697587574e-05, 'epoch': 1.04}
{'loss': 0.0128, 'grad_norm': 1.597285270690918, 'learning_rate': 2.7209704229992216e-05, 'epoch': 1.08}
{'loss': 0.0126, 'grad_norm': 2.427208662033081, 'learning_rate': 2.822803148410869e-05, 'epoch': 1.12}
{'loss': 0.0151, 'grad_norm': 1.53800630569458, 'learning_rate': 2.924635873822517e-05, 'epoch': 1.16}
{'loss': 0.0269, 'grad_norm': 5.573629856109619, 'learning_rate': 3.0264685992341643e-05, 'epoch': 1.2}
{'loss': 0.0132, 'grad_norm': 1.2520807981491089, 'learning_rate': 3.128301324645812e-05, 'epoch': 1.24}
{'loss': 0.01, 'grad_norm': 2.025507688522339, 'learning_rate': 3.230134050057459e-05, 'epoch': 1.28}
{'loss': 0.0119, 'grad_norm': 0.8502706289291382, 'learning_rate': 3.3156716632963474e-05, 'epoch': 1.32}
{'loss': 0.0093, 'grad_norm': 2.0430338382720947, 'learning_rate': 3.315574927781899e-05, 'epoch': 1.36}
{'loss': 0.012, 'grad_norm': 1.2850520610809326, 'learning_rate': 3.315331634124631e-05, 'epoch': 1.4}
{'loss': 0.0124, 'grad_norm': 0.6112632155418396, 'learning_rate': 3.314941810302094e-05, 'epoch': 1.44}
{'loss': 0.017, 'grad_norm': 0.8382608294487, 'learning_rate': 3.3144055011420766e-05, 'epoch': 1.48}
{'loss': 0.0276, 'grad_norm': 0.5919520854949951, 'learning_rate': 3.313722768317446e-05, 'epoch': 1.52}
{'loss': 0.01, 'grad_norm': 1.0554031133651733, 'learning_rate': 3.3128936903390595e-05, 'epoch': 1.56}
{'loss': 0.0116, 'grad_norm': 1.1050548553466797, 'learning_rate': 3.311918362546731e-05, 'epoch': 1.6}
{'loss': 0.0143, 'grad_norm': 0.6406381130218506, 'learning_rate': 3.310796897098275e-05, 'epoch': 1.64}
{'loss': 0.01, 'grad_norm': 0.7948141694068909, 'learning_rate': 3.3095294229566005e-05, 'epoch': 1.68}
{'loss': 0.0129, 'grad_norm': 0.7683537006378174, 'learning_rate': 3.308116085874888e-05, 'epoch': 1.72}
{'loss': 0.0172, 'grad_norm': 1.130860447883606, 'learning_rate': 3.3065570483798245e-05, 'epoch': 1.76}
{'loss': 0.0121, 'grad_norm': 1.4572089910507202, 'learning_rate': 3.3048524897529155e-05, 'epoch': 1.8}
{'loss': 0.0084, 'grad_norm': 0.9862629175186157, 'learning_rate': 3.303002606009868e-05, 'epoch': 1.84}
{'loss': 0.0087, 'grad_norm': 1.1666309833526611, 'learning_rate': 3.3010076098780486e-05, 'epoch': 1.88}
{'loss': 0.0122, 'grad_norm': 1.2617504596710205, 'learning_rate': 3.2988677307720234e-05, 'epoch': 1.92}
{'loss': 0.0124, 'grad_norm': 0.818169116973877, 'learning_rate': 3.2965832147671734e-05, 'epoch': 1.96}
{'loss': 0.0079, 'grad_norm': 1.2193537950515747, 'learning_rate': 3.2941543245714006e-05, 'epoch': 2.0}
{'eval_loss': 0.004372535273432732, 'eval_challenge_score': 0.0034467274060315457, 'eval_err_F': 0.001760015775857761, 'eval_err_M': 0.0028844901959736175, 'eval_err_diff': 0.0011244744201158565, 'eval_mae_pct': 3.7567466167647217, 'eval_r2': 0.683095390383327, 'eval_mse': 0.002206294907526518, 'eval_mae': 0.037567466167647216, 'eval__is_stratified_skipped_cells': 0.0, 'eval_runtime': 14.2109, 'eval_samples_per_second': 1055.527, 'eval_steps_per_second': 4.152, 'epoch': 2.0}
  Lagrangien epoch 2: λ_adapt=1.4375  val_err_diff=0.001124
{'loss': 0.0095, 'grad_norm': 0.3611694872379303, 'learning_rate': 3.291581339494914e-05, 'epoch': 2.04}
{'loss': 0.0081, 'grad_norm': 0.9352477788925171, 'learning_rate': 3.288864555418115e-05, 'epoch': 2.08}
{'loss': 0.0077, 'grad_norm': 0.6239908933639526, 'learning_rate': 3.2860042847575674e-05, 'epoch': 2.12}
{'loss': 0.0086, 'grad_norm': 0.4488464593887329, 'learning_rate': 3.283000856430074e-05, 'epoch': 2.16}
{'loss': 0.0206, 'grad_norm': 0.6414257287979126, 'learning_rate': 3.2798546158148546e-05, 'epoch': 2.2}
{'loss': 0.0103, 'grad_norm': 0.9024956226348877, 'learning_rate': 3.276565924713825e-05, 'epoch': 2.24}
{'loss': 0.0122, 'grad_norm': 1.077885389328003, 'learning_rate': 3.273135161309994e-05, 'epoch': 2.28}
{'loss': 0.0084, 'grad_norm': 0.6317135691642761, 'learning_rate': 3.269562720123973e-05, 'epoch': 2.32}
{'loss': 0.0078, 'grad_norm': 2.7733545303344727, 'learning_rate': 3.26584901196861e-05, 'epoch': 2.36}
{'loss': 0.0074, 'grad_norm': 0.7343035936355591, 'learning_rate': 3.2619944639017474e-05, 'epoch': 2.4}
{'loss': 0.0072, 'grad_norm': 0.7608572840690613, 'learning_rate': 3.2579995191771115e-05, 'epoch': 2.44}
{'loss': 0.0071, 'grad_norm': 1.8617324829101562, 'learning_rate': 3.2538646371933414e-05, 'epoch': 2.48}
{'loss': 0.0071, 'grad_norm': 0.6210092902183533, 'learning_rate': 3.24959029344116e-05, 'epoch': 2.52}
{'loss': 0.0076, 'grad_norm': 0.9003299474716187, 'learning_rate': 3.245176979448695e-05, 'epoch': 2.56}
{'loss': 0.0083, 'grad_norm': 1.1595405340194702, 'learning_rate': 3.2406252027249576e-05, 'epoch': 2.6}
{'loss': 0.0078, 'grad_norm': 0.8070845007896423, 'learning_rate': 3.2359354867014774e-05, 'epoch': 2.64}
{'loss': 0.0091, 'grad_norm': 1.43697988986969, 'learning_rate': 3.2311083706721136e-05, 'epoch': 2.68}
{'loss': 0.0076, 'grad_norm': 1.16268789768219, 'learning_rate': 3.2261444097310394e-05, 'epoch': 2.72}
{'loss': 0.0171, 'grad_norm': 0.8603551387786865, 'learning_rate': 3.2210441747089054e-05, 'epoch': 2.76}
{'loss': 0.0138, 'grad_norm': 1.2809960842132568, 'learning_rate': 3.2158082521072006e-05, 'epoch': 2.8}
{'loss': 0.0105, 'grad_norm': 1.3646719455718994, 'learning_rate': 3.2104372440308055e-05, 'epoch': 2.84}
{'loss': 0.0071, 'grad_norm': 0.588978111743927, 'learning_rate': 3.204931768118756e-05, 'epoch': 2.88}
{'loss': 0.007, 'grad_norm': 0.48230379819869995, 'learning_rate': 3.1992924574732104e-05, 'epoch': 2.92}
{'loss': 0.0076, 'grad_norm': 0.6740944981575012, 'learning_rate': 3.193519960586658e-05, 'epoch': 2.96}
{'loss': 0.0185, 'grad_norm': 0.7680417895317078, 'learning_rate': 3.187614941267333e-05, 'epoch': 3.0}
{'eval_loss': 0.0038185715675354004, 'eval_challenge_score': 0.002621624394504879, 'eval_err_F': 0.001710751392235017, 'eval_err_M': 0.002318000060414925, 'eval_err_diff': 0.000607248668179908, 'eval_mae_pct': 3.4303967120785095, 'eval_r2': 0.6969744800372979, 'eval_mse': 0.0021096684657032215, 'eval_mae': 0.034303967120785095, 'eval__is_stratified_skipped_cells': 0.0, 'eval_runtime': 13.8786, 'eval_samples_per_second': 1080.798, 'eval_steps_per_second': 4.251, 'epoch': 3.0}
  Lagrangien epoch 3: λ_adapt=1.4990  val_err_diff=0.000607
{'loss': 0.0071, 'grad_norm': 0.39262330532073975, 'learning_rate': 3.1815780785628906e-05, 'epoch': 3.04}
{'loss': 0.0087, 'grad_norm': 0.5598334074020386, 'learning_rate': 3.175410066682311e-05, 'epoch': 3.08}
{'loss': 0.0066, 'grad_norm': 1.055379033088684, 'learning_rate': 3.1691116149160756e-05, 'epoch': 3.12}
{'loss': 0.0068, 'grad_norm': 0.8230721354484558, 'learning_rate': 3.162683447554598e-05, 'epoch': 3.15}
{'loss': 0.0088, 'grad_norm': 0.7311426997184753, 'learning_rate': 3.156126303804937e-05, 'epoch': 3.19}
{'loss': 0.0098, 'grad_norm': 0.33451274037361145, 'learning_rate': 3.14944093770579e-05, 'epoch': 3.23}
{'loss': 0.0071, 'grad_norm': 0.6363279819488525, 'learning_rate': 3.14262811804078e-05, 'epoch': 3.27}
{'loss': 0.0065, 'grad_norm': 0.5804851651191711, 'learning_rate': 3.135688628250056e-05, 'epoch': 3.31}
{'loss': 0.0067, 'grad_norm': 0.28014257550239563, 'learning_rate': 3.128623266340196e-05, 'epoch': 3.35}
{'loss': 0.0115, 'grad_norm': 6.911944389343262, 'learning_rate': 3.1214328447924365e-05, 'epoch': 3.39}
{'loss': 0.0069, 'grad_norm': 0.38297876715660095, 'learning_rate': 3.114118190469255e-05, 'epoch': 3.43}
{'loss': 0.0064, 'grad_norm': 0.8945321440696716, 'learning_rate': 3.106680144519267e-05, 'epoch': 3.47}
{'loss': 0.008, 'grad_norm': 1.5051918029785156, 'learning_rate': 3.099119562280515e-05, 'epoch': 3.51}
{'loss': 0.0086, 'grad_norm': 3.702718734741211, 'learning_rate': 3.091437313182095e-05, 'epoch': 3.55}
{'loss': 0.0116, 'grad_norm': 0.6303730607032776, 'learning_rate': 3.0836342806441864e-05, 'epoch': 3.59}
{'loss': 0.0063, 'grad_norm': 1.178640604019165, 'learning_rate': 3.075711361976458e-05, 'epoch': 3.63}
{'loss': 0.0086, 'grad_norm': 0.713256299495697, 'learning_rate': 3.0676694682748834e-05, 'epoch': 3.67}
{'loss': 0.0085, 'grad_norm': 1.5036197900772095, 'learning_rate': 3.0595095243169696e-05, 'epoch': 3.71}
{'loss': 0.0076, 'grad_norm': 0.46397218108177185, 'learning_rate': 3.0512324684554113e-05, 'epoch': 3.75}
{'loss': 0.0062, 'grad_norm': 0.9543426632881165, 'learning_rate': 3.042839252510185e-05, 'epoch': 3.79}
{'loss': 0.0073, 'grad_norm': 2.077058792114258, 'learning_rate': 3.0343308416590983e-05, 'epoch': 3.83}
{'loss': 0.0064, 'grad_norm': 0.4684280753135681, 'learning_rate': 3.0257082143267925e-05, 'epoch': 3.87}
{'loss': 0.0066, 'grad_norm': 0.9712138175964355, 'learning_rate': 3.016972362072234e-05, 'epoch': 3.91}
{'loss': 0.0058, 'grad_norm': 0.608762264251709, 'learning_rate': 3.0081242894746887e-05, 'epoch': 3.95}
{'loss': 0.0061, 'grad_norm': 0.454243928194046, 'learning_rate': 2.9991650140181994e-05, 'epoch': 3.99}
{'eval_loss': 0.003994637168943882, 'eval_challenge_score': 0.0026533140024282966, 'eval_err_F': 0.001166866632896508, 'eval_err_M': 0.0021578315459177, 'eval_err_diff': 0.0009909649130211923, 'eval_mae_pct': 3.6185568430064694, 'eval_r2': 0.7012270918308336, 'eval_mse': 0.002080061715094216, 'eval_mae': 0.036185568430064693, 'eval__is_stratified_skipped_cells': 0.0, 'eval_runtime': 14.1157, 'eval_samples_per_second': 1062.644, 'eval_steps_per_second': 4.18, 'epoch': 4.0}
  Lagrangien epoch 4: λ_adapt=1.6372  val_err_diff=0.000991
{'loss': 0.0076, 'grad_norm': 0.37192752957344055, 'learning_rate': 2.9900955659745808e-05, 'epoch': 4.03}
{'loss': 0.007, 'grad_norm': 0.7407167553901672, 'learning_rate': 2.980916988284943e-05, 'epoch': 4.07}
{'loss': 0.0064, 'grad_norm': 0.5304737687110901, 'learning_rate': 2.9716303364397606e-05, 'epoch': 4.11}
{'loss': 0.0058, 'grad_norm': 0.5043829083442688, 'learning_rate': 2.9622366783574926e-05, 'epoch': 4.15}
{'loss': 0.0058, 'grad_norm': 0.5547118782997131, 'learning_rate': 2.9527370942617816e-05, 'epoch': 4.19}
{'loss': 0.013, 'grad_norm': 0.4544523060321808, 'learning_rate': 2.9431326765572293e-05, 'epoch': 4.23}
{'loss': 0.0057, 'grad_norm': 2.029201030731201, 'learning_rate': 2.93342452970378e-05, 'epoch': 4.27}
{'loss': 0.0061, 'grad_norm': 0.8331683874130249, 'learning_rate': 2.9236137700897084e-05, 'epoch': 4.31}
{'loss': 0.0059, 'grad_norm': 0.48776179552078247, 'learning_rate': 2.9137015259032433e-05, 'epoch': 4.35}
{'loss': 0.0061, 'grad_norm': 0.45310893654823303, 'learning_rate': 2.9036889370028325e-05, 'epoch': 4.39}
{'loss': 0.0063, 'grad_norm': 1.4106382131576538, 'learning_rate': 2.893577154786062e-05, 'epoch': 4.43}
{'loss': 0.007, 'grad_norm': 1.0940557718276978, 'learning_rate': 2.8833673420572527e-05, 'epoch': 4.47}
{'loss': 0.0089, 'grad_norm': 0.7054098844528198, 'learning_rate': 2.8730606728937444e-05, 'epoch': 4.51}
{'loss': 0.0068, 'grad_norm': 0.7750604152679443, 'learning_rate': 2.862658332510881e-05, 'epoch': 4.55}
{'loss': 0.0072, 'grad_norm': 1.3370208740234375, 'learning_rate': 2.852161517125718e-05, 'epoch': 4.59}
{'loss': 0.006, 'grad_norm': 0.2771589756011963, 'learning_rate': 2.841571433819462e-05, 'epoch': 4.63}
{'loss': 0.0056, 'grad_norm': 0.4115879237651825, 'learning_rate': 2.8308893003986656e-05, 'epoch': 4.67}
{'loss': 0.0072, 'grad_norm': 0.706814169883728, 'learning_rate': 2.8201163452551817e-05, 'epoch': 4.71}
{'loss': 0.0062, 'grad_norm': 0.6974218487739563, 'learning_rate': 2.8092538072249078e-05, 'epoch': 4.75}
{'loss': 0.0054, 'grad_norm': 0.7603490948677063, 'learning_rate': 2.7983029354453248e-05, 'epoch': 4.79}
{'loss': 0.0067, 'grad_norm': 0.9604014754295349, 'learning_rate': 2.7872649892118507e-05, 'epoch': 4.83}
{'loss': 0.0097, 'grad_norm': 14.259275436401367, 'learning_rate': 2.7761412378330306e-05, 'epoch': 4.87}
{'loss': 0.0064, 'grad_norm': 0.6652783155441284, 'learning_rate': 2.764932960484574e-05, 'epoch': 4.91}
{'loss': 0.006, 'grad_norm': 0.68947833776474, 'learning_rate': 2.75364144606225e-05, 'epoch': 4.95}
{'loss': 0.0064, 'grad_norm': 1.0324591398239136, 'learning_rate': 2.7422679930336764e-05, 'epoch': 4.99}
{'eval_loss': 0.0035425135865807533, 'eval_challenge_score': 0.0023490272803956143, 'eval_err_F': 0.0009397036696059633, 'eval_err_M': 0.0018792527434657307, 'eval_err_diff': 0.0009395490738597674, 'eval_mae_pct': 3.4572765925564934, 'eval_r2': 0.7298070189578427, 'eval_mse': 0.0018810878101261843, 'eval_mae': 0.034572765925564936, 'eval__is_stratified_skipped_cells': 0.0, 'eval_runtime': 14.0575, 'eval_samples_per_second': 1067.045, 'eval_steps_per_second': 4.197, 'epoch': 5.0}
  Lagrangien epoch 5: λ_adapt=1.7651  val_err_diff=0.000940
{'loss': 0.0057, 'grad_norm': 0.675025224685669, 'learning_rate': 2.7308139092890004e-05, 'epoch': 5.03}
{'loss': 0.0061, 'grad_norm': 0.5331836342811584, 'learning_rate': 2.719280511990497e-05, 'epoch': 5.07}
{'loss': 0.006, 'grad_norm': 0.5114099979400635, 'learning_rate': 2.7076691274211033e-05, 'epoch': 5.11}
{'loss': 0.0074, 'grad_norm': 0.5472625494003296, 'learning_rate': 2.695981090831902e-05, 'epoch': 5.15}
{'loss': 0.0063, 'grad_norm': 0.4951689541339874, 'learning_rate': 2.6842177462885744e-05, 'epoch': 5.19}
{'loss': 0.006, 'grad_norm': 0.5836077332496643, 'learning_rate': 2.6723804465168384e-05, 'epoch': 5.23}
{'loss': 0.0062, 'grad_norm': 0.7414999604225159, 'learning_rate': 2.6604705527468948e-05, 'epoch': 5.27}
{'loss': 0.0057, 'grad_norm': 0.7139192223548889, 'learning_rate': 2.6484894345568885e-05, 'epoch': 5.31}
{'loss': 0.0115, 'grad_norm': 0.9085901379585266, 'learning_rate': 2.6364384697154175e-05, 'epoch': 5.35}
{'loss': 0.0058, 'grad_norm': 0.7267425060272217, 'learning_rate': 2.624319044023094e-05, 'epoch': 5.39}
{'loss': 0.0055, 'grad_norm': 0.6910828948020935, 'learning_rate': 2.6121325511531872e-05, 'epoch': 5.43}
{'loss': 0.0064, 'grad_norm': 1.1960541009902954, 'learning_rate': 2.5998803924913528e-05, 'epoch': 5.47}
{'loss': 0.0065, 'grad_norm': 0.5964592099189758, 'learning_rate': 2.5875639769744867e-05, 'epoch': 5.51}
{'loss': 0.0051, 'grad_norm': 0.2814064025878906, 'learning_rate': 2.5751847209286993e-05, 'epoch': 5.55}
{'loss': 0.0057, 'grad_norm': 0.3765088617801666, 'learning_rate': 2.562744047906449e-05, 'epoch': 5.59}
{'loss': 0.0074, 'grad_norm': 0.33875173330307007, 'learning_rate': 2.5502433885228362e-05, 'epoch': 5.63}
{'loss': 0.006, 'grad_norm': 0.8018527030944824, 'learning_rate': 2.5376841802910956e-05, 'epoch': 5.67}
{'loss': 0.0057, 'grad_norm': 0.5673243999481201, 'learning_rate': 2.5250678674572847e-05, 'epoch': 5.71}
{'loss': 0.0058, 'grad_norm': 0.31150034070014954, 'learning_rate': 2.5123959008342038e-05, 'epoch': 5.75}
{'loss': 0.0057, 'grad_norm': 0.7211978435516357, 'learning_rate': 2.4996697376345608e-05, 'epoch': 5.79}
{'loss': 0.0051, 'grad_norm': 0.5395193099975586, 'learning_rate': 2.4868908413034004e-05, 'epoch': 5.83}
{'loss': 0.0071, 'grad_norm': 0.6762315630912781, 'learning_rate': 2.4740606813498094e-05, 'epoch': 5.87}
{'loss': 0.0058, 'grad_norm': 0.45781418681144714, 'learning_rate': 2.461180733177938e-05, 'epoch': 5.91}
{'loss': 0.0055, 'grad_norm': 0.4138524532318115, 'learning_rate': 2.4482524779173306e-05, 'epoch': 5.95}
{'loss': 0.0052, 'grad_norm': 0.28067290782928467, 'learning_rate': 2.4352774022526052e-05, 'epoch': 5.99}
{'eval_loss': 0.003116613021120429, 'eval_challenge_score': 0.002345409666927263, 'eval_err_F': 0.0011570146279282776, 'eval_err_M': 0.0019492779872609344, 'eval_err_diff': 0.0007922633593326568, 'eval_mae_pct': 2.25558890335645, 'eval_r2': 0.855816368379694, 'eval_mse': 0.001003808725210238, 'eval_mae': 0.0225558890335645, 'eval__is_stratified_skipped_cells': 0.0, 'eval_runtime': 14.3644, 'eval_samples_per_second': 1044.247, 'eval_steps_per_second': 4.107, 'epoch': 6.0}
  Lagrangien epoch 6: λ_adapt=1.8635  val_err_diff=0.000792
{'loss': 0.0055, 'grad_norm': 0.7848330736160278, 'learning_rate': 2.4222569982524916e-05, 'epoch': 6.03}
{'loss': 0.0055, 'grad_norm': 0.34041106700897217, 'learning_rate': 2.4091927631982516e-05, 'epoch': 6.07}
{'loss': 0.0054, 'grad_norm': 0.6419188976287842, 'learning_rate': 2.3960861994114987e-05, 'epoch': 6.11}
{'loss': 0.0053, 'grad_norm': 0.4257300794124603, 'learning_rate': 2.382938814081439e-05, 'epoch': 6.15}
{'loss': 0.0052, 'grad_norm': 0.5605756640434265, 'learning_rate': 2.3697521190915503e-05, 'epoch': 6.19}
{'loss': 0.0062, 'grad_norm': 1.1371170282363892, 'learning_rate': 2.3565276308457253e-05, 'epoch': 6.23}
{'loss': 0.007, 'grad_norm': 1.0841879844665527, 'learning_rate': 2.3432668700938926e-05, 'epoch': 6.27}
{'loss': 0.0057, 'grad_norm': 0.262978196144104, 'learning_rate': 2.3299713617571365e-05, 'epoch': 6.31}
{'loss': 0.0055, 'grad_norm': 0.5423421859741211, 'learning_rate': 2.3166426347523402e-05, 'epoch': 6.35}
{'loss': 0.0089, 'grad_norm': 0.7759304046630859, 'learning_rate': 2.3032822218163657e-05, 'epoch': 6.39}
{'loss': 0.0052, 'grad_norm': 0.8223500847816467, 'learning_rate': 2.2898916593298013e-05, 'epoch': 6.43}
{'loss': 0.0051, 'grad_norm': 0.4779931902885437, 'learning_rate': 2.2764724871402798e-05, 'epoch': 6.47}
{'loss': 0.0066, 'grad_norm': 0.42539525032043457, 'learning_rate': 2.263026248385408e-05, 'epoch': 6.51}
{'loss': 0.0052, 'grad_norm': 0.9125108122825623, 'learning_rate': 2.2495544893153128e-05, 'epoch': 6.55}
{'loss': 0.0069, 'grad_norm': 1.4275363683700562, 'learning_rate': 2.236058759114828e-05, 'epoch': 6.59}
{'loss': 0.005, 'grad_norm': 0.284525603055954, 'learning_rate': 2.2225406097253486e-05, 'epoch': 6.63}
{'loss': 0.0145, 'grad_norm': 0.4067627489566803, 'learning_rate': 2.209001595666363e-05, 'epoch': 6.67}
{'loss': 0.0055, 'grad_norm': 0.7210984826087952, 'learning_rate': 2.1954432738566928e-05, 'epoch': 6.71}
{'loss': 0.0053, 'grad_norm': 0.9209423661231995, 'learning_rate': 2.1818672034354543e-05, 'epoch': 6.75}
{'loss': 0.0053, 'grad_norm': 0.34406569600105286, 'learning_rate': 2.168274945582766e-05, 'epoch': 6.79}
{'loss': 0.0049, 'grad_norm': 0.6544115543365479, 'learning_rate': 2.154668063340217e-05, 'epoch': 6.83}
{'loss': 0.0045, 'grad_norm': 0.5567824840545654, 'learning_rate': 2.1410481214311325e-05, 'epoch': 6.87}
{'loss': 0.0049, 'grad_norm': 0.668138325214386, 'learning_rate': 2.1274166860806293e-05, 'epoch': 6.91}
{'loss': 0.0051, 'grad_norm': 0.2838800847530365, 'learning_rate': 2.1137753248355167e-05, 'epoch': 6.95}
{'loss': 0.0052, 'grad_norm': 0.4086635410785675, 'learning_rate': 2.1001256063840285e-05, 'epoch': 6.99}
{'eval_loss': 0.0028872101102024317, 'eval_challenge_score': 0.0022275933478223976, 'eval_err_F': 0.0009230236357591573, 'eval_err_M': 0.0017927367771346508, 'eval_err_diff': 0.0008697131413754935, 'eval_mae_pct': 2.5873536066252565, 'eval_r2': 0.8326199084531571, 'eval_mse': 0.0011653028463291019, 'eval_mae': 0.025873536066252565, 'eval__is_stratified_skipped_cells': 0.0, 'eval_runtime': 13.7905, 'eval_samples_per_second': 1087.705, 'eval_steps_per_second': 4.278, 'epoch': 7.0}
  Lagrangien epoch 7: λ_adapt=1.9775  val_err_diff=0.000870
{'loss': 0.0049, 'grad_norm': 0.32118433713912964, 'learning_rate': 2.0864691003754378e-05, 'epoch': 7.03}
{'loss': 0.0049, 'grad_norm': 0.5054351091384888, 'learning_rate': 2.0728073772395516e-05, 'epoch': 7.07}
{'loss': 0.01, 'grad_norm': 0.6331689953804016, 'learning_rate': 2.0591420080061204e-05, 'epoch': 7.11}
{'loss': 0.0047, 'grad_norm': 0.9232500791549683, 'learning_rate': 2.0454745641241796e-05, 'epoch': 7.15}
{'loss': 0.0049, 'grad_norm': 0.5919829607009888, 'learning_rate': 2.031806617281336e-05, 'epoch': 7.19}
{'loss': 0.0047, 'grad_norm': 0.29186558723449707, 'learning_rate': 2.018139739223036e-05, 'epoch': 7.23}
{'loss': 0.0051, 'grad_norm': 0.4446083605289459, 'learning_rate': 2.00447550157182e-05, 'epoch': 7.27}
{'loss': 0.0079, 'grad_norm': 0.5592617392539978, 'learning_rate': 1.9908154756465973e-05, 'epoch': 7.31}
{'loss': 0.0053, 'grad_norm': 0.9112692475318909, 'learning_rate': 1.9771612322819464e-05, 'epoch': 7.35}
{'loss': 0.0092, 'grad_norm': 1.129271388053894, 'learning_rate': 1.963514341647482e-05, 'epoch': 7.39}
{'loss': 0.0091, 'grad_norm': 0.4521420896053314, 'learning_rate': 1.9498763730672927e-05, 'epoch': 7.43}
{'loss': 0.0048, 'grad_norm': 0.8280290961265564, 'learning_rate': 1.936248894839474e-05, 'epoch': 7.47}
{'loss': 0.0049, 'grad_norm': 0.528197169303894, 'learning_rate': 1.9226334740557828e-05, 'epoch': 7.51}
{'loss': 0.0048, 'grad_norm': 0.3818572163581848, 'learning_rate': 1.9090316764214334e-05, 'epoch': 7.55}
{'loss': 0.0063, 'grad_norm': 0.3471040427684784, 'learning_rate': 1.895445066075043e-05, 'epoch': 7.59}
{'loss': 0.0048, 'grad_norm': 0.299193799495697, 'learning_rate': 1.8818752054087667e-05, 'epoch': 7.63}
{'loss': 0.0053, 'grad_norm': 0.6303936243057251, 'learning_rate': 1.868323654888633e-05, 'epoch': 7.67}
{'loss': 0.0046, 'grad_norm': 0.22888316214084625, 'learning_rate': 1.854791972875094e-05, 'epoch': 7.71}
{'loss': 0.0048, 'grad_norm': 0.3877021074295044, 'learning_rate': 1.84128171544382e-05, 'epoch': 7.75}
{'loss': 0.0048, 'grad_norm': 0.7928755879402161, 'learning_rate': 1.8277944362067673e-05, 'epoch': 7.79}
{'loss': 0.0048, 'grad_norm': 0.2948821783065796, 'learning_rate': 1.814331686133511e-05, 'epoch': 7.83}
{'loss': 0.0048, 'grad_norm': 0.35485905408859253, 'learning_rate': 1.8008950133728955e-05, 'epoch': 7.87}
{'loss': 0.0048, 'grad_norm': 0.5211388468742371, 'learning_rate': 1.787485963075006e-05, 'epoch': 7.91}
{'loss': 0.0048, 'grad_norm': 2.0016367435455322, 'learning_rate': 1.774106077213482e-05, 'epoch': 7.95}
{'loss': 0.0047, 'grad_norm': 0.6241666078567505, 'learning_rate': 1.7607568944081987e-05, 'epoch': 7.99}
{'eval_loss': 0.0029686426278203726, 'eval_challenge_score': 0.0021543433164094164, 'eval_err_F': 0.0008600444491853659, 'eval_err_M': 0.0017229103606680664, 'eval_err_diff': 0.0008628659114827005, 'eval_mae_pct': 3.00851917093382, 'eval_r2': 0.7948874087902005, 'eval_mse': 0.001427997106142252, 'eval_mae': 0.030085191709338203, 'eval__is_stratified_skipped_cells': 0.0, 'eval_runtime': 13.9405, 'eval_samples_per_second': 1076.005, 'eval_steps_per_second': 4.232, 'epoch': 8.0}
  Lagrangien epoch 8: λ_adapt=2.0900  val_err_diff=0.000863
{'loss': 0.0047, 'grad_norm': 0.37619173526763916, 'learning_rate': 1.7474399497483355e-05, 'epoch': 8.03}
{'loss': 0.0047, 'grad_norm': 0.24637791514396667, 'learning_rate': 1.7341567746158438e-05, 'epoch': 8.07}
{'loss': 0.0046, 'grad_norm': 0.6584323644638062, 'learning_rate': 1.720908896509349e-05, 'epoch': 8.11}
{'loss': 0.0045, 'grad_norm': 0.3082026541233063, 'learning_rate': 1.7076978388684977e-05, 'epoch': 8.15}
{'loss': 0.0045, 'grad_norm': 0.26378345489501953, 'learning_rate': 1.6945251208987644e-05, 'epoch': 8.19}
{'loss': 0.0047, 'grad_norm': 0.31595829129219055, 'learning_rate': 1.681392257396754e-05, 'epoch': 8.23}
{'loss': 0.0063, 'grad_norm': 0.7571147084236145, 'learning_rate': 1.6683007585760094e-05, 'epoch': 8.27}
{'loss': 0.0044, 'grad_norm': 0.6367543935775757, 'learning_rate': 1.6552521298933392e-05, 'epoch': 8.31}
{'loss': 0.007, 'grad_norm': 0.5909197330474854, 'learning_rate': 1.642247871875702e-05, 'epoch': 8.35}
{'loss': 0.005, 'grad_norm': 0.4953926205635071, 'learning_rate': 1.6292894799476538e-05, 'epoch': 8.39}
{'loss': 0.0048, 'grad_norm': 0.33367791771888733, 'learning_rate': 1.6163784442593775e-05, 'epoch': 8.43}
{'loss': 0.0045, 'grad_norm': 0.3640001118183136, 'learning_rate': 1.6035162495153263e-05, 'epoch': 8.47}
{'loss': 0.0053, 'grad_norm': 0.5536648631095886, 'learning_rate': 1.59070437480349e-05, 'epoch': 8.51}
{'loss': 0.0046, 'grad_norm': 0.40726593136787415, 'learning_rate': 1.5779442934253056e-05, 'epoch': 8.55}
{'loss': 0.0047, 'grad_norm': 0.6486662030220032, 'learning_rate': 1.565237472726238e-05, 'epoch': 8.59}
{'loss': 0.0053, 'grad_norm': 0.5691128373146057, 'learning_rate': 1.5525853739270385e-05, 'epoch': 8.63}
{'loss': 0.0051, 'grad_norm': 0.36721938848495483, 'learning_rate': 1.5399894519557147e-05, 'epoch': 8.67}
{'loss': 0.0046, 'grad_norm': 0.35517874360084534, 'learning_rate': 1.527451155280221e-05, 'epoch': 8.71}
{'loss': 0.0048, 'grad_norm': 0.41930845379829407, 'learning_rate': 1.5149719257418907e-05, 'epoch': 8.75}
{'loss': 0.0048, 'grad_norm': 0.28055089712142944, 'learning_rate': 1.5025531983896323e-05, 'epoch': 8.79}
{'loss': 0.0047, 'grad_norm': 2.035536289215088, 'learning_rate': 1.4901964013149052e-05, 'epoch': 8.83}
{'loss': 0.0045, 'grad_norm': 0.3644638955593109, 'learning_rate': 1.4779029554874983e-05, 'epoch': 8.87}
{'loss': 0.0045, 'grad_norm': 0.24665895104408264, 'learning_rate': 1.4656742745921231e-05, 'epoch': 8.91}
{'loss': 0.0043, 'grad_norm': 0.5546895265579224, 'learning_rate': 1.4535117648658482e-05, 'epoch': 8.95}
{'loss': 0.0051, 'grad_norm': 0.2886679768562317, 'learning_rate': 1.4414168249363907e-05, 'epoch': 8.99}
{'eval_loss': 0.0027482416480779648, 'eval_challenge_score': 0.0022931197132623014, 'eval_err_F': 0.0008264546702713641, 'eval_err_M': 0.0018042313655986556, 'eval_err_diff': 0.0009777766953272915, 'eval_mae_pct': 2.14738813609268, 'eval_r2': 0.8811845377300006, 'eval_mse': 0.0008271951287133215, 'eval_mae': 0.021473881360926803, 'eval__is_stratified_skipped_cells': 0.0, 'eval_runtime': 13.8335, 'eval_samples_per_second': 1084.321, 'eval_steps_per_second': 4.265, 'epoch': 9.0}
  Lagrangien epoch 9: λ_adapt=2.2256  val_err_diff=0.000978
{'loss': 0.0045, 'grad_norm': 0.4958422780036926, 'learning_rate': 1.4293908456612774e-05, 'epoch': 9.03}
{'loss': 0.0048, 'grad_norm': 0.4849890172481537, 'learning_rate': 1.417435209967906e-05, 'epoch': 9.07}
{'loss': 0.0045, 'grad_norm': 0.5697181820869446, 'learning_rate': 1.4055512926945153e-05, 'epoch': 9.11}
{'loss': 0.0082, 'grad_norm': 0.32975688576698303, 'learning_rate': 1.3937404604320836e-05, 'epoch': 9.15}
{'loss': 0.0045, 'grad_norm': 0.3015044629573822, 'learning_rate': 1.3820040713671793e-05, 'epoch': 9.19}
{'loss': 0.0046, 'grad_norm': 1.105494737625122, 'learning_rate': 1.3703434751257768e-05, 'epoch': 9.23}
{'loss': 0.0045, 'grad_norm': 0.5869216322898865, 'learning_rate': 1.3587600126180542e-05, 'epoch': 9.27}
{'loss': 0.0043, 'grad_norm': 0.37444594502449036, 'learning_rate': 1.3472550158841963e-05, 'epoch': 9.31}
{'loss': 0.0046, 'grad_norm': 0.5358693599700928, 'learning_rate': 1.3358298079412183e-05, 'epoch': 9.35}
{'loss': 0.0046, 'grad_norm': 0.40195271372795105, 'learning_rate': 1.3244857026308222e-05, 'epoch': 9.38}
{'loss': 0.0043, 'grad_norm': 0.3061973452568054, 'learning_rate': 1.3132240044683148e-05, 'epoch': 9.42}
{'loss': 0.008, 'grad_norm': 0.44757160544395447, 'learning_rate': 1.3020460084925931e-05, 'epoch': 9.46}
{'loss': 0.004, 'grad_norm': 0.9777765870094299, 'learning_rate': 1.2909530001172205e-05, 'epoch': 9.5}
{'loss': 0.0044, 'grad_norm': 0.7685667872428894, 'learning_rate': 1.2799462549826143e-05, 'epoch': 9.54}
{'loss': 0.0043, 'grad_norm': 0.4290211796760559, 'learning_rate': 1.2690270388093494e-05, 'epoch': 9.58}
{'loss': 0.0042, 'grad_norm': 0.45664089918136597, 'learning_rate': 1.258196607252608e-05, 'epoch': 9.62}
{'loss': 0.0046, 'grad_norm': 0.22034293413162231, 'learning_rate': 1.247456205757788e-05, 'epoch': 9.66}
{'loss': 0.0042, 'grad_norm': 0.9672966003417969, 'learning_rate': 1.2368070694172795e-05, 'epoch': 9.7}
{'loss': 0.0046, 'grad_norm': 0.3467322289943695, 'learning_rate': 1.2262504228284362e-05, 'epoch': 9.74}
{'loss': 0.0043, 'grad_norm': 0.4462217390537262, 'learning_rate': 1.2157874799527557e-05, 'epoch': 9.78}
{'loss': 0.0042, 'grad_norm': 0.4875669777393341, 'learning_rate': 1.2054194439762761e-05, 'epoch': 9.82}
{'loss': 0.0047, 'grad_norm': 0.43741574883461, 'learning_rate': 1.1951475071712177e-05, 'epoch': 9.86}
{'loss': 0.0041, 'grad_norm': 0.28127920627593994, 'learning_rate': 1.1849728507588769e-05, 'epoch': 9.9}
{'loss': 0.0045, 'grad_norm': 0.5365168452262878, 'learning_rate': 1.1748966447737934e-05, 'epoch': 9.94}
{'loss': 0.0042, 'grad_norm': 0.636910617351532, 'learning_rate': 1.1649200479291996e-05, 'epoch': 9.98}
{'eval_loss': 0.002487932099029422, 'eval_challenge_score': 0.002152872847654567, 'eval_err_F': 0.0008376715694318324, 'eval_err_M': 0.001714472421580322, 'eval_err_diff': 0.0008768008521484895, 'eval_mae_pct': 2.0472471855370773, 'eval_r2': 0.8858049841043609, 'eval_mse': 0.0007950275079312151, 'eval_mae': 0.020472471855370773, 'eval__is_stratified_skipped_cells': 0.0, 'eval_runtime': 13.8588, 'eval_samples_per_second': 1082.346, 'eval_steps_per_second': 4.257, 'epoch': 10.0}
  Lagrangien epoch 10: λ_adapt=2.3409  val_err_diff=0.000877
{'loss': 0.0044, 'grad_norm': 0.37228626012802124, 'learning_rate': 1.1550442074837757e-05, 'epoch': 10.02}
{'loss': 0.0043, 'grad_norm': 0.5103834271430969, 'learning_rate': 1.1452702591097206e-05, 'epoch': 10.06}
{'loss': 0.0044, 'grad_norm': 0.43090254068374634, 'learning_rate': 1.1355993267621546e-05, 'epoch': 10.1}
{'loss': 0.0042, 'grad_norm': 0.427680104970932, 'learning_rate': 1.1260325225498727e-05, 'epoch': 10.14}
{'loss': 0.0058, 'grad_norm': 0.6008684635162354, 'learning_rate': 1.116570946607454e-05, 'epoch': 10.18}
{'loss': 0.0043, 'grad_norm': 0.3410182297229767, 'learning_rate': 1.107215686968753e-05, 'epoch': 10.22}
{'loss': 0.0041, 'grad_norm': 0.6637471318244934, 'learning_rate': 1.0979678194417842e-05, 'epoch': 10.26}
{'loss': 0.0039, 'grad_norm': 0.5126417875289917, 'learning_rate': 1.0888284074850047e-05, 'epoch': 10.3}
{'loss': 0.0044, 'grad_norm': 0.5529816746711731, 'learning_rate': 1.079798502085024e-05, 'epoch': 10.34}
{'loss': 0.0042, 'grad_norm': 0.3020838499069214, 'learning_rate': 1.0708791416357482e-05, 'epoch': 10.38}
{'loss': 0.0041, 'grad_norm': 0.4597868323326111, 'learning_rate': 1.0620713518189655e-05, 'epoch': 10.42}
{'loss': 0.0048, 'grad_norm': 0.7151052951812744, 'learning_rate': 1.0533761454864002e-05, 'epoch': 10.46}
{'loss': 0.0051, 'grad_norm': 0.4283793568611145, 'learning_rate': 1.044794522543241e-05, 'epoch': 10.5}
{'loss': 0.004, 'grad_norm': 0.2709590196609497, 'learning_rate': 1.0363274698331541e-05, 'epoch': 10.54}
{'loss': 0.0042, 'grad_norm': 0.3748024106025696, 'learning_rate': 1.0279759610248033e-05, 'epoch': 10.58}
{'loss': 0.0044, 'grad_norm': 0.4352339506149292, 'learning_rate': 1.0197409564998828e-05, 'epoch': 10.62}
{'loss': 0.0043, 'grad_norm': 0.37837114930152893, 'learning_rate': 1.0116234032426764e-05, 'epoch': 10.66}
{'loss': 0.0043, 'grad_norm': 0.7434590458869934, 'learning_rate': 1.0036242347311608e-05, 'epoch': 10.7}
{'loss': 0.0041, 'grad_norm': 0.2987894117832184, 'learning_rate': 9.9574437082966e-06, 'epoch': 10.74}
{'loss': 0.0043, 'grad_norm': 0.5871326923370361, 'learning_rate': 9.879847176830654e-06, 'epoch': 10.78}
{'loss': 0.004, 'grad_norm': 0.27281177043914795, 'learning_rate': 9.803461676126322e-06, 'epoch': 10.82}
{'loss': 0.0047, 'grad_norm': 0.4844179153442383, 'learning_rate': 9.728295990133705e-06, 'epoch': 10.86}
{'loss': 0.0042, 'grad_norm': 0.6211501359939575, 'learning_rate': 9.654358762530295e-06, 'epoch': 10.9}
{'loss': 0.0041, 'grad_norm': 0.4288921654224396, 'learning_rate': 9.581658495727035e-06, 'epoch': 10.94}
{'loss': 0.0039, 'grad_norm': 0.3797406256198883, 'learning_rate': 9.510203549890576e-06, 'epoch': 10.98}
{'eval_loss': 0.0026346552185714245, 'eval_challenge_score': 0.002094223366560096, 'eval_err_F': 0.000715173987911376, 'eval_err_M': 0.001634540240343856, 'eval_err_diff': 0.00091936625243248, 'eval_mae_pct': 2.2754426582444287, 'eval_r2': 0.8611345501034497, 'eval_mse': 0.0009667834598831868, 'eval_mae': 0.022754426582444285, 'eval__is_stratified_skipped_cells': 0.0, 'eval_runtime': 14.0881, 'eval_samples_per_second': 1064.727, 'eval_steps_per_second': 4.188, 'epoch': 11.0}
  Lagrangien epoch 11: λ_adapt=2.4648  val_err_diff=0.000919
{'loss': 0.004, 'grad_norm': 0.576103150844574, 'learning_rate': 9.440002141981882e-06, 'epoch': 11.02}
{'loss': 0.004, 'grad_norm': 0.2936011850833893, 'learning_rate': 9.37106234481133e-06, 'epoch': 11.06}
{'loss': 0.0044, 'grad_norm': 0.41931769251823425, 'learning_rate': 9.303392086110392e-06, 'epoch': 11.1}
{'loss': 0.0039, 'grad_norm': 0.2701103389263153, 'learning_rate': 9.236999147619966e-06, 'epoch': 11.14}
{'loss': 0.004, 'grad_norm': 0.8055537939071655, 'learning_rate': 9.171891164195519e-06, 'epoch': 11.18}
{'loss': 0.0041, 'grad_norm': 0.4676058292388916, 'learning_rate': 9.108075622929126e-06, 'epoch': 11.22}
{'loss': 0.0041, 'grad_norm': 0.2530585825443268, 'learning_rate': 9.04555986228848e-06, 'epoch': 11.26}
{'loss': 0.0041, 'grad_norm': 0.3704684376716614, 'learning_rate': 8.984351071273012e-06, 'epoch': 11.3}
{'loss': 0.0041, 'grad_norm': 0.4197646677494049, 'learning_rate': 8.924456288587198e-06, 'epoch': 11.34}
{'loss': 0.0039, 'grad_norm': 0.6193552613258362, 'learning_rate': 8.865882401831124e-06, 'epoch': 11.38}
{'loss': 0.004, 'grad_norm': 0.28268197178840637, 'learning_rate': 8.808636146708464e-06, 'epoch': 11.42}
{'loss': 0.0041, 'grad_norm': 0.25495538115501404, 'learning_rate': 8.752724106251909e-06, 'epoch': 11.46}
{'loss': 0.0041, 'grad_norm': 0.42163798213005066, 'learning_rate': 8.69815271006613e-06, 'epoch': 11.5}
{'loss': 0.0042, 'grad_norm': 0.776767373085022, 'learning_rate': 8.644928233588426e-06, 'epoch': 11.54}
{'loss': 0.0039, 'grad_norm': 0.3530179560184479, 'learning_rate': 8.593056797367084e-06, 'epoch': 11.58}
{'loss': 0.004, 'grad_norm': 0.6621230244636536, 'learning_rate': 8.542544366357523e-06, 'epoch': 11.62}
{'loss': 0.0042, 'grad_norm': 0.5507671236991882, 'learning_rate': 8.493396749236373e-06, 'epoch': 11.66}
{'loss': 0.004, 'grad_norm': 0.5878216028213501, 'learning_rate': 8.445619597733503e-06, 'epoch': 11.7}
{'loss': 0.0041, 'grad_norm': 0.2583550810813904, 'learning_rate': 8.399218405982094e-06, 'epoch': 11.74}
{'loss': 0.0041, 'grad_norm': 0.23200543224811554, 'learning_rate': 8.35419850988685e-06, 'epoch': 11.78}
{'loss': 0.0042, 'grad_norm': 0.4462038576602936, 'learning_rate': 8.310565086510388e-06, 'epoch': 11.82}
{'loss': 0.0039, 'grad_norm': 0.582880973815918, 'learning_rate': 8.26832315347791e-06, 'epoch': 11.86}
{'loss': 0.0039, 'grad_norm': 0.29386892914772034, 'learning_rate': 8.227477568400184e-06, 'epoch': 11.9}
{'loss': 0.0041, 'grad_norm': 0.49365493655204773, 'learning_rate': 8.188033028314974e-06, 'epoch': 11.94}
{'loss': 0.0043, 'grad_norm': 0.36193928122520447, 'learning_rate': 8.14999406914687e-06, 'epoch': 11.98}
{'eval_loss': 0.0025628258008509874, 'eval_challenge_score': 0.002239259247854861, 'eval_err_F': 0.0007575366758684483, 'eval_err_M': 0.0017453517238593902, 'eval_err_diff': 0.000987815047990942, 'eval_mae_pct': 1.9755258076427953, 'eval_r2': 0.8867585714632855, 'eval_mse': 0.00078838861764678, 'eval_mae': 0.019755258076427952, 'eval__is_stratified_skipped_cells': 0.0, 'eval_runtime': 13.8651, 'eval_samples_per_second': 1081.856, 'eval_steps_per_second': 4.255, 'epoch': 12.0}
  Lagrangien epoch 12: λ_adapt=2.6024  val_err_diff=0.000988
{'loss': 0.0038, 'grad_norm': 1.0189688205718994, 'learning_rate': 8.113365065185697e-06, 'epoch': 12.02}
{'loss': 0.0039, 'grad_norm': 0.620997965335846, 'learning_rate': 8.078150228583501e-06, 'epoch': 12.06}
{'loss': 0.0039, 'grad_norm': 0.2899264395236969, 'learning_rate': 8.044353608870153e-06, 'epoch': 12.1}
{'loss': 0.0037, 'grad_norm': 0.4333015978336334, 'learning_rate': 8.011979092487683e-06, 'epoch': 12.14}
{'loss': 0.004, 'grad_norm': 0.13843993842601776, 'learning_rate': 7.98103040234337e-06, 'epoch': 12.18}
{'loss': 0.0038, 'grad_norm': 0.34709861874580383, 'learning_rate': 7.951511097381603e-06, 'epoch': 12.22}
{'loss': 0.0039, 'grad_norm': 0.5235747694969177, 'learning_rate': 7.923424572174639e-06, 'epoch': 12.26}
{'loss': 0.004, 'grad_norm': 0.7213771343231201, 'learning_rate': 7.896774056532237e-06, 'epoch': 12.3}
{'loss': 0.0039, 'grad_norm': 0.39201590418815613, 'learning_rate': 7.871562615130248e-06, 'epoch': 12.34}
{'loss': 0.004, 'grad_norm': 0.4810010492801666, 'learning_rate': 7.847793147158184e-06, 'epoch': 12.38}
{'loss': 0.004, 'grad_norm': 0.278281033039093, 'learning_rate': 7.825468385985844e-06, 'epoch': 12.42}
{'loss': 0.004, 'grad_norm': 0.6248957514762878, 'learning_rate': 7.804590898848969e-06, 'epoch': 12.46}
{'loss': 0.004, 'grad_norm': 0.41516467928886414, 'learning_rate': 7.78516308655404e-06, 'epoch': 12.5}
{'loss': 0.0038, 'grad_norm': 0.525967538356781, 'learning_rate': 7.76718718320219e-06, 'epoch': 12.54}
{'loss': 0.0039, 'grad_norm': 0.6099581718444824, 'learning_rate': 7.75066525593229e-06, 'epoch': 12.58}
{'loss': 0.0041, 'grad_norm': 0.42363670468330383, 'learning_rate': 7.735599204683242e-06, 'epoch': 12.62}
{'loss': 0.004, 'grad_norm': 0.7529550790786743, 'learning_rate': 7.721990761975502e-06, 'epoch': 12.66}
{'loss': 0.004, 'grad_norm': 0.3169633150100708, 'learning_rate': 7.709841492711836e-06, 'epoch': 12.7}
{'loss': 0.004, 'grad_norm': 0.4135795831680298, 'learning_rate': 7.699152793997373e-06, 'epoch': 12.74}
{'loss': 0.004, 'grad_norm': 0.5058367848396301, 'learning_rate': 7.689925894978945e-06, 'epoch': 12.78}
{'loss': 0.0039, 'grad_norm': 0.3026333153247833, 'learning_rate': 7.682161856703733e-06, 'epoch': 12.82}
{'loss': 0.0039, 'grad_norm': 0.28261202573776245, 'learning_rate': 7.675861571997262e-06, 'epoch': 12.86}
{'loss': 0.004, 'grad_norm': 0.4609149098396301, 'learning_rate': 7.671025765360726e-06, 'epoch': 12.9}
{'loss': 0.0042, 'grad_norm': 0.39261001348495483, 'learning_rate': 7.667654992887674e-06, 'epoch': 12.94}
{'loss': 0.004, 'grad_norm': 0.48591113090515137, 'learning_rate': 7.665749642200058e-06, 'epoch': 12.98}
{'eval_loss': 0.0026410003192722797, 'eval_challenge_score': 0.002252451315901358, 'eval_err_F': 0.0010311777854973422, 'eval_err_M': 0.0018453601391000196, 'eval_err_diff': 0.0008141823536026774, 'eval_mae_pct': 2.2182751278617556, 'eval_r2': 0.8739942047761979, 'eval_mse': 0.0008772543405328788, 'eval_mae': 0.022182751278617557, 'eval__is_stratified_skipped_cells': 0.0, 'eval_runtime': 13.9117, 'eval_samples_per_second': 1078.227, 'eval_steps_per_second': 4.241, 'epoch': 13.0}
  Lagrangien epoch 13: λ_adapt=2.7052  val_err_diff=0.000814
{'train_runtime': 2966.7199, 'train_samples_per_second': 350.621, 'train_steps_per_second': 2.743, 'train_loss': 0.009302047121346099, 'epoch': 13.0}
loss=0.00264  score=0.00209  err_F=0.00071  err_M=0.00163  err_diff=0.00092
  human-readable : MAE_pct=2.28%  R²=0.861
  Lagrangien epoch 13: λ_adapt=2.8292  val_err_diff=0.000920
loss=0.00264  score=0.00209  err_F=0.00071  err_M=0.00163  err_diff=0.00092
  human-readable : MAE_pct=2.28%  R²=0.861
[calibrators] WARNING: ContinuousIsotonicCalibrator fit failed: 'IsotonicRegression' object has no attribute 'X_'
  Best (cal, α) (val IS-strat): isotonic, α=1.1  → val_score=0.00198
  Best α per cal: isotonic=α1.1, linear=α0.0, pchip=α0.4, isotonic_regime=α1.3, isotonic_tailboost=α0.6
  Test holdout (n=4985, P_test dist):
    raw            : score=0.00128  err_F=0.00075  err_M=0.00110  diff=0.00035
    isotonic      : score=0.00129  err_F=0.00076  err_M=0.00111  diff=0.00035  (gain -0.00001) ← SELECTED (val)
    linear        : score=0.00130  err_F=0.00075  err_M=0.00112  diff=0.00037  (gain -0.00002)
    pchip         : score=0.00132  err_F=0.00075  err_M=0.00113  diff=0.00038  (gain -0.00004)
  Saved test holdout preds (4985 rows, 5 calibrators) + mappings to MLflow artifact
Saved 10 worst : /tmp/face_occ_results/optuna_coatnet1-3090-v17_trial_0/qualitative/worst/worst.csv + /tmp/face_occ_results/optuna_coatnet1-3090-v17_trial_0/qualitative/worst/images
Saved 10 best : /tmp/face_occ_results/optuna_coatnet1-3090-v17_trial_0/qualitative/best/best.csv + /tmp/face_occ_results/optuna_coatnet1-3090-v17_trial_0/qualitative/best/images
Saved diagnostic chart: /tmp/face_occ_results/optuna_coatnet1-3090-v17_trial_0/qualitative/diagnostics/error_vs_occlusion_and_density.png
Model saved: models:/m-b88cfb34a8de46c983a807453b685974
Trial 0: score=0.00209 err_F=0.00071 err_M=0.00163 err_diff=0.00092
Loaded 100,000 samples from data/raw/train.csv
Train: 80,015 (iid P_train) | Val: 15,000 (iid P_train, IS-stratified eval) | Test holdout: 4,985 (match P_test via H_C)
Loss weights summary: {'loss_weight_min': 0.44969233870506287, 'loss_weight_max': 4.237563133239746, 'loss_weight_mean': 1.0, 'loss_weight_std': 0.846924901008606, 'target_mean_weighted': 0.14600321695885726, 'target_mean_unweighted': 0.07828713513447533}
Head bias init: target_mean_weighted=0.1460  (unweighted=0.0783)  ->  bias=logit(mean)≈-1.766
[Rank 1] Model built: coatnet_1_rw_224.sw_in1k, pooling=attention_k_query, params=44.5M
Loaded 100,000 samples from data/raw/train.csv
Val: iid P_train. Metric uses stratified IS with test_pmf_joint built via H_C (see docs/v12_theory.md §3 — estimate_test_pmf_joint).
correction_strength=0.77 (loss-only, no sampler — v16)
Train: 80,015 (iid P_train) | Val: 15,000 (iid P_train, IS-stratified eval) | Test holdout: 4,985 (match P_test via H_C)
WeightedMSETrainer: focal_gamma=1.299650306477155, λ_init=1.0, λ_lr=200.0, λ∈[1.0, 3.0], threshold=0.0003, query_div=0.1263895076582427, adv=0.04267611737010232, mmd=0.0, ot=0.0, sinkhorn=0.0, layer_decay=1.0
Loss weights summary: {'loss_weight_min': 0.44969233870506287, 'loss_weight_max': 4.237563133239746, 'loss_weight_mean': 1.0, 'loss_weight_std': 0.846924901008606, 'target_mean_weighted': 0.14600321695885726, 'target_mean_unweighted': 0.07828713513447533}
Head bias init: target_mean_weighted=0.1460  (unweighted=0.0783)  ->  bias=logit(mean)≈-1.766
[Rank 0] Model built: coatnet_1_rw_224.sw_in1k, pooling=attention_k_query, params=44.5M
Val: iid P_train. Metric uses stratified IS with test_pmf_joint built via H_C (see docs/v12_theory.md §3 — estimate_test_pmf_joint).
correction_strength=0.77 (loss-only, no sampler — v16)
WeightedMSETrainer: focal_gamma=1.299650306477155, λ_init=1.0, λ_lr=200.0, λ∈[1.0, 3.0], threshold=0.0003, query_div=0.1263895076582427, adv=0.04267611737010232, mmd=0.0, ot=0.0, sinkhorn=0.0, layer_decay=1.0
{'loss': 0.5352, 'grad_norm': 259.3556213378906, 'learning_rate': 4.2320533797916407e-07, 'epoch': 0.04}
{'loss': 0.441, 'grad_norm': 165.2830047607422, 'learning_rate': 1.0455661291249935e-06, 'epoch': 0.08}
{'loss': 0.2452, 'grad_norm': 58.6835823059082, 'learning_rate': 1.667926920270823e-06, 'epoch': 0.12}
{'loss': 0.224, 'grad_norm': 74.99323272705078, 'learning_rate': 2.290287711416653e-06, 'epoch': 0.16}
{'loss': 0.2258, 'grad_norm': 30.65142250061035, 'learning_rate': 2.9126485025624822e-06, 'epoch': 0.2}
{'loss': 0.2655, 'grad_norm': 56.52435302734375, 'learning_rate': 3.5350092937083116e-06, 'epoch': 0.24}
{'loss': 0.2343, 'grad_norm': 42.19386672973633, 'learning_rate': 4.157370084854141e-06, 'epoch': 0.28}
{'loss': 0.2185, 'grad_norm': 265.4979248046875, 'learning_rate': 4.754836444354137e-06, 'epoch': 0.32}
{'loss': 0.2116, 'grad_norm': 188.64974975585938, 'learning_rate': 5.3771972354999665e-06, 'epoch': 0.36}
{'loss': 0.2123, 'grad_norm': 196.9556884765625, 'learning_rate': 5.999558026645796e-06, 'epoch': 0.4}
{'loss': 0.2196, 'grad_norm': 167.8324432373047, 'learning_rate': 6.621918817791626e-06, 'epoch': 0.44}
{'loss': 0.2066, 'grad_norm': 109.6457290649414, 'learning_rate': 7.244279608937455e-06, 'epoch': 0.48}
{'loss': 0.2264, 'grad_norm': 932.7363891601562, 'learning_rate': 7.866640400083285e-06, 'epoch': 0.52}
{'loss': 0.2442, 'grad_norm': 136.6464080810547, 'learning_rate': 8.489001191229115e-06, 'epoch': 0.56}
{'loss': 0.2155, 'grad_norm': 149.91061401367188, 'learning_rate': 9.111361982374943e-06, 'epoch': 0.6}
{'loss': 0.2113, 'grad_norm': 155.36166381835938, 'learning_rate': 9.733722773520774e-06, 'epoch': 0.64}
{'loss': 0.2349, 'grad_norm': 28.00412368774414, 'learning_rate': 1.0356083564666604e-05, 'epoch': 0.68}
{'loss': 0.2303, 'grad_norm': 116.61245727539062, 'learning_rate': 1.0978444355812432e-05, 'epoch': 0.72}
{'loss': 0.2208, 'grad_norm': 32.99987030029297, 'learning_rate': 1.1600805146958263e-05, 'epoch': 0.76}
{'loss': 0.2005, 'grad_norm': 37.79191970825195, 'learning_rate': 1.2223165938104091e-05, 'epoch': 0.8}
{'loss': 0.2138, 'grad_norm': 7.165886878967285, 'learning_rate': 1.2845526729249921e-05, 'epoch': 0.84}
{'loss': 0.2163, 'grad_norm': 12.212718963623047, 'learning_rate': 1.346788752039575e-05, 'epoch': 0.88}
{'loss': 0.2095, 'grad_norm': 20.675622940063477, 'learning_rate': 1.409024831154158e-05, 'epoch': 0.92}
{'loss': 0.1852, 'grad_norm': 47.67123794555664, 'learning_rate': 1.4712609102687408e-05, 'epoch': 0.96}
{'loss': 0.1695, 'grad_norm': 38.24361801147461, 'learning_rate': 1.533496989383324e-05, 'epoch': 1.0}
{'eval_loss': 0.019756333902478218, 'eval_challenge_score': 0.012858064091359731, 'eval_err_F': 0.010972113326452267, 'eval_err_M': 0.012229413836390576, 'eval_err_diff': 0.0012573005099383097, 'eval_mae_pct': 4.6142715802951235, 'eval_r2': 0.4052845271280746, 'eval_mse': 0.004140418534181905, 'eval_mae': 0.046142715802951234, 'eval__is_stratified_skipped_cells': 0.0, 'eval_runtime': 14.0708, 'eval_samples_per_second': 1066.041, 'eval_steps_per_second': 4.193, 'epoch': 1.0}
  Lagrangien epoch 1: λ_adapt=1.1915  val_err_diff=0.001257
{'loss': 0.1529, 'grad_norm': 12.436291694641113, 'learning_rate': 1.5957330684979067e-05, 'epoch': 1.04}
{'loss': 0.2004, 'grad_norm': 7.800232410430908, 'learning_rate': 1.65796914761249e-05, 'epoch': 1.08}
{'loss': 0.1682, 'grad_norm': 13.786336898803711, 'learning_rate': 1.7202052267270728e-05, 'epoch': 1.12}
{'loss': 0.1411, 'grad_norm': 40.39484405517578, 'learning_rate': 1.7824413058416556e-05, 'epoch': 1.16}
{'loss': 0.1742, 'grad_norm': 15.386242866516113, 'learning_rate': 1.8446773849562388e-05, 'epoch': 1.2}
{'loss': 0.1472, 'grad_norm': 6.411556243896484, 'learning_rate': 1.9069134640708216e-05, 'epoch': 1.24}
{'loss': 0.1592, 'grad_norm': 21.436960220336914, 'learning_rate': 1.9691495431854045e-05, 'epoch': 1.28}
{'loss': 0.1417, 'grad_norm': 12.680407524108887, 'learning_rate': 2.026406465575904e-05, 'epoch': 1.32}
{'loss': 0.1285, 'grad_norm': 3.681232213973999, 'learning_rate': 2.026357457045017e-05, 'epoch': 1.36}
{'loss': 0.1421, 'grad_norm': 5.71561336517334, 'learning_rate': 2.0262239565739896e-05, 'epoch': 1.4}
{'loss': 0.1472, 'grad_norm': 5.4661641120910645, 'learning_rate': 2.0260059795147074e-05, 'epoch': 1.44}
{'loss': 0.1626, 'grad_norm': 21.072599411010742, 'learning_rate': 2.025703550933441e-05, 'epoch': 1.48}
{'loss': 0.1551, 'grad_norm': 15.041304588317871, 'learning_rate': 2.0253167056079626e-05, 'epoch': 1.52}
{'loss': 0.149, 'grad_norm': 7.532782077789307, 'learning_rate': 2.024845488023548e-05, 'epoch': 1.56}
{'loss': 0.1276, 'grad_norm': 4.400644779205322, 'learning_rate': 2.024289952367859e-05, 'epoch': 1.6}
{'loss': 0.1313, 'grad_norm': 5.650608062744141, 'learning_rate': 2.023650162524715e-05, 'epoch': 1.64}
{'loss': 0.136, 'grad_norm': 1.8559000492095947, 'learning_rate': 2.0229261920667435e-05, 'epoch': 1.68}
{'loss': 0.1314, 'grad_norm': 9.973005294799805, 'learning_rate': 2.022118124246923e-05, 'epoch': 1.72}
{'loss': 0.1354, 'grad_norm': 6.000135898590088, 'learning_rate': 2.0212260519890056e-05, 'epoch': 1.76}
{'loss': 0.1318, 'grad_norm': 10.50184440612793, 'learning_rate': 2.0202500778768345e-05, 'epoch': 1.8}
{'loss': 0.1128, 'grad_norm': 13.896171569824219, 'learning_rate': 2.0191903141425446e-05, 'epoch': 1.84}
{'loss': 0.118, 'grad_norm': 14.365842819213867, 'learning_rate': 2.01804688265366e-05, 'epoch': 1.88}
{'loss': 0.1177, 'grad_norm': 12.50119400024414, 'learning_rate': 2.0168199148990756e-05, 'epoch': 1.92}
{'loss': 0.1191, 'grad_norm': 3.8713650703430176, 'learning_rate': 2.0155095519739392e-05, 'epoch': 1.96}
{'loss': 0.1126, 'grad_norm': 10.651768684387207, 'learning_rate': 2.0141159445634256e-05, 'epoch': 2.0}
{'eval_loss': 0.012250585481524467, 'eval_challenge_score': 0.006338497208587219, 'eval_err_F': 0.0033996587682022573, 'eval_err_M': 0.005358884395125565, 'eval_err_diff': 0.0019592256269233073, 'eval_mae_pct': 4.8121241575021125, 'eval_r2': 0.5205172374252832, 'eval_mse': 0.0033381665814042707, 'eval_mae': 0.04812124157502112, 'eval__is_stratified_skipped_cells': 0.0, 'eval_runtime': 13.9606, 'eval_samples_per_second': 1074.454, 'eval_steps_per_second': 4.226, 'epoch': 2.0}
  Lagrangien epoch 2: λ_adapt=1.5233  val_err_diff=0.001959
{'loss': 0.1046, 'grad_norm': 4.616423606872559, 'learning_rate': 2.0126392529254093e-05, 'epoch': 2.04}
{'loss': 0.1131, 'grad_norm': 4.500178337097168, 'learning_rate': 2.0110796468720338e-05, 'epoch': 2.08}
{'loss': 0.1102, 'grad_norm': 4.604192733764648, 'learning_rate': 2.0094373057501853e-05, 'epoch': 2.12}
{'loss': 0.1061, 'grad_norm': 3.972522735595703, 'learning_rate': 2.0077124184208694e-05, 'epoch': 2.16}
{'loss': 0.1347, 'grad_norm': 2.8591766357421875, 'learning_rate': 2.005905183237492e-05, 'epoch': 2.2}
{'loss': 0.1008, 'grad_norm': 4.651338577270508, 'learning_rate': 2.0040158080230493e-05, 'epoch': 2.24}
{'loss': 0.1109, 'grad_norm': 3.557342529296875, 'learning_rate': 2.00204451004623e-05, 'epoch': 2.28}
{'loss': 0.1001, 'grad_norm': 4.693662166595459, 'learning_rate': 1.9999915159964306e-05, 'epoch': 2.32}
{'loss': 0.097, 'grad_norm': 3.5978784561157227, 'learning_rate': 1.9978570619576866e-05, 'epoch': 2.36}
{'loss': 0.1015, 'grad_norm': 4.057588577270508, 'learning_rate': 1.9956413933815243e-05, 'epoch': 2.4}
{'loss': 0.0914, 'grad_norm': 5.1567769050598145, 'learning_rate': 1.993344765058735e-05, 'epoch': 2.44}
{'loss': 0.0909, 'grad_norm': 5.757501602172852, 'learning_rate': 1.9909674410900767e-05, 'epoch': 2.48}
{'loss': 0.0935, 'grad_norm': 2.2277722358703613, 'learning_rate': 1.9885096948559e-05, 'epoch': 2.52}
{'loss': 0.091, 'grad_norm': 22.530460357666016, 'learning_rate': 1.9859718089847165e-05, 'epoch': 2.56}
{'loss': 0.1054, 'grad_norm': 4.813560962677002, 'learning_rate': 1.983354075320692e-05, 'epoch': 2.6}
{'loss': 0.0873, 'grad_norm': 13.116971015930176, 'learning_rate': 1.98065679489009e-05, 'epoch': 2.64}
{'loss': 0.0892, 'grad_norm': 4.432929039001465, 'learning_rate': 1.9778802778666543e-05, 'epoch': 2.68}
{'loss': 0.0907, 'grad_norm': 7.951711654663086, 'learning_rate': 1.975024843535939e-05, 'epoch': 2.72}
{'loss': 0.1181, 'grad_norm': 11.81039810180664, 'learning_rate': 1.972090820258594e-05, 'epoch': 2.76}
{'loss': 0.0956, 'grad_norm': 7.572360038757324, 'learning_rate': 1.969078545432604e-05, 'epoch': 2.8}
{'loss': 0.0914, 'grad_norm': 1.7772517204284668, 'learning_rate': 1.9659883654544908e-05, 'epoch': 2.84}
{'loss': 0.0855, 'grad_norm': 2.929171085357666, 'learning_rate': 1.9628206356794776e-05, 'epoch': 2.88}
{'loss': 0.0851, 'grad_norm': 4.045290470123291, 'learning_rate': 1.959575720380627e-05, 'epoch': 2.92}
{'loss': 0.0813, 'grad_norm': 11.610617637634277, 'learning_rate': 1.956253992706949e-05, 'epoch': 2.96}
{'loss': 0.1058, 'grad_norm': 2.0142769813537598, 'learning_rate': 1.952855834640494e-05, 'epoch': 3.0}
{'eval_loss': 0.01090505812317133, 'eval_challenge_score': 0.005535299581423465, 'eval_err_F': 0.004387035343303433, 'eval_err_M': 0.0051525448353834545, 'eval_err_diff': 0.0007655094920800218, 'eval_mae_pct': 4.7600310209928525, 'eval_r2': 0.5358763063366483, 'eval_mse': 0.0032312365005686436, 'eval_mae': 0.047600310209928526, 'eval__is_stratified_skipped_cells': 0.0, 'eval_runtime': 14.153, 'eval_samples_per_second': 1059.848, 'eval_steps_per_second': 4.169, 'epoch': 3.0}
  Lagrangien epoch 3: λ_adapt=1.6164  val_err_diff=0.000766
{'loss': 0.0811, 'grad_norm': 6.702297687530518, 'learning_rate': 1.9493816369524222e-05, 'epoch': 3.04}
{'loss': 0.0927, 'grad_norm': 4.733962059020996, 'learning_rate': 1.9458317991580725e-05, 'epoch': 3.08}
{'loss': 0.0818, 'grad_norm': 2.546870470046997, 'learning_rate': 1.942206729471015e-05, 'epoch': 3.12}
{'loss': 0.0803, 'grad_norm': 6.313572406768799, 'learning_rate': 1.9385068447561114e-05, 'epoch': 3.15}
{'loss': 0.1138, 'grad_norm': 4.536369800567627, 'learning_rate': 1.9347325704815775e-05, 'epoch': 3.19}
{'loss': 0.0939, 'grad_norm': 2.016754388809204, 'learning_rate': 1.9308843406700554e-05, 'epoch': 3.23}
{'loss': 0.0848, 'grad_norm': 4.641035556793213, 'learning_rate': 1.926962597848704e-05, 'epoch': 3.27}
{'loss': 0.0728, 'grad_norm': 2.498676061630249, 'learning_rate': 1.9229677929983098e-05, 'epoch': 3.31}
{'loss': 0.0726, 'grad_norm': 3.1769726276397705, 'learning_rate': 1.918900385501427e-05, 'epoch': 3.35}
{'loss': 0.1002, 'grad_norm': 3.796508550643921, 'learning_rate': 1.9147608430895508e-05, 'epoch': 3.39}
{'loss': 0.0823, 'grad_norm': 3.0631368160247803, 'learning_rate': 1.9105496417893297e-05, 'epoch': 3.43}
{'loss': 0.0758, 'grad_norm': 2.0589282512664795, 'learning_rate': 1.9062672658678268e-05, 'epoch': 3.47}
{'loss': 0.0761, 'grad_norm': 5.299370765686035, 'learning_rate': 1.901914207776829e-05, 'epoch': 3.51}
{'loss': 0.0744, 'grad_norm': 4.456288814544678, 'learning_rate': 1.8974909680962192e-05, 'epoch': 3.55}
{'loss': 0.0852, 'grad_norm': 2.861396312713623, 'learning_rate': 1.892998055476412e-05, 'epoch': 3.59}
{'loss': 0.0664, 'grad_norm': 1.9118109941482544, 'learning_rate': 1.8884359865798606e-05, 'epoch': 3.63}
{'loss': 0.0849, 'grad_norm': 4.729783058166504, 'learning_rate': 1.8838052860216446e-05, 'epoch': 3.67}
{'loss': 0.0702, 'grad_norm': 4.6600823402404785, 'learning_rate': 1.8791064863091396e-05, 'epoch': 3.71}
{'loss': 0.0698, 'grad_norm': 2.500717878341675, 'learning_rate': 1.8743401277807844e-05, 'epoch': 3.75}
{'loss': 0.0595, 'grad_norm': 4.996750831604004, 'learning_rate': 1.869506758543942e-05, 'epoch': 3.79}
{'loss': 0.0642, 'grad_norm': 14.99319839477539, 'learning_rate': 1.864606934411873e-05, 'epoch': 3.83}
{'loss': 0.0588, 'grad_norm': 2.1407625675201416, 'learning_rate': 1.8596412188398166e-05, 'epoch': 3.87}
{'loss': 0.0653, 'grad_norm': 1.4697259664535522, 'learning_rate': 1.8546101828601976e-05, 'epoch': 3.91}
{'loss': 0.0592, 'grad_norm': 5.399838924407959, 'learning_rate': 1.8495144050169625e-05, 'epoch': 3.95}
{'loss': 0.0575, 'grad_norm': 1.3654148578643799, 'learning_rate': 1.8443544712990462e-05, 'epoch': 3.99}
{'eval_loss': 0.009518706239759922, 'eval_challenge_score': 0.003913698572798767, 'eval_err_F': 0.001996062713088426, 'eval_err_M': 0.0032744866195619864, 'eval_err_diff': 0.0012784239064735606, 'eval_mae_pct': 5.898695348554708, 'eval_r2': 0.2801473381081877, 'eval_mse': 0.005011625624576447, 'eval_mae': 0.058986953485547076, 'eval__is_stratified_skipped_cells': 0.0, 'eval_runtime': 13.8542, 'eval_samples_per_second': 1082.703, 'eval_steps_per_second': 4.259, 'epoch': 4.0}
  Lagrangien epoch 4: λ_adapt=1.8121  val_err_diff=0.001278
{'loss': 0.0616, 'grad_norm': 1.541161060333252, 'learning_rate': 1.8391309750729878e-05, 'epoch': 4.03}
{'loss': 0.0623, 'grad_norm': 3.4016661643981934, 'learning_rate': 1.833844517014698e-05, 'epoch': 4.07}
{'loss': 0.0548, 'grad_norm': 4.243236064910889, 'learning_rate': 1.8284957050403818e-05, 'epoch': 4.11}
{'loss': 0.0581, 'grad_norm': 3.6170811653137207, 'learning_rate': 1.8230851542366327e-05, 'epoch': 4.15}
{'loss': 0.0557, 'grad_norm': 2.0650863647460938, 'learning_rate': 1.8176134867897e-05, 'epoch': 4.19}
{'loss': 0.0778, 'grad_norm': 7.494391441345215, 'learning_rate': 1.812081331913941e-05, 'epoch': 4.23}
{'loss': 0.0848, 'grad_norm': 6.760637283325195, 'learning_rate': 1.806489325779466e-05, 'epoch': 4.27}
{'loss': 0.0527, 'grad_norm': 2.7007715702056885, 'learning_rate': 1.8008381114389773e-05, 'epoch': 4.31}
{'loss': 0.0567, 'grad_norm': 1.554071307182312, 'learning_rate': 1.7951283387538274e-05, 'epoch': 4.35}
{'loss': 0.0566, 'grad_norm': 1.8891867399215698, 'learning_rate': 1.7893606643192833e-05, 'epoch': 4.39}
{'loss': 0.0571, 'grad_norm': 2.424464464187622, 'learning_rate': 1.7835357513890245e-05, 'epoch': 4.43}
{'loss': 0.0554, 'grad_norm': 2.8984293937683105, 'learning_rate': 1.77765426979887e-05, 'epoch': 4.47}
{'loss': 0.0611, 'grad_norm': 4.654273986816406, 'learning_rate': 1.771716895889752e-05, 'epoch': 4.51}
{'loss': 0.0565, 'grad_norm': 3.179663896560669, 'learning_rate': 1.7657243124299383e-05, 'epoch': 4.55}
{'loss': 0.0552, 'grad_norm': 5.239712238311768, 'learning_rate': 1.7596772085365208e-05, 'epoch': 4.59}
{'loss': 0.0594, 'grad_norm': 6.139756679534912, 'learning_rate': 1.753576279596166e-05, 'epoch': 4.63}
{'loss': 0.0584, 'grad_norm': 1.407033085823059, 'learning_rate': 1.7474222271851528e-05, 'epoch': 4.67}
{'loss': 0.0575, 'grad_norm': 3.249892234802246, 'learning_rate': 1.741215758988692e-05, 'epoch': 4.71}
{'loss': 0.0574, 'grad_norm': 4.885188102722168, 'learning_rate': 1.7349575887195488e-05, 'epoch': 4.75}
{'loss': 0.0645, 'grad_norm': 1.6499531269073486, 'learning_rate': 1.7286484360359665e-05, 'epoch': 4.79}
{'loss': 0.0552, 'grad_norm': 1.7029386758804321, 'learning_rate': 1.722289026458911e-05, 'epoch': 4.83}
{'loss': 0.0697, 'grad_norm': 21.886272430419922, 'learning_rate': 1.71588009128864e-05, 'epoch': 4.87}
{'loss': 0.05, 'grad_norm': 1.6651054620742798, 'learning_rate': 1.709422367520606e-05, 'epoch': 4.91}
{'loss': 0.0522, 'grad_norm': 2.791391372680664, 'learning_rate': 1.7029165977607054e-05, 'epoch': 4.95}
{'loss': 0.0602, 'grad_norm': 4.581022262573242, 'learning_rate': 1.696363530139884e-05, 'epoch': 4.99}
{'eval_loss': 0.008019980043172836, 'eval_challenge_score': 0.0033493802307319256, 'eval_err_F': 0.002197090846945253, 'eval_err_M': 0.0029652837694697015, 'eval_err_diff': 0.0007681929225244483, 'eval_mae_pct': 4.513799805514621, 'eval_r2': 0.5667507904596449, 'eval_mse': 0.003016287853480576, 'eval_mae': 0.04513799805514621, 'eval__is_stratified_skipped_cells': 0.0, 'eval_runtime': 13.966, 'eval_samples_per_second': 1074.034, 'eval_steps_per_second': 4.225, 'epoch': 5.0}
  Lagrangien epoch 5: λ_adapt=1.9057  val_err_diff=0.000768
{'loss': 0.052, 'grad_norm': 1.1365633010864258, 'learning_rate': 1.6897639182281042e-05, 'epoch': 5.03}
{'loss': 0.0537, 'grad_norm': 4.58692741394043, 'learning_rate': 1.683118520947689e-05, 'epoch': 5.07}
{'loss': 0.0582, 'grad_norm': 3.487504720687866, 'learning_rate': 1.6764281024860494e-05, 'epoch': 5.11}
{'loss': 0.0553, 'grad_norm': 2.993553638458252, 'learning_rate': 1.6696934322078074e-05, 'epoch': 5.15}
{'loss': 0.0504, 'grad_norm': 2.1319565773010254, 'learning_rate': 1.662915284566321e-05, 'epoch': 5.19}
{'loss': 0.0524, 'grad_norm': 3.1115550994873047, 'learning_rate': 1.6560944390146286e-05, 'epoch': 5.23}
{'loss': 0.0577, 'grad_norm': 2.6332671642303467, 'learning_rate': 1.6492316799158132e-05, 'epoch': 5.27}
{'loss': 0.0526, 'grad_norm': 3.4108707904815674, 'learning_rate': 1.6423277964528075e-05, 'epoch': 5.31}
{'loss': 0.0683, 'grad_norm': 5.467814922332764, 'learning_rate': 1.6353835825376387e-05, 'epoch': 5.35}
{'loss': 0.0505, 'grad_norm': 1.061060905456543, 'learning_rate': 1.6283998367201352e-05, 'epoch': 5.39}
{'loss': 0.0514, 'grad_norm': 2.5816292762756348, 'learning_rate': 1.6213773620960948e-05, 'epoch': 5.43}
{'loss': 0.0521, 'grad_norm': 2.1152806282043457, 'learning_rate': 1.6143169662149348e-05, 'epoch': 5.47}
{'loss': 0.0531, 'grad_norm': 3.1757028102874756, 'learning_rate': 1.6072194609868284e-05, 'epoch': 5.51}
{'loss': 0.0503, 'grad_norm': 4.247856140136719, 'learning_rate': 1.6000856625893357e-05, 'epoch': 5.55}
{'loss': 0.0522, 'grad_norm': 1.7696470022201538, 'learning_rate': 1.5929163913735513e-05, 'epoch': 5.59}
{'loss': 0.0778, 'grad_norm': 1.6469703912734985, 'learning_rate': 1.5857124717697654e-05, 'epoch': 5.63}
{'loss': 0.0479, 'grad_norm': 2.313469648361206, 'learning_rate': 1.5784747321926588e-05, 'epoch': 5.67}
{'loss': 0.0496, 'grad_norm': 3.968261480331421, 'learning_rate': 1.5712040049460416e-05, 'epoch': 5.71}
{'loss': 0.0537, 'grad_norm': 0.7670381665229797, 'learning_rate': 1.56390112612714e-05, 'epoch': 5.75}
{'loss': 0.0509, 'grad_norm': 4.140719890594482, 'learning_rate': 1.556566935530448e-05, 'epoch': 5.79}
{'loss': 0.0497, 'grad_norm': 1.8866740465164185, 'learning_rate': 1.5492022765511607e-05, 'epoch': 5.83}
{'loss': 0.0711, 'grad_norm': 0.9155913591384888, 'learning_rate': 1.5418079960881822e-05, 'epoch': 5.87}
{'loss': 0.0498, 'grad_norm': 1.3427318334579468, 'learning_rate': 1.5343849444467398e-05, 'epoch': 5.91}
{'loss': 0.0488, 'grad_norm': 1.181336760520935, 'learning_rate': 1.5269339752406014e-05, 'epoch': 5.95}
{'loss': 0.0487, 'grad_norm': 1.1818944215774536, 'learning_rate': 1.5194559452939166e-05, 'epoch': 5.99}
{'eval_loss': 0.007233977317810059, 'eval_challenge_score': 0.002875650635960612, 'eval_err_F': 0.001267974096787813, 'eval_err_M': 0.0023397584562363455, 'eval_err_diff': 0.0010717843594485325, 'eval_mae_pct': 4.7760674026398435, 'eval_r2': 0.5182518659560499, 'eval_mse': 0.0033539381334251484, 'eval_mae': 0.047760674026398435, 'eval__is_stratified_skipped_cells': 0.0, 'eval_runtime': 13.7603, 'eval_samples_per_second': 1090.095, 'eval_steps_per_second': 4.288, 'epoch': 6.0}
  Lagrangien epoch 6: λ_adapt=2.0601  val_err_diff=0.001072
{'loss': 0.0486, 'grad_norm': 2.558152675628662, 'learning_rate': 1.5119517145426834e-05, 'epoch': 6.03}
{'loss': 0.0482, 'grad_norm': 0.9575928449630737, 'learning_rate': 1.5044221459358617e-05, 'epoch': 6.07}
{'loss': 0.0513, 'grad_norm': 2.9126980304718018, 'learning_rate': 1.4968681053361374e-05, 'epoch': 6.11}
{'loss': 0.0498, 'grad_norm': 2.4248721599578857, 'learning_rate': 1.4892904614203536e-05, 'epoch': 6.15}
{'loss': 0.0501, 'grad_norm': 3.2948391437530518, 'learning_rate': 1.4816900855796159e-05, 'epoch': 6.19}
{'loss': 0.0516, 'grad_norm': 1.6529834270477295, 'learning_rate': 1.4740678518190885e-05, 'epoch': 6.23}
{'loss': 0.0555, 'grad_norm': 2.3857383728027344, 'learning_rate': 1.4664246366574857e-05, 'epoch': 6.27}
{'loss': 0.0499, 'grad_norm': 3.89312744140625, 'learning_rate': 1.4587613190262787e-05, 'epoch': 6.31}
{'loss': 0.0623, 'grad_norm': 4.277395725250244, 'learning_rate': 1.4510787801686218e-05, 'epoch': 6.35}
{'loss': 0.0627, 'grad_norm': 3.7083191871643066, 'learning_rate': 1.443377903538014e-05, 'epoch': 6.39}
{'loss': 0.0478, 'grad_norm': 2.593630313873291, 'learning_rate': 1.4356595746967065e-05, 'epoch': 6.43}
{'loss': 0.0501, 'grad_norm': 1.0001192092895508, 'learning_rate': 1.4279246812138672e-05, 'epoch': 6.47}
{'loss': 0.0582, 'grad_norm': 2.588616132736206, 'learning_rate': 1.4201741125635151e-05, 'epoch': 6.51}
{'loss': 0.0536, 'grad_norm': 2.315298080444336, 'learning_rate': 1.4124087600222344e-05, 'epoch': 6.55}
{'loss': 0.0559, 'grad_norm': 9.970221519470215, 'learning_rate': 1.4046295165666835e-05, 'epoch': 6.59}
{'loss': 0.0476, 'grad_norm': 1.648511290550232, 'learning_rate': 1.3968372767709055e-05, 'epoch': 6.63}
{'loss': 0.0677, 'grad_norm': 2.122812271118164, 'learning_rate': 1.3890329367034588e-05, 'epoch': 6.67}
{'loss': 0.0522, 'grad_norm': 2.3757882118225098, 'learning_rate': 1.381217393824371e-05, 'epoch': 6.71}
{'loss': 0.0495, 'grad_norm': 3.0323643684387207, 'learning_rate': 1.373391546881938e-05, 'epoch': 6.75}
{'loss': 0.0506, 'grad_norm': 5.405933380126953, 'learning_rate': 1.3655562958093708e-05, 'epoch': 6.79}
{'loss': 0.0489, 'grad_norm': 4.147143840789795, 'learning_rate': 1.3577125416213089e-05, 'epoch': 6.83}
{'loss': 0.0514, 'grad_norm': 12.63203239440918, 'learning_rate': 1.3498611863102068e-05, 'epoch': 6.87}
{'loss': 0.0487, 'grad_norm': 3.699246883392334, 'learning_rate': 1.34200313274261e-05, 'epoch': 6.91}
{'loss': 0.0512, 'grad_norm': 5.471560478210449, 'learning_rate': 1.3341392845553312e-05, 'epoch': 6.95}
{'loss': 0.0467, 'grad_norm': 2.027231454849243, 'learning_rate': 1.3262705460515337e-05, 'epoch': 6.99}
{'eval_loss': 0.0076448568142950535, 'eval_challenge_score': 0.0028464484859916954, 'eval_err_F': 0.0018802575018698143, 'eval_err_M': 0.002524384824617735, 'eval_err_diff': 0.0006441273227479206, 'eval_mae_pct': 2.9475967438762987, 'eval_r2': 0.7627406681453114, 'eval_mse': 0.001651803223270638, 'eval_mae': 0.029475967438762987, 'eval__is_stratified_skipped_cells': 0.0, 'eval_runtime': 14.5826, 'eval_samples_per_second': 1028.62, 'eval_steps_per_second': 4.046, 'epoch': 7.0}
  Lagrangien epoch 7: λ_adapt=2.1289  val_err_diff=0.000644
{'loss': 0.0477, 'grad_norm': 2.7940099239349365, 'learning_rate': 1.318397822096744e-05, 'epoch': 7.03}
{'loss': 0.048, 'grad_norm': 3.0857746601104736, 'learning_rate': 1.3105220180147949e-05, 'epoch': 7.07}
{'loss': 0.0664, 'grad_norm': 3.048539876937866, 'learning_rate': 1.3026440394837185e-05, 'epoch': 7.11}
{'loss': 0.0465, 'grad_norm': 1.2743438482284546, 'learning_rate': 1.2947647924315976e-05, 'epoch': 7.15}
{'loss': 0.0478, 'grad_norm': 2.273437976837158, 'learning_rate': 1.2868851829323886e-05, 'epoch': 7.19}
{'loss': 0.0463, 'grad_norm': 3.141566514968872, 'learning_rate': 1.2790061171017277e-05, 'epoch': 7.23}
{'loss': 0.0489, 'grad_norm': 1.322616696357727, 'learning_rate': 1.2711285009927316e-05, 'epoch': 7.27}
{'loss': 0.0473, 'grad_norm': 3.0648193359375, 'learning_rate': 1.2632532404918067e-05, 'epoch': 7.31}
{'loss': 0.0451, 'grad_norm': 2.239305019378662, 'learning_rate': 1.2553812412144756e-05, 'epoch': 7.35}
{'loss': 0.0461, 'grad_norm': 8.911657333374023, 'learning_rate': 1.2475134084012375e-05, 'epoch': 7.39}
{'loss': 0.0637, 'grad_norm': 1.0941663980484009, 'learning_rate': 1.2396506468134683e-05, 'epoch': 7.43}
{'loss': 0.0451, 'grad_norm': 1.3381240367889404, 'learning_rate': 1.2317938606293785e-05, 'epoch': 7.47}
{'loss': 0.0465, 'grad_norm': 1.386038899421692, 'learning_rate': 1.2239439533400367e-05, 'epoch': 7.51}
{'loss': 0.0457, 'grad_norm': 2.332646608352661, 'learning_rate': 1.2161018276454749e-05, 'epoch': 7.55}
{'loss': 0.0486, 'grad_norm': 1.8653606176376343, 'learning_rate': 1.2082683853508774e-05, 'epoch': 7.59}
{'loss': 0.0463, 'grad_norm': 1.7626663446426392, 'learning_rate': 1.2004445272628848e-05, 'epoch': 7.63}
{'loss': 0.0564, 'grad_norm': 5.962447643280029, 'learning_rate': 1.192631153085999e-05, 'epoch': 7.67}
{'loss': 0.043, 'grad_norm': 1.2824815511703491, 'learning_rate': 1.1848291613191252e-05, 'epoch': 7.71}
{'loss': 0.0431, 'grad_norm': 1.832931637763977, 'learning_rate': 1.17703944915225e-05, 'epoch': 7.75}
{'loss': 0.0443, 'grad_norm': 14.44714069366455, 'learning_rate': 1.1692629123632658e-05, 'epoch': 7.79}
{'loss': 0.0495, 'grad_norm': 1.9063891172409058, 'learning_rate': 1.1615004452149629e-05, 'epoch': 7.83}
{'loss': 0.0413, 'grad_norm': 2.621428966522217, 'learning_rate': 1.1537529403521938e-05, 'epoch': 7.87}
{'loss': 0.041, 'grad_norm': 2.4370927810668945, 'learning_rate': 1.1460212886992233e-05, 'epoch': 7.91}
{'loss': 0.0409, 'grad_norm': 1.5276284217834473, 'learning_rate': 1.138306379357275e-05, 'epoch': 7.95}
{'loss': 0.0402, 'grad_norm': 2.3483309745788574, 'learning_rate': 1.1306090995022926e-05, 'epoch': 7.99}
{'eval_loss': 0.006963924504816532, 'eval_challenge_score': 0.002484638765371961, 'eval_err_F': 0.0016499205940696626, 'eval_err_M': 0.0022063993749378615, 'eval_err_diff': 0.0005564787808681989, 'eval_mae_pct': 3.1266484364657177, 'eval_r2': 0.7522094338414254, 'eval_mse': 0.001725121843163032, 'eval_mae': 0.03126648436465718, 'eval__is_stratified_skipped_cells': 0.0, 'eval_runtime': 13.8546, 'eval_samples_per_second': 1082.673, 'eval_steps_per_second': 4.259, 'epoch': 8.0}
  Lagrangien epoch 8: λ_adapt=2.1802  val_err_diff=0.000556
{'loss': 0.0412, 'grad_norm': 2.3206334114074707, 'learning_rate': 1.1229303342829156e-05, 'epoch': 8.03}
{'loss': 0.0398, 'grad_norm': 1.3058819770812988, 'learning_rate': 1.1152709667186931e-05, 'epoch': 8.07}
{'loss': 0.0395, 'grad_norm': 1.279844045639038, 'learning_rate': 1.1076318775985425e-05, 'epoch': 8.11}
{'loss': 0.0411, 'grad_norm': 2.358001232147217, 'learning_rate': 1.1000139453794595e-05, 'epoch': 8.15}
{'loss': 0.0384, 'grad_norm': 1.0991355180740356, 'learning_rate': 1.092418046085504e-05, 'epoch': 8.19}
{'loss': 0.0394, 'grad_norm': 0.8098296523094177, 'learning_rate': 1.084845053207059e-05, 'epoch': 8.23}
{'loss': 0.048, 'grad_norm': 2.6743266582489014, 'learning_rate': 1.0772958376003844e-05, 'epoch': 8.27}
{'loss': 0.0392, 'grad_norm': 1.6158931255340576, 'learning_rate': 1.0697712673874727e-05, 'epoch': 8.31}
{'loss': 0.052, 'grad_norm': 1.587823510169983, 'learning_rate': 1.0622722078562207e-05, 'epoch': 8.35}
{'loss': 0.0401, 'grad_norm': 3.7563180923461914, 'learning_rate': 1.0547995213609228e-05, 'epoch': 8.39}
{'loss': 0.0382, 'grad_norm': 2.280924081802368, 'learning_rate': 1.0473540672231073e-05, 'epoch': 8.43}
{'loss': 0.0389, 'grad_norm': 1.7728012800216675, 'learning_rate': 1.0399367016327182e-05, 'epoch': 8.47}
{'loss': 0.0413, 'grad_norm': 1.95229971408844, 'learning_rate': 1.0325482775496568e-05, 'epoch': 8.51}
{'loss': 0.0384, 'grad_norm': 2.7983434200286865, 'learning_rate': 1.0251896446056947e-05, 'epoch': 8.55}
{'loss': 0.0376, 'grad_norm': 1.6385135650634766, 'learning_rate': 1.0178616490067739e-05, 'epoch': 8.59}
{'loss': 0.0375, 'grad_norm': 1.4698543548583984, 'learning_rate': 1.0105651334356938e-05, 'epoch': 8.63}
{'loss': 0.0389, 'grad_norm': 1.060794711112976, 'learning_rate': 1.0033009369552084e-05, 'epoch': 8.67}
{'loss': 0.0397, 'grad_norm': 2.049031972885132, 'learning_rate': 9.960698949115382e-06, 'epoch': 8.71}
{'loss': 0.0392, 'grad_norm': 0.9138758778572083, 'learning_rate': 9.888728388383094e-06, 'epoch': 8.75}
{'loss': 0.038, 'grad_norm': 3.818310499191284, 'learning_rate': 9.81710596360932e-06, 'epoch': 8.79}
{'loss': 0.0384, 'grad_norm': 2.0091726779937744, 'learning_rate': 9.745839911014266e-06, 'epoch': 8.83}
{'loss': 0.0384, 'grad_norm': 4.859747409820557, 'learning_rate': 9.674938425837125e-06, 'epoch': 8.87}
{'loss': 0.0407, 'grad_norm': 3.78194260597229, 'learning_rate': 9.604409661393661e-06, 'epoch': 8.91}
{'loss': 0.0402, 'grad_norm': 1.4698755741119385, 'learning_rate': 9.534261728138611e-06, 'epoch': 8.95}
{'loss': 0.0525, 'grad_norm': 2.262112855911255, 'learning_rate': 9.464502692733051e-06, 'epoch': 8.99}
{'eval_loss': 0.006113511510193348, 'eval_challenge_score': 0.002951719227195351, 'eval_err_F': 0.0017339849213474407, 'eval_err_M': 0.002545807791912714, 'eval_err_diff': 0.0008118228705652733, 'eval_mae_pct': 2.94166874903327, 'eval_r2': 0.7910827506653737, 'eval_mse': 0.0014544851962203303, 'eval_mae': 0.0294166874903327, 'eval__is_stratified_skipped_cells': 0.0, 'eval_runtime': 13.798, 'eval_samples_per_second': 1087.118, 'eval_steps_per_second': 4.276, 'epoch': 9.0}
  Lagrangien epoch 9: λ_adapt=2.2826  val_err_diff=0.000812
{'loss': 0.0375, 'grad_norm': 3.0648674964904785, 'learning_rate': 9.395140577116734e-06, 'epoch': 9.03}
{'loss': 0.0389, 'grad_norm': 3.8462893962860107, 'learning_rate': 9.326183357585635e-06, 'epoch': 9.07}
{'loss': 0.0373, 'grad_norm': 1.7771618366241455, 'learning_rate': 9.257638963874703e-06, 'epoch': 9.11}
{'loss': 0.0404, 'grad_norm': 3.034489631652832, 'learning_rate': 9.189515278245983e-06, 'epoch': 9.15}
{'loss': 0.0372, 'grad_norm': 0.9162161946296692, 'learning_rate': 9.121820134582203e-06, 'epoch': 9.19}
{'loss': 0.0367, 'grad_norm': 1.1062167882919312, 'learning_rate': 9.054561317485907e-06, 'epoch': 9.23}
{'loss': 0.0375, 'grad_norm': 1.3256176710128784, 'learning_rate': 8.987746561384267e-06, 'epoch': 9.27}
{'loss': 0.0381, 'grad_norm': 1.5865159034729004, 'learning_rate': 8.92138354963967e-06, 'epoch': 9.31}
{'loss': 0.0367, 'grad_norm': 1.4172552824020386, 'learning_rate': 8.855479913666159e-06, 'epoch': 9.35}
{'loss': 0.0376, 'grad_norm': 1.5705616474151611, 'learning_rate': 8.790043232051862e-06, 'epoch': 9.38}
{'loss': 0.0396, 'grad_norm': 0.8559832572937012, 'learning_rate': 8.7250810296875e-06, 'epoch': 9.42}
{'loss': 0.056, 'grad_norm': 1.7656259536743164, 'learning_rate': 8.660600776901055e-06, 'epoch': 9.46}
{'loss': 0.037, 'grad_norm': 2.1903343200683594, 'learning_rate': 8.596609888598712e-06, 'epoch': 9.5}
{'loss': 0.0386, 'grad_norm': 1.3642717599868774, 'learning_rate': 8.533115723412204e-06, 'epoch': 9.54}
{'loss': 0.0373, 'grad_norm': 1.356995940208435, 'learning_rate': 8.470125582852586e-06, 'epoch': 9.58}
{'loss': 0.0376, 'grad_norm': 1.4501030445098877, 'learning_rate': 8.4076467104706e-06, 'epoch': 9.62}
{'loss': 0.0385, 'grad_norm': 1.6981818675994873, 'learning_rate': 8.345686291023721e-06, 'epoch': 9.66}
{'loss': 0.04, 'grad_norm': 4.2740397453308105, 'learning_rate': 8.28425144964992e-06, 'epoch': 9.7}
{'loss': 0.0378, 'grad_norm': 1.8407264947891235, 'learning_rate': 8.223349251048326e-06, 'epoch': 9.74}
{'loss': 0.0375, 'grad_norm': 2.2097151279449463, 'learning_rate': 8.162986698666818e-06, 'epoch': 9.78}
{'loss': 0.0392, 'grad_norm': 4.4511799812316895, 'learning_rate': 8.10317073389666e-06, 'epoch': 9.82}
{'loss': 0.0482, 'grad_norm': 1.120182991027832, 'learning_rate': 8.043908235274278e-06, 'epoch': 9.86}
{'loss': 0.0373, 'grad_norm': 1.6410259008407593, 'learning_rate': 7.985206017690262e-06, 'epoch': 9.9}
{'loss': 0.0384, 'grad_norm': 1.5275434255599976, 'learning_rate': 7.92707083160569e-06, 'epoch': 9.94}
{'loss': 0.038, 'grad_norm': 7.595554828643799, 'learning_rate': 7.86950936227585e-06, 'epoch': 9.98}
{'eval_loss': 0.006738276220858097, 'eval_challenge_score': 0.002772529458078429, 'eval_err_F': 0.002283426020857732, 'eval_err_M': 0.0026094949790048633, 'eval_err_diff': 0.0003260689581471312, 'eval_mae_pct': 2.933106502441175, 'eval_r2': 0.7801729292696786, 'eval_mse': 0.001530439545437469, 'eval_mae': 0.02933106502441175, 'eval__is_stratified_skipped_cells': 0.0, 'eval_runtime': 13.8317, 'eval_samples_per_second': 1084.468, 'eval_steps_per_second': 4.266, 'epoch': 10.0}
  Lagrangien epoch 10: λ_adapt=2.2878  val_err_diff=0.000326
{'loss': 0.0375, 'grad_norm': 2.61275577545166, 'learning_rate': 7.812528228981491e-06, 'epoch': 10.02}
{'loss': 0.0369, 'grad_norm': 2.1711976528167725, 'learning_rate': 7.756133984267608e-06, 'epoch': 10.06}
{'loss': 0.0367, 'grad_norm': 1.483712911605835, 'learning_rate': 7.700333113189953e-06, 'epoch': 10.1}
{'loss': 0.0373, 'grad_norm': 2.1493773460388184, 'learning_rate': 7.645132032569287e-06, 'epoch': 10.14}
{'loss': 0.0372, 'grad_norm': 0.9544001221656799, 'learning_rate': 7.590537090253469e-06, 'epoch': 10.18}
{'loss': 0.0373, 'grad_norm': 0.9872210621833801, 'learning_rate': 7.536554564387481e-06, 'epoch': 10.22}
{'loss': 0.0362, 'grad_norm': 1.5428476333618164, 'learning_rate': 7.483190662691486e-06, 'epoch': 10.26}
{'loss': 0.0371, 'grad_norm': 1.6124117374420166, 'learning_rate': 7.430451521746967e-06, 'epoch': 10.3}
{'loss': 0.0366, 'grad_norm': 1.8894697427749634, 'learning_rate': 7.378343206291046e-06, 'epoch': 10.34}
{'loss': 0.0384, 'grad_norm': 3.7917797565460205, 'learning_rate': 7.326871708519073e-06, 'epoch': 10.38}
{'loss': 0.0374, 'grad_norm': 2.4026126861572266, 'learning_rate': 7.2760429473955546e-06, 'epoch': 10.42}
{'loss': 0.0398, 'grad_norm': 1.473887324333191, 'learning_rate': 7.225862767973496e-06, 'epoch': 10.46}
{'loss': 0.0468, 'grad_norm': 3.4980969429016113, 'learning_rate': 7.176336940722262e-06, 'epoch': 10.5}
{'loss': 0.0376, 'grad_norm': 2.607107400894165, 'learning_rate': 7.127471160863993e-06, 'epoch': 10.54}
{'loss': 0.0365, 'grad_norm': 4.644984722137451, 'learning_rate': 7.079271047718675e-06, 'epoch': 10.58}
{'loss': 0.0379, 'grad_norm': 1.4829492568969727, 'learning_rate': 7.031742144057968e-06, 'epoch': 10.62}
{'loss': 0.0379, 'grad_norm': 2.100881814956665, 'learning_rate': 6.984889915467796e-06, 'epoch': 10.66}
{'loss': 0.0376, 'grad_norm': 1.5657269954681396, 'learning_rate': 6.9387197497198346e-06, 'epoch': 10.7}
{'loss': 0.0376, 'grad_norm': 1.0037778615951538, 'learning_rate': 6.8932369561519595e-06, 'epoch': 10.74}
{'loss': 0.0365, 'grad_norm': 1.0676662921905518, 'learning_rate': 6.848446765057675e-06, 'epoch': 10.78}
{'loss': 0.0364, 'grad_norm': 1.7598023414611816, 'learning_rate': 6.804354327084675e-06, 'epoch': 10.82}
{'loss': 0.036, 'grad_norm': 2.602895975112915, 'learning_rate': 6.7609647126425415e-06, 'epoch': 10.86}
{'loss': 0.0368, 'grad_norm': 1.0916681289672852, 'learning_rate': 6.718282911319662e-06, 'epoch': 10.9}
{'loss': 0.0368, 'grad_norm': 1.6199063062667847, 'learning_rate': 6.676313831309465e-06, 'epoch': 10.94}
{'loss': 0.0381, 'grad_norm': 1.8393017053604126, 'learning_rate': 6.6350622988459975e-06, 'epoch': 10.98}
{'eval_loss': 0.005514827556908131, 'eval_challenge_score': 0.0018705298076829376, 'eval_err_F': 0.0016620774226503163, 'eval_err_M': 0.0018010456793387305, 'eval_err_diff': 0.00013896825668841418, 'eval_mae_pct': 3.2595322983144914, 'eval_r2': 0.7308646668921042, 'eval_mse': 0.0018737244484693769, 'eval_mae': 0.032595322983144916, 'eval__is_stratified_skipped_cells': 0.0, 'eval_runtime': 13.8834, 'eval_samples_per_second': 1080.429, 'eval_steps_per_second': 4.25, 'epoch': 11.0}
  Lagrangien epoch 11: λ_adapt=2.2556  val_err_diff=0.000139
{'loss': 0.0366, 'grad_norm': 1.239048719406128, 'learning_rate': 6.5945330576489264e-06, 'epoch': 11.02}
{'loss': 0.037, 'grad_norm': 2.8890795707702637, 'learning_rate': 6.554730768378045e-06, 'epoch': 11.06}
{'loss': 0.0358, 'grad_norm': 0.7344862222671509, 'learning_rate': 6.515660008097315e-06, 'epoch': 11.1}
{'loss': 0.0368, 'grad_norm': 1.818373680114746, 'learning_rate': 6.477325269748525e-06, 'epoch': 11.14}
{'loss': 0.0361, 'grad_norm': 1.365582823753357, 'learning_rate': 6.439730961634623e-06, 'epoch': 11.18}
{'loss': 0.0357, 'grad_norm': 1.0592666864395142, 'learning_rate': 6.402881406912798e-06, 'epoch': 11.22}
{'loss': 0.0357, 'grad_norm': 1.5524197816848755, 'learning_rate': 6.366780843097322e-06, 'epoch': 11.26}
{'loss': 0.036, 'grad_norm': 1.0417766571044922, 'learning_rate': 6.33143342157226e-06, 'epoch': 11.3}
{'loss': 0.0357, 'grad_norm': 2.545785665512085, 'learning_rate': 6.296843207114093e-06, 'epoch': 11.34}
{'loss': 0.0369, 'grad_norm': 4.4567389488220215, 'learning_rate': 6.263014177424275e-06, 'epoch': 11.38}
{'loss': 0.0366, 'grad_norm': 1.8630708456039429, 'learning_rate': 6.229950222671824e-06, 'epoch': 11.42}
{'loss': 0.0371, 'grad_norm': 1.2258466482162476, 'learning_rate': 6.1976551450459695e-06, 'epoch': 11.46}
{'loss': 0.038, 'grad_norm': 0.8507143259048462, 'learning_rate': 6.16613265831893e-06, 'epoch': 11.5}
{'loss': 0.0372, 'grad_norm': 0.8862366080284119, 'learning_rate': 6.13538638741883e-06, 'epoch': 11.54}
{'loss': 0.0357, 'grad_norm': 1.3494216203689575, 'learning_rate': 6.105419868012864e-06, 'epoch': 11.58}
{'loss': 0.0362, 'grad_norm': 1.9719047546386719, 'learning_rate': 6.076236546100711e-06, 'epoch': 11.62}
{'loss': 0.0387, 'grad_norm': 4.337369441986084, 'learning_rate': 6.047839777618255e-06, 'epoch': 11.66}
{'loss': 0.0368, 'grad_norm': 1.7890634536743164, 'learning_rate': 6.0202328280516805e-06, 'epoch': 11.7}
{'loss': 0.0362, 'grad_norm': 1.2488268613815308, 'learning_rate': 5.993418872061948e-06, 'epoch': 11.74}
{'loss': 0.0377, 'grad_norm': 0.7651860117912292, 'learning_rate': 5.967400993119726e-06, 'epoch': 11.78}
{'loss': 0.0365, 'grad_norm': 1.6785225868225098, 'learning_rate': 5.942182183150813e-06, 'epoch': 11.82}
{'loss': 0.0358, 'grad_norm': 1.0380916595458984, 'learning_rate': 5.917765342192077e-06, 'epoch': 11.86}
{'loss': 0.036, 'grad_norm': 1.1697618961334229, 'learning_rate': 5.894153278057956e-06, 'epoch': 11.9}
{'loss': 0.039, 'grad_norm': 1.994949460029602, 'learning_rate': 5.871348706017599e-06, 'epoch': 11.94}
{'loss': 0.0429, 'grad_norm': 1.5195351839065552, 'learning_rate': 5.849354248482592e-06, 'epoch': 11.98}
{'eval_loss': 0.005167933646589518, 'eval_challenge_score': 0.0022986574165780238, 'eval_err_F': 0.0012943014126963492, 'eval_err_M': 0.0019638720819507988, 'eval_err_diff': 0.0006695706692544496, 'eval_mae_pct': 2.743947634011614, 'eval_r2': 0.801503473597635, 'eval_mse': 0.0013819359582461564, 'eval_mae': 0.027439476340116137, 'eval__is_stratified_skipped_cells': 0.0, 'eval_runtime': 13.8175, 'eval_samples_per_second': 1085.583, 'eval_steps_per_second': 4.27, 'epoch': 12.0}
  Lagrangien epoch 12: λ_adapt=2.3295  val_err_diff=0.000670
{'loss': 0.0365, 'grad_norm': 0.5921996831893921, 'learning_rate': 5.82817243470542e-06, 'epoch': 12.02}
{'loss': 0.0413, 'grad_norm': 1.2800142765045166, 'learning_rate': 5.807805700488603e-06, 'epoch': 12.06}
{'loss': 0.0373, 'grad_norm': 1.1948785781860352, 'learning_rate': 5.788256387904587e-06, 'epoch': 12.1}
{'loss': 0.0378, 'grad_norm': 2.1700122356414795, 'learning_rate': 5.76952674502643e-06, 'epoch': 12.14}
{'loss': 0.0405, 'grad_norm': 1.746830701828003, 'learning_rate': 5.751618925669279e-06, 'epoch': 12.18}
{'loss': 0.0403, 'grad_norm': 1.351978063583374, 'learning_rate': 5.734534989142683e-06, 'epoch': 12.22}
{'loss': 0.0431, 'grad_norm': 2.2368006706237793, 'learning_rate': 5.718276900013802e-06, 'epoch': 12.26}
{'loss': 0.0763, 'grad_norm': 2.9459521770477295, 'learning_rate': 5.7028465278814705e-06, 'epoch': 12.3}
{'loss': 0.1605, 'grad_norm': 11.702591896057129, 'learning_rate': 5.68824564716122e-06, 'epoch': 12.34}
{'loss': 0.1683, 'grad_norm': 8.586587905883789, 'learning_rate': 5.674475936881221e-06, 'epoch': 12.38}
{'loss': 0.1632, 'grad_norm': 8.607995986938477, 'learning_rate': 5.661538980489205e-06, 'epoch': 12.42}
{'loss': 0.1627, 'grad_norm': 8.446415901184082, 'learning_rate': 5.649436265670375e-06, 'epoch': 12.46}
{'loss': 0.1588, 'grad_norm': 3.8085625171661377, 'learning_rate': 5.638169184176333e-06, 'epoch': 12.5}
{'loss': 0.1676, 'grad_norm': 6.120457649230957, 'learning_rate': 5.6281401533693875e-06, 'epoch': 12.54}
{'loss': 0.1843, 'grad_norm': 3.458775281906128, 'learning_rate': 5.618514582300013e-06, 'epoch': 12.58}
{'loss': 0.2769, 'grad_norm': 16.577964782714844, 'learning_rate': 5.609728200394177e-06, 'epoch': 12.62}
{'loss': 0.2816, 'grad_norm': 70.78630065917969, 'learning_rate': 5.6017820180418e-06, 'epoch': 12.66}
{'loss': 0.2352, 'grad_norm': 3.4118740558624268, 'learning_rate': 5.594676949014067e-06, 'epoch': 12.7}
{'loss': 0.2143, 'grad_norm': 9.791584968566895, 'learning_rate': 5.588413810358334e-06, 'epoch': 12.74}
{'loss': 0.1926, 'grad_norm': 21.605560302734375, 'learning_rate': 5.582993322304186e-06, 'epoch': 12.78}
{'loss': 0.1832, 'grad_norm': 10.209637641906738, 'learning_rate': 5.578416108180608e-06, 'epoch': 12.82}
{'loss': 0.1753, 'grad_norm': 3.8548974990844727, 'learning_rate': 5.574682694344302e-06, 'epoch': 12.86}
{'loss': 0.1938, 'grad_norm': 8.046136856079102, 'learning_rate': 5.571793510119167e-06, 'epoch': 12.9}
{'loss': 0.1665, 'grad_norm': 12.02587604522705, 'learning_rate': 5.569748887746918e-06, 'epoch': 12.94}
{'loss': 0.1386, 'grad_norm': 17.118839263916016, 'learning_rate': 5.568549062348893e-06, 'epoch': 12.98}
{'eval_loss': 0.015429460443556309, 'eval_challenge_score': 0.009280269005424006, 'eval_err_F': 0.003027011826835981, 'eval_err_M': 0.0071958499458946645, 'eval_err_diff': 0.004168838119058684, 'eval_mae_pct': 3.925247073433469, 'eval_r2': 0.5619080921833521, 'eval_mse': 0.003050002795521326, 'eval_mae': 0.03925247073433469, 'eval__is_stratified_skipped_cells': 0.0, 'eval_runtime': 13.6469, 'eval_samples_per_second': 1099.153, 'eval_steps_per_second': 4.323, 'epoch': 13.0}
  Lagrangien epoch 13: λ_adapt=3.0000  val_err_diff=0.004169
{'train_runtime': 2206.5278, 'train_samples_per_second': 471.417, 'train_steps_per_second': 3.688, 'train_loss': 0.08236830462018405, 'epoch': 13.0}
loss=0.00552  score=0.00187  err_F=0.00166  err_M=0.00180  err_diff=0.00014
  human-readable : MAE_pct=3.26%  R²=0.731
  Lagrangien epoch 13: λ_adapt=2.9678  val_err_diff=0.000139
loss=0.00552  score=0.00187  err_F=0.00166  err_M=0.00180  err_diff=0.00014
  human-readable : MAE_pct=3.26%  R²=0.731
[calibrators] WARNING: ContinuousIsotonicCalibrator fit failed: 'IsotonicRegression' object has no attribute 'X_'
  Best (cal, α) (val IS-strat): isotonic, α=0.0  → val_score=0.00187
  Best α per cal: isotonic=α0.0, linear=α0.0, pchip=α0.0, isotonic_regime=α0.0, isotonic_tailboost=α0.0
  Test holdout (n=4985, P_test dist):
    raw            : score=0.00175  err_F=0.00167  err_M=0.00150  diff=0.00017
    isotonic      : score=0.00170  err_F=0.00101  err_M=0.00147  diff=0.00046  (gain +0.00005) ← SELECTED (val)
    linear        : score=0.00168  err_F=0.00103  err_M=0.00146  diff=0.00043  (gain +0.00007) ← ORACLE (test, biased)
    pchip         : score=0.00169  err_F=0.00100  err_M=0.00146  diff=0.00046  (gain +0.00006)
  Saved test holdout preds (4985 rows, 5 calibrators) + mappings to MLflow artifact
Saved 10 worst : /tmp/face_occ_results/optuna_coatnet1-3090-v17_trial_1/qualitative/worst/worst.csv + /tmp/face_occ_results/optuna_coatnet1-3090-v17_trial_1/qualitative/worst/images
Saved 10 best : /tmp/face_occ_results/optuna_coatnet1-3090-v17_trial_1/qualitative/best/best.csv + /tmp/face_occ_results/optuna_coatnet1-3090-v17_trial_1/qualitative/best/images
Saved diagnostic chart: /tmp/face_occ_results/optuna_coatnet1-3090-v17_trial_1/qualitative/diagnostics/error_vs_occlusion_and_density.png
Model saved: models:/m-5cc7d872a4d0405fa2f13fd8faf25943
Trial 1: score=0.00187 err_F=0.00166 err_M=0.00180 err_diff=0.00014
Loaded 100,000 samples from data/raw/train.csv
Train: 80,015 (iid P_train) | Val: 15,000 (iid P_train, IS-stratified eval) | Test holdout: 4,985 (match P_test via H_C)
Loss weights summary: {'loss_weight_min': 0.8474142551422119, 'loss_weight_max': 1.8976904153823853, 'loss_weight_mean': 1.0, 'loss_weight_std': 0.23482981324195862, 'target_mean_weighted': 0.09706300734235634, 'target_mean_unweighted': 0.07828713513447533}
Head bias init: target_mean_weighted=0.0971  (unweighted=0.0783)  ->  bias=logit(mean)≈-2.230
[Rank 1] Model built: coatnet_1_rw_224.sw_in1k, pooling=attention_k_query, params=43.1M
Loaded 100,000 samples from data/raw/train.csv
Val: iid P_train. Metric uses stratified IS with test_pmf_joint built via H_C (see docs/v12_theory.md §3 — estimate_test_pmf_joint).
correction_strength=0.21 (loss-only, no sampler — v16)
Train: 80,015 (iid P_train) | Val: 15,000 (iid P_train, IS-stratified eval) | Test holdout: 4,985 (match P_test via H_C)
WeightedMSETrainer: focal_gamma=1.2085788211042692, λ_init=1.0, λ_lr=200.0, λ∈[1.0, 3.0], threshold=0.0003, query_div=0.19344380845019737, adv=0.040382665810827445, mmd=0.0, ot=0.0, sinkhorn=0.0, layer_decay=1.0
Loss weights summary: {'loss_weight_min': 0.8474142551422119, 'loss_weight_max': 1.8976904153823853, 'loss_weight_mean': 1.0, 'loss_weight_std': 0.23482981324195862, 'target_mean_weighted': 0.09706300734235634, 'target_mean_unweighted': 0.07828713513447533}
Head bias init: target_mean_weighted=0.0971  (unweighted=0.0783)  ->  bias=logit(mean)≈-2.230
[Rank 0] Model built: coatnet_1_rw_224.sw_in1k, pooling=attention_k_query, params=43.1M
Val: iid P_train. Metric uses stratified IS with test_pmf_joint built via H_C (see docs/v12_theory.md §3 — estimate_test_pmf_joint).
correction_strength=0.21 (loss-only, no sampler — v16)
WeightedMSETrainer: focal_gamma=1.2085788211042692, λ_init=1.0, λ_lr=200.0, λ∈[1.0, 3.0], threshold=0.0003, query_div=0.19344380845019737, adv=0.040382665810827445, mmd=0.0, ot=0.0, sinkhorn=0.0, layer_decay=1.0
{'loss': 0.2501, 'grad_norm': 18.23573112487793, 'learning_rate': 1.1105678088305763e-06, 'epoch': 0.04}
{'loss': 0.246, 'grad_norm': 71.45576477050781, 'learning_rate': 2.5718412415023876e-06, 'epoch': 0.08}
{'loss': 0.2414, 'grad_norm': 16.030380249023438, 'learning_rate': 4.033114674174198e-06, 'epoch': 0.12}
{'loss': 0.2231, 'grad_norm': 60.153568267822266, 'learning_rate': 5.435937169539137e-06, 'epoch': 0.16}
{'loss': 0.1673, 'grad_norm': 24.473892211914062, 'learning_rate': 6.897210602210948e-06, 'epoch': 0.2}
{'loss': 0.1338, 'grad_norm': 34.39332962036133, 'learning_rate': 8.358484034882759e-06, 'epoch': 0.24}
{'loss': 0.0863, 'grad_norm': 14.814535140991211, 'learning_rate': 9.81975746755457e-06, 'epoch': 0.28}
{'loss': 0.082, 'grad_norm': 12.712891578674316, 'learning_rate': 1.128103090022638e-05, 'epoch': 0.32}
{'loss': 0.0718, 'grad_norm': 30.485937118530273, 'learning_rate': 1.2742304332898191e-05, 'epoch': 0.36}
{'loss': 0.0635, 'grad_norm': 3.856166362762451, 'learning_rate': 1.4203577765570004e-05, 'epoch': 0.4}
{'loss': 0.056, 'grad_norm': 6.271295070648193, 'learning_rate': 1.5664851198241813e-05, 'epoch': 0.44}
{'loss': 0.047, 'grad_norm': 8.17224407196045, 'learning_rate': 1.7126124630913627e-05, 'epoch': 0.48}
{'loss': 0.0434, 'grad_norm': 2.295536994934082, 'learning_rate': 1.8587398063585437e-05, 'epoch': 0.52}
{'loss': 0.062, 'grad_norm': 2.161811351776123, 'learning_rate': 2.0048671496257248e-05, 'epoch': 0.56}
{'loss': 0.0523, 'grad_norm': 6.772745132446289, 'learning_rate': 2.150994492892906e-05, 'epoch': 0.6}
{'loss': 0.0371, 'grad_norm': 1.8084155321121216, 'learning_rate': 2.297121836160087e-05, 'epoch': 0.64}
{'loss': 0.0377, 'grad_norm': 1.4301321506500244, 'learning_rate': 2.443249179427268e-05, 'epoch': 0.68}
{'loss': 0.0396, 'grad_norm': 1.2308064699172974, 'learning_rate': 2.589376522694449e-05, 'epoch': 0.72}
{'loss': 0.0349, 'grad_norm': 3.698098659515381, 'learning_rate': 2.73550386596163e-05, 'epoch': 0.76}
{'loss': 0.0408, 'grad_norm': 4.262882232666016, 'learning_rate': 2.8816312092288116e-05, 'epoch': 0.8}
{'loss': 0.0433, 'grad_norm': 1.6419345140457153, 'learning_rate': 3.0277585524959923e-05, 'epoch': 0.84}
{'loss': 0.0372, 'grad_norm': 1.9582442045211792, 'learning_rate': 3.173885895763174e-05, 'epoch': 0.88}
{'loss': 0.0527, 'grad_norm': 1.1621061563491821, 'learning_rate': 3.320013239030355e-05, 'epoch': 0.92}
{'loss': 0.0401, 'grad_norm': 0.8510488867759705, 'learning_rate': 3.4661405822975355e-05, 'epoch': 0.96}
{'loss': 0.0525, 'grad_norm': 1.6863133907318115, 'learning_rate': 3.612267925564717e-05, 'epoch': 1.0}
{'eval_loss': 0.009746050462126732, 'eval_challenge_score': 0.005999300588090461, 'eval_err_F': 0.002225410100454125, 'eval_err_M': 0.004741337092211682, 'eval_err_diff': 0.0025159269917575566, 'eval_mae_pct': 3.244550346611795, 'eval_r2': 0.7423360776694126, 'eval_mse': 0.001793860305089656, 'eval_mae': 0.03244550346611795, 'eval__is_stratified_skipped_cells': 0.0, 'eval_runtime': 13.6366, 'eval_samples_per_second': 1099.98, 'eval_steps_per_second': 4.327, 'epoch': 1.0}
  Lagrangien epoch 1: λ_adapt=1.4432  val_err_diff=0.002516
{'loss': 0.0474, 'grad_norm': 2.419595956802368, 'learning_rate': 3.7583952688318976e-05, 'epoch': 1.04}
{'loss': 0.1015, 'grad_norm': 41.27191925048828, 'learning_rate': 3.904522612099079e-05, 'epoch': 1.08}
{'loss': 0.1154, 'grad_norm': 1.6974397897720337, 'learning_rate': 4.05064995536626e-05, 'epoch': 1.12}
{'loss': 0.0775, 'grad_norm': 5.076451778411865, 'learning_rate': 4.196777298633441e-05, 'epoch': 1.16}
{'loss': 0.0866, 'grad_norm': 8.169900894165039, 'learning_rate': 4.342904641900622e-05, 'epoch': 1.2}
{'loss': 0.0904, 'grad_norm': 4.1107330322265625, 'learning_rate': 4.489031985167803e-05, 'epoch': 1.24}
{'loss': 0.0974, 'grad_norm': 13.436396598815918, 'learning_rate': 4.635159328434984e-05, 'epoch': 1.28}
{'loss': 0.0628, 'grad_norm': 4.5565314292907715, 'learning_rate': 4.7579037971889345e-05, 'epoch': 1.32}
{'loss': 0.0549, 'grad_norm': 2.3137362003326416, 'learning_rate': 4.75777491371665e-05, 'epoch': 1.36}
{'loss': 0.0602, 'grad_norm': 1.1393013000488281, 'learning_rate': 4.757450766669801e-05, 'epoch': 1.4}
{'loss': 0.0563, 'grad_norm': 1.774443507194519, 'learning_rate': 4.756931393323675e-05, 'epoch': 1.44}
{'loss': 0.0534, 'grad_norm': 1.038813829421997, 'learning_rate': 4.756216853403607e-05, 'epoch': 1.48}
{'loss': 0.0656, 'grad_norm': 2.9101483821868896, 'learning_rate': 4.755307229078109e-05, 'epoch': 1.52}
{'loss': 0.0464, 'grad_norm': 1.7270206212997437, 'learning_rate': 4.754202624949423e-05, 'epoch': 1.56}
{'loss': 0.0445, 'grad_norm': 1.221949577331543, 'learning_rate': 4.7529031680414936e-05, 'epoch': 1.6}
{'loss': 0.0563, 'grad_norm': 1.5820485353469849, 'learning_rate': 4.7514090077853575e-05, 'epoch': 1.64}
{'loss': 0.0496, 'grad_norm': 2.066591739654541, 'learning_rate': 4.749720316001963e-05, 'epoch': 1.68}
{'loss': 0.0457, 'grad_norm': 0.9301297664642334, 'learning_rate': 4.7478372868824096e-05, 'epoch': 1.72}
{'loss': 0.0622, 'grad_norm': 0.535487174987793, 'learning_rate': 4.7457601369656156e-05, 'epoch': 1.76}
{'loss': 0.0413, 'grad_norm': 0.8232506513595581, 'learning_rate': 4.7434891051134204e-05, 'epoch': 1.8}
{'loss': 0.0443, 'grad_norm': 6.725841522216797, 'learning_rate': 4.741024452483117e-05, 'epoch': 1.84}
{'loss': 0.0449, 'grad_norm': 1.8256721496582031, 'learning_rate': 4.7383664624974146e-05, 'epoch': 1.88}
{'loss': 0.044, 'grad_norm': 1.082885503768921, 'learning_rate': 4.7355154408118524e-05, 'epoch': 1.92}
{'loss': 0.0438, 'grad_norm': 4.4683380126953125, 'learning_rate': 4.7324717152796474e-05, 'epoch': 1.96}
{'loss': 0.0351, 'grad_norm': 0.7027841210365295, 'learning_rate': 4.729235635913996e-05, 'epoch': 2.0}
{'eval_loss': 0.009091929532587528, 'eval_challenge_score': 0.004731250871666982, 'eval_err_F': 0.0026190396248142195, 'eval_err_M': 0.004027180456049394, 'eval_err_diff': 0.0014081408312351749, 'eval_mae_pct': 4.02274127789225, 'eval_r2': 0.6225365871830614, 'eval_mse': 0.0026279062538185826, 'eval_mae': 0.04022741277892249, 'eval__is_stratified_skipped_cells': 0.0, 'eval_runtime': 13.569, 'eval_samples_per_second': 1105.46, 'eval_steps_per_second': 4.348, 'epoch': 2.0}
  Lagrangien epoch 2: λ_adapt=1.6648  val_err_diff=0.001408
{'loss': 0.0377, 'grad_norm': 0.43647146224975586, 'learning_rate': 4.7258075748478196e-05, 'epoch': 2.04}
{'loss': 0.0393, 'grad_norm': 11.70410442352295, 'learning_rate': 4.722187926290977e-05, 'epoch': 2.08}
{'loss': 0.0332, 'grad_norm': 1.3813140392303467, 'learning_rate': 4.718377106484924e-05, 'epoch': 2.12}
{'loss': 0.0354, 'grad_norm': 0.6553084254264832, 'learning_rate': 4.7143755536548586e-05, 'epoch': 2.16}
{'loss': 0.0618, 'grad_norm': 1.2738252878189087, 'learning_rate': 4.7101837279593194e-05, 'epoch': 2.2}
{'loss': 0.042, 'grad_norm': 1.9462460279464722, 'learning_rate': 4.705802111437269e-05, 'epoch': 2.24}
{'loss': 0.0479, 'grad_norm': 1.3172376155853271, 'learning_rate': 4.701231207952667e-05, 'epoch': 2.28}
{'loss': 0.0372, 'grad_norm': 2.340674877166748, 'learning_rate': 4.6964715431365286e-05, 'epoch': 2.32}
{'loss': 0.0332, 'grad_norm': 1.4120558500289917, 'learning_rate': 4.691523664326471e-05, 'epoch': 2.36}
{'loss': 0.0319, 'grad_norm': 0.822924017906189, 'learning_rate': 4.686388140503783e-05, 'epoch': 2.4}
{'loss': 0.0319, 'grad_norm': 0.3373487889766693, 'learning_rate': 4.681065562227988e-05, 'epoch': 2.44}
{'loss': 0.0369, 'grad_norm': 2.3897924423217773, 'learning_rate': 4.6755565415689355e-05, 'epoch': 2.48}
{'loss': 0.0353, 'grad_norm': 1.3599945306777954, 'learning_rate': 4.669861712036415e-05, 'epoch': 2.52}
{'loss': 0.034, 'grad_norm': 1.5816798210144043, 'learning_rate': 4.663981728507308e-05, 'epoch': 2.56}
{'loss': 0.0483, 'grad_norm': 1.7843087911605835, 'learning_rate': 4.657917267150275e-05, 'epoch': 2.6}
{'loss': 0.0435, 'grad_norm': 1.723869800567627, 'learning_rate': 4.651669025348006e-05, 'epoch': 2.64}
{'loss': 0.0479, 'grad_norm': 1.1370025873184204, 'learning_rate': 4.6452377216170194e-05, 'epoch': 2.68}
{'loss': 0.0415, 'grad_norm': 1.456627607345581, 'learning_rate': 4.638624095525043e-05, 'epoch': 2.72}
{'loss': 0.0602, 'grad_norm': 0.7575701475143433, 'learning_rate': 4.631828907605958e-05, 'epoch': 2.76}
{'loss': 0.0431, 'grad_norm': 1.0139846801757812, 'learning_rate': 4.624852939272348e-05, 'epoch': 2.8}
{'loss': 0.0437, 'grad_norm': 0.8567981123924255, 'learning_rate': 4.6176969927256424e-05, 'epoch': 2.84}
{'loss': 0.0322, 'grad_norm': 0.7861440181732178, 'learning_rate': 4.610361890863861e-05, 'epoch': 2.88}
{'loss': 0.0348, 'grad_norm': 0.5150183439254761, 'learning_rate': 4.6028484771869864e-05, 'epoch': 2.92}
{'loss': 0.0324, 'grad_norm': 0.6115984320640564, 'learning_rate': 4.5951576156999695e-05, 'epoch': 2.96}
{'loss': 0.0564, 'grad_norm': 1.6429877281188965, 'learning_rate': 4.5872901908133705e-05, 'epoch': 3.0}
{'eval_loss': 0.007845417596399784, 'eval_challenge_score': 0.0032750690746353654, 'eval_err_F': 0.0015673460439783096, 'eval_err_M': 0.002705828064416347, 'eval_err_diff': 0.0011384820204380372, 'eval_mae_pct': 3.854296619771776, 'eval_r2': 0.6463567542164339, 'eval_mse': 0.002462069873951056, 'eval_mae': 0.03854296619771776, 'eval__is_stratified_skipped_cells': 0.0, 'eval_runtime': 13.5646, 'eval_samples_per_second': 1105.817, 'eval_steps_per_second': 4.35, 'epoch': 3.0}
  Lagrangien epoch 3: λ_adapt=1.8325  val_err_diff=0.001138
{'loss': 0.035, 'grad_norm': 0.6050362586975098, 'learning_rate': 4.5792471072416567e-05, 'epoch': 3.04}
{'loss': 0.0362, 'grad_norm': 3.5100882053375244, 'learning_rate': 4.571029289899162e-05, 'epoch': 3.08}
{'loss': 0.0337, 'grad_norm': 0.8723849058151245, 'learning_rate': 4.5626376837937326e-05, 'epoch': 3.12}
{'loss': 0.0329, 'grad_norm': 0.5045031309127808, 'learning_rate': 4.554073253918049e-05, 'epoch': 3.15}
{'loss': 0.0547, 'grad_norm': 0.3305148780345917, 'learning_rate': 4.5453369851386625e-05, 'epoch': 3.19}
{'loss': 0.0408, 'grad_norm': 0.5181378722190857, 'learning_rate': 4.5364298820827364e-05, 'epoch': 3.23}
{'loss': 0.0304, 'grad_norm': 0.463996022939682, 'learning_rate': 4.5273529690225206e-05, 'epoch': 3.27}
{'loss': 0.0302, 'grad_norm': 0.47958147525787354, 'learning_rate': 4.518107289757565e-05, 'epoch': 3.31}
{'loss': 0.0333, 'grad_norm': 0.7838978171348572, 'learning_rate': 4.508693907494689e-05, 'epoch': 3.35}
{'loss': 0.0673, 'grad_norm': 1.182320237159729, 'learning_rate': 4.499113904725716e-05, 'epoch': 3.39}
{'loss': 0.0479, 'grad_norm': 0.6835194826126099, 'learning_rate': 4.4893683831029934e-05, 'epoch': 3.43}
{'loss': 0.0319, 'grad_norm': 1.094178557395935, 'learning_rate': 4.479458463312707e-05, 'epoch': 3.47}
{'loss': 0.0356, 'grad_norm': 0.5258406400680542, 'learning_rate': 4.4693852849460115e-05, 'epoch': 3.51}
{'loss': 0.0345, 'grad_norm': 3.3506619930267334, 'learning_rate': 4.4591500063679776e-05, 'epoch': 3.55}
{'loss': 0.044, 'grad_norm': 0.5958886742591858, 'learning_rate': 4.44875380458439e-05, 'epoch': 3.59}
{'loss': 0.0319, 'grad_norm': 0.6612707376480103, 'learning_rate': 4.4381978751063955e-05, 'epoch': 3.63}
{'loss': 0.0352, 'grad_norm': 1.0091559886932373, 'learning_rate': 4.4274834318130265e-05, 'epoch': 3.67}
{'loss': 0.0346, 'grad_norm': 1.3571561574935913, 'learning_rate': 4.416611706811611e-05, 'epoch': 3.71}
{'loss': 0.0342, 'grad_norm': 1.0480684041976929, 'learning_rate': 4.405583950296083e-05, 'epoch': 3.75}
{'loss': 0.033, 'grad_norm': 0.6613678336143494, 'learning_rate': 4.3944014304032234e-05, 'epoch': 3.79}
{'loss': 0.0328, 'grad_norm': 1.3326116800308228, 'learning_rate': 4.383065433066824e-05, 'epoch': 3.83}
{'loss': 0.0321, 'grad_norm': 1.1137781143188477, 'learning_rate': 4.371577261869814e-05, 'epoch': 3.87}
{'loss': 0.0367, 'grad_norm': 0.5386485457420349, 'learning_rate': 4.359938237894356e-05, 'epoch': 3.91}
{'loss': 0.0322, 'grad_norm': 4.500331878662109, 'learning_rate': 4.348149699569925e-05, 'epoch': 3.95}
{'loss': 0.0319, 'grad_norm': 0.6482012867927551, 'learning_rate': 4.3362130025194e-05, 'epoch': 3.99}
{'eval_loss': 0.01213702093809843, 'eval_challenge_score': 0.008427580640244, 'eval_err_F': 0.007464819642907822, 'eval_err_M': 0.0055392976482354665, 'eval_err_diff': 0.0019255219946723552, 'eval_mae_pct': 4.299583592691876, 'eval_r2': 0.5968114377593491, 'eval_mse': 0.002807005151236164, 'eval_mae': 0.04299583592691876, 'eval__is_stratified_skipped_cells': 0.0, 'eval_runtime': 13.58, 'eval_samples_per_second': 1104.567, 'eval_steps_per_second': 4.345, 'epoch': 4.0}
  Lagrangien epoch 4: λ_adapt=2.1576  val_err_diff=0.001926
{'loss': 0.0356, 'grad_norm': 0.6508802771568298, 'learning_rate': 4.3241295194031675e-05, 'epoch': 4.03}
{'loss': 0.0361, 'grad_norm': 0.9161972403526306, 'learning_rate': 4.3119006397612805e-05, 'epoch': 4.07}
{'loss': 0.0324, 'grad_norm': 0.8304414749145508, 'learning_rate': 4.2995277698536635e-05, 'epoch': 4.11}
{'loss': 0.0359, 'grad_norm': 0.767607569694519, 'learning_rate': 4.287012332498398e-05, 'epoch': 4.15}
{'loss': 0.0349, 'grad_norm': 1.111885666847229, 'learning_rate': 4.274355766908113e-05, 'epoch': 4.19}
{'loss': 0.0623, 'grad_norm': 0.5315732359886169, 'learning_rate': 4.261559528524472e-05, 'epoch': 4.23}
{'loss': 0.0517, 'grad_norm': 0.63958740234375, 'learning_rate': 4.248625088850814e-05, 'epoch': 4.27}
{'loss': 0.0308, 'grad_norm': 0.819764256477356, 'learning_rate': 4.235553935282935e-05, 'epoch': 4.31}
{'loss': 0.0314, 'grad_norm': 0.9565141797065735, 'learning_rate': 4.22234757093804e-05, 'epoch': 4.35}
{'loss': 0.0337, 'grad_norm': 0.4090723991394043, 'learning_rate': 4.2090075144819016e-05, 'epoch': 4.39}
{'loss': 0.035, 'grad_norm': 0.8493812680244446, 'learning_rate': 4.195535299954213e-05, 'epoch': 4.43}
{'loss': 0.0314, 'grad_norm': 1.603798270225525, 'learning_rate': 4.181932476592183e-05, 'epoch': 4.47}
{'loss': 0.0403, 'grad_norm': 0.6000179648399353, 'learning_rate': 4.1682006086523834e-05, 'epoch': 4.51}
{'loss': 0.0333, 'grad_norm': 0.7933756709098816, 'learning_rate': 4.1543412752308676e-05, 'epoch': 4.55}
{'loss': 0.0328, 'grad_norm': 1.467889428138733, 'learning_rate': 4.1403560700815784e-05, 'epoch': 4.59}
{'loss': 0.0333, 'grad_norm': 0.5918877124786377, 'learning_rate': 4.1262466014330795e-05, 'epoch': 4.63}
{'loss': 0.0307, 'grad_norm': 0.9999927878379822, 'learning_rate': 4.1120144918036134e-05, 'epoch': 4.67}
{'loss': 0.0366, 'grad_norm': 0.9323805570602417, 'learning_rate': 4.0976613778145213e-05, 'epoch': 4.71}
{'loss': 0.0322, 'grad_norm': 0.45882105827331543, 'learning_rate': 4.08318891000204e-05, 'epoch': 4.75}
{'loss': 0.0402, 'grad_norm': 0.3574599027633667, 'learning_rate': 4.0685987526274995e-05, 'epoch': 4.79}
{'loss': 0.037, 'grad_norm': 0.6440788507461548, 'learning_rate': 4.053892583485938e-05, 'epoch': 4.83}
{'loss': 0.0465, 'grad_norm': 22.707378387451172, 'learning_rate': 4.039072093713167e-05, 'epoch': 4.87}
{'loss': 0.0288, 'grad_norm': 0.5931861400604248, 'learning_rate': 4.024138987591299e-05, 'epoch': 4.91}
{'loss': 0.0306, 'grad_norm': 0.6163850426673889, 'learning_rate': 4.009094982352762e-05, 'epoch': 4.95}
{'loss': 0.0348, 'grad_norm': 4.522144317626953, 'learning_rate': 3.993941807982826e-05, 'epoch': 4.99}
{'eval_loss': 0.00660423468798399, 'eval_challenge_score': 0.003429975632947865, 'eval_err_F': 0.0015664989938051369, 'eval_err_M': 0.002808816753233622, 'eval_err_diff': 0.0012423177594284853, 'eval_mae_pct': 2.6383223480148685, 'eval_r2': 0.7934383025932052, 'eval_mse': 0.001438085806419484, 'eval_mae': 0.026383223480148685, 'eval__is_stratified_skipped_cells': 0.0, 'eval_runtime': 13.4214, 'eval_samples_per_second': 1117.619, 'eval_steps_per_second': 4.396, 'epoch': 5.0}
  Lagrangien epoch 5: λ_adapt=2.3461  val_err_diff=0.001242
{'loss': 0.0313, 'grad_norm': 0.8055012822151184, 'learning_rate': 3.9786812070206674e-05, 'epoch': 5.03}
{'loss': 0.0288, 'grad_norm': 5.1199140548706055, 'learning_rate': 3.963314934358979e-05, 'epoch': 5.07}
{'loss': 0.036, 'grad_norm': 2.657626152038574, 'learning_rate': 3.947844757042173e-05, 'epoch': 5.11}
{'loss': 0.0358, 'grad_norm': 0.5969356298446655, 'learning_rate': 3.932272454063174e-05, 'epoch': 5.15}
{'loss': 0.0434, 'grad_norm': 0.859354555606842, 'learning_rate': 3.91659981615885e-05, 'epoch': 5.19}
{'loss': 0.0308, 'grad_norm': 0.4385033845901489, 'learning_rate': 3.900828645604079e-05, 'epoch': 5.23}
{'loss': 0.0321, 'grad_norm': 0.7112516760826111, 'learning_rate': 3.8849607560045026e-05, 'epoch': 5.27}
{'loss': 0.0324, 'grad_norm': 0.5616173148155212, 'learning_rate': 3.868997972087968e-05, 'epoch': 5.31}
{'loss': 0.0405, 'grad_norm': 0.6635981202125549, 'learning_rate': 3.852942129494694e-05, 'epoch': 5.35}
{'loss': 0.031, 'grad_norm': 1.242326021194458, 'learning_rate': 3.8367950745661805e-05, 'epoch': 5.39}
{'loss': 0.0315, 'grad_norm': 0.9994295239448547, 'learning_rate': 3.8205586641328896e-05, 'epoch': 5.43}
{'loss': 0.0327, 'grad_norm': 0.870762050151825, 'learning_rate': 3.804234765300718e-05, 'epoch': 5.47}
{'loss': 0.0389, 'grad_norm': 1.0750764608383179, 'learning_rate': 3.787825255236292e-05, 'epoch': 5.51}
{'loss': 0.0313, 'grad_norm': 0.577777087688446, 'learning_rate': 3.7713320209510996e-05, 'epoch': 5.55}
{'loss': 0.0303, 'grad_norm': 0.5215559601783752, 'learning_rate': 3.7547569590844954e-05, 'epoch': 5.59}
{'loss': 0.0481, 'grad_norm': 1.2439643144607544, 'learning_rate': 3.738101975685597e-05, 'epoch': 5.63}
{'loss': 0.0309, 'grad_norm': 0.6707723736763, 'learning_rate': 3.7213689859940946e-05, 'epoch': 5.67}
{'loss': 0.032, 'grad_norm': 0.9175801873207092, 'learning_rate': 3.7045599142200176e-05, 'epoch': 5.71}
{'loss': 0.0362, 'grad_norm': 0.9788480401039124, 'learning_rate': 3.687676693322447e-05, 'epoch': 5.75}
{'loss': 0.032, 'grad_norm': 0.5769749283790588, 'learning_rate': 3.670721264787246e-05, 'epoch': 5.79}
{'loss': 0.0284, 'grad_norm': 0.2622048258781433, 'learning_rate': 3.653695578403795e-05, 'epoch': 5.83}
{'loss': 0.0567, 'grad_norm': 0.4012778401374817, 'learning_rate': 3.636601592040771e-05, 'epoch': 5.87}
{'loss': 0.0298, 'grad_norm': 0.3862076699733734, 'learning_rate': 3.619441271421011e-05, 'epoch': 5.91}
{'loss': 0.0296, 'grad_norm': 0.9148526191711426, 'learning_rate': 3.6022165898954576e-05, 'epoch': 5.95}
{'loss': 0.0334, 'grad_norm': 1.0732429027557373, 'learning_rate': 3.584929528216236e-05, 'epoch': 5.99}
{'eval_loss': 0.005555746611207724, 'eval_challenge_score': 0.003451894356321329, 'eval_err_F': 0.0015055931690534884, 'eval_err_M': 0.0028031272938987156, 'eval_err_diff': 0.0012975341248452272, 'eval_mae_pct': 2.672112029409764, 'eval_r2': 0.7992144831321741, 'eval_mse': 0.0013978719460925675, 'eval_mae': 0.026721120294097636, 'eval__is_stratified_skipped_cells': 0.0, 'eval_runtime': 13.5254, 'eval_samples_per_second': 1109.024, 'eval_steps_per_second': 4.362, 'epoch': 6.0}
  Lagrangien epoch 6: λ_adapt=2.5456  val_err_diff=0.001298
{'train_runtime': 1015.6172, 'train_samples_per_second': 1024.2, 'train_steps_per_second': 8.013, 'train_loss': 0.049875457296038844, 'epoch': 6.0}
loss=0.00785  score=0.00328  err_F=0.00157  err_M=0.00271  err_diff=0.00114
  human-readable : MAE_pct=3.86%  R²=0.646
  Lagrangien epoch 6: λ_adapt=2.7134  val_err_diff=0.001139
loss=0.00785  score=0.00328  err_F=0.00157  err_M=0.00271  err_diff=0.00114
  human-readable : MAE_pct=3.86%  R²=0.646
[calibrators] WARNING: ContinuousIsotonicCalibrator fit failed: 'IsotonicRegression' object has no attribute 'X_'
  Best (cal, α) (val IS-strat): isotonic, α=1.1  → val_score=0.00309
  Best α per cal: isotonic=α1.1, linear=α1.1, pchip=α0.7, isotonic_regime=α1.0, isotonic_tailboost=α0.6
  Test holdout (n=4985, P_test dist):
    raw            : score=0.00220  err_F=0.00156  err_M=0.00199  diff=0.00043
    isotonic      : score=0.00210  err_F=0.00148  err_M=0.00189  diff=0.00041  (gain +0.00011) ← SELECTED (val)
    linear        : score=0.00206  err_F=0.00152  err_M=0.00188  diff=0.00036  (gain +0.00015) ← ORACLE (test, biased)
    pchip         : score=0.00218  err_F=0.00144  err_M=0.00193  diff=0.00049  (gain +0.00003)
  Saved test holdout preds (4985 rows, 5 calibrators) + mappings to MLflow artifact
Saved 10 worst : /tmp/face_occ_results/optuna_coatnet1-3090-v17_trial_2/qualitative/worst/worst.csv + /tmp/face_occ_results/optuna_coatnet1-3090-v17_trial_2/qualitative/worst/images
Saved 10 best : /tmp/face_occ_results/optuna_coatnet1-3090-v17_trial_2/qualitative/best/best.csv + /tmp/face_occ_results/optuna_coatnet1-3090-v17_trial_2/qualitative/best/images
Saved diagnostic chart: /tmp/face_occ_results/optuna_coatnet1-3090-v17_trial_2/qualitative/diagnostics/error_vs_occlusion_and_density.png
Model saved: models:/m-4f3e3a197af24c29b59c687a5cb1a825
Trial 2: score=0.00328 err_F=0.00157 err_M=0.00271 err_diff=0.00114
Loaded 100,000 samples from data/raw/train.csv
Train: 80,015 (iid P_train) | Val: 15,000 (iid P_train, IS-stratified eval) | Test holdout: 4,985 (match P_test via H_C)
Loss weights summary: {'loss_weight_min': 0.7902309894561768, 'loss_weight_max': 2.2341103553771973, 'loss_weight_mean': 1.0, 'loss_weight_std': 0.3228350579738617, 'target_mean_weighted': 0.10409948938463631, 'target_mean_unweighted': 0.07828713513447533}
Head bias init: target_mean_weighted=0.1041  (unweighted=0.0783)  ->  bias=logit(mean)≈-2.152
Loaded 100,000 samples from data/raw/train.csv
Train: 80,015 (iid P_train) | Val: 15,000 (iid P_train, IS-stratified eval) | Test holdout: 4,985 (match P_test via H_C)
Loss weights summary: {'loss_weight_min': 0.7902309894561768, 'loss_weight_max': 2.2341103553771973, 'loss_weight_mean': 1.0, 'loss_weight_std': 0.3228350579738617, 'target_mean_weighted': 0.10409948938463631, 'target_mean_unweighted': 0.07828713513447533}
Head bias init: target_mean_weighted=0.1041  (unweighted=0.0783)  ->  bias=logit(mean)≈-2.152
[Rank 0] Model built: coatnet_1_rw_224.sw_in1k, pooling=mil, params=41.5M
Val: iid P_train. Metric uses stratified IS with test_pmf_joint built via H_C (see docs/v12_theory.md §3 — estimate_test_pmf_joint).
correction_strength=0.29 (loss-only, no sampler — v16)
WeightedMSETrainer: focal_gamma=1.4771523076491062, λ_init=1.0, λ_lr=200.0, λ∈[1.0, 3.0], threshold=0.0003, query_div=0.0, adv=0.0063218319415590555, mmd=0.0, ot=0.0, sinkhorn=0.0, layer_decay=1.0
[Rank 1] Model built: coatnet_1_rw_224.sw_in1k, pooling=mil, params=41.5M
Val: iid P_train. Metric uses stratified IS with test_pmf_joint built via H_C (see docs/v12_theory.md §3 — estimate_test_pmf_joint).
correction_strength=0.29 (loss-only, no sampler — v16)
WeightedMSETrainer: focal_gamma=1.4771523076491062, λ_init=1.0, λ_lr=200.0, λ∈[1.0, 3.0], threshold=0.0003, query_div=0.0, adv=0.0063218319415590555, mmd=0.0, ot=0.0, sinkhorn=0.0, layer_decay=1.0
{'loss': 0.0419, 'grad_norm': 0.0863780602812767, 'learning_rate': 1.8919025944028168e-06, 'epoch': 0.04}
{'loss': 0.0419, 'grad_norm': 0.19121818244457245, 'learning_rate': 3.7838051888056336e-06, 'epoch': 0.08}
{'loss': 0.0445, 'grad_norm': 0.19182045757770538, 'learning_rate': 5.67570778320845e-06, 'epoch': 0.12}
{'loss': 0.0475, 'grad_norm': 0.24871140718460083, 'learning_rate': 7.491934273835155e-06, 'epoch': 0.16}
{'loss': 0.0399, 'grad_norm': 0.6472597122192383, 'learning_rate': 9.383836868237972e-06, 'epoch': 0.2}
{'loss': 0.0598, 'grad_norm': 0.8591150045394897, 'learning_rate': 1.1200063358864677e-05, 'epoch': 0.24}
{'loss': 0.0322, 'grad_norm': 0.1752386838197708, 'learning_rate': 1.3091965953267493e-05, 'epoch': 0.28}
{'loss': 0.0408, 'grad_norm': 0.8890942931175232, 'learning_rate': 1.498386854767031e-05, 'epoch': 0.32}
{'loss': 0.0273, 'grad_norm': 0.31430184841156006, 'learning_rate': 1.6875771142073127e-05, 'epoch': 0.36}
{'loss': 0.0313, 'grad_norm': 0.5679274797439575, 'learning_rate': 1.8767673736475943e-05, 'epoch': 0.4}
{'loss': 0.0341, 'grad_norm': 0.24039261043071747, 'learning_rate': 2.0659576330878763e-05, 'epoch': 0.44}
{'loss': 0.0294, 'grad_norm': 0.8251265287399292, 'learning_rate': 2.2551478925281575e-05, 'epoch': 0.48}
{'loss': 0.0294, 'grad_norm': 0.7169383764266968, 'learning_rate': 2.444338151968439e-05, 'epoch': 0.52}
{'loss': 0.0472, 'grad_norm': 0.9099009037017822, 'learning_rate': 2.633528411408721e-05, 'epoch': 0.56}
{'loss': 0.0292, 'grad_norm': 1.3744183778762817, 'learning_rate': 2.8227186708490027e-05, 'epoch': 0.6}
{'loss': 0.0182, 'grad_norm': 0.9369208812713623, 'learning_rate': 3.0119089302892844e-05, 'epoch': 0.64}
{'loss': 0.0217, 'grad_norm': 0.6473424434661865, 'learning_rate': 3.201099189729566e-05, 'epoch': 0.68}
{'loss': 0.0248, 'grad_norm': 1.6151044368743896, 'learning_rate': 3.390289449169848e-05, 'epoch': 0.72}
{'loss': 0.0171, 'grad_norm': 0.6339654922485352, 'learning_rate': 3.579479708610129e-05, 'epoch': 0.76}
{'loss': 0.0184, 'grad_norm': 0.4615633189678192, 'learning_rate': 3.7611023576727996e-05, 'epoch': 0.8}
{'loss': 0.0171, 'grad_norm': 0.5945319533348083, 'learning_rate': 3.950292617113082e-05, 'epoch': 0.84}
{'loss': 0.0188, 'grad_norm': 0.8784775137901306, 'learning_rate': 4.1394828765533635e-05, 'epoch': 0.88}
{'loss': 0.0358, 'grad_norm': 0.4210678040981293, 'learning_rate': 4.328673135993645e-05, 'epoch': 0.92}
{'loss': 0.0193, 'grad_norm': 0.2127130776643753, 'learning_rate': 4.517863395433927e-05, 'epoch': 0.96}
{'loss': 0.0178, 'grad_norm': 0.26975464820861816, 'learning_rate': 4.707053654874208e-05, 'epoch': 1.0}
{'eval_loss': 0.012482481077313423, 'eval_challenge_score': 0.0049157504138740106, 'eval_err_F': 0.0027925097309468294, 'eval_err_M': 0.00420800351956495, 'eval_err_diff': 0.0014154937886181208, 'eval_mae_pct': 6.469698161238291, 'eval_r2': 0.23357455805435146, 'eval_mse': 0.005335866056378375, 'eval_mae': 0.06469698161238291, 'eval__is_stratified_skipped_cells': 0.0, 'eval_runtime': 14.4992, 'eval_samples_per_second': 1034.543, 'eval_steps_per_second': 4.069, 'epoch': 1.0}
  Lagrangien epoch 1: λ_adapt=1.2231  val_err_diff=0.001415
{'loss': 0.0185, 'grad_norm': 0.7348596453666687, 'learning_rate': 4.89624391431449e-05, 'epoch': 1.04}
{'loss': 0.0153, 'grad_norm': 0.5210750699043274, 'learning_rate': 5.0854341737547716e-05, 'epoch': 1.08}
{'loss': 0.0159, 'grad_norm': 0.5735433101654053, 'learning_rate': 5.274624433195053e-05, 'epoch': 1.12}
{'loss': 0.0182, 'grad_norm': 0.3238455653190613, 'learning_rate': 5.463814692635335e-05, 'epoch': 1.16}
{'loss': 0.0438, 'grad_norm': 1.132682204246521, 'learning_rate': 5.653004952075617e-05, 'epoch': 1.2}
{'loss': 0.0142, 'grad_norm': 0.4491179585456848, 'learning_rate': 5.842195211515898e-05, 'epoch': 1.24}
{'loss': 0.0167, 'grad_norm': 0.12638740241527557, 'learning_rate': 6.03138547095618e-05, 'epoch': 1.28}
{'loss': 0.0192, 'grad_norm': 0.4994109272956848, 'learning_rate': 6.160024165559912e-05, 'epoch': 1.32}
{'loss': 0.0209, 'grad_norm': 0.3188517689704895, 'learning_rate': 6.159853092462497e-05, 'epoch': 1.36}
{'loss': 0.0161, 'grad_norm': 0.36097145080566406, 'learning_rate': 6.15947341284844e-05, 'epoch': 1.4}
{'loss': 0.0136, 'grad_norm': 0.294005423784256, 'learning_rate': 6.158885170379e-05, 'epoch': 1.44}
{'loss': 0.0301, 'grad_norm': 0.3844461143016815, 'learning_rate': 6.158124304243232e-05, 'epoch': 1.48}
{'loss': 0.0411, 'grad_norm': 0.2993500232696533, 'learning_rate': 6.157127497057543e-05, 'epoch': 1.52}
{'loss': 0.0153, 'grad_norm': 6.7164530754089355, 'learning_rate': 6.155922396785035e-05, 'epoch': 1.56}
{'loss': 0.0139, 'grad_norm': 0.6440096497535706, 'learning_rate': 6.15450914200621e-05, 'epoch': 1.6}
{'loss': 0.0207, 'grad_norm': 0.40105515718460083, 'learning_rate': 6.152887895238287e-05, 'epoch': 1.64}
{'loss': 0.0143, 'grad_norm': 0.1930290013551712, 'learning_rate': 6.151058842916527e-05, 'epoch': 1.68}
{'loss': 0.0207, 'grad_norm': 0.5597627758979797, 'learning_rate': 6.149022195372788e-05, 'epoch': 1.72}
{'loss': 0.0274, 'grad_norm': 0.16744603216648102, 'learning_rate': 6.14677818681134e-05, 'epoch': 1.76}
{'loss': 0.0218, 'grad_norm': 0.3663002848625183, 'learning_rate': 6.144327075281931e-05, 'epoch': 1.8}
{'loss': 0.0116, 'grad_norm': 0.2635076940059662, 'learning_rate': 6.141669142650112e-05, 'epoch': 1.84}
{'loss': 0.012, 'grad_norm': 0.5078522562980652, 'learning_rate': 6.138804694564827e-05, 'epoch': 1.88}
{'loss': 0.0181, 'grad_norm': 0.148056298494339, 'learning_rate': 6.135734060423262e-05, 'epoch': 1.92}
{'loss': 0.0213, 'grad_norm': 0.7369246482849121, 'learning_rate': 6.132457593332968e-05, 'epoch': 1.96}
{'loss': 0.0154, 'grad_norm': 0.45244988799095154, 'learning_rate': 6.128975670071255e-05, 'epoch': 2.0}
{'eval_loss': 0.009709902107715607, 'eval_challenge_score': 0.003472516943897817, 'eval_err_F': 0.001625370424396948, 'eval_err_M': 0.0028568014373975274, 'eval_err_diff': 0.0012314310130005794, 'eval_mae_pct': 5.024212944064396, 'eval_r2': 0.48071087357398523, 'eval_mse': 0.003615299116517909, 'eval_mae': 0.05024212944064396, 'eval__is_stratified_skipped_cells': 0.0, 'eval_runtime': 14.4697, 'eval_samples_per_second': 1036.649, 'eval_steps_per_second': 4.077, 'epoch': 2.0}
  Lagrangien epoch 2: λ_adapt=1.4094  val_err_diff=0.001231
{'loss': 0.0154, 'grad_norm': 0.4242880940437317, 'learning_rate': 6.125288691041859e-05, 'epoch': 2.04}
{'loss': 0.0138, 'grad_norm': 0.35569602251052856, 'learning_rate': 6.12139708022891e-05, 'epoch': 2.08}
{'loss': 0.0132, 'grad_norm': 0.3003790080547333, 'learning_rate': 6.117301285148162e-05, 'epoch': 2.12}
{'loss': 0.0125, 'grad_norm': 0.47224897146224976, 'learning_rate': 6.113001776795542e-05, 'epoch': 2.16}
{'loss': 0.0425, 'grad_norm': 0.24372988939285278, 'learning_rate': 6.10849904959298e-05, 'epoch': 2.2}
{'loss': 0.018, 'grad_norm': 0.5344362854957581, 'learning_rate': 6.103793621331558e-05, 'epoch': 2.24}
{'loss': 0.0212, 'grad_norm': 0.5110409259796143, 'learning_rate': 6.098886033111962e-05, 'epoch': 2.28}
{'loss': 0.0133, 'grad_norm': 0.559476912021637, 'learning_rate': 6.0937768492822665e-05, 'epoch': 2.32}
{'loss': 0.0144, 'grad_norm': 1.0394774675369263, 'learning_rate': 6.088466657373025e-05, 'epoch': 2.36}
{'loss': 0.0138, 'grad_norm': 0.5610692501068115, 'learning_rate': 6.082956068029718e-05, 'epoch': 2.4}
{'loss': 0.0138, 'grad_norm': 0.9928209781646729, 'learning_rate': 6.0772457149425276e-05, 'epoch': 2.44}
{'loss': 0.0158, 'grad_norm': 0.5105460286140442, 'learning_rate': 6.071336254773463e-05, 'epoch': 2.48}
{'loss': 0.0136, 'grad_norm': 0.399057537317276, 'learning_rate': 6.065228367080853e-05, 'epoch': 2.52}
{'loss': 0.0136, 'grad_norm': 0.3656812906265259, 'learning_rate': 6.058922754241199e-05, 'epoch': 2.56}
{'loss': 0.0169, 'grad_norm': 1.0751465559005737, 'learning_rate': 6.052420141368401e-05, 'epoch': 2.6}
{'loss': 0.0138, 'grad_norm': 0.5496566891670227, 'learning_rate': 6.0457212762303775e-05, 'epoch': 2.64}
{'loss': 0.0136, 'grad_norm': 0.4913856089115143, 'learning_rate': 6.038826929163078e-05, 'epoch': 2.68}
{'loss': 0.0122, 'grad_norm': 0.1786092072725296, 'learning_rate': 6.031737892981892e-05, 'epoch': 2.72}
{'loss': 0.0326, 'grad_norm': 0.1665879487991333, 'learning_rate': 6.0244549828904805e-05, 'epoch': 2.76}
{'loss': 0.0179, 'grad_norm': 0.5322335958480835, 'learning_rate': 6.016979036387037e-05, 'epoch': 2.8}
{'loss': 0.0158, 'grad_norm': 0.4756494462490082, 'learning_rate': 6.009310913167975e-05, 'epoch': 2.84}
{'loss': 0.0104, 'grad_norm': 0.41375860571861267, 'learning_rate': 6.0014514950290666e-05, 'epoch': 2.88}
{'loss': 0.0124, 'grad_norm': 0.5756552219390869, 'learning_rate': 5.993401685764042e-05, 'epoch': 2.92}
{'loss': 0.0131, 'grad_norm': 0.36626487970352173, 'learning_rate': 5.985162411060659e-05, 'epoch': 2.96}
{'loss': 0.0316, 'grad_norm': 1.1108876466751099, 'learning_rate': 5.976734618394251e-05, 'epoch': 3.0}
{'eval_loss': 0.007615617010742426, 'eval_challenge_score': 0.0027638347279304192, 'eval_err_F': 0.002017172240928938, 'eval_err_M': 0.002514947232263259, 'eval_err_diff': 0.0004977749913343209, 'eval_mae_pct': 3.5500787957050974, 'eval_r2': 0.6933805243458342, 'eval_mse': 0.0021346896421056217, 'eval_mae': 0.03550078795705097, 'eval__is_stratified_skipped_cells': 0.0, 'eval_runtime': 14.2457, 'eval_samples_per_second': 1052.949, 'eval_steps_per_second': 4.142, 'epoch': 3.0}
  Lagrangien epoch 3: λ_adapt=1.4489  val_err_diff=0.000498
{'loss': 0.0112, 'grad_norm': 0.4573620557785034, 'learning_rate': 5.9681192769187724e-05, 'epoch': 3.04}
{'loss': 0.017, 'grad_norm': 0.5945769548416138, 'learning_rate': 5.959317377355353e-05, 'epoch': 3.08}
{'loss': 0.0108, 'grad_norm': 0.3131048083305359, 'learning_rate': 5.950329931878368e-05, 'epoch': 3.12}
{'loss': 0.011, 'grad_norm': 0.9921305179595947, 'learning_rate': 5.941157973999045e-05, 'epoch': 3.15}
{'loss': 0.0299, 'grad_norm': 0.2601807415485382, 'learning_rate': 5.9318025584466095e-05, 'epoch': 3.19}
{'loss': 0.0208, 'grad_norm': 0.6539146900177002, 'learning_rate': 5.922264761047005e-05, 'epoch': 3.23}
{'loss': 0.0121, 'grad_norm': 0.615174412727356, 'learning_rate': 5.912545678599173e-05, 'epoch': 3.27}
{'loss': 0.0107, 'grad_norm': 0.6423676609992981, 'learning_rate': 5.902646428748928e-05, 'epoch': 3.31}
{'loss': 0.0098, 'grad_norm': 0.20251749455928802, 'learning_rate': 5.892568149860433e-05, 'epoch': 3.35}
{'loss': 0.0383, 'grad_norm': 6.888305187225342, 'learning_rate': 5.882312000885294e-05, 'epoch': 3.39}
{'loss': 0.0216, 'grad_norm': 0.45141130685806274, 'learning_rate': 5.871879161229287e-05, 'epoch': 3.43}
{'loss': 0.0096, 'grad_norm': 0.4532387852668762, 'learning_rate': 5.861270830616731e-05, 'epoch': 3.47}
{'loss': 0.0205, 'grad_norm': 5.581447124481201, 'learning_rate': 5.850488228952525e-05, 'epoch': 3.51}
{'loss': 0.0123, 'grad_norm': 0.6790032982826233, 'learning_rate': 5.8395325961818686e-05, 'epoch': 3.55}
{'loss': 0.026, 'grad_norm': 0.1782718002796173, 'learning_rate': 5.8284051921476714e-05, 'epoch': 3.59}
{'loss': 0.0111, 'grad_norm': 0.8256346583366394, 'learning_rate': 5.8171072964456765e-05, 'epoch': 3.63}
{'loss': 0.0121, 'grad_norm': 1.0988959074020386, 'learning_rate': 5.8056402082773185e-05, 'epoch': 3.67}
{'loss': 0.0105, 'grad_norm': 0.5455174446105957, 'learning_rate': 5.794005246300316e-05, 'epoch': 3.71}
{'loss': 0.0108, 'grad_norm': 0.3328792452812195, 'learning_rate': 5.782203748477034e-05, 'epoch': 3.75}
{'loss': 0.0092, 'grad_norm': 0.2751353681087494, 'learning_rate': 5.770237071920629e-05, 'epoch': 3.79}
{'loss': 0.0107, 'grad_norm': 0.49645090103149414, 'learning_rate': 5.758106592738982e-05, 'epoch': 3.83}
{'loss': 0.0097, 'grad_norm': 0.3206537365913391, 'learning_rate': 5.745813705876458e-05, 'epoch': 3.87}
{'loss': 0.012, 'grad_norm': 0.4721888303756714, 'learning_rate': 5.733359824953489e-05, 'epoch': 3.91}
{'loss': 0.0093, 'grad_norm': 0.2998742163181305, 'learning_rate': 5.7207463821040206e-05, 'epoch': 3.95}
{'loss': 0.0093, 'grad_norm': 0.3155324459075928, 'learning_rate': 5.70797482781082e-05, 'epoch': 3.99}
{'eval_loss': 0.010457555763423443, 'eval_challenge_score': 0.003935828371824733, 'eval_err_F': 0.002408189746993035, 'eval_err_M': 0.0034266154968808334, 'eval_err_diff': 0.0010184257498877984, 'eval_mae_pct': 3.223167499034462, 'eval_r2': 0.7660509309964935, 'eval_mse': 0.0016287571209120406, 'eval_mae': 0.03223167499034462, 'eval__is_stratified_skipped_cells': 0.0, 'eval_runtime': 14.1728, 'eval_samples_per_second': 1058.363, 'eval_steps_per_second': 4.163, 'epoch': 4.0}
  Lagrangien epoch 4: λ_adapt=1.5926  val_err_diff=0.001018
{'loss': 0.0103, 'grad_norm': 0.1702519655227661, 'learning_rate': 5.695046630738678e-05, 'epoch': 4.03}
{'loss': 0.0113, 'grad_norm': 0.36771586537361145, 'learning_rate': 5.681963277565522e-05, 'epoch': 4.07}
{'loss': 0.0094, 'grad_norm': 0.2548679709434509, 'learning_rate': 5.6687262728114513e-05, 'epoch': 4.11}
{'loss': 0.0108, 'grad_norm': 0.40540051460266113, 'learning_rate': 5.655337138665733e-05, 'epoch': 4.15}
{'loss': 0.0093, 'grad_norm': 0.5197374224662781, 'learning_rate': 5.641797414811746e-05, 'epoch': 4.19}
{'loss': 0.0378, 'grad_norm': 0.6833958625793457, 'learning_rate': 5.6281086582499375e-05, 'epoch': 4.23}
{'loss': 0.018, 'grad_norm': 0.26302605867385864, 'learning_rate': 5.6142724431187644e-05, 'epoch': 4.27}
{'loss': 0.0096, 'grad_norm': 0.4162263870239258, 'learning_rate': 5.600290360513685e-05, 'epoch': 4.31}
{'loss': 0.0098, 'grad_norm': 0.47620445489883423, 'learning_rate': 5.586164018304184e-05, 'epoch': 4.35}
{'loss': 0.0098, 'grad_norm': 0.37362879514694214, 'learning_rate': 5.57189504094888e-05, 'epoch': 4.39}
{'loss': 0.0107, 'grad_norm': 0.12535326182842255, 'learning_rate': 5.557485069308717e-05, 'epoch': 4.43}
{'loss': 0.01, 'grad_norm': 0.19331154227256775, 'learning_rate': 5.542935760458278e-05, 'epoch': 4.47}
{'loss': 0.0181, 'grad_norm': 0.14960190653800964, 'learning_rate': 5.5282487874952274e-05, 'epoch': 4.51}
{'loss': 0.0107, 'grad_norm': 0.5232850909233093, 'learning_rate': 5.513425839347911e-05, 'epoch': 4.55}
{'loss': 0.0107, 'grad_norm': 0.590216338634491, 'learning_rate': 5.4984686205811426e-05, 'epoch': 4.59}
{'loss': 0.0095, 'grad_norm': 0.9425784349441528, 'learning_rate': 5.483378851200183e-05, 'epoch': 4.63}
{'loss': 0.0079, 'grad_norm': 0.4486049711704254, 'learning_rate': 5.46815826645295e-05, 'epoch': 4.67}
{'loss': 0.0114, 'grad_norm': 0.44715631008148193, 'learning_rate': 5.452808616630474e-05, 'epoch': 4.71}
{'loss': 0.0108, 'grad_norm': 0.7382084727287292, 'learning_rate': 5.437331666865623e-05, 'epoch': 4.75}
{'loss': 0.0235, 'grad_norm': 0.34084537625312805, 'learning_rate': 5.4223556832549775e-05, 'epoch': 4.79}
{'loss': 0.0141, 'grad_norm': 0.2513415515422821, 'learning_rate': 5.406634401765424e-05, 'epoch': 4.83}
{'loss': 0.0199, 'grad_norm': 12.008667945861816, 'learning_rate': 5.390791130136992e-05, 'epoch': 4.87}
{'loss': 0.0094, 'grad_norm': 0.442621111869812, 'learning_rate': 5.374827690266586e-05, 'epoch': 4.91}
{'loss': 0.0103, 'grad_norm': 0.42443403601646423, 'learning_rate': 5.358745917869855e-05, 'epoch': 4.95}
{'loss': 0.0107, 'grad_norm': 0.7980754375457764, 'learning_rate': 5.342547662270097e-05, 'epoch': 4.99}
{'eval_loss': 0.007458444219082594, 'eval_challenge_score': 0.0026082202024155735, 'eval_err_F': 0.0013611103143212947, 'eval_err_M': 0.0021925169063841472, 'eval_err_diff': 0.0008314065920628525, 'eval_mae_pct': 3.7149492623198603, 'eval_r2': 0.6898571029846645, 'eval_mse': 0.002159219757384227, 'eval_mae': 0.0371494926231986, 'eval__is_stratified_skipped_cells': 0.0, 'eval_runtime': 14.0913, 'eval_samples_per_second': 1064.489, 'eval_steps_per_second': 4.187, 'epoch': 5.0}
  Lagrangien epoch 5: λ_adapt=1.6989  val_err_diff=0.000831
{'loss': 0.0106, 'grad_norm': 0.4422684609889984, 'learning_rate': 5.326234786185594e-05, 'epoch': 5.03}
{'loss': 0.0115, 'grad_norm': 0.7852344512939453, 'learning_rate': 5.3098091655154114e-05, 'epoch': 5.07}
{'loss': 0.0098, 'grad_norm': 0.29557764530181885, 'learning_rate': 5.293272689123676e-05, 'epoch': 5.11}
{'loss': 0.0103, 'grad_norm': 0.6157092452049255, 'learning_rate': 5.276627258622369e-05, 'epoch': 5.15}
{'loss': 0.0099, 'grad_norm': 0.22382120788097382, 'learning_rate': 5.2598747881526464e-05, 'epoch': 5.19}
{'loss': 0.0083, 'grad_norm': 0.14165449142456055, 'learning_rate': 5.243017204164728e-05, 'epoch': 5.23}
{'loss': 0.0122, 'grad_norm': 0.39516395330429077, 'learning_rate': 5.226056445196357e-05, 'epoch': 5.27}
{'loss': 0.0111, 'grad_norm': 1.4309840202331543, 'learning_rate': 5.208994461649888e-05, 'epoch': 5.31}
{'loss': 0.02, 'grad_norm': 0.36739927530288696, 'learning_rate': 5.191833215567991e-05, 'epoch': 5.35}
{'loss': 0.0093, 'grad_norm': 0.21508274972438812, 'learning_rate': 5.1745746804080314e-05, 'epoch': 5.39}
{'loss': 0.0092, 'grad_norm': 0.23690052330493927, 'learning_rate': 5.157220840815134e-05, 'epoch': 5.43}
{'loss': 0.0102, 'grad_norm': 0.34034931659698486, 'learning_rate': 5.1397736923939544e-05, 'epoch': 5.47}
{'loss': 0.0109, 'grad_norm': 0.5288623571395874, 'learning_rate': 5.1222352414791954e-05, 'epoch': 5.51}
{'loss': 0.0075, 'grad_norm': 0.19630557298660278, 'learning_rate': 5.10460750490489e-05, 'epoch': 5.55}
{'loss': 0.009, 'grad_norm': 0.550442636013031, 'learning_rate': 5.086892509772475e-05, 'epoch': 5.59}
{'loss': 0.0167, 'grad_norm': 0.3836986720561981, 'learning_rate': 5.069092293217685e-05, 'epoch': 5.63}
{'loss': 0.0086, 'grad_norm': 0.2245272397994995, 'learning_rate': 5.0512089021762916e-05, 'epoch': 5.67}
{'loss': 0.0096, 'grad_norm': 0.6064619421958923, 'learning_rate': 5.033244393148714e-05, 'epoch': 5.71}
{'loss': 0.0239, 'grad_norm': 0.49365368485450745, 'learning_rate': 5.015200831963534e-05, 'epoch': 5.75}
{'loss': 0.0089, 'grad_norm': 0.3390786349773407, 'learning_rate': 4.99708029353994e-05, 'epoch': 5.79}
{'loss': 0.0102, 'grad_norm': 0.39565011858940125, 'learning_rate': 4.97888486164911e-05, 'epoch': 5.83}
{'loss': 0.0225, 'grad_norm': 0.2552519738674164, 'learning_rate': 4.9606166286746016e-05, 'epoch': 5.87}
{'loss': 0.0099, 'grad_norm': 0.48864275217056274, 'learning_rate': 4.942277695371731e-05, 'epoch': 5.91}
{'loss': 0.0093, 'grad_norm': 0.2667403519153595, 'learning_rate': 4.9238701706259964e-05, 'epoch': 5.95}
{'loss': 0.0114, 'grad_norm': 0.32196131348609924, 'learning_rate': 4.90539617121057e-05, 'epoch': 5.99}
{'eval_loss': 0.008972187526524067, 'eval_challenge_score': 0.00393597017796976, 'eval_err_F': 0.0014607374631046418, 'eval_err_M': 0.003110892606348054, 'eval_err_diff': 0.001650155143243412, 'eval_mae_pct': 2.5534904669884417, 'eval_r2': 0.833461615784751, 'eval_mse': 0.0011594428665655707, 'eval_mae': 0.02553490466988442, 'eval__is_stratified_skipped_cells': 0.0, 'eval_runtime': 14.3814, 'eval_samples_per_second': 1043.016, 'eval_steps_per_second': 4.103, 'epoch': 6.0}
  Lagrangien epoch 6: λ_adapt=1.9689  val_err_diff=0.001650
{'loss': 0.0107, 'grad_norm': 0.18886657059192657, 'learning_rate': 4.8868578215428784e-05, 'epoch': 6.03}
{'loss': 0.0091, 'grad_norm': 0.4338133931159973, 'learning_rate': 4.868257253440304e-05, 'epoch': 6.07}
{'loss': 0.0091, 'grad_norm': 0.4652506709098816, 'learning_rate': 4.849596605875037e-05, 'epoch': 6.11}
{'loss': 0.0119, 'grad_norm': 0.39206331968307495, 'learning_rate': 4.83087802472811e-05, 'epoch': 6.15}
{'loss': 0.009, 'grad_norm': 0.49969640374183655, 'learning_rate': 4.812103662542618e-05, 'epoch': 6.19}
{'loss': 0.011, 'grad_norm': 0.7324133515357971, 'learning_rate': 4.793275678276204e-05, 'epoch': 6.23}
{'loss': 0.0108, 'grad_norm': 0.6876434683799744, 'learning_rate': 4.774396237052782e-05, 'epoch': 6.27}
{'loss': 0.0094, 'grad_norm': 0.18329516053199768, 'learning_rate': 4.755467509913551e-05, 'epoch': 6.31}
{'loss': 0.0262, 'grad_norm': 0.4684923589229584, 'learning_rate': 4.7364916735673514e-05, 'epoch': 6.35}
{'loss': 0.0276, 'grad_norm': 0.3478468358516693, 'learning_rate': 4.717470910140343e-05, 'epoch': 6.39}
{'loss': 0.013, 'grad_norm': 0.2877127230167389, 'learning_rate': 4.6984074069250756e-05, 'epoch': 6.43}
{'loss': 0.0123, 'grad_norm': 0.842568576335907, 'learning_rate': 4.6793033561289575e-05, 'epoch': 6.47}
{'loss': 0.0116, 'grad_norm': 0.3947538137435913, 'learning_rate': 4.660160954622173e-05, 'epoch': 6.51}
{'loss': 0.0111, 'grad_norm': 0.17100058495998383, 'learning_rate': 4.6409824036850375e-05, 'epoch': 6.55}
{'loss': 0.0118, 'grad_norm': 1.3289648294448853, 'learning_rate': 4.621769908754876e-05, 'epoch': 6.59}
{'loss': 0.0115, 'grad_norm': 0.5052053332328796, 'learning_rate': 4.6025256791724014e-05, 'epoch': 6.63}
{'loss': 0.0252, 'grad_norm': 0.8526861071586609, 'learning_rate': 4.5832519279276504e-05, 'epoch': 6.67}
{'loss': 0.0101, 'grad_norm': 0.6194254755973816, 'learning_rate': 4.5639508714055074e-05, 'epoch': 6.71}
{'loss': 0.0089, 'grad_norm': 0.245884507894516, 'learning_rate': 4.5446247291308224e-05, 'epoch': 6.75}
{'loss': 0.0128, 'grad_norm': 0.1953277438879013, 'learning_rate': 4.525275723513183e-05, 'epoch': 6.79}
{'loss': 0.0093, 'grad_norm': 0.5854096412658691, 'learning_rate': 4.505906079591347e-05, 'epoch': 6.83}
{'loss': 0.0109, 'grad_norm': 1.133041501045227, 'learning_rate': 4.4865180247773756e-05, 'epoch': 6.87}
{'loss': 0.0107, 'grad_norm': 0.38145098090171814, 'learning_rate': 4.4671137886004867e-05, 'epoch': 6.91}
{'loss': 0.0108, 'grad_norm': 0.4991294741630554, 'learning_rate': 4.4476956024506765e-05, 'epoch': 6.95}
{'loss': 0.0086, 'grad_norm': 0.22260358929634094, 'learning_rate': 4.428265699322117e-05, 'epoch': 6.99}
{'eval_loss': 0.008864902891218662, 'eval_challenge_score': 0.0030128201185074662, 'eval_err_F': 0.0019221719381845822, 'eval_err_M': 0.002649270725066505, 'eval_err_diff': 0.0007270987868819229, 'eval_mae_pct': 2.720026946978129, 'eval_r2': 0.8107766395757597, 'eval_mse': 0.001317376029948072, 'eval_mae': 0.027200269469781293, 'eval__is_stratified_skipped_cells': 0.0, 'eval_runtime': 14.091, 'eval_samples_per_second': 1064.507, 'eval_steps_per_second': 4.187, 'epoch': 7.0}
  Lagrangien epoch 7: λ_adapt=2.0544  val_err_diff=0.000727
{'loss': 0.0092, 'grad_norm': 0.3252810835838318, 'learning_rate': 4.408826313556377e-05, 'epoch': 7.03}
{'loss': 0.0104, 'grad_norm': 0.18592461943626404, 'learning_rate': 4.389379680585476e-05, 'epoch': 7.07}
{'loss': 0.0144, 'grad_norm': 1.0144236087799072, 'learning_rate': 4.36992803667483e-05, 'epoch': 7.11}
{'loss': 0.0102, 'grad_norm': 3.226567506790161, 'learning_rate': 4.350473618666085e-05, 'epoch': 7.15}
{'loss': 0.0086, 'grad_norm': 0.22178909182548523, 'learning_rate': 4.331018663719898e-05, 'epoch': 7.19}
{'loss': 0.0121, 'grad_norm': 0.5203059911727905, 'learning_rate': 4.311565409058667e-05, 'epoch': 7.23}
{'loss': 0.0126, 'grad_norm': 0.25164473056793213, 'learning_rate': 4.292116091709269e-05, 'epoch': 7.27}
{'loss': 0.0101, 'grad_norm': 0.6965438723564148, 'learning_rate': 4.27267294824581e-05, 'epoch': 7.31}
{'loss': 0.011, 'grad_norm': 0.36048081517219543, 'learning_rate': 4.253238214532426e-05, 'epoch': 7.35}
{'loss': 0.0122, 'grad_norm': 0.6970102190971375, 'learning_rate': 4.2338141254661776e-05, 'epoch': 7.39}
{'loss': 0.0155, 'grad_norm': 0.21658605337142944, 'learning_rate': 4.2144029147200436e-05, 'epoch': 7.43}
{'loss': 0.013, 'grad_norm': 0.390811026096344, 'learning_rate': 4.19500681448606e-05, 'epoch': 7.47}
{'loss': 0.0096, 'grad_norm': 0.2415553331375122, 'learning_rate': 4.175628055218629e-05, 'epoch': 7.51}
{'loss': 0.0095, 'grad_norm': 0.26757875084877014, 'learning_rate': 4.1562688653780295e-05, 'epoch': 7.55}
{'loss': 0.0108, 'grad_norm': 0.15192556381225586, 'learning_rate': 4.136931471174155e-05, 'epoch': 7.59}
{'loss': 0.0104, 'grad_norm': 0.24014292657375336, 'learning_rate': 4.117618096310506e-05, 'epoch': 7.63}
{'loss': 0.0343, 'grad_norm': 0.44031664729118347, 'learning_rate': 4.098330961728485e-05, 'epoch': 7.67}
{'loss': 0.0093, 'grad_norm': 0.6158856749534607, 'learning_rate': 4.0790722853519894e-05, 'epoch': 7.71}
{'loss': 0.0084, 'grad_norm': 1.3290233612060547, 'learning_rate': 4.059844281832366e-05, 'epoch': 7.75}
{'loss': 0.0095, 'grad_norm': 1.784493327140808, 'learning_rate': 4.0406491622937386e-05, 'epoch': 7.79}
{'loss': 0.0199, 'grad_norm': 0.3761199712753296, 'learning_rate': 4.0214891340787344e-05, 'epoch': 7.83}
{'loss': 0.0102, 'grad_norm': 1.1141964197158813, 'learning_rate': 4.002366400494657e-05, 'epoch': 7.87}
{'loss': 0.0096, 'grad_norm': 0.41673216223716736, 'learning_rate': 3.9832831605601155e-05, 'epoch': 7.91}
{'loss': 0.0088, 'grad_norm': 0.6921548247337341, 'learning_rate': 3.964241608752142e-05, 'epoch': 7.95}
{'loss': 0.0093, 'grad_norm': 1.183100938796997, 'learning_rate': 3.945243934753847e-05, 'epoch': 7.99}
{'eval_loss': 0.008811409585177898, 'eval_challenge_score': 0.003209512058297559, 'eval_err_F': 0.0013995059042327168, 'eval_err_M': 0.002606176673609278, 'eval_err_diff': 0.0012066707693765613, 'eval_mae_pct': 2.447253831386673, 'eval_r2': 0.8424885516998477, 'eval_mse': 0.0010965971958631579, 'eval_mae': 0.02447253831386673, 'eval__is_stratified_skipped_cells': 0.0, 'eval_runtime': 14.2814, 'eval_samples_per_second': 1050.318, 'eval_steps_per_second': 4.131, 'epoch': 8.0}
  Lagrangien epoch 8: λ_adapt=2.2357  val_err_diff=0.001207
{'train_runtime': 1346.8523, 'train_samples_per_second': 772.316, 'train_steps_per_second': 6.042, 'train_loss': 0.016492998223013866, 'epoch': 8.0}
loss=0.00745  score=0.00261  err_F=0.00136  err_M=0.00220  err_diff=0.00083
  human-readable : MAE_pct=3.72%  R²=0.689
  Lagrangien epoch 8: λ_adapt=2.3421  val_err_diff=0.000832
loss=0.00745  score=0.00261  err_F=0.00136  err_M=0.00220  err_diff=0.00083
  human-readable : MAE_pct=3.72%  R²=0.689
[calibrators] WARNING: ContinuousIsotonicCalibrator fit failed: 'IsotonicRegression' object has no attribute 'X_'
  Best (cal, α) (val IS-strat): isotonic, α=1.1  → val_score=0.00247
  Best α per cal: isotonic=α1.1, linear=α0.0, pchip=α0.6, isotonic_regime=α1.0, isotonic_tailboost=α0.6
  Test holdout (n=4985, P_test dist):
    raw            : score=0.00193  err_F=0.00142  err_M=0.00176  diff=0.00034
    isotonic      : score=0.00196  err_F=0.00120  err_M=0.00171  diff=0.00050  (gain -0.00003) ← SELECTED (val)
    linear        : score=0.00205  err_F=0.00122  err_M=0.00177  diff=0.00055  (gain -0.00012)
    pchip         : score=0.00197  err_F=0.00120  err_M=0.00172  diff=0.00052  (gain -0.00005)
  Saved test holdout preds (4985 rows, 5 calibrators) + mappings to MLflow artifact
Saved 10 worst : /tmp/face_occ_results/optuna_coatnet1-3090-v17_trial_3/qualitative/worst/worst.csv + /tmp/face_occ_results/optuna_coatnet1-3090-v17_trial_3/qualitative/worst/images
Saved 10 best : /tmp/face_occ_results/optuna_coatnet1-3090-v17_trial_3/qualitative/best/best.csv + /tmp/face_occ_results/optuna_coatnet1-3090-v17_trial_3/qualitative/best/images
Saved diagnostic chart: /tmp/face_occ_results/optuna_coatnet1-3090-v17_trial_3/qualitative/diagnostics/error_vs_occlusion_and_density.png
Model saved: models:/m-2efe29c834b84072bd7ce53998067171
Trial 3: score=0.00261 err_F=0.00136 err_M=0.00220 err_diff=0.00083
Pruned coatnet1-3090-v17_trial2 (out of top-3)
Loaded 100,000 samples from data/raw/train.csv
Train: 80,015 (iid P_train) | Val: 15,000 (iid P_train, IS-stratified eval) | Test holdout: 4,985 (match P_test via H_C)
Loss weights summary: {'loss_weight_min': 0.44087615609169006, 'loss_weight_max': 4.289430618286133, 'loss_weight_mean': 1.0, 'loss_weight_std': 0.8604930639266968, 'target_mean_weighted': 0.1470880589223146, 'target_mean_unweighted': 0.07828713513447533}
Head bias init: target_mean_weighted=0.1471  (unweighted=0.0783)  ->  bias=logit(mean)≈-1.758
Loaded 100,000 samples from data/raw/train.csv
Train: 80,015 (iid P_train) | Val: 15,000 (iid P_train, IS-stratified eval) | Test holdout: 4,985 (match P_test via H_C)
[Rank 0] Model built: coatnet_1_rw_224.sw_in1k, pooling=attention_k_query, params=42.7M
Loss weights summary: {'loss_weight_min': 0.44087615609169006, 'loss_weight_max': 4.289430618286133, 'loss_weight_mean': 1.0, 'loss_weight_std': 0.8604930639266968, 'target_mean_weighted': 0.1470880589223146, 'target_mean_unweighted': 0.07828713513447533}
Val: iid P_train. Metric uses stratified IS with test_pmf_joint built via H_C (see docs/v12_theory.md §3 — estimate_test_pmf_joint).
correction_strength=0.78 (loss-only, no sampler — v16)
Head bias init: target_mean_weighted=0.1471  (unweighted=0.0783)  ->  bias=logit(mean)≈-1.758
WeightedMSETrainer: focal_gamma=0.8825646566400169, λ_init=1.0, λ_lr=200.0, λ∈[1.0, 3.0], threshold=0.0003, query_div=0.14672282214590646, adv=0.0, mmd=0.0, ot=0.0, sinkhorn=0.017034438503372867, layer_decay=1.0
[Rank 1] Model built: coatnet_1_rw_224.sw_in1k, pooling=attention_k_query, params=42.7M
Val: iid P_train. Metric uses stratified IS with test_pmf_joint built via H_C (see docs/v12_theory.md §3 — estimate_test_pmf_joint).
correction_strength=0.78 (loss-only, no sampler — v16)
WeightedMSETrainer: focal_gamma=0.8825646566400169, λ_init=1.0, λ_lr=200.0, λ∈[1.0, 3.0], threshold=0.0003, query_div=0.14672282214590646, adv=0.0, mmd=0.0, ot=0.0, sinkhorn=0.017034438503372867, layer_decay=1.0
{'loss': 162.7679, 'grad_norm': 1254545.375, 'learning_rate': 5.737534683921366e-07, 'epoch': 0.04}
{'loss': 154.1464, 'grad_norm': 731433.1875, 'learning_rate': 3.44252081035282e-06, 'epoch': 0.08}
{'loss': 125.321, 'grad_norm': 11834.068359375, 'learning_rate': 6.196537458635076e-06, 'epoch': 0.12}
{'loss': 79.4689, 'grad_norm': 480.71234130859375, 'learning_rate': 9.06530480059576e-06, 'epoch': 0.16}
{'loss': 50.8761, 'grad_norm': 467.5608825683594, 'learning_rate': 1.1934072142556444e-05, 'epoch': 0.2}
{'loss': 48.1493, 'grad_norm': 46.51103210449219, 'learning_rate': 1.4802839484517128e-05, 'epoch': 0.24}
{'loss': 36.4851, 'grad_norm': 130.997802734375, 'learning_rate': 1.767160682647781e-05, 'epoch': 0.28}
{'loss': 17.8794, 'grad_norm': 45.0072135925293, 'learning_rate': 2.054037416843849e-05, 'epoch': 0.32}
{'loss': 15.7058, 'grad_norm': 384.56097412109375, 'learning_rate': 2.340914151039918e-05, 'epoch': 0.36}
{'loss': 14.5609, 'grad_norm': 248.9982147216797, 'learning_rate': 2.6277908852359863e-05, 'epoch': 0.4}
{'loss': 10.7553, 'grad_norm': 198.8638458251953, 'learning_rate': 2.9146676194320547e-05, 'epoch': 0.44}
{'loss': 3.492, 'grad_norm': 621.1541748046875, 'learning_rate': 3.201544353628123e-05, 'epoch': 0.48}
{'loss': 2.4405, 'grad_norm': 1302.6558837890625, 'learning_rate': 3.488421087824191e-05, 'epoch': 0.52}
{'loss': 2.8072, 'grad_norm': 129.61849975585938, 'learning_rate': 3.7752978220202595e-05, 'epoch': 0.56}
{'loss': 2.0224, 'grad_norm': 75.44742584228516, 'learning_rate': 4.062174556216328e-05, 'epoch': 0.6}
{'loss': 1.711, 'grad_norm': 74.63641357421875, 'learning_rate': 4.349051290412396e-05, 'epoch': 0.64}
{'loss': 1.9529, 'grad_norm': 140.82522583007812, 'learning_rate': 4.635928024608465e-05, 'epoch': 0.68}
{'loss': 1.741, 'grad_norm': 11977.30859375, 'learning_rate': 4.9228047588045324e-05, 'epoch': 0.72}
{'loss': 1.9134, 'grad_norm': 70.26913452148438, 'learning_rate': 5.2096814930006015e-05, 'epoch': 0.76}
{'loss': 1.1193, 'grad_norm': 24.19558334350586, 'learning_rate': 5.496558227196669e-05, 'epoch': 0.8}
{'loss': 2.3174, 'grad_norm': 22.673032760620117, 'learning_rate': 5.783434961392738e-05, 'epoch': 0.84}
{'loss': 1.8365, 'grad_norm': 58.238319396972656, 'learning_rate': 6.070311695588806e-05, 'epoch': 0.88}
{'loss': 1.4818, 'grad_norm': 74.98304748535156, 'learning_rate': 6.357188429784875e-05, 'epoch': 0.92}
{'loss': 2.4641, 'grad_norm': 9.77491569519043, 'learning_rate': 6.644065163980944e-05, 'epoch': 0.96}
{'loss': 0.9354, 'grad_norm': 14.082414627075195, 'learning_rate': 6.930941898177012e-05, 'epoch': 1.0}
{'eval_loss': 0.05413712561130524, 'eval_challenge_score': 0.05007380448642986, 'eval_err_F': 0.04466797397979215, 'eval_err_M': 0.03385631296651673, 'eval_err_diff': 0.010811661013275423, 'eval_mae_pct': 6.020717526131727, 'eval_r2': -0.17506289832462696, 'eval_mse': 0.008180806494840511, 'eval_mae': 0.06020717526131727, 'eval__is_stratified_skipped_cells': 0.0, 'eval_runtime': 13.7421, 'eval_samples_per_second': 1091.533, 'eval_steps_per_second': 4.293, 'epoch': 1.0}
  Lagrangien epoch 1: λ_adapt=3.0000  val_err_diff=0.010812
{'loss': 0.9953, 'grad_norm': 18.401262283325195, 'learning_rate': 7.217818632373079e-05, 'epoch': 1.04}
{'loss': 17.0433, 'grad_norm': 80.6673812866211, 'learning_rate': 7.504695366569149e-05, 'epoch': 1.08}
{'loss': 22.9232, 'grad_norm': 26.75116729736328, 'learning_rate': 7.791572100765216e-05, 'epoch': 1.12}
{'loss': 16.4462, 'grad_norm': 28.399362564086914, 'learning_rate': 8.078448834961286e-05, 'epoch': 1.16}
{'loss': 15.7853, 'grad_norm': 18.896251678466797, 'learning_rate': 8.365325569157353e-05, 'epoch': 1.2}
{'loss': 16.4798, 'grad_norm': 22.46261215209961, 'learning_rate': 8.652202303353421e-05, 'epoch': 1.24}
{'loss': 15.3761, 'grad_norm': 27.143095016479492, 'learning_rate': 8.93907903754949e-05, 'epoch': 1.28}
{'loss': 15.2761, 'grad_norm': 25.503551483154297, 'learning_rate': 9.225955771745558e-05, 'epoch': 1.32}
{'loss': 15.079, 'grad_norm': 61.97907638549805, 'learning_rate': 9.340640762453961e-05, 'epoch': 1.36}
{'loss': 16.327, 'grad_norm': 75.68278503417969, 'learning_rate': 9.34023925415398e-05, 'epoch': 1.4}
{'loss': 14.839, 'grad_norm': 21.005329132080078, 'learning_rate': 9.339472785319511e-05, 'epoch': 1.44}
{'loss': 18.6197, 'grad_norm': 22.061891555786133, 'learning_rate': 9.338341444090627e-05, 'epoch': 1.48}
{'loss': 15.1183, 'grad_norm': 21.429698944091797, 'learning_rate': 9.336845360565907e-05, 'epoch': 1.52}
{'loss': 15.7223, 'grad_norm': 85.34294128417969, 'learning_rate': 9.334984706787465e-05, 'epoch': 1.56}
{'loss': 16.3544, 'grad_norm': 43.16237258911133, 'learning_rate': 9.332759696721169e-05, 'epoch': 1.6}
{'loss': 15.3333, 'grad_norm': 16.818933486938477, 'learning_rate': 9.330170586232034e-05, 'epoch': 1.64}
{'loss': 16.0041, 'grad_norm': 27.215822219848633, 'learning_rate': 9.327217673054801e-05, 'epoch': 1.68}
{'loss': 14.984, 'grad_norm': 77.91853332519531, 'learning_rate': 9.3239012967597e-05, 'epoch': 1.72}
{'loss': 15.5454, 'grad_norm': 46.25520324707031, 'learning_rate': 9.3202218387134e-05, 'epoch': 1.76}
{'loss': 15.2199, 'grad_norm': 20.586380004882812, 'learning_rate': 9.316179722035149e-05, 'epoch': 1.8}
{'loss': 15.4196, 'grad_norm': 22.70916748046875, 'learning_rate': 9.311775411548124e-05, 'epoch': 1.84}
{'loss': 15.3244, 'grad_norm': 27.595401763916016, 'learning_rate': 9.30700941372598e-05, 'epoch': 1.88}
{'loss': 15.4497, 'grad_norm': 27.040510177612305, 'learning_rate': 9.301882276634599e-05, 'epoch': 1.92}
{'loss': 13.9115, 'grad_norm': 86.13903045654297, 'learning_rate': 9.296394589869075e-05, 'epoch': 1.96}
{'loss': 14.1884, 'grad_norm': 11.624977111816406, 'learning_rate': 9.290546984485904e-05, 'epoch': 2.0}
{'eval_loss': 0.024130159988999367, 'eval_challenge_score': 0.01014901387577493, 'eval_err_F': 0.010074930132768299, 'eval_err_M': 0.01012431929477272, 'eval_err_diff': 4.938916200442067e-05, 'eval_mae_pct': 13.033095869972167, 'eval_r2': -1.8783191302550022, 'eval_mse': 0.020038903337503425, 'eval_mae': 0.13033095869972167, 'eval__is_stratified_skipped_cells': 0.0, 'eval_runtime': 13.6021, 'eval_samples_per_second': 1102.772, 'eval_steps_per_second': 4.338, 'epoch': 2.0}
  Lagrangien epoch 2: λ_adapt=2.9499  val_err_diff=0.000049
{'loss': 13.9066, 'grad_norm': 19.526126861572266, 'learning_rate': 9.284340132930425e-05, 'epoch': 2.04}
{'loss': 13.7454, 'grad_norm': 356.0857238769531, 'learning_rate': 9.277774748959489e-05, 'epoch': 2.08}
{'loss': 15.7285, 'grad_norm': 34.3138542175293, 'learning_rate': 9.270851587559374e-05, 'epoch': 2.12}
{'loss': 14.4613, 'grad_norm': 77.4241714477539, 'learning_rate': 9.263571444858975e-05, 'epoch': 2.16}
{'loss': 14.6597, 'grad_norm': 177.20362854003906, 'learning_rate': 9.255935158038248e-05, 'epoch': 2.2}
{'loss': 13.6016, 'grad_norm': 3812.95751953125, 'learning_rate': 9.24794360523194e-05, 'epoch': 2.24}
{'loss': 14.4213, 'grad_norm': 19.702878952026367, 'learning_rate': 9.239597705428607e-05, 'epoch': 2.28}
{'loss': 14.5675, 'grad_norm': 43.53912353515625, 'learning_rate': 9.230898418364932e-05, 'epoch': 2.32}
{'loss': 14.9655, 'grad_norm': 69.4582290649414, 'learning_rate': 9.22184674441537e-05, 'epoch': 2.36}
{'loss': 13.8467, 'grad_norm': 35.75489044189453, 'learning_rate': 9.212443724477099e-05, 'epoch': 2.4}
{'loss': 13.8766, 'grad_norm': 41.4771614074707, 'learning_rate': 9.202690439850329e-05, 'epoch': 2.44}
{'loss': 14.4721, 'grad_norm': 402.2524719238281, 'learning_rate': 9.192588012113949e-05, 'epoch': 2.48}
{'loss': 14.0297, 'grad_norm': 34.295894622802734, 'learning_rate': 9.182137602996563e-05, 'epoch': 2.52}
{'loss': 13.3386, 'grad_norm': 25.32508659362793, 'learning_rate': 9.171340414242894e-05, 'epoch': 2.56}
{'loss': 13.5307, 'grad_norm': 90.25669860839844, 'learning_rate': 9.160197687475579e-05, 'epoch': 2.6}
{'loss': 23.4708, 'grad_norm': 30.535804748535156, 'learning_rate': 9.148710704052401e-05, 'epoch': 2.64}
{'loss': 27.3626, 'grad_norm': 20.839126586914062, 'learning_rate': 9.136880784918934e-05, 'epoch': 2.68}
{'loss': 14.0525, 'grad_norm': 22.255765914916992, 'learning_rate': 9.124709290456642e-05, 'epoch': 2.72}
{'loss': 18.5363, 'grad_norm': 205.90814208984375, 'learning_rate': 9.11219762032644e-05, 'epoch': 2.76}
{'loss': 14.5616, 'grad_norm': 11.837163925170898, 'learning_rate': 9.099347213307741e-05, 'epoch': 2.8}
{'loss': 17.9138, 'grad_norm': 321.79254150390625, 'learning_rate': 9.086159547133005e-05, 'epoch': 2.84}
{'loss': 16.9595, 'grad_norm': 2339.296630859375, 'learning_rate': 9.072636138317807e-05, 'epoch': 2.88}
{'loss': 16.216, 'grad_norm': 173.0740509033203, 'learning_rate': 9.058778541986443e-05, 'epoch': 2.92}
{'loss': 18.0286, 'grad_norm': 8339.7509765625, 'learning_rate': 9.044588351693105e-05, 'epoch': 2.96}
{'loss': 16.6281, 'grad_norm': 316.9313659667969, 'learning_rate': 9.030067199238613e-05, 'epoch': 3.0}
{'eval_loss': 0.07115650922060013, 'eval_challenge_score': 0.026836905678938983, 'eval_err_F': 0.015380331971921317, 'eval_err_M': 0.02301804777659976, 'eval_err_diff': 0.0076377158046784435, 'eval_mae_pct': 22.50555456494675, 'eval_r2': -7.404144198051622, 'eval_mse': 0.05850978491195886, 'eval_mae': 0.22505554564946748, 'eval__is_stratified_skipped_cells': 0.0, 'eval_runtime': 13.7127, 'eval_samples_per_second': 1093.874, 'eval_steps_per_second': 4.303, 'epoch': 3.0}
  Lagrangien epoch 3: λ_adapt=3.0000  val_err_diff=0.007638
{'loss': 18.0515, 'grad_norm': 40.40477752685547, 'learning_rate': 9.01521675448279e-05, 'epoch': 3.04}
{'loss': 16.3518, 'grad_norm': 69.67549133300781, 'learning_rate': 9.000038725152423e-05, 'epoch': 3.08}
{'loss': 18.4646, 'grad_norm': 95.9533462524414, 'learning_rate': 8.984534856644881e-05, 'epoch': 3.12}
{'loss': 17.2208, 'grad_norm': 247.70162963867188, 'learning_rate': 8.969346247990653e-05, 'epoch': 3.15}
{'loss': 16.6165, 'grad_norm': 1989.1885986328125, 'learning_rate': 8.953208941030404e-05, 'epoch': 3.19}
{'loss': 18.2579, 'grad_norm': 202.10000610351562, 'learning_rate': 8.936751180083659e-05, 'epoch': 3.23}
{'loss': 17.4338, 'grad_norm': 616.8427734375, 'learning_rate': 8.919974857710514e-05, 'epoch': 3.27}
{'loss': 17.1049, 'grad_norm': 64.2877197265625, 'learning_rate': 8.902881903104038e-05, 'epoch': 3.31}
{'loss': 16.491, 'grad_norm': 350.93487548828125, 'learning_rate': 8.885474281868418e-05, 'epoch': 3.35}
{'loss': 15.5932, 'grad_norm': 2731.69775390625, 'learning_rate': 8.86775399579293e-05, 'epoch': 3.39}
{'loss': 12.3788, 'grad_norm': 1337.19482421875, 'learning_rate': 8.849723082621738e-05, 'epoch': 3.43}
{'loss': 10.5034, 'grad_norm': 240.463623046875, 'learning_rate': 8.831383615819574e-05, 'epoch': 3.47}
{'loss': 10.1133, 'grad_norm': 64.21684265136719, 'learning_rate': 8.81273770433328e-05, 'epoch': 3.51}
{'loss': 11.7208, 'grad_norm': 150.26885986328125, 'learning_rate': 8.793787492349315e-05, 'epoch': 3.55}
{'loss': 13.8403, 'grad_norm': 10174.9921875, 'learning_rate': 8.774535159047163e-05, 'epoch': 3.59}
{'loss': 13.2007, 'grad_norm': 38.117759704589844, 'learning_rate': 8.754982918348751e-05, 'epoch': 3.63}
{'loss': 13.0505, 'grad_norm': 1356.9539794921875, 'learning_rate': 8.735133018663851e-05, 'epoch': 3.67}
{'loss': 13.2793, 'grad_norm': 301.9330749511719, 'learning_rate': 8.714987742631535e-05, 'epoch': 3.71}
{'loss': 12.9629, 'grad_norm': 163.48480224609375, 'learning_rate': 8.694549406857667e-05, 'epoch': 3.75}
{'loss': 9.9772, 'grad_norm': 70.36394500732422, 'learning_rate': 8.67382036164852e-05, 'epoch': 3.79}
{'loss': 12.0136, 'grad_norm': 9377.8603515625, 'learning_rate': 8.652802990740493e-05, 'epoch': 3.83}
{'loss': 7.6456, 'grad_norm': 50.658790588378906, 'learning_rate': 8.631499711025997e-05, 'epoch': 3.87}
{'loss': 8.3741, 'grad_norm': 260.1867980957031, 'learning_rate': 8.60991297227553e-05, 'epoch': 3.91}
{'loss': 6.9658, 'grad_norm': 75.55845642089844, 'learning_rate': 8.588045256855952e-05, 'epoch': 3.95}
{'loss': 7.1166, 'grad_norm': 81.34432983398438, 'learning_rate': 8.565899079445033e-05, 'epoch': 3.99}
{'eval_loss': 0.021454017609357834, 'eval_challenge_score': 0.012534798540860386, 'eval_err_F': 0.01192634845739912, 'eval_err_M': 0.01070944829047659, 'eval_err_diff': 0.0012169001669225295, 'eval_mae_pct': 11.702033881300546, 'eval_r2': -1.3456843062343347, 'eval_mse': 0.016330691263120724, 'eval_mae': 0.11702033881300546, 'eval__is_stratified_skipped_cells': 0.0, 'eval_runtime': 13.4502, 'eval_samples_per_second': 1115.228, 'eval_steps_per_second': 4.387, 'epoch': 4.0}
  Lagrangien epoch 4: λ_adapt=3.0000  val_err_diff=0.001217
{'loss': 6.2761, 'grad_norm': 363.8161315917969, 'learning_rate': 8.543476986742285e-05, 'epoch': 4.03}
{'loss': 7.6408, 'grad_norm': 67.75188446044922, 'learning_rate': 8.52078155717609e-05, 'epoch': 4.07}
{'loss': 5.6033, 'grad_norm': 56.16181945800781, 'learning_rate': 8.497815400607203e-05, 'epoch': 4.11}
{'loss': 2.9069, 'grad_norm': 60.71470260620117, 'learning_rate': 8.47458115802863e-05, 'epoch': 4.15}
{'loss': 3.653, 'grad_norm': 103.55108642578125, 'learning_rate': 8.45108150126192e-05, 'epoch': 4.19}
{'loss': 7.2502, 'grad_norm': 98.45886993408203, 'learning_rate': 8.427319132649936e-05, 'epoch': 4.23}
{'loss': 7.5507, 'grad_norm': 1251.8319091796875, 'learning_rate': 8.403296784746076e-05, 'epoch': 4.27}
{'loss': 16.0677, 'grad_norm': 1596.857421875, 'learning_rate': 8.379017220000062e-05, 'epoch': 4.31}
{'loss': 9.9373, 'grad_norm': 62.543006896972656, 'learning_rate': 8.354483230440257e-05, 'epoch': 4.35}
{'loss': 8.2509, 'grad_norm': 21.400623321533203, 'learning_rate': 8.329697637352616e-05, 'epoch': 4.39}
{'loss': 8.8633, 'grad_norm': 86.21615600585938, 'learning_rate': 8.304663290956229e-05, 'epoch': 4.43}
{'loss': 8.3225, 'grad_norm': 740.8178100585938, 'learning_rate': 8.279383070075573e-05, 'epoch': 4.47}
{'loss': 10.9505, 'grad_norm': 249.7588348388672, 'learning_rate': 8.253859881809463e-05, 'epoch': 4.51}
{'loss': 11.271, 'grad_norm': 99.56791687011719, 'learning_rate': 8.228096661196745e-05, 'epoch': 4.55}
{'loss': 12.4011, 'grad_norm': 424.59088134765625, 'learning_rate': 8.202096370878782e-05, 'epoch': 4.59}
{'loss': 11.6053, 'grad_norm': 21.661266326904297, 'learning_rate': 8.175862000758767e-05, 'epoch': 4.63}
{'loss': 9.877, 'grad_norm': 17.34501075744629, 'learning_rate': 8.149396567657898e-05, 'epoch': 4.67}
{'loss': 10.3418, 'grad_norm': 111.0416488647461, 'learning_rate': 8.12270311496846e-05, 'epoch': 4.71}
{'loss': 12.0684, 'grad_norm': 95.21540832519531, 'learning_rate': 8.095784712303843e-05, 'epoch': 4.75}
{'loss': 11.7166, 'grad_norm': 540.064208984375, 'learning_rate': 8.068644455145566e-05, 'epoch': 4.79}
{'loss': 12.3844, 'grad_norm': 123.20061492919922, 'learning_rate': 8.041285464487298e-05, 'epoch': 4.83}
{'loss': 14.0615, 'grad_norm': 88.21515655517578, 'learning_rate': 8.013710886475969e-05, 'epoch': 4.87}
{'loss': 11.631, 'grad_norm': 51.41875457763672, 'learning_rate': 7.985923892049973e-05, 'epoch': 4.91}
{'loss': 10.6322, 'grad_norm': 163.2020721435547, 'learning_rate': 7.957927676574527e-05, 'epoch': 4.95}
{'loss': 8.7805, 'grad_norm': 70.35739135742188, 'learning_rate': 7.929725459474223e-05, 'epoch': 4.99}
{'eval_loss': 0.02088451385498047, 'eval_challenge_score': 0.013633572993178685, 'eval_err_F': 0.012774015427337535, 'eval_err_M': 0.011054900295655234, 'eval_err_diff': 0.0017191151316823007, 'eval_mae_pct': 11.199778678967414, 'eval_r2': -1.16055546386775, 'eval_mse': 0.015041821332690448, 'eval_mae': 0.11199778678967413, 'eval__is_stratified_skipped_cells': 0.0, 'eval_runtime': 13.4398, 'eval_samples_per_second': 1116.086, 'eval_steps_per_second': 4.39, 'epoch': 5.0}
  Lagrangien epoch 5: λ_adapt=3.0000  val_err_diff=0.001719
{'train_runtime': 919.6257, 'train_samples_per_second': 1131.107, 'train_steps_per_second': 8.849, 'train_loss': 16.783348754419688, 'epoch': 5.0}
loss=0.02413  score=0.01015  err_F=0.01007  err_M=0.01012  err_diff=0.00005
  human-readable : MAE_pct=13.03%  R²=-1.878
  Lagrangien epoch 5: λ_adapt=2.9499  val_err_diff=0.000049
loss=0.02413  score=0.01015  err_F=0.01007  err_M=0.01012  err_diff=0.00005
  human-readable : MAE_pct=13.03%  R²=-1.878
[calibrators] WARNING: ContinuousIsotonicCalibrator fit failed: 'IsotonicRegression' object has no attribute 'X_'
  Best (cal, α) (val IS-strat): isotonic_regime, α=1.5  → val_score=0.01006
  Best α per cal: isotonic=α0.0, linear=α0.0, pchip=α0.0, isotonic_regime=α1.5, isotonic_tailboost=α0.0
  Test holdout (n=4985, P_test dist):
    raw            : score=0.01019  err_F=0.00998  err_M=0.00955  diff=0.00043
    isotonic      : score=0.01055  err_F=0.00820  err_M=0.00977  diff=0.00157  (gain -0.00036)
    linear        : score=0.01052  err_F=0.00831  err_M=0.00978  diff=0.00148  (gain -0.00033)
    pchip         : score=0.01072  err_F=0.00821  err_M=0.00988  diff=0.00167  (gain -0.00053)
  Saved test holdout preds (4985 rows, 5 calibrators) + mappings to MLflow artifact
Saved 10 worst : /tmp/face_occ_results/optuna_coatnet1-3090-v17_trial_4/qualitative/worst/worst.csv + /tmp/face_occ_results/optuna_coatnet1-3090-v17_trial_4/qualitative/worst/images
Saved 10 best : /tmp/face_occ_results/optuna_coatnet1-3090-v17_trial_4/qualitative/best/best.csv + /tmp/face_occ_results/optuna_coatnet1-3090-v17_trial_4/qualitative/best/images
Saved diagnostic chart: /tmp/face_occ_results/optuna_coatnet1-3090-v17_trial_4/qualitative/diagnostics/error_vs_occlusion_and_density.png
Skipping model save: eval_score=0.01015 ≥ best=0.00261
Trial 4: score=0.01015 err_F=0.01007 err_M=0.01012 err_diff=0.00005
Loaded 100,000 samples from data/raw/train.csv
Train: 80,015 (iid P_train) | Val: 15,000 (iid P_train, IS-stratified eval) | Test holdout: 4,985 (match P_test via H_C)
Loss weights summary: {'loss_weight_min': 0.5468207001686096, 'loss_weight_max': 3.6661388874053955, 'loss_weight_mean': 1.0, 'loss_weight_std': 0.6974441409111023, 'target_mean_weighted': 0.13405144513103726, 'target_mean_unweighted': 0.07828713513447533}
Head bias init: target_mean_weighted=0.1341  (unweighted=0.0783)  ->  bias=logit(mean)≈-1.866
Loaded 100,000 samples from data/raw/train.csv
Train: 80,015 (iid P_train) | Val: 15,000 (iid P_train, IS-stratified eval) | Test holdout: 4,985 (match P_test via H_C)
[Rank 1] Model built: coatnet_1_rw_224.sw_in1k, pooling=attention_k_query, params=42.7M
Loss weights summary: {'loss_weight_min': 0.5468207001686096, 'loss_weight_max': 3.6661388874053955, 'loss_weight_mean': 1.0, 'loss_weight_std': 0.6974441409111023, 'target_mean_weighted': 0.13405144513103726, 'target_mean_unweighted': 0.07828713513447533}
Val: iid P_train. Metric uses stratified IS with test_pmf_joint built via H_C (see docs/v12_theory.md §3 — estimate_test_pmf_joint).
correction_strength=0.63 (loss-only, no sampler — v16)
WeightedMSETrainer: focal_gamma=1.044415085255434, λ_init=1.0, λ_lr=200.0, λ∈[1.0, 3.0], threshold=0.0003, query_div=0.10319262171483475, adv=0.0, mmd=0.0, ot=0.02137631817207135, sinkhorn=0.0, layer_decay=1.0
Head bias init: target_mean_weighted=0.1341  (unweighted=0.0783)  ->  bias=logit(mean)≈-1.866
[Rank 0] Model built: coatnet_1_rw_224.sw_in1k, pooling=attention_k_query, params=42.7M
Val: iid P_train. Metric uses stratified IS with test_pmf_joint built via H_C (see docs/v12_theory.md §3 — estimate_test_pmf_joint).
correction_strength=0.63 (loss-only, no sampler — v16)
WeightedMSETrainer: focal_gamma=1.044415085255434, λ_init=1.0, λ_lr=200.0, λ∈[1.0, 3.0], threshold=0.0003, query_div=0.10319262171483475, adv=0.0, mmd=0.0, ot=0.02137631817207135, sinkhorn=0.0, layer_decay=1.0
{'loss': 0.2076, 'grad_norm': 57.073360443115234, 'learning_rate': 7.799110966028209e-07, 'epoch': 0.04}
{'loss': 0.1589, 'grad_norm': 24.439104080200195, 'learning_rate': 1.863120952995628e-06, 'epoch': 0.08}
{'loss': 0.1594, 'grad_norm': 240.31423950195312, 'learning_rate': 2.946330809388435e-06, 'epoch': 0.12}
{'loss': 0.1557, 'grad_norm': 51.72185134887695, 'learning_rate': 4.029540665781242e-06, 'epoch': 0.16}
{'loss': 0.1443, 'grad_norm': 37.83645248413086, 'learning_rate': 5.112750522174049e-06, 'epoch': 0.2}
{'loss': 0.1722, 'grad_norm': 24.05931854248047, 'learning_rate': 6.195960378566855e-06, 'epoch': 0.24}
{'loss': 0.1534, 'grad_norm': 151.9007110595703, 'learning_rate': 7.279170234959662e-06, 'epoch': 0.28}
{'loss': 0.1536, 'grad_norm': 27.471033096313477, 'learning_rate': 8.36238009135247e-06, 'epoch': 0.32}
{'loss': 0.1436, 'grad_norm': 20.17140769958496, 'learning_rate': 9.445589947745276e-06, 'epoch': 0.36}
{'loss': 0.1427, 'grad_norm': 47.842838287353516, 'learning_rate': 1.0528799804138083e-05, 'epoch': 0.4}
{'loss': 0.1279, 'grad_norm': 13.326465606689453, 'learning_rate': 1.161200966053089e-05, 'epoch': 0.44}
{'loss': 0.1061, 'grad_norm': 18.95820426940918, 'learning_rate': 1.2695219516923696e-05, 'epoch': 0.48}
{'loss': 0.0913, 'grad_norm': 13.999143600463867, 'learning_rate': 1.3778429373316505e-05, 'epoch': 0.52}
{'loss': 0.1105, 'grad_norm': 30.65862274169922, 'learning_rate': 1.4861639229709311e-05, 'epoch': 0.56}
{'loss': 0.0917, 'grad_norm': 16.291690826416016, 'learning_rate': 1.5944849086102116e-05, 'epoch': 0.6}
{'loss': 0.0774, 'grad_norm': 11.861335754394531, 'learning_rate': 1.7028058942494925e-05, 'epoch': 0.64}
{'loss': 0.0858, 'grad_norm': 7.828518390655518, 'learning_rate': 1.811126879888773e-05, 'epoch': 0.68}
{'loss': 0.0521, 'grad_norm': 3.7674384117126465, 'learning_rate': 1.9194478655280538e-05, 'epoch': 0.72}
{'loss': 0.0455, 'grad_norm': 5.082592964172363, 'learning_rate': 2.0277688511673343e-05, 'epoch': 0.76}
{'loss': 0.0511, 'grad_norm': 3.254664421081543, 'learning_rate': 2.1360898368066155e-05, 'epoch': 0.8}
{'loss': 0.043, 'grad_norm': 3.622298002243042, 'learning_rate': 2.244410822445896e-05, 'epoch': 0.84}
{'loss': 0.0424, 'grad_norm': 5.911065101623535, 'learning_rate': 2.3527318080851768e-05, 'epoch': 0.88}
{'loss': 0.0511, 'grad_norm': 1.6725871562957764, 'learning_rate': 2.4610527937244573e-05, 'epoch': 0.92}
{'loss': 0.0358, 'grad_norm': 3.522568941116333, 'learning_rate': 2.5693737793637378e-05, 'epoch': 0.96}
{'loss': 0.034, 'grad_norm': 1.9924392700195312, 'learning_rate': 2.6776947650030187e-05, 'epoch': 1.0}
{'eval_loss': 0.01034802757203579, 'eval_challenge_score': 0.005205330074170965, 'eval_err_F': 0.004585467796284935, 'eval_err_M': 0.004998709314875622, 'eval_err_diff': 0.00041324151859068684, 'eval_mae_pct': 5.942307779047745, 'eval_r2': 0.3230345172271646, 'eval_mse': 0.004713044404811829, 'eval_mae': 0.05942307779047745, 'eval__is_stratified_skipped_cells': 0.0, 'eval_runtime': 13.8638, 'eval_samples_per_second': 1081.957, 'eval_steps_per_second': 4.256, 'epoch': 1.0}
  Lagrangien epoch 1: λ_adapt=1.0226  val_err_diff=0.000413
{'loss': 0.0288, 'grad_norm': 4.356363296508789, 'learning_rate': 2.786015750642299e-05, 'epoch': 1.04}
{'loss': 0.0224, 'grad_norm': 0.8462386131286621, 'learning_rate': 2.89433673628158e-05, 'epoch': 1.08}
{'loss': 0.0181, 'grad_norm': 3.181915044784546, 'learning_rate': 3.0026577219208605e-05, 'epoch': 1.12}
{'loss': 0.0241, 'grad_norm': 1.086613655090332, 'learning_rate': 3.110978707560141e-05, 'epoch': 1.16}
{'loss': 0.0349, 'grad_norm': 4.074423313140869, 'learning_rate': 3.219299693199422e-05, 'epoch': 1.2}
{'loss': 0.0228, 'grad_norm': 1.7822688817977905, 'learning_rate': 3.327620678838703e-05, 'epoch': 1.24}
{'loss': 0.0199, 'grad_norm': 1.1142529249191284, 'learning_rate': 3.4359416644779835e-05, 'epoch': 1.28}
{'loss': 0.0178, 'grad_norm': 1.2064629793167114, 'learning_rate': 3.526929562422549e-05, 'epoch': 1.32}
{'loss': 0.0126, 'grad_norm': 0.46817225217819214, 'learning_rate': 3.526840360838131e-05, 'epoch': 1.36}
{'loss': 0.0147, 'grad_norm': 1.5512136220932007, 'learning_rate': 3.526616015313831e-05, 'epoch': 1.4}
{'loss': 0.0141, 'grad_norm': 0.7434470653533936, 'learning_rate': 3.52625655164826e-05, 'epoch': 1.44}
{'loss': 0.0222, 'grad_norm': 1.853867530822754, 'learning_rate': 3.525762011177941e-05, 'epoch': 1.48}
{'loss': 0.0339, 'grad_norm': 0.4072578251361847, 'learning_rate': 3.5251324507725506e-05, 'epoch': 1.52}
{'loss': 0.0115, 'grad_norm': 1.396483063697815, 'learning_rate': 3.524367942828384e-05, 'epoch': 1.56}
{'loss': 0.0116, 'grad_norm': 1.7803635597229004, 'learning_rate': 3.523468575260025e-05, 'epoch': 1.6}
{'loss': 0.0178, 'grad_norm': 1.7233997583389282, 'learning_rate': 3.522434451490241e-05, 'epoch': 1.64}
{'loss': 0.0094, 'grad_norm': 0.5941985249519348, 'learning_rate': 3.521265690438089e-05, 'epoch': 1.68}
{'loss': 0.0134, 'grad_norm': 1.17160964012146, 'learning_rate': 3.519962426505236e-05, 'epoch': 1.72}
{'loss': 0.0194, 'grad_norm': 0.8374517560005188, 'learning_rate': 3.518524809560508e-05, 'epoch': 1.76}
{'loss': 0.0143, 'grad_norm': 0.8667992353439331, 'learning_rate': 3.5169530049226544e-05, 'epoch': 1.8}
{'loss': 0.0102, 'grad_norm': 0.6140105128288269, 'learning_rate': 3.51524719334134e-05, 'epoch': 1.84}
{'loss': 0.009, 'grad_norm': 0.9428908228874207, 'learning_rate': 3.513407570976354e-05, 'epoch': 1.88}
{'loss': 0.0124, 'grad_norm': 1.474324107170105, 'learning_rate': 3.511434349375056e-05, 'epoch': 1.92}
{'loss': 0.0145, 'grad_norm': 1.470660924911499, 'learning_rate': 3.509327755448051e-05, 'epoch': 1.96}
{'loss': 0.0076, 'grad_norm': 1.7467339038848877, 'learning_rate': 3.50708803144309e-05, 'epoch': 2.0}
{'eval_loss': 0.00698705343529582, 'eval_challenge_score': 0.004561168966542278, 'eval_err_F': 0.002131372499170055, 'eval_err_M': 0.0037512368107515365, 'eval_err_diff': 0.0016198643115814815, 'eval_mae_pct': 2.983881965829787, 'eval_r2': 0.7798468384570527, 'eval_mse': 0.0015327097948357286, 'eval_mae': 0.02983881965829787, 'eval__is_stratified_skipped_cells': 0.0, 'eval_runtime': 13.8755, 'eval_samples_per_second': 1081.04, 'eval_steps_per_second': 4.252, 'epoch': 2.0}
  Lagrangien epoch 2: λ_adapt=1.2866  val_err_diff=0.001620
{'loss': 0.0098, 'grad_norm': 0.6919353604316711, 'learning_rate': 3.5047154349172195e-05, 'epoch': 2.04}
{'loss': 0.0094, 'grad_norm': 0.8039650917053223, 'learning_rate': 3.50221023870716e-05, 'epoch': 2.08}
{'loss': 0.0083, 'grad_norm': 1.8737677335739136, 'learning_rate': 3.499572730897929e-05, 'epoch': 2.12}
{'loss': 0.0094, 'grad_norm': 1.9194058179855347, 'learning_rate': 3.49680321478972e-05, 'epoch': 2.16}
{'loss': 0.0341, 'grad_norm': 0.609173059463501, 'learning_rate': 3.493902008863016e-05, 'epoch': 2.2}
{'loss': 0.0117, 'grad_norm': 1.0823464393615723, 'learning_rate': 3.490869446741971e-05, 'epoch': 2.24}
{'loss': 0.0083, 'grad_norm': 1.8985774517059326, 'learning_rate': 3.487705877156045e-05, 'epoch': 2.28}
{'loss': 0.0113, 'grad_norm': 1.830430269241333, 'learning_rate': 3.4844116638998977e-05, 'epoch': 2.32}
{'loss': 0.008, 'grad_norm': 1.9957014322280884, 'learning_rate': 3.480987185791559e-05, 'epoch': 2.36}
{'loss': 0.0082, 'grad_norm': 2.4320273399353027, 'learning_rate': 3.4774328366288624e-05, 'epoch': 2.4}
{'loss': 0.0077, 'grad_norm': 1.3969550132751465, 'learning_rate': 3.4737490251441646e-05, 'epoch': 2.44}
{'loss': 0.0072, 'grad_norm': 0.8165597319602966, 'learning_rate': 3.46993617495734e-05, 'epoch': 2.48}
{'loss': 0.0089, 'grad_norm': 1.154830813407898, 'learning_rate': 3.465994724527067e-05, 'epoch': 2.52}
{'loss': 0.0097, 'grad_norm': 1.329330325126648, 'learning_rate': 3.4619251271004094e-05, 'epoch': 2.56}
{'loss': 0.0104, 'grad_norm': 1.9345669746398926, 'learning_rate': 3.457727850660693e-05, 'epoch': 2.6}
{'loss': 0.0085, 'grad_norm': 1.274137258529663, 'learning_rate': 3.45340337787369e-05, 'epoch': 2.64}
{'loss': 0.0095, 'grad_norm': 0.8447850346565247, 'learning_rate': 3.448952206032117e-05, 'epoch': 2.68}
{'loss': 0.0086, 'grad_norm': 0.8870996236801147, 'learning_rate': 3.444374846998448e-05, 'epoch': 2.72}
{'loss': 0.0247, 'grad_norm': 0.5421842932701111, 'learning_rate': 3.43967182714605e-05, 'epoch': 2.76}
{'loss': 0.017, 'grad_norm': 0.8289486169815063, 'learning_rate': 3.434843687298657e-05, 'epoch': 2.8}
{'loss': 0.0121, 'grad_norm': 0.8575677275657654, 'learning_rate': 3.4298909826681736e-05, 'epoch': 2.84}
{'loss': 0.0089, 'grad_norm': 0.8073967099189758, 'learning_rate': 3.424814282790834e-05, 'epoch': 2.88}
{'loss': 0.0066, 'grad_norm': 0.7622180581092834, 'learning_rate': 3.419614171461701e-05, 'epoch': 2.92}
{'loss': 0.0079, 'grad_norm': 1.21241295337677, 'learning_rate': 3.4142912466675405e-05, 'epoch': 2.96}
{'loss': 0.0231, 'grad_norm': 1.1115796566009521, 'learning_rate': 3.408846120518049e-05, 'epoch': 3.0}
{'eval_loss': 0.00796415563672781, 'eval_challenge_score': 0.004541380225567617, 'eval_err_F': 0.004363143317773697, 'eval_err_M': 0.004006669502185858, 'eval_err_diff': 0.00035647381558783896, 'eval_mae_pct': 2.874041830007094, 'eval_r2': 0.7716719297995986, 'eval_mse': 0.0015896236382861343, 'eval_mae': 0.028740418300070937, 'eval__is_stratified_skipped_cells': 0.0, 'eval_runtime': 13.9271, 'eval_samples_per_second': 1077.036, 'eval_steps_per_second': 4.236, 'epoch': 3.0}
  Lagrangien epoch 3: λ_adapt=1.2979  val_err_diff=0.000356
Trial 5: pruned by MedianPruner (intermediate score too high)
Loaded 100,000 samples from data/raw/train.csv
Train: 80,015 (iid P_train) | Val: 15,000 (iid P_train, IS-stratified eval) | Test holdout: 4,985 (match P_test via H_C)
Loss weights summary: {'loss_weight_min': 0.9799025654792786, 'loss_weight_max': 1.1182368993759155, 'loss_weight_mean': 0.9999998807907104, 'loss_weight_std': 0.030929984524846077, 'target_mean_weighted': 0.08076015733356644, 'target_mean_unweighted': 0.07828713513447533}
Head bias init: target_mean_weighted=0.0808  (unweighted=0.0783)  ->  bias=logit(mean)≈-2.432
[Rank 0] Model built: coatnet_1_rw_224.sw_in1k, pooling=grid, params=41.0M
Val: iid P_train. Metric uses stratified IS with test_pmf_joint built via H_C (see docs/v12_theory.md §3 — estimate_test_pmf_joint).
correction_strength=0.03 (loss-only, no sampler — v16)
WeightedMSETrainer: focal_gamma=0.649811665128378, λ_init=1.0, λ_lr=200.0, λ∈[1.0, 3.0], threshold=0.0003, query_div=0.0, adv=0.0, mmd=0.0, ot=0.1337120895572795, sinkhorn=0.0, layer_decay=1.0
!!! TRIAL 6 FAILED: RuntimeError: DDP expects same model across all ranks, but Rank 0 has 324 params, while rank 1 has inconsistent 0 params.
Traceback (most recent call last):
  File "/home/infres/adurand-25/face-occ-detector/src/optimize.py", line 218, in objective
    eval_loss, score, err_diff, _, err_F, err_M = train(
                                                  ^^^^^^
  File "/home/infres/adurand-25/face-occ-detector/src/train.py", line 851, in train
    trainer.train()
  File "/tmp/face_occ_venv_838640/lib/python3.12/site-packages/transformers/trainer.py", line 2241, in train
    return inner_training_loop(
           ^^^^^^^^^^^^^^^^^^^^
  File "/tmp/face_occ_venv_838640/lib/python3.12/site-packages/transformers/trainer.py", line 2365, in _inner_training_loop
    model, self.optimizer = self.accelerator.prepare(self.model, self.optimizer)
                            ^^^^^^^^^^^^^^^^^^^^^^^^^^^^^^^^^^^^^^^^^^^^^^^^^^^^
  File "/tmp/face_occ_venv_838640/lib/python3.12/site-packages/accelerate/accelerator.py", line 1556, in prepare
    result = tuple(
             ^^^^^^
  File "/tmp/face_occ_venv_838640/lib/python3.12/site-packages/accelerate/accelerator.py", line 1557, in <genexpr>
    self._prepare_one(obj, first_pass=True, device_placement=d) for obj, d in zip(args, device_placement)
    ^^^^^^^^^^^^^^^^^^^^^^^^^^^^^^^^^^^^^^^^^^^^^^^^^^^^^^^^^^^
  File "/tmp/face_occ_venv_838640/lib/python3.12/site-packages/accelerate/accelerator.py", line 1402, in _prepare_one
    return self.prepare_model(obj, device_placement=device_placement)
           ^^^^^^^^^^^^^^^^^^^^^^^^^^^^^^^^^^^^^^^^^^^^^^^^^^^^^^^^^^
  File "/tmp/face_occ_venv_838640/lib/python3.12/site-packages/accelerate/accelerator.py", line 1881, in prepare_model
    model = torch.nn.parallel.DistributedDataParallel(
            ^^^^^^^^^^^^^^^^^^^^^^^^^^^^^^^^^^^^^^^^^^
  File "/tmp/face_occ_venv_838640/lib/python3.12/site-packages/torch/nn/parallel/distributed.py", line 1020, in __init__
    _verify_param_shape_across_processes(self.process_group, parameters)
  File "/tmp/face_occ_venv_838640/lib/python3.12/site-packages/torch/distributed/utils.py", line 286, in _verify_param_shape_across_processes
    return dist._verify_params_across_processes(process_group, tensors, logger)
           ^^^^^^^^^^^^^^^^^^^^^^^^^^^^^^^^^^^^^^^^^^^^^^^^^^^^^^^^^^^^^^^^^^^^
RuntimeError: DDP expects same model across all ranks, but Rank 0 has 324 params, while rank 1 has inconsistent 0 params.
Trial 6: score=inf err_F=inf err_M=inf err_diff=inf
